province_code,province_name,source_year_be,report_level,district,subdistrict,village_raw,incident_date_raw,incident_date,situation_end_date,administrative_closure_date,interval_status,province_incidents_raw,agriculture_damage_rai_raw,crop_scope,source_resource_id,source_table_row,source_url,source_sheet
33,ศรีสะเกษ,2562,local_area_record,เมืองจันทร์,หนองใหญ่,11,8-ม.ค.-62,2019-01-08,2019-06-14,2019-06-24,source_situation_dates_known,,,all_agriculture_not_durian_specific,93c92257-617c-4996-b65c-8d9afb08519e,48,https://catalog.disaster.go.th/dataset/7bdbedaf-f9cd-4c42-893a-0c88ad65b2f5/resource/93c92257-617c-4996-b65c-8d9afb08519e/download/gd028_2562_final.csv,CSV
33,ศรีสะเกษ,2562,local_area_record,เมืองจันทร์,หนองใหญ่,6,25-มี.ค.-62,2019-03-25,2019-06-14,2019-06-24,source_situation_dates_known,,,all_agriculture_not_durian_specific,93c92257-617c-4996-b65c-8d9afb08519e,49,https://catalog.disaster.go.th/dataset/7bdbedaf-f9cd-4c42-893a-0c88ad65b2f5/resource/93c92257-617c-4996-b65c-8d9afb08519e/download/gd028_2562_final.csv,CSV
33,ศรีสะเกษ,2562,local_area_record,เมืองจันทร์,หนองใหญ่,8,25-มี.ค.-62,2019-03-25,2019-06-14,2019-06-24,source_situation_dates_known,,,all_agriculture_not_durian_specific,93c92257-617c-4996-b65c-8d9afb08519e,50,https://catalog.disaster.go.th/dataset/7bdbedaf-f9cd-4c42-893a-0c88ad65b2f5/resource/93c92257-617c-4996-b65c-8d9afb08519e/download/gd028_2562_final.csv,CSV
33,ศรีสะเกษ,2562,local_area_record,เมืองจันทร์,หนองใหญ่,3,17-มี.ค.-62,2019-03-17,2019-06-14,2019-06-24,source_situation_dates_known,,,all_agriculture_not_durian_specific,93c92257-617c-4996-b65c-8d9afb08519e,51,https://catalog.disaster.go.th/dataset/7bdbedaf-f9cd-4c42-893a-0c88ad65b2f5/resource/93c92257-617c-4996-b65c-8d9afb08519e/download/gd028_2562_final.csv,CSV
33,ศรีสะเกษ,2562,local_area_record,เมืองจันทร์,หนองใหญ่,4,17-มี.ค.-62,2019-03-17,2019-06-14,2019-06-24,source_situation_dates_known,,,all_agriculture_not_durian_specific,93c92257-617c-4996-b65c-8d9afb08519e,52,https://catalog.disaster.go.th/dataset/7bdbedaf-f9cd-4c42-893a-0c88ad65b2f5/resource/93c92257-617c-4996-b65c-8d9afb08519e/download/gd028_2562_final.csv,CSV
33,ศรีสะเกษ,2562,local_area_record,เมืองจันทร์,หนองใหญ่,9,17-มี.ค.-62,2019-03-17,2019-06-14,2019-06-24,source_situation_dates_known,,,all_agriculture_not_durian_specific,93c92257-617c-4996-b65c-8d9afb08519e,53,https://catalog.disaster.go.th/dataset/7bdbedaf-f9cd-4c42-893a-0c88ad65b2f5/resource/93c92257-617c-4996-b65c-8d9afb08519e/download/gd028_2562_final.csv,CSV
33,ศรีสะเกษ,2562,local_area_record,เมืองจันทร์,หนองใหญ่,2,26-ก.พ.-62,2019-02-26,2019-06-14,2019-06-24,source_situation_dates_known,,,all_agriculture_not_durian_specific,93c92257-617c-4996-b65c-8d9afb08519e,54,https://catalog.disaster.go.th/dataset/7bdbedaf-f9cd-4c42-893a-0c88ad65b2f5/resource/93c92257-617c-4996-b65c-8d9afb08519e/download/gd028_2562_final.csv,CSV
33,ศรีสะเกษ,2562,local_area_record,ขุขันธ์,ศรีตระกูล,1,15-ม.ค.-62,2019-01-15,2019-06-17,2019-07-02,source_situation_dates_known,,,all_agriculture_not_durian_specific,93c92257-617c-4996-b65c-8d9afb08519e,55,https://catalog.disaster.go.th/dataset/7bdbedaf-f9cd-4c42-893a-0c88ad65b2f5/resource/93c92257-617c-4996-b65c-8d9afb08519e/download/gd028_2562_final.csv,CSV
33,ศรีสะเกษ,2562,local_area_record,ขุขันธ์,ศรีตระกูล,2,15-ม.ค.-62,2019-01-15,2019-06-17,2019-07-02,source_situation_dates_known,,,all_agriculture_not_durian_specific,93c92257-617c-4996-b65c-8d9afb08519e,56,https://catalog.disaster.go.th/dataset/7bdbedaf-f9cd-4c42-893a-0c88ad65b2f5/resource/93c92257-617c-4996-b65c-8d9afb08519e/download/gd028_2562_final.csv,CSV
33,ศรีสะเกษ,2562,local_area_record,ขุขันธ์,ศรีตระกูล,3,15-ม.ค.-62,2019-01-15,2019-06-17,2019-07-02,source_situation_dates_known,,,all_agriculture_not_durian_specific,93c92257-617c-4996-b65c-8d9afb08519e,57,https://catalog.disaster.go.th/dataset/7bdbedaf-f9cd-4c42-893a-0c88ad65b2f5/resource/93c92257-617c-4996-b65c-8d9afb08519e/download/gd028_2562_final.csv,CSV
33,ศรีสะเกษ,2562,local_area_record,ขุขันธ์,ศรีตระกูล,4,15-ม.ค.-62,2019-01-15,2019-06-17,2019-07-02,source_situation_dates_known,,,all_agriculture_not_durian_specific,93c92257-617c-4996-b65c-8d9afb08519e,58,https://catalog.disaster.go.th/dataset/7bdbedaf-f9cd-4c42-893a-0c88ad65b2f5/resource/93c92257-617c-4996-b65c-8d9afb08519e/download/gd028_2562_final.csv,CSV
33,ศรีสะเกษ,2562,local_area_record,ขุขันธ์,ศรีตระกูล,5,15-ม.ค.-62,2019-01-15,2019-06-17,2019-07-02,source_situation_dates_known,,,all_agriculture_not_durian_specific,93c92257-617c-4996-b65c-8d9afb08519e,59,https://catalog.disaster.go.th/dataset/7bdbedaf-f9cd-4c42-893a-0c88ad65b2f5/resource/93c92257-617c-4996-b65c-8d9afb08519e/download/gd028_2562_final.csv,CSV
33,ศรีสะเกษ,2562,local_area_record,ขุขันธ์,ศรีตระกูล,6,15-ม.ค.-62,2019-01-15,2019-06-17,2019-07-02,source_situation_dates_known,,,all_agriculture_not_durian_specific,93c92257-617c-4996-b65c-8d9afb08519e,60,https://catalog.disaster.go.th/dataset/7bdbedaf-f9cd-4c42-893a-0c88ad65b2f5/resource/93c92257-617c-4996-b65c-8d9afb08519e/download/gd028_2562_final.csv,CSV
33,ศรีสะเกษ,2562,local_area_record,ขุขันธ์,ศรีตระกูล,7,15-ม.ค.-62,2019-01-15,2019-06-17,2019-07-02,source_situation_dates_known,,,all_agriculture_not_durian_specific,93c92257-617c-4996-b65c-8d9afb08519e,61,https://catalog.disaster.go.th/dataset/7bdbedaf-f9cd-4c42-893a-0c88ad65b2f5/resource/93c92257-617c-4996-b65c-8d9afb08519e/download/gd028_2562_final.csv,CSV
33,ศรีสะเกษ,2562,local_area_record,ขุขันธ์,ศรีสะอาด,1,15-มี.ค.-62,2019-03-15,2019-06-17,2019-07-02,source_situation_dates_known,,,all_agriculture_not_durian_specific,93c92257-617c-4996-b65c-8d9afb08519e,62,https://catalog.disaster.go.th/dataset/7bdbedaf-f9cd-4c42-893a-0c88ad65b2f5/resource/93c92257-617c-4996-b65c-8d9afb08519e/download/gd028_2562_final.csv,CSV
33,ศรีสะเกษ,2562,local_area_record,ขุขันธ์,ศรีสะอาด,2,15-มี.ค.-62,2019-03-15,2019-06-17,2019-07-02,source_situation_dates_known,,,all_agriculture_not_durian_specific,93c92257-617c-4996-b65c-8d9afb08519e,63,https://catalog.disaster.go.th/dataset/7bdbedaf-f9cd-4c42-893a-0c88ad65b2f5/resource/93c92257-617c-4996-b65c-8d9afb08519e/download/gd028_2562_final.csv,CSV
33,ศรีสะเกษ,2562,local_area_record,ขุขันธ์,ศรีสะอาด,3,15-มี.ค.-62,2019-03-15,2019-06-17,2019-07-02,source_situation_dates_known,,,all_agriculture_not_durian_specific,93c92257-617c-4996-b65c-8d9afb08519e,64,https://catalog.disaster.go.th/dataset/7bdbedaf-f9cd-4c42-893a-0c88ad65b2f5/resource/93c92257-617c-4996-b65c-8d9afb08519e/download/gd028_2562_final.csv,CSV
33,ศรีสะเกษ,2562,local_area_record,ขุขันธ์,ศรีสะอาด,4,15-มี.ค.-62,2019-03-15,2019-06-17,2019-07-02,source_situation_dates_known,,,all_agriculture_not_durian_specific,93c92257-617c-4996-b65c-8d9afb08519e,65,https://catalog.disaster.go.th/dataset/7bdbedaf-f9cd-4c42-893a-0c88ad65b2f5/resource/93c92257-617c-4996-b65c-8d9afb08519e/download/gd028_2562_final.csv,CSV
33,ศรีสะเกษ,2562,local_area_record,ขุขันธ์,ศรีสะอาด,5,15-มี.ค.-62,2019-03-15,2019-06-17,2019-07-02,source_situation_dates_known,,,all_agriculture_not_durian_specific,93c92257-617c-4996-b65c-8d9afb08519e,66,https://catalog.disaster.go.th/dataset/7bdbedaf-f9cd-4c42-893a-0c88ad65b2f5/resource/93c92257-617c-4996-b65c-8d9afb08519e/download/gd028_2562_final.csv,CSV
33,ศรีสะเกษ,2562,local_area_record,ขุขันธ์,ศรีสะอาด,6,15-มี.ค.-62,2019-03-15,2019-06-17,2019-07-02,source_situation_dates_known,,,all_agriculture_not_durian_specific,93c92257-617c-4996-b65c-8d9afb08519e,67,https://catalog.disaster.go.th/dataset/7bdbedaf-f9cd-4c42-893a-0c88ad65b2f5/resource/93c92257-617c-4996-b65c-8d9afb08519e/download/gd028_2562_final.csv,CSV
33,ศรีสะเกษ,2562,local_area_record,ขุขันธ์,ศรีสะอาด,7,15-มี.ค.-62,2019-03-15,2019-06-17,2019-07-02,source_situation_dates_known,,,all_agriculture_not_durian_specific,93c92257-617c-4996-b65c-8d9afb08519e,68,https://catalog.disaster.go.th/dataset/7bdbedaf-f9cd-4c42-893a-0c88ad65b2f5/resource/93c92257-617c-4996-b65c-8d9afb08519e/download/gd028_2562_final.csv,CSV
33,ศรีสะเกษ,2562,local_area_record,ขุขันธ์,ศรีสะอาด,8,15-มี.ค.-62,2019-03-15,2019-06-17,2019-07-02,source_situation_dates_known,,,all_agriculture_not_durian_specific,93c92257-617c-4996-b65c-8d9afb08519e,69,https://catalog.disaster.go.th/dataset/7bdbedaf-f9cd-4c42-893a-0c88ad65b2f5/resource/93c92257-617c-4996-b65c-8d9afb08519e/download/gd028_2562_final.csv,CSV
33,ศรีสะเกษ,2562,local_area_record,ขุขันธ์,ศรีสะอาด,9,15-มี.ค.-62,2019-03-15,2019-06-17,2019-07-02,source_situation_dates_known,,,all_agriculture_not_durian_specific,93c92257-617c-4996-b65c-8d9afb08519e,70,https://catalog.disaster.go.th/dataset/7bdbedaf-f9cd-4c42-893a-0c88ad65b2f5/resource/93c92257-617c-4996-b65c-8d9afb08519e/download/gd028_2562_final.csv,CSV
33,ศรีสะเกษ,2562,local_area_record,ขุขันธ์,กัณทรารมย์,1,15-ม.ค.-62,2019-01-15,2019-06-17,2019-07-02,source_situation_dates_known,,,all_agriculture_not_durian_specific,93c92257-617c-4996-b65c-8d9afb08519e,71,https://catalog.disaster.go.th/dataset/7bdbedaf-f9cd-4c42-893a-0c88ad65b2f5/resource/93c92257-617c-4996-b65c-8d9afb08519e/download/gd028_2562_final.csv,CSV
33,ศรีสะเกษ,2562,local_area_record,ขุขันธ์,กัณทรารมย์,2,15-ม.ค.-62,2019-01-15,2019-06-17,2019-07-02,source_situation_dates_known,,,all_agriculture_not_durian_specific,93c92257-617c-4996-b65c-8d9afb08519e,72,https://catalog.disaster.go.th/dataset/7bdbedaf-f9cd-4c42-893a-0c88ad65b2f5/resource/93c92257-617c-4996-b65c-8d9afb08519e/download/gd028_2562_final.csv,CSV
33,ศรีสะเกษ,2562,local_area_record,ขุขันธ์,กัณทรารมย์,3,15-ม.ค.-62,2019-01-15,2019-06-17,2019-07-02,source_situation_dates_known,,,all_agriculture_not_durian_specific,93c92257-617c-4996-b65c-8d9afb08519e,73,https://catalog.disaster.go.th/dataset/7bdbedaf-f9cd-4c42-893a-0c88ad65b2f5/resource/93c92257-617c-4996-b65c-8d9afb08519e/download/gd028_2562_final.csv,CSV
33,ศรีสะเกษ,2562,local_area_record,ขุขันธ์,กัณทรารมย์,4,15-ม.ค.-62,2019-01-15,2019-06-17,2019-07-02,source_situation_dates_known,,,all_agriculture_not_durian_specific,93c92257-617c-4996-b65c-8d9afb08519e,74,https://catalog.disaster.go.th/dataset/7bdbedaf-f9cd-4c42-893a-0c88ad65b2f5/resource/93c92257-617c-4996-b65c-8d9afb08519e/download/gd028_2562_final.csv,CSV
33,ศรีสะเกษ,2562,local_area_record,ขุขันธ์,กัณทรารมย์,5,15-ม.ค.-62,2019-01-15,2019-06-17,2019-07-02,source_situation_dates_known,,,all_agriculture_not_durian_specific,93c92257-617c-4996-b65c-8d9afb08519e,75,https://catalog.disaster.go.th/dataset/7bdbedaf-f9cd-4c42-893a-0c88ad65b2f5/resource/93c92257-617c-4996-b65c-8d9afb08519e/download/gd028_2562_final.csv,CSV
33,ศรีสะเกษ,2562,local_area_record,ขุขันธ์,กัณทรารมย์,6,15-ม.ค.-62,2019-01-15,2019-06-17,2019-07-02,source_situation_dates_known,,,all_agriculture_not_durian_specific,93c92257-617c-4996-b65c-8d9afb08519e,76,https://catalog.disaster.go.th/dataset/7bdbedaf-f9cd-4c42-893a-0c88ad65b2f5/resource/93c92257-617c-4996-b65c-8d9afb08519e/download/gd028_2562_final.csv,CSV
33,ศรีสะเกษ,2562,local_area_record,ขุขันธ์,กัณทรารมย์,7,15-ม.ค.-62,2019-01-15,2019-06-17,2019-07-02,source_situation_dates_known,,,all_agriculture_not_durian_specific,93c92257-617c-4996-b65c-8d9afb08519e,77,https://catalog.disaster.go.th/dataset/7bdbedaf-f9cd-4c42-893a-0c88ad65b2f5/resource/93c92257-617c-4996-b65c-8d9afb08519e/download/gd028_2562_final.csv,CSV
33,ศรีสะเกษ,2562,local_area_record,ขุขันธ์,กัณทรารมย์,8,15-ม.ค.-62,2019-01-15,2019-06-17,2019-07-02,source_situation_dates_known,,,all_agriculture_not_durian_specific,93c92257-617c-4996-b65c-8d9afb08519e,78,https://catalog.disaster.go.th/dataset/7bdbedaf-f9cd-4c42-893a-0c88ad65b2f5/resource/93c92257-617c-4996-b65c-8d9afb08519e/download/gd028_2562_final.csv,CSV
33,ศรีสะเกษ,2562,local_area_record,ขุขันธ์,กัณทรารมย์,9,15-ม.ค.-62,2019-01-15,2019-06-17,2019-07-02,source_situation_dates_known,,,all_agriculture_not_durian_specific,93c92257-617c-4996-b65c-8d9afb08519e,79,https://catalog.disaster.go.th/dataset/7bdbedaf-f9cd-4c42-893a-0c88ad65b2f5/resource/93c92257-617c-4996-b65c-8d9afb08519e/download/gd028_2562_final.csv,CSV
33,ศรีสะเกษ,2562,local_area_record,ขุขันธ์,กัณทรารมย์,10,15-ม.ค.-62,2019-01-15,2019-06-17,2019-07-02,source_situation_dates_known,,,all_agriculture_not_durian_specific,93c92257-617c-4996-b65c-8d9afb08519e,80,https://catalog.disaster.go.th/dataset/7bdbedaf-f9cd-4c42-893a-0c88ad65b2f5/resource/93c92257-617c-4996-b65c-8d9afb08519e/download/gd028_2562_final.csv,CSV
33,ศรีสะเกษ,2562,local_area_record,ขุขันธ์,กัณทรารมย์,11,15-ม.ค.-62,2019-01-15,2019-06-17,2019-07-02,source_situation_dates_known,,,all_agriculture_not_durian_specific,93c92257-617c-4996-b65c-8d9afb08519e,81,https://catalog.disaster.go.th/dataset/7bdbedaf-f9cd-4c42-893a-0c88ad65b2f5/resource/93c92257-617c-4996-b65c-8d9afb08519e/download/gd028_2562_final.csv,CSV
33,ศรีสะเกษ,2562,local_area_record,ขุขันธ์,ปราสาท,1,15-ม.ค.-62,2019-01-15,2019-06-17,2019-07-02,source_situation_dates_known,,,all_agriculture_not_durian_specific,93c92257-617c-4996-b65c-8d9afb08519e,82,https://catalog.disaster.go.th/dataset/7bdbedaf-f9cd-4c42-893a-0c88ad65b2f5/resource/93c92257-617c-4996-b65c-8d9afb08519e/download/gd028_2562_final.csv,CSV
33,ศรีสะเกษ,2562,local_area_record,ขุขันธ์,ปราสาท,2,15-ม.ค.-62,2019-01-15,2019-06-17,2019-07-02,source_situation_dates_known,,,all_agriculture_not_durian_specific,93c92257-617c-4996-b65c-8d9afb08519e,83,https://catalog.disaster.go.th/dataset/7bdbedaf-f9cd-4c42-893a-0c88ad65b2f5/resource/93c92257-617c-4996-b65c-8d9afb08519e/download/gd028_2562_final.csv,CSV
33,ศรีสะเกษ,2562,local_area_record,ขุขันธ์,ปราสาท,3,15-ม.ค.-62,2019-01-15,2019-06-17,2019-07-02,source_situation_dates_known,,,all_agriculture_not_durian_specific,93c92257-617c-4996-b65c-8d9afb08519e,84,https://catalog.disaster.go.th/dataset/7bdbedaf-f9cd-4c42-893a-0c88ad65b2f5/resource/93c92257-617c-4996-b65c-8d9afb08519e/download/gd028_2562_final.csv,CSV
33,ศรีสะเกษ,2562,local_area_record,ขุขันธ์,ปราสาท,4,15-ม.ค.-62,2019-01-15,2019-06-17,2019-07-02,source_situation_dates_known,,,all_agriculture_not_durian_specific,93c92257-617c-4996-b65c-8d9afb08519e,85,https://catalog.disaster.go.th/dataset/7bdbedaf-f9cd-4c42-893a-0c88ad65b2f5/resource/93c92257-617c-4996-b65c-8d9afb08519e/download/gd028_2562_final.csv,CSV
33,ศรีสะเกษ,2562,local_area_record,ขุขันธ์,ปราสาท,5,15-ม.ค.-62,2019-01-15,2019-06-17,2019-07-02,source_situation_dates_known,,,all_agriculture_not_durian_specific,93c92257-617c-4996-b65c-8d9afb08519e,86,https://catalog.disaster.go.th/dataset/7bdbedaf-f9cd-4c42-893a-0c88ad65b2f5/resource/93c92257-617c-4996-b65c-8d9afb08519e/download/gd028_2562_final.csv,CSV
33,ศรีสะเกษ,2562,local_area_record,ขุขันธ์,ปราสาท,6,15-ม.ค.-62,2019-01-15,2019-06-17,2019-07-02,source_situation_dates_known,,,all_agriculture_not_durian_specific,93c92257-617c-4996-b65c-8d9afb08519e,87,https://catalog.disaster.go.th/dataset/7bdbedaf-f9cd-4c42-893a-0c88ad65b2f5/resource/93c92257-617c-4996-b65c-8d9afb08519e/download/gd028_2562_final.csv,CSV
33,ศรีสะเกษ,2562,local_area_record,ขุขันธ์,ปราสาท,7,15-ม.ค.-62,2019-01-15,2019-06-17,2019-07-02,source_situation_dates_known,,,all_agriculture_not_durian_specific,93c92257-617c-4996-b65c-8d9afb08519e,88,https://catalog.disaster.go.th/dataset/7bdbedaf-f9cd-4c42-893a-0c88ad65b2f5/resource/93c92257-617c-4996-b65c-8d9afb08519e/download/gd028_2562_final.csv,CSV
33,ศรีสะเกษ,2562,local_area_record,ขุขันธ์,ปราสาท,8,15-ม.ค.-62,2019-01-15,2019-06-17,2019-07-02,source_situation_dates_known,,,all_agriculture_not_durian_specific,93c92257-617c-4996-b65c-8d9afb08519e,89,https://catalog.disaster.go.th/dataset/7bdbedaf-f9cd-4c42-893a-0c88ad65b2f5/resource/93c92257-617c-4996-b65c-8d9afb08519e/download/gd028_2562_final.csv,CSV
33,ศรีสะเกษ,2562,local_area_record,ขุขันธ์,ปราสาท,9,15-ม.ค.-62,2019-01-15,2019-06-17,2019-07-02,source_situation_dates_known,,,all_agriculture_not_durian_specific,93c92257-617c-4996-b65c-8d9afb08519e,90,https://catalog.disaster.go.th/dataset/7bdbedaf-f9cd-4c42-893a-0c88ad65b2f5/resource/93c92257-617c-4996-b65c-8d9afb08519e/download/gd028_2562_final.csv,CSV
33,ศรีสะเกษ,2562,local_area_record,ศรีรัตนะ,ตูม,1,11-ก.พ.-62,2019-02-11,2019-06-07,2019-06-26,source_situation_dates_known,,,all_agriculture_not_durian_specific,93c92257-617c-4996-b65c-8d9afb08519e,91,https://catalog.disaster.go.th/dataset/7bdbedaf-f9cd-4c42-893a-0c88ad65b2f5/resource/93c92257-617c-4996-b65c-8d9afb08519e/download/gd028_2562_final.csv,CSV
33,ศรีสะเกษ,2562,local_area_record,ศรีรัตนะ,ตูม,2,11-ก.พ.-62,2019-02-11,2019-06-07,2019-06-26,source_situation_dates_known,,,all_agriculture_not_durian_specific,93c92257-617c-4996-b65c-8d9afb08519e,92,https://catalog.disaster.go.th/dataset/7bdbedaf-f9cd-4c42-893a-0c88ad65b2f5/resource/93c92257-617c-4996-b65c-8d9afb08519e/download/gd028_2562_final.csv,CSV
33,ศรีสะเกษ,2562,local_area_record,ศรีรัตนะ,ตูม,3,11-ก.พ.-62,2019-02-11,2019-06-07,2019-06-26,source_situation_dates_known,,,all_agriculture_not_durian_specific,93c92257-617c-4996-b65c-8d9afb08519e,93,https://catalog.disaster.go.th/dataset/7bdbedaf-f9cd-4c42-893a-0c88ad65b2f5/resource/93c92257-617c-4996-b65c-8d9afb08519e/download/gd028_2562_final.csv,CSV
33,ศรีสะเกษ,2562,local_area_record,ศรีรัตนะ,ตูม,4,11-ก.พ.-62,2019-02-11,2019-06-07,2019-06-26,source_situation_dates_known,,,all_agriculture_not_durian_specific,93c92257-617c-4996-b65c-8d9afb08519e,94,https://catalog.disaster.go.th/dataset/7bdbedaf-f9cd-4c42-893a-0c88ad65b2f5/resource/93c92257-617c-4996-b65c-8d9afb08519e/download/gd028_2562_final.csv,CSV
33,ศรีสะเกษ,2562,local_area_record,ศรีรัตนะ,ตูม,5,11-ก.พ.-62,2019-02-11,2019-06-07,2019-06-26,source_situation_dates_known,,,all_agriculture_not_durian_specific,93c92257-617c-4996-b65c-8d9afb08519e,95,https://catalog.disaster.go.th/dataset/7bdbedaf-f9cd-4c42-893a-0c88ad65b2f5/resource/93c92257-617c-4996-b65c-8d9afb08519e/download/gd028_2562_final.csv,CSV
33,ศรีสะเกษ,2562,local_area_record,ศรีรัตนะ,ตูม,6,11-ก.พ.-62,2019-02-11,2019-06-07,2019-06-26,source_situation_dates_known,,,all_agriculture_not_durian_specific,93c92257-617c-4996-b65c-8d9afb08519e,96,https://catalog.disaster.go.th/dataset/7bdbedaf-f9cd-4c42-893a-0c88ad65b2f5/resource/93c92257-617c-4996-b65c-8d9afb08519e/download/gd028_2562_final.csv,CSV
33,ศรีสะเกษ,2562,local_area_record,ศรีรัตนะ,ตูม,7,11-ก.พ.-62,2019-02-11,2019-06-07,2019-06-26,source_situation_dates_known,,,all_agriculture_not_durian_specific,93c92257-617c-4996-b65c-8d9afb08519e,97,https://catalog.disaster.go.th/dataset/7bdbedaf-f9cd-4c42-893a-0c88ad65b2f5/resource/93c92257-617c-4996-b65c-8d9afb08519e/download/gd028_2562_final.csv,CSV
33,ศรีสะเกษ,2562,local_area_record,ศรีรัตนะ,ตูม,8,11-ก.พ.-62,2019-02-11,2019-06-07,2019-06-26,source_situation_dates_known,,,all_agriculture_not_durian_specific,93c92257-617c-4996-b65c-8d9afb08519e,98,https://catalog.disaster.go.th/dataset/7bdbedaf-f9cd-4c42-893a-0c88ad65b2f5/resource/93c92257-617c-4996-b65c-8d9afb08519e/download/gd028_2562_final.csv,CSV
33,ศรีสะเกษ,2562,local_area_record,ศรีรัตนะ,ตูม,9,11-ก.พ.-62,2019-02-11,2019-06-07,2019-06-26,source_situation_dates_known,,,all_agriculture_not_durian_specific,93c92257-617c-4996-b65c-8d9afb08519e,99,https://catalog.disaster.go.th/dataset/7bdbedaf-f9cd-4c42-893a-0c88ad65b2f5/resource/93c92257-617c-4996-b65c-8d9afb08519e/download/gd028_2562_final.csv,CSV
33,ศรีสะเกษ,2562,local_area_record,ศรีรัตนะ,ตูม,10,11-ก.พ.-62,2019-02-11,2019-06-07,2019-06-26,source_situation_dates_known,,,all_agriculture_not_durian_specific,93c92257-617c-4996-b65c-8d9afb08519e,100,https://catalog.disaster.go.th/dataset/7bdbedaf-f9cd-4c42-893a-0c88ad65b2f5/resource/93c92257-617c-4996-b65c-8d9afb08519e/download/gd028_2562_final.csv,CSV
33,ศรีสะเกษ,2562,local_area_record,ศรีรัตนะ,ตูม,11,11-ก.พ.-62,2019-02-11,2019-06-07,2019-06-26,source_situation_dates_known,,,all_agriculture_not_durian_specific,93c92257-617c-4996-b65c-8d9afb08519e,101,https://catalog.disaster.go.th/dataset/7bdbedaf-f9cd-4c42-893a-0c88ad65b2f5/resource/93c92257-617c-4996-b65c-8d9afb08519e/download/gd028_2562_final.csv,CSV
33,ศรีสะเกษ,2562,local_area_record,ศรีรัตนะ,ตูม,12,11-ก.พ.-62,2019-02-11,2019-06-07,2019-06-26,source_situation_dates_known,,,all_agriculture_not_durian_specific,93c92257-617c-4996-b65c-8d9afb08519e,102,https://catalog.disaster.go.th/dataset/7bdbedaf-f9cd-4c42-893a-0c88ad65b2f5/resource/93c92257-617c-4996-b65c-8d9afb08519e/download/gd028_2562_final.csv,CSV
33,ศรีสะเกษ,2562,local_area_record,ศรีรัตนะ,สะพุง,1,11-ก.พ.-62,2019-02-11,2019-06-07,2019-06-26,source_situation_dates_known,,,all_agriculture_not_durian_specific,93c92257-617c-4996-b65c-8d9afb08519e,103,https://catalog.disaster.go.th/dataset/7bdbedaf-f9cd-4c42-893a-0c88ad65b2f5/resource/93c92257-617c-4996-b65c-8d9afb08519e/download/gd028_2562_final.csv,CSV
33,ศรีสะเกษ,2562,local_area_record,ศรีรัตนะ,สะพุง,2,11-ก.พ.-62,2019-02-11,2019-06-07,2019-06-26,source_situation_dates_known,,,all_agriculture_not_durian_specific,93c92257-617c-4996-b65c-8d9afb08519e,104,https://catalog.disaster.go.th/dataset/7bdbedaf-f9cd-4c42-893a-0c88ad65b2f5/resource/93c92257-617c-4996-b65c-8d9afb08519e/download/gd028_2562_final.csv,CSV
33,ศรีสะเกษ,2562,local_area_record,ศรีรัตนะ,สะพุง,3,11-ก.พ.-62,2019-02-11,2019-06-07,2019-06-26,source_situation_dates_known,,,all_agriculture_not_durian_specific,93c92257-617c-4996-b65c-8d9afb08519e,105,https://catalog.disaster.go.th/dataset/7bdbedaf-f9cd-4c42-893a-0c88ad65b2f5/resource/93c92257-617c-4996-b65c-8d9afb08519e/download/gd028_2562_final.csv,CSV
33,ศรีสะเกษ,2562,local_area_record,ศรีรัตนะ,สะพุง,4,11-ก.พ.-62,2019-02-11,2019-06-07,2019-06-26,source_situation_dates_known,,,all_agriculture_not_durian_specific,93c92257-617c-4996-b65c-8d9afb08519e,106,https://catalog.disaster.go.th/dataset/7bdbedaf-f9cd-4c42-893a-0c88ad65b2f5/resource/93c92257-617c-4996-b65c-8d9afb08519e/download/gd028_2562_final.csv,CSV
33,ศรีสะเกษ,2562,local_area_record,ศรีรัตนะ,สะพุง,5,11-ก.พ.-62,2019-02-11,2019-06-07,2019-06-26,source_situation_dates_known,,,all_agriculture_not_durian_specific,93c92257-617c-4996-b65c-8d9afb08519e,107,https://catalog.disaster.go.th/dataset/7bdbedaf-f9cd-4c42-893a-0c88ad65b2f5/resource/93c92257-617c-4996-b65c-8d9afb08519e/download/gd028_2562_final.csv,CSV
33,ศรีสะเกษ,2562,local_area_record,ศรีรัตนะ,สะพุง,6,11-ก.พ.-62,2019-02-11,2019-06-07,2019-06-26,source_situation_dates_known,,,all_agriculture_not_durian_specific,93c92257-617c-4996-b65c-8d9afb08519e,108,https://catalog.disaster.go.th/dataset/7bdbedaf-f9cd-4c42-893a-0c88ad65b2f5/resource/93c92257-617c-4996-b65c-8d9afb08519e/download/gd028_2562_final.csv,CSV
33,ศรีสะเกษ,2562,local_area_record,ศรีรัตนะ,สะพุง,9,11-ก.พ.-62,2019-02-11,2019-06-07,2019-06-26,source_situation_dates_known,,,all_agriculture_not_durian_specific,93c92257-617c-4996-b65c-8d9afb08519e,109,https://catalog.disaster.go.th/dataset/7bdbedaf-f9cd-4c42-893a-0c88ad65b2f5/resource/93c92257-617c-4996-b65c-8d9afb08519e/download/gd028_2562_final.csv,CSV
33,ศรีสะเกษ,2562,local_area_record,ศรีรัตนะ,สะพุง,10,11-ก.พ.-62,2019-02-11,2019-06-07,2019-06-26,source_situation_dates_known,,,all_agriculture_not_durian_specific,93c92257-617c-4996-b65c-8d9afb08519e,110,https://catalog.disaster.go.th/dataset/7bdbedaf-f9cd-4c42-893a-0c88ad65b2f5/resource/93c92257-617c-4996-b65c-8d9afb08519e/download/gd028_2562_final.csv,CSV
33,ศรีสะเกษ,2562,local_area_record,ศรีรัตนะ,สะพุง,12,11-ก.พ.-62,2019-02-11,2019-06-07,2019-06-26,source_situation_dates_known,,,all_agriculture_not_durian_specific,93c92257-617c-4996-b65c-8d9afb08519e,111,https://catalog.disaster.go.th/dataset/7bdbedaf-f9cd-4c42-893a-0c88ad65b2f5/resource/93c92257-617c-4996-b65c-8d9afb08519e/download/gd028_2562_final.csv,CSV
33,ศรีสะเกษ,2562,local_area_record,ศรีรัตนะ,สะพุง,13,11-ก.พ.-62,2019-02-11,2019-06-07,2019-06-26,source_situation_dates_known,,,all_agriculture_not_durian_specific,93c92257-617c-4996-b65c-8d9afb08519e,112,https://catalog.disaster.go.th/dataset/7bdbedaf-f9cd-4c42-893a-0c88ad65b2f5/resource/93c92257-617c-4996-b65c-8d9afb08519e/download/gd028_2562_final.csv,CSV
33,ศรีสะเกษ,2562,local_area_record,ศรีรัตนะ,ศรีโนนงาม,2,11-ก.พ.-62,2019-02-11,2019-06-07,2019-06-26,source_situation_dates_known,,,all_agriculture_not_durian_specific,93c92257-617c-4996-b65c-8d9afb08519e,113,https://catalog.disaster.go.th/dataset/7bdbedaf-f9cd-4c42-893a-0c88ad65b2f5/resource/93c92257-617c-4996-b65c-8d9afb08519e/download/gd028_2562_final.csv,CSV
33,ศรีสะเกษ,2562,local_area_record,ศรีรัตนะ,ศรีโนนงาม,3,11-ก.พ.-62,2019-02-11,2019-06-07,2019-06-26,source_situation_dates_known,,,all_agriculture_not_durian_specific,93c92257-617c-4996-b65c-8d9afb08519e,114,https://catalog.disaster.go.th/dataset/7bdbedaf-f9cd-4c42-893a-0c88ad65b2f5/resource/93c92257-617c-4996-b65c-8d9afb08519e/download/gd028_2562_final.csv,CSV
33,ศรีสะเกษ,2562,local_area_record,ศรีรัตนะ,ศรีโนนงาม,4,11-ก.พ.-62,2019-02-11,2019-06-07,2019-06-26,source_situation_dates_known,,,all_agriculture_not_durian_specific,93c92257-617c-4996-b65c-8d9afb08519e,115,https://catalog.disaster.go.th/dataset/7bdbedaf-f9cd-4c42-893a-0c88ad65b2f5/resource/93c92257-617c-4996-b65c-8d9afb08519e/download/gd028_2562_final.csv,CSV
33,ศรีสะเกษ,2562,local_area_record,ศรีรัตนะ,ศรีโนนงาม,5,11-ก.พ.-62,2019-02-11,2019-06-07,2019-06-26,source_situation_dates_known,,,all_agriculture_not_durian_specific,93c92257-617c-4996-b65c-8d9afb08519e,116,https://catalog.disaster.go.th/dataset/7bdbedaf-f9cd-4c42-893a-0c88ad65b2f5/resource/93c92257-617c-4996-b65c-8d9afb08519e/download/gd028_2562_final.csv,CSV
33,ศรีสะเกษ,2562,local_area_record,ศรีรัตนะ,ศรีโนนงาม,6,11-ก.พ.-62,2019-02-11,2019-06-07,2019-06-26,source_situation_dates_known,,,all_agriculture_not_durian_specific,93c92257-617c-4996-b65c-8d9afb08519e,117,https://catalog.disaster.go.th/dataset/7bdbedaf-f9cd-4c42-893a-0c88ad65b2f5/resource/93c92257-617c-4996-b65c-8d9afb08519e/download/gd028_2562_final.csv,CSV
33,ศรีสะเกษ,2562,local_area_record,ศรีรัตนะ,ศรีโนนงาม,7,11-ก.พ.-62,2019-02-11,2019-06-07,2019-06-26,source_situation_dates_known,,,all_agriculture_not_durian_specific,93c92257-617c-4996-b65c-8d9afb08519e,118,https://catalog.disaster.go.th/dataset/7bdbedaf-f9cd-4c42-893a-0c88ad65b2f5/resource/93c92257-617c-4996-b65c-8d9afb08519e/download/gd028_2562_final.csv,CSV
33,ศรีสะเกษ,2562,local_area_record,ศรีรัตนะ,ศรีโนนงาม,9,11-ก.พ.-62,2019-02-11,2019-06-07,2019-06-26,source_situation_dates_known,,,all_agriculture_not_durian_specific,93c92257-617c-4996-b65c-8d9afb08519e,119,https://catalog.disaster.go.th/dataset/7bdbedaf-f9cd-4c42-893a-0c88ad65b2f5/resource/93c92257-617c-4996-b65c-8d9afb08519e/download/gd028_2562_final.csv,CSV
33,ศรีสะเกษ,2562,local_area_record,ไพรบึง,สำโรงพลัน,2,8-ม.ค.-62,2019-01-08,2019-07-08,2019-07-11,source_situation_dates_known,,,all_agriculture_not_durian_specific,93c92257-617c-4996-b65c-8d9afb08519e,120,https://catalog.disaster.go.th/dataset/7bdbedaf-f9cd-4c42-893a-0c88ad65b2f5/resource/93c92257-617c-4996-b65c-8d9afb08519e/download/gd028_2562_final.csv,CSV
33,ศรีสะเกษ,2562,local_area_record,ไพรบึง,สำโรงพลัน,3,8-ม.ค.-62,2019-01-08,2019-07-08,2019-07-11,source_situation_dates_known,,,all_agriculture_not_durian_specific,93c92257-617c-4996-b65c-8d9afb08519e,121,https://catalog.disaster.go.th/dataset/7bdbedaf-f9cd-4c42-893a-0c88ad65b2f5/resource/93c92257-617c-4996-b65c-8d9afb08519e/download/gd028_2562_final.csv,CSV
33,ศรีสะเกษ,2562,local_area_record,ไพรบึง,สำโรงพลัน,4,8-ม.ค.-62,2019-01-08,2019-07-08,2019-07-11,source_situation_dates_known,,,all_agriculture_not_durian_specific,93c92257-617c-4996-b65c-8d9afb08519e,122,https://catalog.disaster.go.th/dataset/7bdbedaf-f9cd-4c42-893a-0c88ad65b2f5/resource/93c92257-617c-4996-b65c-8d9afb08519e/download/gd028_2562_final.csv,CSV
33,ศรีสะเกษ,2562,local_area_record,ไพรบึง,สำโรงพลัน,5,8-ม.ค.-62,2019-01-08,2019-07-08,2019-07-11,source_situation_dates_known,,,all_agriculture_not_durian_specific,93c92257-617c-4996-b65c-8d9afb08519e,123,https://catalog.disaster.go.th/dataset/7bdbedaf-f9cd-4c42-893a-0c88ad65b2f5/resource/93c92257-617c-4996-b65c-8d9afb08519e/download/gd028_2562_final.csv,CSV
33,ศรีสะเกษ,2562,local_area_record,ไพรบึง,สำโรงพลัน,6,8-ม.ค.-62,2019-01-08,2019-07-08,2019-07-11,source_situation_dates_known,,,all_agriculture_not_durian_specific,93c92257-617c-4996-b65c-8d9afb08519e,124,https://catalog.disaster.go.th/dataset/7bdbedaf-f9cd-4c42-893a-0c88ad65b2f5/resource/93c92257-617c-4996-b65c-8d9afb08519e/download/gd028_2562_final.csv,CSV
33,ศรีสะเกษ,2562,local_area_record,ไพรบึง,สำโรงพลัน,7,8-ม.ค.-62,2019-01-08,2019-07-08,2019-07-11,source_situation_dates_known,,,all_agriculture_not_durian_specific,93c92257-617c-4996-b65c-8d9afb08519e,125,https://catalog.disaster.go.th/dataset/7bdbedaf-f9cd-4c42-893a-0c88ad65b2f5/resource/93c92257-617c-4996-b65c-8d9afb08519e/download/gd028_2562_final.csv,CSV
33,ศรีสะเกษ,2562,local_area_record,ไพรบึง,สำโรงพลัน,8,8-ม.ค.-62,2019-01-08,2019-07-08,2019-07-11,source_situation_dates_known,,,all_agriculture_not_durian_specific,93c92257-617c-4996-b65c-8d9afb08519e,126,https://catalog.disaster.go.th/dataset/7bdbedaf-f9cd-4c42-893a-0c88ad65b2f5/resource/93c92257-617c-4996-b65c-8d9afb08519e/download/gd028_2562_final.csv,CSV
33,ศรีสะเกษ,2562,local_area_record,ไพรบึง,สำโรงพลัน,9,8-ม.ค.-62,2019-01-08,2019-07-08,2019-07-11,source_situation_dates_known,,,all_agriculture_not_durian_specific,93c92257-617c-4996-b65c-8d9afb08519e,127,https://catalog.disaster.go.th/dataset/7bdbedaf-f9cd-4c42-893a-0c88ad65b2f5/resource/93c92257-617c-4996-b65c-8d9afb08519e/download/gd028_2562_final.csv,CSV
33,ศรีสะเกษ,2562,local_area_record,ไพรบึง,สำโรงพลัน,10,8-ม.ค.-62,2019-01-08,2019-07-08,2019-07-11,source_situation_dates_known,,,all_agriculture_not_durian_specific,93c92257-617c-4996-b65c-8d9afb08519e,128,https://catalog.disaster.go.th/dataset/7bdbedaf-f9cd-4c42-893a-0c88ad65b2f5/resource/93c92257-617c-4996-b65c-8d9afb08519e/download/gd028_2562_final.csv,CSV
33,ศรีสะเกษ,2562,local_area_record,ไพรบึง,สำโรงพลัน,11,8-ม.ค.-62,2019-01-08,2019-07-08,2019-07-11,source_situation_dates_known,,,all_agriculture_not_durian_specific,93c92257-617c-4996-b65c-8d9afb08519e,129,https://catalog.disaster.go.th/dataset/7bdbedaf-f9cd-4c42-893a-0c88ad65b2f5/resource/93c92257-617c-4996-b65c-8d9afb08519e/download/gd028_2562_final.csv,CSV
33,ศรีสะเกษ,2562,local_area_record,ไพรบึง,สำโรงพลัน,12,8-ม.ค.-62,2019-01-08,2019-07-08,2019-07-11,source_situation_dates_known,,,all_agriculture_not_durian_specific,93c92257-617c-4996-b65c-8d9afb08519e,130,https://catalog.disaster.go.th/dataset/7bdbedaf-f9cd-4c42-893a-0c88ad65b2f5/resource/93c92257-617c-4996-b65c-8d9afb08519e/download/gd028_2562_final.csv,CSV
33,ศรีสะเกษ,2562,local_area_record,ไพรบึง,สำโรงพลัน,13,8-ม.ค.-62,2019-01-08,2019-07-08,2019-07-11,source_situation_dates_known,,,all_agriculture_not_durian_specific,93c92257-617c-4996-b65c-8d9afb08519e,131,https://catalog.disaster.go.th/dataset/7bdbedaf-f9cd-4c42-893a-0c88ad65b2f5/resource/93c92257-617c-4996-b65c-8d9afb08519e/download/gd028_2562_final.csv,CSV
33,ศรีสะเกษ,2562,local_area_record,ไพรบึง,สำโรงพลัน,14,8-ม.ค.-62,2019-01-08,2019-07-08,2019-07-11,source_situation_dates_known,,,all_agriculture_not_durian_specific,93c92257-617c-4996-b65c-8d9afb08519e,132,https://catalog.disaster.go.th/dataset/7bdbedaf-f9cd-4c42-893a-0c88ad65b2f5/resource/93c92257-617c-4996-b65c-8d9afb08519e/download/gd028_2562_final.csv,CSV
33,ศรีสะเกษ,2562,local_area_record,ไพรบึง,สำโรงพลัน,16,8-ม.ค.-62,2019-01-08,2019-07-08,2019-07-11,source_situation_dates_known,,,all_agriculture_not_durian_specific,93c92257-617c-4996-b65c-8d9afb08519e,133,https://catalog.disaster.go.th/dataset/7bdbedaf-f9cd-4c42-893a-0c88ad65b2f5/resource/93c92257-617c-4996-b65c-8d9afb08519e/download/gd028_2562_final.csv,CSV
33,ศรีสะเกษ,2562,local_area_record,ไพรบึง,สำโรงพลัน,17,8-ม.ค.-62,2019-01-08,2019-07-08,2019-07-11,source_situation_dates_known,,,all_agriculture_not_durian_specific,93c92257-617c-4996-b65c-8d9afb08519e,134,https://catalog.disaster.go.th/dataset/7bdbedaf-f9cd-4c42-893a-0c88ad65b2f5/resource/93c92257-617c-4996-b65c-8d9afb08519e/download/gd028_2562_final.csv,CSV
33,ศรีสะเกษ,2562,local_area_record,โพธิ์ศรีสุวรรณ,โดด,2,15-มี.ค.-62,2019-03-15,2019-07-05,2019-07-11,source_situation_dates_known,,,all_agriculture_not_durian_specific,93c92257-617c-4996-b65c-8d9afb08519e,135,https://catalog.disaster.go.th/dataset/7bdbedaf-f9cd-4c42-893a-0c88ad65b2f5/resource/93c92257-617c-4996-b65c-8d9afb08519e/download/gd028_2562_final.csv,CSV
33,ศรีสะเกษ,2562,local_area_record,โพธิ์ศรีสุวรรณ,โดด,25,15-มี.ค.-62,2019-03-15,2019-07-05,2019-07-11,source_situation_dates_known,,,all_agriculture_not_durian_specific,93c92257-617c-4996-b65c-8d9afb08519e,136,https://catalog.disaster.go.th/dataset/7bdbedaf-f9cd-4c42-893a-0c88ad65b2f5/resource/93c92257-617c-4996-b65c-8d9afb08519e/download/gd028_2562_final.csv,CSV
33,ศรีสะเกษ,2562,local_area_record,โพธิ์ศรีสุวรรณ,โดด,8,24-เม.ย.-62,2019-04-24,2019-07-05,2019-07-11,source_situation_dates_known,,,all_agriculture_not_durian_specific,93c92257-617c-4996-b65c-8d9afb08519e,137,https://catalog.disaster.go.th/dataset/7bdbedaf-f9cd-4c42-893a-0c88ad65b2f5/resource/93c92257-617c-4996-b65c-8d9afb08519e/download/gd028_2562_final.csv,CSV
33,ศรีสะเกษ,2562,local_area_record,โพธิ์ศรีสุวรรณ,โดด,13,24-เม.ย.-62,2019-04-24,2019-07-05,2019-07-11,source_situation_dates_known,,,all_agriculture_not_durian_specific,93c92257-617c-4996-b65c-8d9afb08519e,138,https://catalog.disaster.go.th/dataset/7bdbedaf-f9cd-4c42-893a-0c88ad65b2f5/resource/93c92257-617c-4996-b65c-8d9afb08519e/download/gd028_2562_final.csv,CSV
33,ศรีสะเกษ,2562,local_area_record,โพธิ์ศรีสุวรรณ,โดด,15,24-เม.ย.-62,2019-04-24,2019-07-05,2019-07-11,source_situation_dates_known,,,all_agriculture_not_durian_specific,93c92257-617c-4996-b65c-8d9afb08519e,139,https://catalog.disaster.go.th/dataset/7bdbedaf-f9cd-4c42-893a-0c88ad65b2f5/resource/93c92257-617c-4996-b65c-8d9afb08519e/download/gd028_2562_final.csv,CSV
33,ศรีสะเกษ,2562,local_area_record,โพธิ์ศรีสุวรรณ,โดด,17,24-เม.ย.-62,2019-04-24,2019-07-05,2019-07-11,source_situation_dates_known,,,all_agriculture_not_durian_specific,93c92257-617c-4996-b65c-8d9afb08519e,140,https://catalog.disaster.go.th/dataset/7bdbedaf-f9cd-4c42-893a-0c88ad65b2f5/resource/93c92257-617c-4996-b65c-8d9afb08519e/download/gd028_2562_final.csv,CSV
33,ศรีสะเกษ,2562,local_area_record,โพธิ์ศรีสุวรรณ,โดด,20,24-เม.ย.-62,2019-04-24,2019-07-05,2019-07-11,source_situation_dates_known,,,all_agriculture_not_durian_specific,93c92257-617c-4996-b65c-8d9afb08519e,141,https://catalog.disaster.go.th/dataset/7bdbedaf-f9cd-4c42-893a-0c88ad65b2f5/resource/93c92257-617c-4996-b65c-8d9afb08519e/download/gd028_2562_final.csv,CSV
33,ศรีสะเกษ,2562,local_area_record,โพธิ์ศรีสุวรรณ,ผือใหญ่,6,15-มี.ค.-62,2019-03-15,2019-07-05,2019-07-11,source_situation_dates_known,,,all_agriculture_not_durian_specific,93c92257-617c-4996-b65c-8d9afb08519e,142,https://catalog.disaster.go.th/dataset/7bdbedaf-f9cd-4c42-893a-0c88ad65b2f5/resource/93c92257-617c-4996-b65c-8d9afb08519e/download/gd028_2562_final.csv,CSV
33,ศรีสะเกษ,2562,local_area_record,โพธิ์ศรีสุวรรณ,ผือใหญ่,9,15-มี.ค.-62,2019-03-15,2019-07-05,2019-07-11,source_situation_dates_known,,,all_agriculture_not_durian_specific,93c92257-617c-4996-b65c-8d9afb08519e,143,https://catalog.disaster.go.th/dataset/7bdbedaf-f9cd-4c42-893a-0c88ad65b2f5/resource/93c92257-617c-4996-b65c-8d9afb08519e/download/gd028_2562_final.csv,CSV
33,ศรีสะเกษ,2562,local_area_record,โพธิ์ศรีสุวรรณ,ผือใหญ่,10,15-มี.ค.-62,2019-03-15,2019-07-05,2019-07-11,source_situation_dates_known,,,all_agriculture_not_durian_specific,93c92257-617c-4996-b65c-8d9afb08519e,144,https://catalog.disaster.go.th/dataset/7bdbedaf-f9cd-4c42-893a-0c88ad65b2f5/resource/93c92257-617c-4996-b65c-8d9afb08519e/download/gd028_2562_final.csv,CSV
33,ศรีสะเกษ,2562,local_area_record,โพธิ์ศรีสุวรรณ,หนองม้า,1,15-มี.ค.-62,2019-03-15,2019-07-05,2019-07-11,source_situation_dates_known,,,all_agriculture_not_durian_specific,93c92257-617c-4996-b65c-8d9afb08519e,145,https://catalog.disaster.go.th/dataset/7bdbedaf-f9cd-4c42-893a-0c88ad65b2f5/resource/93c92257-617c-4996-b65c-8d9afb08519e/download/gd028_2562_final.csv,CSV
33,ศรีสะเกษ,2562,local_area_record,โพธิ์ศรีสุวรรณ,หนองม้า,12,15-มี.ค.-62,2019-03-15,2019-07-05,2019-07-11,source_situation_dates_known,,,all_agriculture_not_durian_specific,93c92257-617c-4996-b65c-8d9afb08519e,146,https://catalog.disaster.go.th/dataset/7bdbedaf-f9cd-4c42-893a-0c88ad65b2f5/resource/93c92257-617c-4996-b65c-8d9afb08519e/download/gd028_2562_final.csv,CSV
33,ศรีสะเกษ,2562,local_area_record,ขุนหาญ,โพธิ์กระสังข์,1,1-เม.ย.-62,2019-04-01,2019-07-10,2019-07-11,source_situation_dates_known,,,all_agriculture_not_durian_specific,93c92257-617c-4996-b65c-8d9afb08519e,147,https://catalog.disaster.go.th/dataset/7bdbedaf-f9cd-4c42-893a-0c88ad65b2f5/resource/93c92257-617c-4996-b65c-8d9afb08519e/download/gd028_2562_final.csv,CSV
33,ศรีสะเกษ,2562,local_area_record,ขุนหาญ,โพธิ์กระสังข์,2,1-เม.ย.-62,2019-04-01,2019-07-10,2019-07-11,source_situation_dates_known,,,all_agriculture_not_durian_specific,93c92257-617c-4996-b65c-8d9afb08519e,148,https://catalog.disaster.go.th/dataset/7bdbedaf-f9cd-4c42-893a-0c88ad65b2f5/resource/93c92257-617c-4996-b65c-8d9afb08519e/download/gd028_2562_final.csv,CSV
33,ศรีสะเกษ,2562,local_area_record,ขุนหาญ,โพธิ์กระสังข์,3,1-เม.ย.-62,2019-04-01,2019-07-10,2019-07-11,source_situation_dates_known,,,all_agriculture_not_durian_specific,93c92257-617c-4996-b65c-8d9afb08519e,149,https://catalog.disaster.go.th/dataset/7bdbedaf-f9cd-4c42-893a-0c88ad65b2f5/resource/93c92257-617c-4996-b65c-8d9afb08519e/download/gd028_2562_final.csv,CSV
33,ศรีสะเกษ,2562,local_area_record,ขุนหาญ,โพธิ์กระสังข์,4,1-เม.ย.-62,2019-04-01,2019-07-10,2019-07-11,source_situation_dates_known,,,all_agriculture_not_durian_specific,93c92257-617c-4996-b65c-8d9afb08519e,150,https://catalog.disaster.go.th/dataset/7bdbedaf-f9cd-4c42-893a-0c88ad65b2f5/resource/93c92257-617c-4996-b65c-8d9afb08519e/download/gd028_2562_final.csv,CSV
33,ศรีสะเกษ,2562,local_area_record,ขุนหาญ,โพธิ์กระสังข์,5,1-เม.ย.-62,2019-04-01,2019-07-10,2019-07-11,source_situation_dates_known,,,all_agriculture_not_durian_specific,93c92257-617c-4996-b65c-8d9afb08519e,151,https://catalog.disaster.go.th/dataset/7bdbedaf-f9cd-4c42-893a-0c88ad65b2f5/resource/93c92257-617c-4996-b65c-8d9afb08519e/download/gd028_2562_final.csv,CSV
33,ศรีสะเกษ,2562,local_area_record,ขุนหาญ,โพธิ์กระสังข์,6,1-เม.ย.-62,2019-04-01,2019-07-10,2019-07-11,source_situation_dates_known,,,all_agriculture_not_durian_specific,93c92257-617c-4996-b65c-8d9afb08519e,152,https://catalog.disaster.go.th/dataset/7bdbedaf-f9cd-4c42-893a-0c88ad65b2f5/resource/93c92257-617c-4996-b65c-8d9afb08519e/download/gd028_2562_final.csv,CSV
33,ศรีสะเกษ,2562,local_area_record,ขุนหาญ,โพธิ์กระสังข์,7,1-เม.ย.-62,2019-04-01,2019-07-10,2019-07-11,source_situation_dates_known,,,all_agriculture_not_durian_specific,93c92257-617c-4996-b65c-8d9afb08519e,153,https://catalog.disaster.go.th/dataset/7bdbedaf-f9cd-4c42-893a-0c88ad65b2f5/resource/93c92257-617c-4996-b65c-8d9afb08519e/download/gd028_2562_final.csv,CSV
33,ศรีสะเกษ,2562,local_area_record,ขุนหาญ,โพธิ์กระสังข์,8,1-เม.ย.-62,2019-04-01,2019-07-10,2019-07-11,source_situation_dates_known,,,all_agriculture_not_durian_specific,93c92257-617c-4996-b65c-8d9afb08519e,154,https://catalog.disaster.go.th/dataset/7bdbedaf-f9cd-4c42-893a-0c88ad65b2f5/resource/93c92257-617c-4996-b65c-8d9afb08519e/download/gd028_2562_final.csv,CSV
33,ศรีสะเกษ,2562,local_area_record,ขุนหาญ,โพธิ์กระสังข์,9,1-เม.ย.-62,2019-04-01,2019-07-10,2019-07-11,source_situation_dates_known,,,all_agriculture_not_durian_specific,93c92257-617c-4996-b65c-8d9afb08519e,155,https://catalog.disaster.go.th/dataset/7bdbedaf-f9cd-4c42-893a-0c88ad65b2f5/resource/93c92257-617c-4996-b65c-8d9afb08519e/download/gd028_2562_final.csv,CSV
33,ศรีสะเกษ,2562,local_area_record,ขุนหาญ,โพธิ์กระสังข์,10,1-เม.ย.-62,2019-04-01,2019-07-10,2019-07-11,source_situation_dates_known,,,all_agriculture_not_durian_specific,93c92257-617c-4996-b65c-8d9afb08519e,156,https://catalog.disaster.go.th/dataset/7bdbedaf-f9cd-4c42-893a-0c88ad65b2f5/resource/93c92257-617c-4996-b65c-8d9afb08519e/download/gd028_2562_final.csv,CSV
33,ศรีสะเกษ,2562,local_area_record,ขุนหาญ,โพธิ์กระสังข์,11,1-เม.ย.-62,2019-04-01,2019-07-10,2019-07-11,source_situation_dates_known,,,all_agriculture_not_durian_specific,93c92257-617c-4996-b65c-8d9afb08519e,157,https://catalog.disaster.go.th/dataset/7bdbedaf-f9cd-4c42-893a-0c88ad65b2f5/resource/93c92257-617c-4996-b65c-8d9afb08519e/download/gd028_2562_final.csv,CSV
33,ศรีสะเกษ,2562,local_area_record,ขุนหาญ,โพธิ์กระสังข์,12,1-เม.ย.-62,2019-04-01,2019-07-10,2019-07-11,source_situation_dates_known,,,all_agriculture_not_durian_specific,93c92257-617c-4996-b65c-8d9afb08519e,158,https://catalog.disaster.go.th/dataset/7bdbedaf-f9cd-4c42-893a-0c88ad65b2f5/resource/93c92257-617c-4996-b65c-8d9afb08519e/download/gd028_2562_final.csv,CSV
33,ศรีสะเกษ,2562,local_area_record,ขุนหาญ,โพธิ์กระสังข์,13,1-เม.ย.-62,2019-04-01,2019-07-10,2019-07-11,source_situation_dates_known,,,all_agriculture_not_durian_specific,93c92257-617c-4996-b65c-8d9afb08519e,159,https://catalog.disaster.go.th/dataset/7bdbedaf-f9cd-4c42-893a-0c88ad65b2f5/resource/93c92257-617c-4996-b65c-8d9afb08519e/download/gd028_2562_final.csv,CSV
33,ศรีสะเกษ,2562,local_area_record,ขุนหาญ,โพธิ์กระสังข์,14,1-เม.ย.-62,2019-04-01,2019-07-10,2019-07-11,source_situation_dates_known,,,all_agriculture_not_durian_specific,93c92257-617c-4996-b65c-8d9afb08519e,160,https://catalog.disaster.go.th/dataset/7bdbedaf-f9cd-4c42-893a-0c88ad65b2f5/resource/93c92257-617c-4996-b65c-8d9afb08519e/download/gd028_2562_final.csv,CSV
33,ศรีสะเกษ,2562,local_area_record,ขุนหาญ,ขุนหาญ,1,1-เม.ย.-62,2019-04-01,2019-07-10,2019-07-11,source_situation_dates_known,,,all_agriculture_not_durian_specific,93c92257-617c-4996-b65c-8d9afb08519e,161,https://catalog.disaster.go.th/dataset/7bdbedaf-f9cd-4c42-893a-0c88ad65b2f5/resource/93c92257-617c-4996-b65c-8d9afb08519e/download/gd028_2562_final.csv,CSV
33,ศรีสะเกษ,2562,local_area_record,ขุนหาญ,ขุนหาญ,2,1-เม.ย.-62,2019-04-01,2019-07-10,2019-07-11,source_situation_dates_known,,,all_agriculture_not_durian_specific,93c92257-617c-4996-b65c-8d9afb08519e,162,https://catalog.disaster.go.th/dataset/7bdbedaf-f9cd-4c42-893a-0c88ad65b2f5/resource/93c92257-617c-4996-b65c-8d9afb08519e/download/gd028_2562_final.csv,CSV
33,ศรีสะเกษ,2562,local_area_record,ขุนหาญ,ขุนหาญ,3,1-เม.ย.-62,2019-04-01,2019-07-10,2019-07-11,source_situation_dates_known,,,all_agriculture_not_durian_specific,93c92257-617c-4996-b65c-8d9afb08519e,163,https://catalog.disaster.go.th/dataset/7bdbedaf-f9cd-4c42-893a-0c88ad65b2f5/resource/93c92257-617c-4996-b65c-8d9afb08519e/download/gd028_2562_final.csv,CSV
33,ศรีสะเกษ,2562,local_area_record,ขุนหาญ,ขุนหาญ,4,1-เม.ย.-62,2019-04-01,2019-07-10,2019-07-11,source_situation_dates_known,,,all_agriculture_not_durian_specific,93c92257-617c-4996-b65c-8d9afb08519e,164,https://catalog.disaster.go.th/dataset/7bdbedaf-f9cd-4c42-893a-0c88ad65b2f5/resource/93c92257-617c-4996-b65c-8d9afb08519e/download/gd028_2562_final.csv,CSV
33,ศรีสะเกษ,2562,local_area_record,ขุนหาญ,ขุนหาญ,5,1-เม.ย.-62,2019-04-01,2019-07-10,2019-07-11,source_situation_dates_known,,,all_agriculture_not_durian_specific,93c92257-617c-4996-b65c-8d9afb08519e,165,https://catalog.disaster.go.th/dataset/7bdbedaf-f9cd-4c42-893a-0c88ad65b2f5/resource/93c92257-617c-4996-b65c-8d9afb08519e/download/gd028_2562_final.csv,CSV
33,ศรีสะเกษ,2562,local_area_record,ขุนหาญ,ขุนหาญ,6,1-เม.ย.-62,2019-04-01,2019-07-10,2019-07-11,source_situation_dates_known,,,all_agriculture_not_durian_specific,93c92257-617c-4996-b65c-8d9afb08519e,166,https://catalog.disaster.go.th/dataset/7bdbedaf-f9cd-4c42-893a-0c88ad65b2f5/resource/93c92257-617c-4996-b65c-8d9afb08519e/download/gd028_2562_final.csv,CSV
33,ศรีสะเกษ,2562,local_area_record,ขุนหาญ,ขุนหาญ,7,1-เม.ย.-62,2019-04-01,2019-07-10,2019-07-11,source_situation_dates_known,,,all_agriculture_not_durian_specific,93c92257-617c-4996-b65c-8d9afb08519e,167,https://catalog.disaster.go.th/dataset/7bdbedaf-f9cd-4c42-893a-0c88ad65b2f5/resource/93c92257-617c-4996-b65c-8d9afb08519e/download/gd028_2562_final.csv,CSV
33,ศรีสะเกษ,2562,local_area_record,ขุนหาญ,ขุนหาญ,8,1-เม.ย.-62,2019-04-01,2019-07-10,2019-07-11,source_situation_dates_known,,,all_agriculture_not_durian_specific,93c92257-617c-4996-b65c-8d9afb08519e,168,https://catalog.disaster.go.th/dataset/7bdbedaf-f9cd-4c42-893a-0c88ad65b2f5/resource/93c92257-617c-4996-b65c-8d9afb08519e/download/gd028_2562_final.csv,CSV
33,ศรีสะเกษ,2562,local_area_record,ขุนหาญ,ขุนหาญ,9,1-เม.ย.-62,2019-04-01,2019-07-10,2019-07-11,source_situation_dates_known,,,all_agriculture_not_durian_specific,93c92257-617c-4996-b65c-8d9afb08519e,169,https://catalog.disaster.go.th/dataset/7bdbedaf-f9cd-4c42-893a-0c88ad65b2f5/resource/93c92257-617c-4996-b65c-8d9afb08519e/download/gd028_2562_final.csv,CSV
33,ศรีสะเกษ,2562,local_area_record,ขุนหาญ,บักดอง,13,1-เม.ย.-62,2019-04-01,2019-07-10,2019-07-11,source_situation_dates_known,,,all_agriculture_not_durian_specific,93c92257-617c-4996-b65c-8d9afb08519e,170,https://catalog.disaster.go.th/dataset/7bdbedaf-f9cd-4c42-893a-0c88ad65b2f5/resource/93c92257-617c-4996-b65c-8d9afb08519e/download/gd028_2562_final.csv,CSV
33,ศรีสะเกษ,2562,local_area_record,ขุนหาญ,บักดอง,15,1-เม.ย.-62,2019-04-01,2019-07-10,2019-07-11,source_situation_dates_known,,,all_agriculture_not_durian_specific,93c92257-617c-4996-b65c-8d9afb08519e,171,https://catalog.disaster.go.th/dataset/7bdbedaf-f9cd-4c42-893a-0c88ad65b2f5/resource/93c92257-617c-4996-b65c-8d9afb08519e/download/gd028_2562_final.csv,CSV
33,ศรีสะเกษ,2562,local_area_record,ขุนหาญ,ห้วยจันทร์,4,1-เม.ย.-62,2019-04-01,2019-07-10,2019-07-11,source_situation_dates_known,,,all_agriculture_not_durian_specific,93c92257-617c-4996-b65c-8d9afb08519e,172,https://catalog.disaster.go.th/dataset/7bdbedaf-f9cd-4c42-893a-0c88ad65b2f5/resource/93c92257-617c-4996-b65c-8d9afb08519e/download/gd028_2562_final.csv,CSV
33,ศรีสะเกษ,2562,local_area_record,ขุนหาญ,ห้วยจันทร์,5,1-เม.ย.-62,2019-04-01,2019-07-10,2019-07-11,source_situation_dates_known,,,all_agriculture_not_durian_specific,93c92257-617c-4996-b65c-8d9afb08519e,173,https://catalog.disaster.go.th/dataset/7bdbedaf-f9cd-4c42-893a-0c88ad65b2f5/resource/93c92257-617c-4996-b65c-8d9afb08519e/download/gd028_2562_final.csv,CSV
53,อุตรดิตถ์,2562,local_area_record,ท่าปลา,น้ำหมัน,1,28-ก.พ.-62,2019-02-28,2019-06-16,2019-06-24,source_situation_dates_known,,,all_agriculture_not_durian_specific,93c92257-617c-4996-b65c-8d9afb08519e,341,https://catalog.disaster.go.th/dataset/7bdbedaf-f9cd-4c42-893a-0c88ad65b2f5/resource/93c92257-617c-4996-b65c-8d9afb08519e/download/gd028_2562_final.csv,CSV
53,อุตรดิตถ์,2562,local_area_record,ท่าปลา,น้ำหมัน,2,28-ก.พ.-62,2019-02-28,2019-06-16,2019-06-24,source_situation_dates_known,,,all_agriculture_not_durian_specific,93c92257-617c-4996-b65c-8d9afb08519e,342,https://catalog.disaster.go.th/dataset/7bdbedaf-f9cd-4c42-893a-0c88ad65b2f5/resource/93c92257-617c-4996-b65c-8d9afb08519e/download/gd028_2562_final.csv,CSV
53,อุตรดิตถ์,2562,local_area_record,ท่าปลา,น้ำหมัน,3,28-ก.พ.-62,2019-02-28,2019-06-16,2019-06-24,source_situation_dates_known,,,all_agriculture_not_durian_specific,93c92257-617c-4996-b65c-8d9afb08519e,343,https://catalog.disaster.go.th/dataset/7bdbedaf-f9cd-4c42-893a-0c88ad65b2f5/resource/93c92257-617c-4996-b65c-8d9afb08519e/download/gd028_2562_final.csv,CSV
53,อุตรดิตถ์,2562,local_area_record,ท่าปลา,น้ำหมัน,4,28-ก.พ.-62,2019-02-28,2019-06-16,2019-06-24,source_situation_dates_known,,,all_agriculture_not_durian_specific,93c92257-617c-4996-b65c-8d9afb08519e,344,https://catalog.disaster.go.th/dataset/7bdbedaf-f9cd-4c42-893a-0c88ad65b2f5/resource/93c92257-617c-4996-b65c-8d9afb08519e/download/gd028_2562_final.csv,CSV
53,อุตรดิตถ์,2562,local_area_record,ท่าปลา,น้ำหมัน,5,28-ก.พ.-62,2019-02-28,2019-06-16,2019-06-24,source_situation_dates_known,,,all_agriculture_not_durian_specific,93c92257-617c-4996-b65c-8d9afb08519e,345,https://catalog.disaster.go.th/dataset/7bdbedaf-f9cd-4c42-893a-0c88ad65b2f5/resource/93c92257-617c-4996-b65c-8d9afb08519e/download/gd028_2562_final.csv,CSV
53,อุตรดิตถ์,2562,local_area_record,ท่าปลา,น้ำหมัน,6,28-ก.พ.-62,2019-02-28,2019-06-16,2019-06-24,source_situation_dates_known,,,all_agriculture_not_durian_specific,93c92257-617c-4996-b65c-8d9afb08519e,346,https://catalog.disaster.go.th/dataset/7bdbedaf-f9cd-4c42-893a-0c88ad65b2f5/resource/93c92257-617c-4996-b65c-8d9afb08519e/download/gd028_2562_final.csv,CSV
53,อุตรดิตถ์,2562,local_area_record,ท่าปลา,น้ำหมัน,7,28-ก.พ.-62,2019-02-28,2019-06-16,2019-06-24,source_situation_dates_known,,,all_agriculture_not_durian_specific,93c92257-617c-4996-b65c-8d9afb08519e,347,https://catalog.disaster.go.th/dataset/7bdbedaf-f9cd-4c42-893a-0c88ad65b2f5/resource/93c92257-617c-4996-b65c-8d9afb08519e/download/gd028_2562_final.csv,CSV
53,อุตรดิตถ์,2562,local_area_record,ท่าปลา,น้ำหมัน,8,28-ก.พ.-62,2019-02-28,2019-06-16,2019-06-24,source_situation_dates_known,,,all_agriculture_not_durian_specific,93c92257-617c-4996-b65c-8d9afb08519e,348,https://catalog.disaster.go.th/dataset/7bdbedaf-f9cd-4c42-893a-0c88ad65b2f5/resource/93c92257-617c-4996-b65c-8d9afb08519e/download/gd028_2562_final.csv,CSV
53,อุตรดิตถ์,2562,local_area_record,ท่าปลา,น้ำหมัน,9,28-ก.พ.-62,2019-02-28,2019-06-16,2019-06-24,source_situation_dates_known,,,all_agriculture_not_durian_specific,93c92257-617c-4996-b65c-8d9afb08519e,349,https://catalog.disaster.go.th/dataset/7bdbedaf-f9cd-4c42-893a-0c88ad65b2f5/resource/93c92257-617c-4996-b65c-8d9afb08519e/download/gd028_2562_final.csv,CSV
53,อุตรดิตถ์,2562,local_area_record,ท่าปลา,น้ำหมัน,10,28-ก.พ.-62,2019-02-28,2019-06-16,2019-06-24,source_situation_dates_known,,,all_agriculture_not_durian_specific,93c92257-617c-4996-b65c-8d9afb08519e,350,https://catalog.disaster.go.th/dataset/7bdbedaf-f9cd-4c42-893a-0c88ad65b2f5/resource/93c92257-617c-4996-b65c-8d9afb08519e/download/gd028_2562_final.csv,CSV
53,อุตรดิตถ์,2562,local_area_record,ท่าปลา,น้ำหมัน,11,28-ก.พ.-62,2019-02-28,2019-06-16,2019-06-24,source_situation_dates_known,,,all_agriculture_not_durian_specific,93c92257-617c-4996-b65c-8d9afb08519e,351,https://catalog.disaster.go.th/dataset/7bdbedaf-f9cd-4c42-893a-0c88ad65b2f5/resource/93c92257-617c-4996-b65c-8d9afb08519e/download/gd028_2562_final.csv,CSV
53,อุตรดิตถ์,2562,local_area_record,ท่าปลา,น้ำหมัน,12,28-ก.พ.-62,2019-02-28,2019-06-16,2019-06-24,source_situation_dates_known,,,all_agriculture_not_durian_specific,93c92257-617c-4996-b65c-8d9afb08519e,352,https://catalog.disaster.go.th/dataset/7bdbedaf-f9cd-4c42-893a-0c88ad65b2f5/resource/93c92257-617c-4996-b65c-8d9afb08519e/download/gd028_2562_final.csv,CSV
53,อุตรดิตถ์,2562,local_area_record,ท่าปลา,ท่าปลา,1,1-เม.ย.-62,2019-04-01,2019-06-16,2019-06-24,source_situation_dates_known,,,all_agriculture_not_durian_specific,93c92257-617c-4996-b65c-8d9afb08519e,353,https://catalog.disaster.go.th/dataset/7bdbedaf-f9cd-4c42-893a-0c88ad65b2f5/resource/93c92257-617c-4996-b65c-8d9afb08519e/download/gd028_2562_final.csv,CSV
53,อุตรดิตถ์,2562,local_area_record,ท่าปลา,ท่าปลา,6,29-เม.ย.-62,2019-04-29,2019-06-16,2019-06-24,source_situation_dates_known,,,all_agriculture_not_durian_specific,93c92257-617c-4996-b65c-8d9afb08519e,354,https://catalog.disaster.go.th/dataset/7bdbedaf-f9cd-4c42-893a-0c88ad65b2f5/resource/93c92257-617c-4996-b65c-8d9afb08519e/download/gd028_2562_final.csv,CSV
53,อุตรดิตถ์,2562,local_area_record,ท่าปลา,ท่าปลา,8,29-เม.ย.-62,2019-04-29,2019-06-16,2019-06-24,source_situation_dates_known,,,all_agriculture_not_durian_specific,93c92257-617c-4996-b65c-8d9afb08519e,355,https://catalog.disaster.go.th/dataset/7bdbedaf-f9cd-4c42-893a-0c88ad65b2f5/resource/93c92257-617c-4996-b65c-8d9afb08519e/download/gd028_2562_final.csv,CSV
22,จันทบุรี,2563,local_area_record,แก่งหางแมว,แก่งหางแมว,1,23/03/2020,2020-03-23,2020-06-22,2020-07-01,source_situation_dates_known,,,all_agriculture_not_durian_specific,5b8f6f67-2c20-47dd-a40a-dc647fc2ac05,198,https://catalog.disaster.go.th/dataset/7bdbedaf-f9cd-4c42-893a-0c88ad65b2f5/resource/5b8f6f67-2c20-47dd-a40a-dc647fc2ac05/download/gd028_2563_final.csv,CSV
22,จันทบุรี,2563,local_area_record,แก่งหางแมว,แก่งหางแมว,2,23/03/2020,2020-03-23,2020-06-22,2020-07-01,source_situation_dates_known,,,all_agriculture_not_durian_specific,5b8f6f67-2c20-47dd-a40a-dc647fc2ac05,199,https://catalog.disaster.go.th/dataset/7bdbedaf-f9cd-4c42-893a-0c88ad65b2f5/resource/5b8f6f67-2c20-47dd-a40a-dc647fc2ac05/download/gd028_2563_final.csv,CSV
22,จันทบุรี,2563,local_area_record,แก่งหางแมว,แก่งหางแมว,3,23/03/2020,2020-03-23,2020-06-22,2020-07-01,source_situation_dates_known,,,all_agriculture_not_durian_specific,5b8f6f67-2c20-47dd-a40a-dc647fc2ac05,200,https://catalog.disaster.go.th/dataset/7bdbedaf-f9cd-4c42-893a-0c88ad65b2f5/resource/5b8f6f67-2c20-47dd-a40a-dc647fc2ac05/download/gd028_2563_final.csv,CSV
22,จันทบุรี,2563,local_area_record,แก่งหางแมว,แก่งหางแมว,4,23/03/2020,2020-03-23,2020-06-22,2020-07-01,source_situation_dates_known,,,all_agriculture_not_durian_specific,5b8f6f67-2c20-47dd-a40a-dc647fc2ac05,201,https://catalog.disaster.go.th/dataset/7bdbedaf-f9cd-4c42-893a-0c88ad65b2f5/resource/5b8f6f67-2c20-47dd-a40a-dc647fc2ac05/download/gd028_2563_final.csv,CSV
22,จันทบุรี,2563,local_area_record,แก่งหางแมว,แก่งหางแมว,5,23/03/2020,2020-03-23,2020-06-22,2020-07-01,source_situation_dates_known,,,all_agriculture_not_durian_specific,5b8f6f67-2c20-47dd-a40a-dc647fc2ac05,202,https://catalog.disaster.go.th/dataset/7bdbedaf-f9cd-4c42-893a-0c88ad65b2f5/resource/5b8f6f67-2c20-47dd-a40a-dc647fc2ac05/download/gd028_2563_final.csv,CSV
22,จันทบุรี,2563,local_area_record,แก่งหางแมว,แก่งหางแมว,6,23/03/2020,2020-03-23,2020-06-22,2020-07-01,source_situation_dates_known,,,all_agriculture_not_durian_specific,5b8f6f67-2c20-47dd-a40a-dc647fc2ac05,203,https://catalog.disaster.go.th/dataset/7bdbedaf-f9cd-4c42-893a-0c88ad65b2f5/resource/5b8f6f67-2c20-47dd-a40a-dc647fc2ac05/download/gd028_2563_final.csv,CSV
22,จันทบุรี,2563,local_area_record,แก่งหางแมว,แก่งหางแมว,7,23/03/2020,2020-03-23,2020-06-22,2020-07-01,source_situation_dates_known,,,all_agriculture_not_durian_specific,5b8f6f67-2c20-47dd-a40a-dc647fc2ac05,204,https://catalog.disaster.go.th/dataset/7bdbedaf-f9cd-4c42-893a-0c88ad65b2f5/resource/5b8f6f67-2c20-47dd-a40a-dc647fc2ac05/download/gd028_2563_final.csv,CSV
22,จันทบุรี,2563,local_area_record,แก่งหางแมว,แก่งหางแมว,8,23/03/2020,2020-03-23,2020-06-22,2020-07-01,source_situation_dates_known,,,all_agriculture_not_durian_specific,5b8f6f67-2c20-47dd-a40a-dc647fc2ac05,205,https://catalog.disaster.go.th/dataset/7bdbedaf-f9cd-4c42-893a-0c88ad65b2f5/resource/5b8f6f67-2c20-47dd-a40a-dc647fc2ac05/download/gd028_2563_final.csv,CSV
22,จันทบุรี,2563,local_area_record,แก่งหางแมว,แก่งหางแมว,10,23/03/2020,2020-03-23,2020-06-22,2020-07-01,source_situation_dates_known,,,all_agriculture_not_durian_specific,5b8f6f67-2c20-47dd-a40a-dc647fc2ac05,206,https://catalog.disaster.go.th/dataset/7bdbedaf-f9cd-4c42-893a-0c88ad65b2f5/resource/5b8f6f67-2c20-47dd-a40a-dc647fc2ac05/download/gd028_2563_final.csv,CSV
22,จันทบุรี,2563,local_area_record,แก่งหางแมว,แก่งหางแมว,12,23/03/2020,2020-03-23,2020-06-22,2020-07-01,source_situation_dates_known,,,all_agriculture_not_durian_specific,5b8f6f67-2c20-47dd-a40a-dc647fc2ac05,207,https://catalog.disaster.go.th/dataset/7bdbedaf-f9cd-4c42-893a-0c88ad65b2f5/resource/5b8f6f67-2c20-47dd-a40a-dc647fc2ac05/download/gd028_2563_final.csv,CSV
22,จันทบุรี,2563,local_area_record,แก่งหางแมว,แก่งหางแมว,13,23/03/2020,2020-03-23,2020-06-22,2020-07-01,source_situation_dates_known,,,all_agriculture_not_durian_specific,5b8f6f67-2c20-47dd-a40a-dc647fc2ac05,208,https://catalog.disaster.go.th/dataset/7bdbedaf-f9cd-4c42-893a-0c88ad65b2f5/resource/5b8f6f67-2c20-47dd-a40a-dc647fc2ac05/download/gd028_2563_final.csv,CSV
22,จันทบุรี,2563,local_area_record,แก่งหางแมว,แก่งหางแมว,15,15/04/2020,2020-04-15,2020-06-22,2020-07-01,source_situation_dates_known,,,all_agriculture_not_durian_specific,5b8f6f67-2c20-47dd-a40a-dc647fc2ac05,209,https://catalog.disaster.go.th/dataset/7bdbedaf-f9cd-4c42-893a-0c88ad65b2f5/resource/5b8f6f67-2c20-47dd-a40a-dc647fc2ac05/download/gd028_2563_final.csv,CSV
22,จันทบุรี,2563,local_area_record,แก่งหางแมว,แก่งหางแมว,19,23/03/2020,2020-03-23,2020-06-22,2020-07-01,source_situation_dates_known,,,all_agriculture_not_durian_specific,5b8f6f67-2c20-47dd-a40a-dc647fc2ac05,210,https://catalog.disaster.go.th/dataset/7bdbedaf-f9cd-4c42-893a-0c88ad65b2f5/resource/5b8f6f67-2c20-47dd-a40a-dc647fc2ac05/download/gd028_2563_final.csv,CSV
22,จันทบุรี,2563,local_area_record,แก่งหางแมว,แก่งหางแมว,20,23/03/2020,2020-03-23,2020-06-22,2020-07-01,source_situation_dates_known,,,all_agriculture_not_durian_specific,5b8f6f67-2c20-47dd-a40a-dc647fc2ac05,211,https://catalog.disaster.go.th/dataset/7bdbedaf-f9cd-4c42-893a-0c88ad65b2f5/resource/5b8f6f67-2c20-47dd-a40a-dc647fc2ac05/download/gd028_2563_final.csv,CSV
22,จันทบุรี,2563,local_area_record,แก่งหางแมว,แก่งหางแมว,21,23/03/2020,2020-03-23,2020-06-22,2020-07-01,source_situation_dates_known,,,all_agriculture_not_durian_specific,5b8f6f67-2c20-47dd-a40a-dc647fc2ac05,212,https://catalog.disaster.go.th/dataset/7bdbedaf-f9cd-4c42-893a-0c88ad65b2f5/resource/5b8f6f67-2c20-47dd-a40a-dc647fc2ac05/download/gd028_2563_final.csv,CSV
22,จันทบุรี,2563,local_area_record,แก่งหางแมว,แก่งหางแมว,22,23/03/2020,2020-03-23,2020-06-22,2020-07-01,source_situation_dates_known,,,all_agriculture_not_durian_specific,5b8f6f67-2c20-47dd-a40a-dc647fc2ac05,213,https://catalog.disaster.go.th/dataset/7bdbedaf-f9cd-4c42-893a-0c88ad65b2f5/resource/5b8f6f67-2c20-47dd-a40a-dc647fc2ac05/download/gd028_2563_final.csv,CSV
22,จันทบุรี,2563,local_area_record,แก่งหางแมว,ขุนซ่อง,2,15/04/2020,2020-04-15,2020-06-22,2020-07-01,source_situation_dates_known,,,all_agriculture_not_durian_specific,5b8f6f67-2c20-47dd-a40a-dc647fc2ac05,214,https://catalog.disaster.go.th/dataset/7bdbedaf-f9cd-4c42-893a-0c88ad65b2f5/resource/5b8f6f67-2c20-47dd-a40a-dc647fc2ac05/download/gd028_2563_final.csv,CSV
22,จันทบุรี,2563,local_area_record,แก่งหางแมว,ขุนซ่อง,3,15/04/2020,2020-04-15,2020-06-22,2020-07-01,source_situation_dates_known,,,all_agriculture_not_durian_specific,5b8f6f67-2c20-47dd-a40a-dc647fc2ac05,215,https://catalog.disaster.go.th/dataset/7bdbedaf-f9cd-4c42-893a-0c88ad65b2f5/resource/5b8f6f67-2c20-47dd-a40a-dc647fc2ac05/download/gd028_2563_final.csv,CSV
22,จันทบุรี,2563,local_area_record,แก่งหางแมว,ขุนซ่อง,4,15/04/2020,2020-04-15,2020-06-22,2020-07-01,source_situation_dates_known,,,all_agriculture_not_durian_specific,5b8f6f67-2c20-47dd-a40a-dc647fc2ac05,216,https://catalog.disaster.go.th/dataset/7bdbedaf-f9cd-4c42-893a-0c88ad65b2f5/resource/5b8f6f67-2c20-47dd-a40a-dc647fc2ac05/download/gd028_2563_final.csv,CSV
22,จันทบุรี,2563,local_area_record,แก่งหางแมว,ขุนซ่อง,15,15/04/2020,2020-04-15,2020-06-22,2020-07-01,source_situation_dates_known,,,all_agriculture_not_durian_specific,5b8f6f67-2c20-47dd-a40a-dc647fc2ac05,217,https://catalog.disaster.go.th/dataset/7bdbedaf-f9cd-4c42-893a-0c88ad65b2f5/resource/5b8f6f67-2c20-47dd-a40a-dc647fc2ac05/download/gd028_2563_final.csv,CSV
22,จันทบุรี,2563,local_area_record,แก่งหางแมว,ขุนซ่อง,16,15/04/2020,2020-04-15,2020-06-22,2020-07-01,source_situation_dates_known,,,all_agriculture_not_durian_specific,5b8f6f67-2c20-47dd-a40a-dc647fc2ac05,218,https://catalog.disaster.go.th/dataset/7bdbedaf-f9cd-4c42-893a-0c88ad65b2f5/resource/5b8f6f67-2c20-47dd-a40a-dc647fc2ac05/download/gd028_2563_final.csv,CSV
22,จันทบุรี,2563,local_area_record,แก่งหางแมว,เขาวงกต,4,15/04/2020,2020-04-15,2020-06-22,2020-07-01,source_situation_dates_known,,,all_agriculture_not_durian_specific,5b8f6f67-2c20-47dd-a40a-dc647fc2ac05,219,https://catalog.disaster.go.th/dataset/7bdbedaf-f9cd-4c42-893a-0c88ad65b2f5/resource/5b8f6f67-2c20-47dd-a40a-dc647fc2ac05/download/gd028_2563_final.csv,CSV
22,จันทบุรี,2563,local_area_record,แก่งหางแมว,พวา,2,23/03/2020,2020-03-23,2020-06-22,2020-07-01,source_situation_dates_known,,,all_agriculture_not_durian_specific,5b8f6f67-2c20-47dd-a40a-dc647fc2ac05,220,https://catalog.disaster.go.th/dataset/7bdbedaf-f9cd-4c42-893a-0c88ad65b2f5/resource/5b8f6f67-2c20-47dd-a40a-dc647fc2ac05/download/gd028_2563_final.csv,CSV
22,จันทบุรี,2563,local_area_record,แก่งหางแมว,พวา,3,23/03/2020,2020-03-23,2020-06-22,2020-07-01,source_situation_dates_known,,,all_agriculture_not_durian_specific,5b8f6f67-2c20-47dd-a40a-dc647fc2ac05,221,https://catalog.disaster.go.th/dataset/7bdbedaf-f9cd-4c42-893a-0c88ad65b2f5/resource/5b8f6f67-2c20-47dd-a40a-dc647fc2ac05/download/gd028_2563_final.csv,CSV
22,จันทบุรี,2563,local_area_record,แก่งหางแมว,พวา,4,23/03/2020,2020-03-23,2020-06-22,2020-07-01,source_situation_dates_known,,,all_agriculture_not_durian_specific,5b8f6f67-2c20-47dd-a40a-dc647fc2ac05,222,https://catalog.disaster.go.th/dataset/7bdbedaf-f9cd-4c42-893a-0c88ad65b2f5/resource/5b8f6f67-2c20-47dd-a40a-dc647fc2ac05/download/gd028_2563_final.csv,CSV
22,จันทบุรี,2563,local_area_record,แก่งหางแมว,พวา,7,23/03/2020,2020-03-23,2020-06-22,2020-07-01,source_situation_dates_known,,,all_agriculture_not_durian_specific,5b8f6f67-2c20-47dd-a40a-dc647fc2ac05,223,https://catalog.disaster.go.th/dataset/7bdbedaf-f9cd-4c42-893a-0c88ad65b2f5/resource/5b8f6f67-2c20-47dd-a40a-dc647fc2ac05/download/gd028_2563_final.csv,CSV
22,จันทบุรี,2563,local_area_record,แก่งหางแมว,พวา,8,23/03/2020,2020-03-23,2020-06-22,2020-07-01,source_situation_dates_known,,,all_agriculture_not_durian_specific,5b8f6f67-2c20-47dd-a40a-dc647fc2ac05,224,https://catalog.disaster.go.th/dataset/7bdbedaf-f9cd-4c42-893a-0c88ad65b2f5/resource/5b8f6f67-2c20-47dd-a40a-dc647fc2ac05/download/gd028_2563_final.csv,CSV
22,จันทบุรี,2563,local_area_record,แก่งหางแมว,พวา,9,23/03/2020,2020-03-23,2020-06-22,2020-07-01,source_situation_dates_known,,,all_agriculture_not_durian_specific,5b8f6f67-2c20-47dd-a40a-dc647fc2ac05,225,https://catalog.disaster.go.th/dataset/7bdbedaf-f9cd-4c42-893a-0c88ad65b2f5/resource/5b8f6f67-2c20-47dd-a40a-dc647fc2ac05/download/gd028_2563_final.csv,CSV
22,จันทบุรี,2563,local_area_record,แก่งหางแมว,พวา,11,23/03/2020,2020-03-23,2020-06-22,2020-07-01,source_situation_dates_known,,,all_agriculture_not_durian_specific,5b8f6f67-2c20-47dd-a40a-dc647fc2ac05,226,https://catalog.disaster.go.th/dataset/7bdbedaf-f9cd-4c42-893a-0c88ad65b2f5/resource/5b8f6f67-2c20-47dd-a40a-dc647fc2ac05/download/gd028_2563_final.csv,CSV
22,จันทบุรี,2563,local_area_record,แก่งหางแมว,สามพี่น้อง,1,15/04/2020,2020-04-15,2020-06-22,2020-07-01,source_situation_dates_known,,,all_agriculture_not_durian_specific,5b8f6f67-2c20-47dd-a40a-dc647fc2ac05,227,https://catalog.disaster.go.th/dataset/7bdbedaf-f9cd-4c42-893a-0c88ad65b2f5/resource/5b8f6f67-2c20-47dd-a40a-dc647fc2ac05/download/gd028_2563_final.csv,CSV
22,จันทบุรี,2563,local_area_record,แก่งหางแมว,สามพี่น้อง,2,15/04/2020,2020-04-15,2020-06-22,2020-07-01,source_situation_dates_known,,,all_agriculture_not_durian_specific,5b8f6f67-2c20-47dd-a40a-dc647fc2ac05,228,https://catalog.disaster.go.th/dataset/7bdbedaf-f9cd-4c42-893a-0c88ad65b2f5/resource/5b8f6f67-2c20-47dd-a40a-dc647fc2ac05/download/gd028_2563_final.csv,CSV
22,จันทบุรี,2563,local_area_record,แก่งหางแมว,สามพี่น้อง,3,15/04/2020,2020-04-15,2020-06-22,2020-07-01,source_situation_dates_known,,,all_agriculture_not_durian_specific,5b8f6f67-2c20-47dd-a40a-dc647fc2ac05,229,https://catalog.disaster.go.th/dataset/7bdbedaf-f9cd-4c42-893a-0c88ad65b2f5/resource/5b8f6f67-2c20-47dd-a40a-dc647fc2ac05/download/gd028_2563_final.csv,CSV
22,จันทบุรี,2563,local_area_record,แก่งหางแมว,สามพี่น้อง,4,15/04/2020,2020-04-15,2020-06-22,2020-07-01,source_situation_dates_known,,,all_agriculture_not_durian_specific,5b8f6f67-2c20-47dd-a40a-dc647fc2ac05,230,https://catalog.disaster.go.th/dataset/7bdbedaf-f9cd-4c42-893a-0c88ad65b2f5/resource/5b8f6f67-2c20-47dd-a40a-dc647fc2ac05/download/gd028_2563_final.csv,CSV
22,จันทบุรี,2563,local_area_record,แก่งหางแมว,สามพี่น้อง,5,15/04/2020,2020-04-15,2020-06-22,2020-07-01,source_situation_dates_known,,,all_agriculture_not_durian_specific,5b8f6f67-2c20-47dd-a40a-dc647fc2ac05,231,https://catalog.disaster.go.th/dataset/7bdbedaf-f9cd-4c42-893a-0c88ad65b2f5/resource/5b8f6f67-2c20-47dd-a40a-dc647fc2ac05/download/gd028_2563_final.csv,CSV
22,จันทบุรี,2563,local_area_record,แก่งหางแมว,สามพี่น้อง,9,15/04/2020,2020-04-15,2020-06-22,2020-07-01,source_situation_dates_known,,,all_agriculture_not_durian_specific,5b8f6f67-2c20-47dd-a40a-dc647fc2ac05,232,https://catalog.disaster.go.th/dataset/7bdbedaf-f9cd-4c42-893a-0c88ad65b2f5/resource/5b8f6f67-2c20-47dd-a40a-dc647fc2ac05/download/gd028_2563_final.csv,CSV
22,จันทบุรี,2563,local_area_record,เขาคิชฌกูฏ,คลองพลู,7,27/04/2020,2020-04-27,2020-06-05,2020-06-12,source_situation_dates_known,,,all_agriculture_not_durian_specific,5b8f6f67-2c20-47dd-a40a-dc647fc2ac05,233,https://catalog.disaster.go.th/dataset/7bdbedaf-f9cd-4c42-893a-0c88ad65b2f5/resource/5b8f6f67-2c20-47dd-a40a-dc647fc2ac05/download/gd028_2563_final.csv,CSV
22,จันทบุรี,2563,local_area_record,เขาคิชฌกูฏ,คลองพลู,9,27/04/2020,2020-04-27,2020-06-05,2020-06-12,source_situation_dates_known,,,all_agriculture_not_durian_specific,5b8f6f67-2c20-47dd-a40a-dc647fc2ac05,234,https://catalog.disaster.go.th/dataset/7bdbedaf-f9cd-4c42-893a-0c88ad65b2f5/resource/5b8f6f67-2c20-47dd-a40a-dc647fc2ac05/download/gd028_2563_final.csv,CSV
22,จันทบุรี,2563,local_area_record,เขาคิชฌกูฏ,จันทเขลม,1,15/04/2020,2020-04-15,2020-06-05,2020-06-12,source_situation_dates_known,,,all_agriculture_not_durian_specific,5b8f6f67-2c20-47dd-a40a-dc647fc2ac05,235,https://catalog.disaster.go.th/dataset/7bdbedaf-f9cd-4c42-893a-0c88ad65b2f5/resource/5b8f6f67-2c20-47dd-a40a-dc647fc2ac05/download/gd028_2563_final.csv,CSV
22,จันทบุรี,2563,local_area_record,เขาคิชฌกูฏ,จันทเขลม,2,15/04/2020,2020-04-15,2020-06-05,2020-06-12,source_situation_dates_known,,,all_agriculture_not_durian_specific,5b8f6f67-2c20-47dd-a40a-dc647fc2ac05,236,https://catalog.disaster.go.th/dataset/7bdbedaf-f9cd-4c42-893a-0c88ad65b2f5/resource/5b8f6f67-2c20-47dd-a40a-dc647fc2ac05/download/gd028_2563_final.csv,CSV
22,จันทบุรี,2563,local_area_record,เขาคิชฌกูฏ,จันทเขลม,3,15/04/2020,2020-04-15,2020-06-05,2020-06-12,source_situation_dates_known,,,all_agriculture_not_durian_specific,5b8f6f67-2c20-47dd-a40a-dc647fc2ac05,237,https://catalog.disaster.go.th/dataset/7bdbedaf-f9cd-4c42-893a-0c88ad65b2f5/resource/5b8f6f67-2c20-47dd-a40a-dc647fc2ac05/download/gd028_2563_final.csv,CSV
22,จันทบุรี,2563,local_area_record,เขาคิชฌกูฏ,จันทเขลม,4,15/04/2020,2020-04-15,2020-06-05,2020-06-12,source_situation_dates_known,,,all_agriculture_not_durian_specific,5b8f6f67-2c20-47dd-a40a-dc647fc2ac05,238,https://catalog.disaster.go.th/dataset/7bdbedaf-f9cd-4c42-893a-0c88ad65b2f5/resource/5b8f6f67-2c20-47dd-a40a-dc647fc2ac05/download/gd028_2563_final.csv,CSV
22,จันทบุรี,2563,local_area_record,เขาคิชฌกูฏ,จันทเขลม,5,15/04/2020,2020-04-15,2020-06-05,2020-06-12,source_situation_dates_known,,,all_agriculture_not_durian_specific,5b8f6f67-2c20-47dd-a40a-dc647fc2ac05,239,https://catalog.disaster.go.th/dataset/7bdbedaf-f9cd-4c42-893a-0c88ad65b2f5/resource/5b8f6f67-2c20-47dd-a40a-dc647fc2ac05/download/gd028_2563_final.csv,CSV
22,จันทบุรี,2563,local_area_record,เขาคิชฌกูฏ,จันทเขลม,6,15/04/2020,2020-04-15,2020-06-05,2020-06-12,source_situation_dates_known,,,all_agriculture_not_durian_specific,5b8f6f67-2c20-47dd-a40a-dc647fc2ac05,240,https://catalog.disaster.go.th/dataset/7bdbedaf-f9cd-4c42-893a-0c88ad65b2f5/resource/5b8f6f67-2c20-47dd-a40a-dc647fc2ac05/download/gd028_2563_final.csv,CSV
22,จันทบุรี,2563,local_area_record,เขาคิชฌกูฏ,จันทเขลม,7,15/04/2020,2020-04-15,2020-06-05,2020-06-12,source_situation_dates_known,,,all_agriculture_not_durian_specific,5b8f6f67-2c20-47dd-a40a-dc647fc2ac05,241,https://catalog.disaster.go.th/dataset/7bdbedaf-f9cd-4c42-893a-0c88ad65b2f5/resource/5b8f6f67-2c20-47dd-a40a-dc647fc2ac05/download/gd028_2563_final.csv,CSV
22,จันทบุรี,2563,local_area_record,เขาคิชฌกูฏ,จันทเขลม,8,15/04/2020,2020-04-15,2020-06-05,2020-06-12,source_situation_dates_known,,,all_agriculture_not_durian_specific,5b8f6f67-2c20-47dd-a40a-dc647fc2ac05,242,https://catalog.disaster.go.th/dataset/7bdbedaf-f9cd-4c42-893a-0c88ad65b2f5/resource/5b8f6f67-2c20-47dd-a40a-dc647fc2ac05/download/gd028_2563_final.csv,CSV
22,จันทบุรี,2563,local_area_record,เขาคิชฌกูฏ,ตะเคียนทอง,1,15/04/2020,2020-04-15,2020-06-05,2020-06-12,source_situation_dates_known,,,all_agriculture_not_durian_specific,5b8f6f67-2c20-47dd-a40a-dc647fc2ac05,243,https://catalog.disaster.go.th/dataset/7bdbedaf-f9cd-4c42-893a-0c88ad65b2f5/resource/5b8f6f67-2c20-47dd-a40a-dc647fc2ac05/download/gd028_2563_final.csv,CSV
22,จันทบุรี,2563,local_area_record,เขาคิชฌกูฏ,ตะเคียนทอง,2,15/04/2020,2020-04-15,2020-06-05,2020-06-12,source_situation_dates_known,,,all_agriculture_not_durian_specific,5b8f6f67-2c20-47dd-a40a-dc647fc2ac05,244,https://catalog.disaster.go.th/dataset/7bdbedaf-f9cd-4c42-893a-0c88ad65b2f5/resource/5b8f6f67-2c20-47dd-a40a-dc647fc2ac05/download/gd028_2563_final.csv,CSV
22,จันทบุรี,2563,local_area_record,เขาคิชฌกูฏ,ตะเคียนทอง,6,15/04/2020,2020-04-15,2020-06-05,2020-06-12,source_situation_dates_known,,,all_agriculture_not_durian_specific,5b8f6f67-2c20-47dd-a40a-dc647fc2ac05,245,https://catalog.disaster.go.th/dataset/7bdbedaf-f9cd-4c42-893a-0c88ad65b2f5/resource/5b8f6f67-2c20-47dd-a40a-dc647fc2ac05/download/gd028_2563_final.csv,CSV
22,จันทบุรี,2563,local_area_record,เขาคิชฌกูฏ,ตะเคียนทอง,8,15/04/2020,2020-04-15,2020-06-05,2020-06-12,source_situation_dates_known,,,all_agriculture_not_durian_specific,5b8f6f67-2c20-47dd-a40a-dc647fc2ac05,246,https://catalog.disaster.go.th/dataset/7bdbedaf-f9cd-4c42-893a-0c88ad65b2f5/resource/5b8f6f67-2c20-47dd-a40a-dc647fc2ac05/download/gd028_2563_final.csv,CSV
22,จันทบุรี,2563,local_area_record,เขาคิชฌกูฏ,พลวง,1,15/04/2020,2020-04-15,2020-06-05,2020-06-12,source_situation_dates_known,,,all_agriculture_not_durian_specific,5b8f6f67-2c20-47dd-a40a-dc647fc2ac05,247,https://catalog.disaster.go.th/dataset/7bdbedaf-f9cd-4c42-893a-0c88ad65b2f5/resource/5b8f6f67-2c20-47dd-a40a-dc647fc2ac05/download/gd028_2563_final.csv,CSV
22,จันทบุรี,2563,local_area_record,เขาคิชฌกูฏ,พลวง,3,15/04/2020,2020-04-15,2020-06-05,2020-06-12,source_situation_dates_known,,,all_agriculture_not_durian_specific,5b8f6f67-2c20-47dd-a40a-dc647fc2ac05,248,https://catalog.disaster.go.th/dataset/7bdbedaf-f9cd-4c42-893a-0c88ad65b2f5/resource/5b8f6f67-2c20-47dd-a40a-dc647fc2ac05/download/gd028_2563_final.csv,CSV
22,จันทบุรี,2563,local_area_record,เขาคิชฌกูฏ,พลวง,5,15/04/2020,2020-04-15,2020-06-05,2020-06-12,source_situation_dates_known,,,all_agriculture_not_durian_specific,5b8f6f67-2c20-47dd-a40a-dc647fc2ac05,249,https://catalog.disaster.go.th/dataset/7bdbedaf-f9cd-4c42-893a-0c88ad65b2f5/resource/5b8f6f67-2c20-47dd-a40a-dc647fc2ac05/download/gd028_2563_final.csv,CSV
22,จันทบุรี,2563,local_area_record,เขาคิชฌกูฏ,พลวง,6,15/04/2020,2020-04-15,2020-06-05,2020-06-12,source_situation_dates_known,,,all_agriculture_not_durian_specific,5b8f6f67-2c20-47dd-a40a-dc647fc2ac05,250,https://catalog.disaster.go.th/dataset/7bdbedaf-f9cd-4c42-893a-0c88ad65b2f5/resource/5b8f6f67-2c20-47dd-a40a-dc647fc2ac05/download/gd028_2563_final.csv,CSV
22,จันทบุรี,2563,local_area_record,เขาคิชฌกูฏ,พลวง,7,15/04/2020,2020-04-15,2020-06-05,2020-06-12,source_situation_dates_known,,,all_agriculture_not_durian_specific,5b8f6f67-2c20-47dd-a40a-dc647fc2ac05,251,https://catalog.disaster.go.th/dataset/7bdbedaf-f9cd-4c42-893a-0c88ad65b2f5/resource/5b8f6f67-2c20-47dd-a40a-dc647fc2ac05/download/gd028_2563_final.csv,CSV
22,จันทบุรี,2563,local_area_record,เขาคิชฌกูฏ,พลวง,9,15/04/2020,2020-04-15,2020-06-05,2020-06-12,source_situation_dates_known,,,all_agriculture_not_durian_specific,5b8f6f67-2c20-47dd-a40a-dc647fc2ac05,252,https://catalog.disaster.go.th/dataset/7bdbedaf-f9cd-4c42-893a-0c88ad65b2f5/resource/5b8f6f67-2c20-47dd-a40a-dc647fc2ac05/download/gd028_2563_final.csv,CSV
22,จันทบุรี,2563,local_area_record,ท่าใหม่,,,12/04/2020,2020-04-12,2020-06-05,2020-06-12,source_situation_dates_known,,,all_agriculture_not_durian_specific,5b8f6f67-2c20-47dd-a40a-dc647fc2ac05,253,https://catalog.disaster.go.th/dataset/7bdbedaf-f9cd-4c42-893a-0c88ad65b2f5/resource/5b8f6f67-2c20-47dd-a40a-dc647fc2ac05/download/gd028_2563_final.csv,CSV
22,จันทบุรี,2563,local_area_record,ท่าใหม่,,,12/04/2020,2020-04-12,2020-06-05,2020-06-12,source_situation_dates_known,,,all_agriculture_not_durian_specific,5b8f6f67-2c20-47dd-a40a-dc647fc2ac05,254,https://catalog.disaster.go.th/dataset/7bdbedaf-f9cd-4c42-893a-0c88ad65b2f5/resource/5b8f6f67-2c20-47dd-a40a-dc647fc2ac05/download/gd028_2563_final.csv,CSV
22,จันทบุรี,2563,local_area_record,ท่าใหม่,,,12/04/2020,2020-04-12,2020-06-05,2020-06-12,source_situation_dates_known,,,all_agriculture_not_durian_specific,5b8f6f67-2c20-47dd-a40a-dc647fc2ac05,255,https://catalog.disaster.go.th/dataset/7bdbedaf-f9cd-4c42-893a-0c88ad65b2f5/resource/5b8f6f67-2c20-47dd-a40a-dc647fc2ac05/download/gd028_2563_final.csv,CSV
22,จันทบุรี,2563,local_area_record,ท่าใหม่,เขาแก้ว,1,12/04/2020,2020-04-12,2020-06-05,2020-06-12,source_situation_dates_known,,,all_agriculture_not_durian_specific,5b8f6f67-2c20-47dd-a40a-dc647fc2ac05,256,https://catalog.disaster.go.th/dataset/7bdbedaf-f9cd-4c42-893a-0c88ad65b2f5/resource/5b8f6f67-2c20-47dd-a40a-dc647fc2ac05/download/gd028_2563_final.csv,CSV
22,จันทบุรี,2563,local_area_record,ท่าใหม่,เขาแก้ว,2,12/04/2020,2020-04-12,2020-06-05,2020-06-12,source_situation_dates_known,,,all_agriculture_not_durian_specific,5b8f6f67-2c20-47dd-a40a-dc647fc2ac05,257,https://catalog.disaster.go.th/dataset/7bdbedaf-f9cd-4c42-893a-0c88ad65b2f5/resource/5b8f6f67-2c20-47dd-a40a-dc647fc2ac05/download/gd028_2563_final.csv,CSV
22,จันทบุรี,2563,local_area_record,ท่าใหม่,เขาแก้ว,3,12/04/2020,2020-04-12,2020-06-05,2020-06-12,source_situation_dates_known,,,all_agriculture_not_durian_specific,5b8f6f67-2c20-47dd-a40a-dc647fc2ac05,258,https://catalog.disaster.go.th/dataset/7bdbedaf-f9cd-4c42-893a-0c88ad65b2f5/resource/5b8f6f67-2c20-47dd-a40a-dc647fc2ac05/download/gd028_2563_final.csv,CSV
22,จันทบุรี,2563,local_area_record,ท่าใหม่,เขาแก้ว,4,12/04/2020,2020-04-12,2020-06-05,2020-06-12,source_situation_dates_known,,,all_agriculture_not_durian_specific,5b8f6f67-2c20-47dd-a40a-dc647fc2ac05,259,https://catalog.disaster.go.th/dataset/7bdbedaf-f9cd-4c42-893a-0c88ad65b2f5/resource/5b8f6f67-2c20-47dd-a40a-dc647fc2ac05/download/gd028_2563_final.csv,CSV
22,จันทบุรี,2563,local_area_record,ท่าใหม่,เขาแก้ว,5,12/04/2020,2020-04-12,2020-06-05,2020-06-12,source_situation_dates_known,,,all_agriculture_not_durian_specific,5b8f6f67-2c20-47dd-a40a-dc647fc2ac05,260,https://catalog.disaster.go.th/dataset/7bdbedaf-f9cd-4c42-893a-0c88ad65b2f5/resource/5b8f6f67-2c20-47dd-a40a-dc647fc2ac05/download/gd028_2563_final.csv,CSV
22,จันทบุรี,2563,local_area_record,ท่าใหม่,เขาแก้ว,6,12/04/2020,2020-04-12,2020-06-05,2020-06-12,source_situation_dates_known,,,all_agriculture_not_durian_specific,5b8f6f67-2c20-47dd-a40a-dc647fc2ac05,261,https://catalog.disaster.go.th/dataset/7bdbedaf-f9cd-4c42-893a-0c88ad65b2f5/resource/5b8f6f67-2c20-47dd-a40a-dc647fc2ac05/download/gd028_2563_final.csv,CSV
22,จันทบุรี,2563,local_area_record,ท่าใหม่,เขาแก้ว,7,12/04/2020,2020-04-12,2020-06-05,2020-06-12,source_situation_dates_known,,,all_agriculture_not_durian_specific,5b8f6f67-2c20-47dd-a40a-dc647fc2ac05,262,https://catalog.disaster.go.th/dataset/7bdbedaf-f9cd-4c42-893a-0c88ad65b2f5/resource/5b8f6f67-2c20-47dd-a40a-dc647fc2ac05/download/gd028_2563_final.csv,CSV
22,จันทบุรี,2563,local_area_record,ท่าใหม่,เขาแก้ว,8,12/04/2020,2020-04-12,2020-06-05,2020-06-12,source_situation_dates_known,,,all_agriculture_not_durian_specific,5b8f6f67-2c20-47dd-a40a-dc647fc2ac05,263,https://catalog.disaster.go.th/dataset/7bdbedaf-f9cd-4c42-893a-0c88ad65b2f5/resource/5b8f6f67-2c20-47dd-a40a-dc647fc2ac05/download/gd028_2563_final.csv,CSV
22,จันทบุรี,2563,local_area_record,ท่าใหม่,เขาแก้ว,9,12/04/2020,2020-04-12,2020-06-05,2020-06-12,source_situation_dates_known,,,all_agriculture_not_durian_specific,5b8f6f67-2c20-47dd-a40a-dc647fc2ac05,264,https://catalog.disaster.go.th/dataset/7bdbedaf-f9cd-4c42-893a-0c88ad65b2f5/resource/5b8f6f67-2c20-47dd-a40a-dc647fc2ac05/download/gd028_2563_final.csv,CSV
22,จันทบุรี,2563,local_area_record,ท่าใหม่,เขาแก้ว,10,12/04/2020,2020-04-12,2020-06-05,2020-06-12,source_situation_dates_known,,,all_agriculture_not_durian_specific,5b8f6f67-2c20-47dd-a40a-dc647fc2ac05,265,https://catalog.disaster.go.th/dataset/7bdbedaf-f9cd-4c42-893a-0c88ad65b2f5/resource/5b8f6f67-2c20-47dd-a40a-dc647fc2ac05/download/gd028_2563_final.csv,CSV
22,จันทบุรี,2563,local_area_record,ท่าใหม่,เขาบายศรี,1,12/04/2020,2020-04-12,2020-06-05,2020-06-12,source_situation_dates_known,,,all_agriculture_not_durian_specific,5b8f6f67-2c20-47dd-a40a-dc647fc2ac05,266,https://catalog.disaster.go.th/dataset/7bdbedaf-f9cd-4c42-893a-0c88ad65b2f5/resource/5b8f6f67-2c20-47dd-a40a-dc647fc2ac05/download/gd028_2563_final.csv,CSV
22,จันทบุรี,2563,local_area_record,ท่าใหม่,เขาบายศรี,6,12/04/2020,2020-04-12,2020-06-05,2020-06-12,source_situation_dates_known,,,all_agriculture_not_durian_specific,5b8f6f67-2c20-47dd-a40a-dc647fc2ac05,267,https://catalog.disaster.go.th/dataset/7bdbedaf-f9cd-4c42-893a-0c88ad65b2f5/resource/5b8f6f67-2c20-47dd-a40a-dc647fc2ac05/download/gd028_2563_final.csv,CSV
22,จันทบุรี,2563,local_area_record,ท่าใหม่,เขาบายศรี,8,12/04/2020,2020-04-12,2020-06-05,2020-06-12,source_situation_dates_known,,,all_agriculture_not_durian_specific,5b8f6f67-2c20-47dd-a40a-dc647fc2ac05,268,https://catalog.disaster.go.th/dataset/7bdbedaf-f9cd-4c42-893a-0c88ad65b2f5/resource/5b8f6f67-2c20-47dd-a40a-dc647fc2ac05/download/gd028_2563_final.csv,CSV
22,จันทบุรี,2563,local_area_record,ท่าใหม่,เขาบายศรี,9,12/04/2020,2020-04-12,2020-06-05,2020-06-12,source_situation_dates_known,,,all_agriculture_not_durian_specific,5b8f6f67-2c20-47dd-a40a-dc647fc2ac05,269,https://catalog.disaster.go.th/dataset/7bdbedaf-f9cd-4c42-893a-0c88ad65b2f5/resource/5b8f6f67-2c20-47dd-a40a-dc647fc2ac05/download/gd028_2563_final.csv,CSV
22,จันทบุรี,2563,local_area_record,ท่าใหม่,โขมง,1,12/04/2020,2020-04-12,2020-06-05,2020-06-12,source_situation_dates_known,,,all_agriculture_not_durian_specific,5b8f6f67-2c20-47dd-a40a-dc647fc2ac05,270,https://catalog.disaster.go.th/dataset/7bdbedaf-f9cd-4c42-893a-0c88ad65b2f5/resource/5b8f6f67-2c20-47dd-a40a-dc647fc2ac05/download/gd028_2563_final.csv,CSV
22,จันทบุรี,2563,local_area_record,ท่าใหม่,โขมง,2,12/04/2020,2020-04-12,2020-06-05,2020-06-12,source_situation_dates_known,,,all_agriculture_not_durian_specific,5b8f6f67-2c20-47dd-a40a-dc647fc2ac05,271,https://catalog.disaster.go.th/dataset/7bdbedaf-f9cd-4c42-893a-0c88ad65b2f5/resource/5b8f6f67-2c20-47dd-a40a-dc647fc2ac05/download/gd028_2563_final.csv,CSV
22,จันทบุรี,2563,local_area_record,ท่าใหม่,โขมง,3,12/04/2020,2020-04-12,2020-06-05,2020-06-12,source_situation_dates_known,,,all_agriculture_not_durian_specific,5b8f6f67-2c20-47dd-a40a-dc647fc2ac05,272,https://catalog.disaster.go.th/dataset/7bdbedaf-f9cd-4c42-893a-0c88ad65b2f5/resource/5b8f6f67-2c20-47dd-a40a-dc647fc2ac05/download/gd028_2563_final.csv,CSV
22,จันทบุรี,2563,local_area_record,ท่าใหม่,โขมง,4,12/04/2020,2020-04-12,2020-06-05,2020-06-12,source_situation_dates_known,,,all_agriculture_not_durian_specific,5b8f6f67-2c20-47dd-a40a-dc647fc2ac05,273,https://catalog.disaster.go.th/dataset/7bdbedaf-f9cd-4c42-893a-0c88ad65b2f5/resource/5b8f6f67-2c20-47dd-a40a-dc647fc2ac05/download/gd028_2563_final.csv,CSV
22,จันทบุรี,2563,local_area_record,ท่าใหม่,โขมง,5,12/04/2020,2020-04-12,2020-06-05,2020-06-12,source_situation_dates_known,,,all_agriculture_not_durian_specific,5b8f6f67-2c20-47dd-a40a-dc647fc2ac05,274,https://catalog.disaster.go.th/dataset/7bdbedaf-f9cd-4c42-893a-0c88ad65b2f5/resource/5b8f6f67-2c20-47dd-a40a-dc647fc2ac05/download/gd028_2563_final.csv,CSV
22,จันทบุรี,2563,local_area_record,ท่าใหม่,โขมง,6,12/04/2020,2020-04-12,2020-06-05,2020-06-12,source_situation_dates_known,,,all_agriculture_not_durian_specific,5b8f6f67-2c20-47dd-a40a-dc647fc2ac05,275,https://catalog.disaster.go.th/dataset/7bdbedaf-f9cd-4c42-893a-0c88ad65b2f5/resource/5b8f6f67-2c20-47dd-a40a-dc647fc2ac05/download/gd028_2563_final.csv,CSV
22,จันทบุรี,2563,local_area_record,ท่าใหม่,คลองขุด,3,23/04/2020,2020-04-23,2020-06-05,2020-06-12,source_situation_dates_known,,,all_agriculture_not_durian_specific,5b8f6f67-2c20-47dd-a40a-dc647fc2ac05,276,https://catalog.disaster.go.th/dataset/7bdbedaf-f9cd-4c42-893a-0c88ad65b2f5/resource/5b8f6f67-2c20-47dd-a40a-dc647fc2ac05/download/gd028_2563_final.csv,CSV
22,จันทบุรี,2563,local_area_record,ท่าใหม่,คลองขุด,4,23/04/2020,2020-04-23,2020-06-05,2020-06-12,source_situation_dates_known,,,all_agriculture_not_durian_specific,5b8f6f67-2c20-47dd-a40a-dc647fc2ac05,277,https://catalog.disaster.go.th/dataset/7bdbedaf-f9cd-4c42-893a-0c88ad65b2f5/resource/5b8f6f67-2c20-47dd-a40a-dc647fc2ac05/download/gd028_2563_final.csv,CSV
22,จันทบุรี,2563,local_area_record,ท่าใหม่,คลองขุด,6,23/04/2020,2020-04-23,2020-06-05,2020-06-12,source_situation_dates_known,,,all_agriculture_not_durian_specific,5b8f6f67-2c20-47dd-a40a-dc647fc2ac05,278,https://catalog.disaster.go.th/dataset/7bdbedaf-f9cd-4c42-893a-0c88ad65b2f5/resource/5b8f6f67-2c20-47dd-a40a-dc647fc2ac05/download/gd028_2563_final.csv,CSV
22,จันทบุรี,2563,local_area_record,ท่าใหม่,คลองขุด,7,23/04/2020,2020-04-23,2020-06-05,2020-06-12,source_situation_dates_known,,,all_agriculture_not_durian_specific,5b8f6f67-2c20-47dd-a40a-dc647fc2ac05,279,https://catalog.disaster.go.th/dataset/7bdbedaf-f9cd-4c42-893a-0c88ad65b2f5/resource/5b8f6f67-2c20-47dd-a40a-dc647fc2ac05/download/gd028_2563_final.csv,CSV
22,จันทบุรี,2563,local_area_record,ท่าใหม่,คลองขุด,9,23/04/2020,2020-04-23,2020-06-05,2020-06-12,source_situation_dates_known,,,all_agriculture_not_durian_specific,5b8f6f67-2c20-47dd-a40a-dc647fc2ac05,280,https://catalog.disaster.go.th/dataset/7bdbedaf-f9cd-4c42-893a-0c88ad65b2f5/resource/5b8f6f67-2c20-47dd-a40a-dc647fc2ac05/download/gd028_2563_final.csv,CSV
22,จันทบุรี,2563,local_area_record,ท่าใหม่,คลองขุด,10,23/04/2020,2020-04-23,2020-06-05,2020-06-12,source_situation_dates_known,,,all_agriculture_not_durian_specific,5b8f6f67-2c20-47dd-a40a-dc647fc2ac05,281,https://catalog.disaster.go.th/dataset/7bdbedaf-f9cd-4c42-893a-0c88ad65b2f5/resource/5b8f6f67-2c20-47dd-a40a-dc647fc2ac05/download/gd028_2563_final.csv,CSV
22,จันทบุรี,2563,local_area_record,ท่าใหม่,ทุ่งเบญจา,1,12/04/2020,2020-04-12,2020-06-05,2020-06-12,source_situation_dates_known,,,all_agriculture_not_durian_specific,5b8f6f67-2c20-47dd-a40a-dc647fc2ac05,282,https://catalog.disaster.go.th/dataset/7bdbedaf-f9cd-4c42-893a-0c88ad65b2f5/resource/5b8f6f67-2c20-47dd-a40a-dc647fc2ac05/download/gd028_2563_final.csv,CSV
22,จันทบุรี,2563,local_area_record,ท่าใหม่,ทุ่งเบญจา,2,12/04/2020,2020-04-12,2020-06-05,2020-06-12,source_situation_dates_known,,,all_agriculture_not_durian_specific,5b8f6f67-2c20-47dd-a40a-dc647fc2ac05,283,https://catalog.disaster.go.th/dataset/7bdbedaf-f9cd-4c42-893a-0c88ad65b2f5/resource/5b8f6f67-2c20-47dd-a40a-dc647fc2ac05/download/gd028_2563_final.csv,CSV
22,จันทบุรี,2563,local_area_record,ท่าใหม่,ทุ่งเบญจา,4,12/04/2020,2020-04-12,2020-06-05,2020-06-12,source_situation_dates_known,,,all_agriculture_not_durian_specific,5b8f6f67-2c20-47dd-a40a-dc647fc2ac05,284,https://catalog.disaster.go.th/dataset/7bdbedaf-f9cd-4c42-893a-0c88ad65b2f5/resource/5b8f6f67-2c20-47dd-a40a-dc647fc2ac05/download/gd028_2563_final.csv,CSV
22,จันทบุรี,2563,local_area_record,ท่าใหม่,ทุ่งเบญจา,5,12/04/2020,2020-04-12,2020-06-05,2020-06-12,source_situation_dates_known,,,all_agriculture_not_durian_specific,5b8f6f67-2c20-47dd-a40a-dc647fc2ac05,285,https://catalog.disaster.go.th/dataset/7bdbedaf-f9cd-4c42-893a-0c88ad65b2f5/resource/5b8f6f67-2c20-47dd-a40a-dc647fc2ac05/download/gd028_2563_final.csv,CSV
22,จันทบุรี,2563,local_area_record,ท่าใหม่,ทุ่งเบญจา,6,12/04/2020,2020-04-12,2020-06-05,2020-06-12,source_situation_dates_known,,,all_agriculture_not_durian_specific,5b8f6f67-2c20-47dd-a40a-dc647fc2ac05,286,https://catalog.disaster.go.th/dataset/7bdbedaf-f9cd-4c42-893a-0c88ad65b2f5/resource/5b8f6f67-2c20-47dd-a40a-dc647fc2ac05/download/gd028_2563_final.csv,CSV
22,จันทบุรี,2563,local_area_record,ท่าใหม่,ทุ่งเบญจา,7,12/04/2020,2020-04-12,2020-06-05,2020-06-12,source_situation_dates_known,,,all_agriculture_not_durian_specific,5b8f6f67-2c20-47dd-a40a-dc647fc2ac05,287,https://catalog.disaster.go.th/dataset/7bdbedaf-f9cd-4c42-893a-0c88ad65b2f5/resource/5b8f6f67-2c20-47dd-a40a-dc647fc2ac05/download/gd028_2563_final.csv,CSV
22,จันทบุรี,2563,local_area_record,ท่าใหม่,ทุ่งเบญจา,8,12/04/2020,2020-04-12,2020-06-05,2020-06-12,source_situation_dates_known,,,all_agriculture_not_durian_specific,5b8f6f67-2c20-47dd-a40a-dc647fc2ac05,288,https://catalog.disaster.go.th/dataset/7bdbedaf-f9cd-4c42-893a-0c88ad65b2f5/resource/5b8f6f67-2c20-47dd-a40a-dc647fc2ac05/download/gd028_2563_final.csv,CSV
22,จันทบุรี,2563,local_area_record,ท่าใหม่,ทุ่งเบญจา,9,12/04/2020,2020-04-12,2020-06-05,2020-06-12,source_situation_dates_known,,,all_agriculture_not_durian_specific,5b8f6f67-2c20-47dd-a40a-dc647fc2ac05,289,https://catalog.disaster.go.th/dataset/7bdbedaf-f9cd-4c42-893a-0c88ad65b2f5/resource/5b8f6f67-2c20-47dd-a40a-dc647fc2ac05/download/gd028_2563_final.csv,CSV
22,จันทบุรี,2563,local_area_record,ท่าใหม่,ทุ่งเบญจา,10,12/04/2020,2020-04-12,2020-06-05,2020-06-12,source_situation_dates_known,,,all_agriculture_not_durian_specific,5b8f6f67-2c20-47dd-a40a-dc647fc2ac05,290,https://catalog.disaster.go.th/dataset/7bdbedaf-f9cd-4c42-893a-0c88ad65b2f5/resource/5b8f6f67-2c20-47dd-a40a-dc647fc2ac05/download/gd028_2563_final.csv,CSV
22,จันทบุรี,2563,local_area_record,ท่าใหม่,ทุ่งเบญจา,11,12/04/2020,2020-04-12,2020-06-05,2020-06-12,source_situation_dates_known,,,all_agriculture_not_durian_specific,5b8f6f67-2c20-47dd-a40a-dc647fc2ac05,291,https://catalog.disaster.go.th/dataset/7bdbedaf-f9cd-4c42-893a-0c88ad65b2f5/resource/5b8f6f67-2c20-47dd-a40a-dc647fc2ac05/download/gd028_2563_final.csv,CSV
22,จันทบุรี,2563,local_area_record,ท่าใหม่,ทุ่งเบญจา,12,12/04/2020,2020-04-12,2020-06-05,2020-06-12,source_situation_dates_known,,,all_agriculture_not_durian_specific,5b8f6f67-2c20-47dd-a40a-dc647fc2ac05,292,https://catalog.disaster.go.th/dataset/7bdbedaf-f9cd-4c42-893a-0c88ad65b2f5/resource/5b8f6f67-2c20-47dd-a40a-dc647fc2ac05/download/gd028_2563_final.csv,CSV
22,จันทบุรี,2563,local_area_record,ท่าใหม่,ทุ่งเบญจา,13,12/04/2020,2020-04-12,2020-06-05,2020-06-12,source_situation_dates_known,,,all_agriculture_not_durian_specific,5b8f6f67-2c20-47dd-a40a-dc647fc2ac05,293,https://catalog.disaster.go.th/dataset/7bdbedaf-f9cd-4c42-893a-0c88ad65b2f5/resource/5b8f6f67-2c20-47dd-a40a-dc647fc2ac05/download/gd028_2563_final.csv,CSV
22,จันทบุรี,2563,local_area_record,ท่าใหม่,ทุ่งเบญจา,14,12/04/2020,2020-04-12,2020-06-05,2020-06-12,source_situation_dates_known,,,all_agriculture_not_durian_specific,5b8f6f67-2c20-47dd-a40a-dc647fc2ac05,294,https://catalog.disaster.go.th/dataset/7bdbedaf-f9cd-4c42-893a-0c88ad65b2f5/resource/5b8f6f67-2c20-47dd-a40a-dc647fc2ac05/download/gd028_2563_final.csv,CSV
22,จันทบุรี,2563,local_area_record,ท่าใหม่,รำพัน,1,12/04/2020,2020-04-12,2020-06-05,2020-06-12,source_situation_dates_known,,,all_agriculture_not_durian_specific,5b8f6f67-2c20-47dd-a40a-dc647fc2ac05,295,https://catalog.disaster.go.th/dataset/7bdbedaf-f9cd-4c42-893a-0c88ad65b2f5/resource/5b8f6f67-2c20-47dd-a40a-dc647fc2ac05/download/gd028_2563_final.csv,CSV
22,จันทบุรี,2563,local_area_record,ท่าใหม่,รำพัน,2,12/04/2020,2020-04-12,2020-06-05,2020-06-12,source_situation_dates_known,,,all_agriculture_not_durian_specific,5b8f6f67-2c20-47dd-a40a-dc647fc2ac05,296,https://catalog.disaster.go.th/dataset/7bdbedaf-f9cd-4c42-893a-0c88ad65b2f5/resource/5b8f6f67-2c20-47dd-a40a-dc647fc2ac05/download/gd028_2563_final.csv,CSV
22,จันทบุรี,2563,local_area_record,ท่าใหม่,รำพัน,3,12/04/2020,2020-04-12,2020-06-05,2020-06-12,source_situation_dates_known,,,all_agriculture_not_durian_specific,5b8f6f67-2c20-47dd-a40a-dc647fc2ac05,297,https://catalog.disaster.go.th/dataset/7bdbedaf-f9cd-4c42-893a-0c88ad65b2f5/resource/5b8f6f67-2c20-47dd-a40a-dc647fc2ac05/download/gd028_2563_final.csv,CSV
22,จันทบุรี,2563,local_area_record,ท่าใหม่,รำพัน,4,12/04/2020,2020-04-12,2020-06-05,2020-06-12,source_situation_dates_known,,,all_agriculture_not_durian_specific,5b8f6f67-2c20-47dd-a40a-dc647fc2ac05,298,https://catalog.disaster.go.th/dataset/7bdbedaf-f9cd-4c42-893a-0c88ad65b2f5/resource/5b8f6f67-2c20-47dd-a40a-dc647fc2ac05/download/gd028_2563_final.csv,CSV
22,จันทบุรี,2563,local_area_record,ท่าใหม่,รำพัน,5,12/04/2020,2020-04-12,2020-06-05,2020-06-12,source_situation_dates_known,,,all_agriculture_not_durian_specific,5b8f6f67-2c20-47dd-a40a-dc647fc2ac05,299,https://catalog.disaster.go.th/dataset/7bdbedaf-f9cd-4c42-893a-0c88ad65b2f5/resource/5b8f6f67-2c20-47dd-a40a-dc647fc2ac05/download/gd028_2563_final.csv,CSV
22,จันทบุรี,2563,local_area_record,ท่าใหม่,รำพัน,6,12/04/2020,2020-04-12,2020-06-05,2020-06-12,source_situation_dates_known,,,all_agriculture_not_durian_specific,5b8f6f67-2c20-47dd-a40a-dc647fc2ac05,300,https://catalog.disaster.go.th/dataset/7bdbedaf-f9cd-4c42-893a-0c88ad65b2f5/resource/5b8f6f67-2c20-47dd-a40a-dc647fc2ac05/download/gd028_2563_final.csv,CSV
22,จันทบุรี,2563,local_area_record,ท่าใหม่,รำพัน,7,12/04/2020,2020-04-12,2020-06-05,2020-06-12,source_situation_dates_known,,,all_agriculture_not_durian_specific,5b8f6f67-2c20-47dd-a40a-dc647fc2ac05,301,https://catalog.disaster.go.th/dataset/7bdbedaf-f9cd-4c42-893a-0c88ad65b2f5/resource/5b8f6f67-2c20-47dd-a40a-dc647fc2ac05/download/gd028_2563_final.csv,CSV
22,จันทบุรี,2563,local_area_record,ท่าใหม่,รำพัน,8,12/04/2020,2020-04-12,2020-06-05,2020-06-12,source_situation_dates_known,,,all_agriculture_not_durian_specific,5b8f6f67-2c20-47dd-a40a-dc647fc2ac05,302,https://catalog.disaster.go.th/dataset/7bdbedaf-f9cd-4c42-893a-0c88ad65b2f5/resource/5b8f6f67-2c20-47dd-a40a-dc647fc2ac05/download/gd028_2563_final.csv,CSV
22,จันทบุรี,2563,local_area_record,ท่าใหม่,รำพัน,10,12/04/2020,2020-04-12,2020-06-05,2020-06-12,source_situation_dates_known,,,all_agriculture_not_durian_specific,5b8f6f67-2c20-47dd-a40a-dc647fc2ac05,303,https://catalog.disaster.go.th/dataset/7bdbedaf-f9cd-4c42-893a-0c88ad65b2f5/resource/5b8f6f67-2c20-47dd-a40a-dc647fc2ac05/download/gd028_2563_final.csv,CSV
22,จันทบุรี,2563,local_area_record,ท่าใหม่,สองพี่น้อง,1,12/04/2020,2020-04-12,2020-06-05,2020-06-12,source_situation_dates_known,,,all_agriculture_not_durian_specific,5b8f6f67-2c20-47dd-a40a-dc647fc2ac05,304,https://catalog.disaster.go.th/dataset/7bdbedaf-f9cd-4c42-893a-0c88ad65b2f5/resource/5b8f6f67-2c20-47dd-a40a-dc647fc2ac05/download/gd028_2563_final.csv,CSV
22,จันทบุรี,2563,local_area_record,ท่าใหม่,สองพี่น้อง,3,12/04/2020,2020-04-12,2020-06-05,2020-06-12,source_situation_dates_known,,,all_agriculture_not_durian_specific,5b8f6f67-2c20-47dd-a40a-dc647fc2ac05,305,https://catalog.disaster.go.th/dataset/7bdbedaf-f9cd-4c42-893a-0c88ad65b2f5/resource/5b8f6f67-2c20-47dd-a40a-dc647fc2ac05/download/gd028_2563_final.csv,CSV
22,จันทบุรี,2563,local_area_record,ท่าใหม่,สองพี่น้อง,4,12/04/2020,2020-04-12,2020-06-05,2020-06-12,source_situation_dates_known,,,all_agriculture_not_durian_specific,5b8f6f67-2c20-47dd-a40a-dc647fc2ac05,306,https://catalog.disaster.go.th/dataset/7bdbedaf-f9cd-4c42-893a-0c88ad65b2f5/resource/5b8f6f67-2c20-47dd-a40a-dc647fc2ac05/download/gd028_2563_final.csv,CSV
22,จันทบุรี,2563,local_area_record,ท่าใหม่,สองพี่น้อง,5,12/04/2020,2020-04-12,2020-06-05,2020-06-12,source_situation_dates_known,,,all_agriculture_not_durian_specific,5b8f6f67-2c20-47dd-a40a-dc647fc2ac05,307,https://catalog.disaster.go.th/dataset/7bdbedaf-f9cd-4c42-893a-0c88ad65b2f5/resource/5b8f6f67-2c20-47dd-a40a-dc647fc2ac05/download/gd028_2563_final.csv,CSV
22,จันทบุรี,2563,local_area_record,ท่าใหม่,สองพี่น้อง,6,12/04/2020,2020-04-12,2020-06-05,2020-06-12,source_situation_dates_known,,,all_agriculture_not_durian_specific,5b8f6f67-2c20-47dd-a40a-dc647fc2ac05,308,https://catalog.disaster.go.th/dataset/7bdbedaf-f9cd-4c42-893a-0c88ad65b2f5/resource/5b8f6f67-2c20-47dd-a40a-dc647fc2ac05/download/gd028_2563_final.csv,CSV
22,จันทบุรี,2563,local_area_record,ท่าใหม่,สองพี่น้อง,7,12/04/2020,2020-04-12,2020-06-05,2020-06-12,source_situation_dates_known,,,all_agriculture_not_durian_specific,5b8f6f67-2c20-47dd-a40a-dc647fc2ac05,309,https://catalog.disaster.go.th/dataset/7bdbedaf-f9cd-4c42-893a-0c88ad65b2f5/resource/5b8f6f67-2c20-47dd-a40a-dc647fc2ac05/download/gd028_2563_final.csv,CSV
22,จันทบุรี,2563,local_area_record,ท่าใหม่,สองพี่น้อง,8,12/04/2020,2020-04-12,2020-06-05,2020-06-12,source_situation_dates_known,,,all_agriculture_not_durian_specific,5b8f6f67-2c20-47dd-a40a-dc647fc2ac05,310,https://catalog.disaster.go.th/dataset/7bdbedaf-f9cd-4c42-893a-0c88ad65b2f5/resource/5b8f6f67-2c20-47dd-a40a-dc647fc2ac05/download/gd028_2563_final.csv,CSV
22,จันทบุรี,2563,local_area_record,ท่าใหม่,สองพี่น้อง,9,12/04/2020,2020-04-12,2020-06-05,2020-06-12,source_situation_dates_known,,,all_agriculture_not_durian_specific,5b8f6f67-2c20-47dd-a40a-dc647fc2ac05,311,https://catalog.disaster.go.th/dataset/7bdbedaf-f9cd-4c42-893a-0c88ad65b2f5/resource/5b8f6f67-2c20-47dd-a40a-dc647fc2ac05/download/gd028_2563_final.csv,CSV
22,จันทบุรี,2563,local_area_record,ท่าใหม่,สองพี่น้อง,10,12/04/2020,2020-04-12,2020-06-05,2020-06-12,source_situation_dates_known,,,all_agriculture_not_durian_specific,5b8f6f67-2c20-47dd-a40a-dc647fc2ac05,312,https://catalog.disaster.go.th/dataset/7bdbedaf-f9cd-4c42-893a-0c88ad65b2f5/resource/5b8f6f67-2c20-47dd-a40a-dc647fc2ac05/download/gd028_2563_final.csv,CSV
22,จันทบุรี,2563,local_area_record,ท่าใหม่,สองพี่น้อง,11,12/04/2020,2020-04-12,2020-06-05,2020-06-12,source_situation_dates_known,,,all_agriculture_not_durian_specific,5b8f6f67-2c20-47dd-a40a-dc647fc2ac05,313,https://catalog.disaster.go.th/dataset/7bdbedaf-f9cd-4c42-893a-0c88ad65b2f5/resource/5b8f6f67-2c20-47dd-a40a-dc647fc2ac05/download/gd028_2563_final.csv,CSV
22,จันทบุรี,2563,local_area_record,ท่าใหม่,สองพี่น้อง,12,12/04/2020,2020-04-12,2020-06-05,2020-06-12,source_situation_dates_known,,,all_agriculture_not_durian_specific,5b8f6f67-2c20-47dd-a40a-dc647fc2ac05,314,https://catalog.disaster.go.th/dataset/7bdbedaf-f9cd-4c42-893a-0c88ad65b2f5/resource/5b8f6f67-2c20-47dd-a40a-dc647fc2ac05/download/gd028_2563_final.csv,CSV
22,จันทบุรี,2563,local_area_record,ท่าใหม่,สองพี่น้อง,13,12/04/2020,2020-04-12,2020-06-05,2020-06-12,source_situation_dates_known,,,all_agriculture_not_durian_specific,5b8f6f67-2c20-47dd-a40a-dc647fc2ac05,315,https://catalog.disaster.go.th/dataset/7bdbedaf-f9cd-4c42-893a-0c88ad65b2f5/resource/5b8f6f67-2c20-47dd-a40a-dc647fc2ac05/download/gd028_2563_final.csv,CSV
22,จันทบุรี,2563,local_area_record,ท่าใหม่,สองพี่น้อง,14,12/04/2020,2020-04-12,2020-06-05,2020-06-12,source_situation_dates_known,,,all_agriculture_not_durian_specific,5b8f6f67-2c20-47dd-a40a-dc647fc2ac05,316,https://catalog.disaster.go.th/dataset/7bdbedaf-f9cd-4c42-893a-0c88ad65b2f5/resource/5b8f6f67-2c20-47dd-a40a-dc647fc2ac05/download/gd028_2563_final.csv,CSV
22,จันทบุรี,2563,local_area_record,ท่าใหม่,สองพี่น้อง,16,12/04/2020,2020-04-12,2020-06-05,2020-06-12,source_situation_dates_known,,,all_agriculture_not_durian_specific,5b8f6f67-2c20-47dd-a40a-dc647fc2ac05,317,https://catalog.disaster.go.th/dataset/7bdbedaf-f9cd-4c42-893a-0c88ad65b2f5/resource/5b8f6f67-2c20-47dd-a40a-dc647fc2ac05/download/gd028_2563_final.csv,CSV
22,จันทบุรี,2563,local_area_record,นายายอาม,กระแจะ,2,20/04/2020,2020-04-20,2020-06-05,2020-06-12,source_situation_dates_known,,,all_agriculture_not_durian_specific,5b8f6f67-2c20-47dd-a40a-dc647fc2ac05,318,https://catalog.disaster.go.th/dataset/7bdbedaf-f9cd-4c42-893a-0c88ad65b2f5/resource/5b8f6f67-2c20-47dd-a40a-dc647fc2ac05/download/gd028_2563_final.csv,CSV
22,จันทบุรี,2563,local_area_record,นายายอาม,กระแจะ,4,20/04/2020,2020-04-20,2020-06-05,2020-06-12,source_situation_dates_known,,,all_agriculture_not_durian_specific,5b8f6f67-2c20-47dd-a40a-dc647fc2ac05,319,https://catalog.disaster.go.th/dataset/7bdbedaf-f9cd-4c42-893a-0c88ad65b2f5/resource/5b8f6f67-2c20-47dd-a40a-dc647fc2ac05/download/gd028_2563_final.csv,CSV
22,จันทบุรี,2563,local_area_record,นายายอาม,กระแจะ,6,20/04/2020,2020-04-20,2020-06-05,2020-06-12,source_situation_dates_known,,,all_agriculture_not_durian_specific,5b8f6f67-2c20-47dd-a40a-dc647fc2ac05,320,https://catalog.disaster.go.th/dataset/7bdbedaf-f9cd-4c42-893a-0c88ad65b2f5/resource/5b8f6f67-2c20-47dd-a40a-dc647fc2ac05/download/gd028_2563_final.csv,CSV
22,จันทบุรี,2563,local_area_record,นายายอาม,กระแจะ,7,20/04/2020,2020-04-20,2020-06-05,2020-06-12,source_situation_dates_known,,,all_agriculture_not_durian_specific,5b8f6f67-2c20-47dd-a40a-dc647fc2ac05,321,https://catalog.disaster.go.th/dataset/7bdbedaf-f9cd-4c42-893a-0c88ad65b2f5/resource/5b8f6f67-2c20-47dd-a40a-dc647fc2ac05/download/gd028_2563_final.csv,CSV
22,จันทบุรี,2563,local_area_record,นายายอาม,กระแจะ,10,20/04/2020,2020-04-20,2020-06-05,2020-06-12,source_situation_dates_known,,,all_agriculture_not_durian_specific,5b8f6f67-2c20-47dd-a40a-dc647fc2ac05,322,https://catalog.disaster.go.th/dataset/7bdbedaf-f9cd-4c42-893a-0c88ad65b2f5/resource/5b8f6f67-2c20-47dd-a40a-dc647fc2ac05/download/gd028_2563_final.csv,CSV
22,จันทบุรี,2563,local_area_record,นายายอาม,กระแจะ,11,20/04/2020,2020-04-20,2020-06-05,2020-06-12,source_situation_dates_known,,,all_agriculture_not_durian_specific,5b8f6f67-2c20-47dd-a40a-dc647fc2ac05,323,https://catalog.disaster.go.th/dataset/7bdbedaf-f9cd-4c42-893a-0c88ad65b2f5/resource/5b8f6f67-2c20-47dd-a40a-dc647fc2ac05/download/gd028_2563_final.csv,CSV
22,จันทบุรี,2563,local_area_record,นายายอาม,นายายอาม,3,20/04/2020,2020-04-20,2020-06-05,2020-06-12,source_situation_dates_known,,,all_agriculture_not_durian_specific,5b8f6f67-2c20-47dd-a40a-dc647fc2ac05,324,https://catalog.disaster.go.th/dataset/7bdbedaf-f9cd-4c42-893a-0c88ad65b2f5/resource/5b8f6f67-2c20-47dd-a40a-dc647fc2ac05/download/gd028_2563_final.csv,CSV
22,จันทบุรี,2563,local_area_record,นายายอาม,นายายอาม,5,20/04/2020,2020-04-20,2020-06-05,2020-06-12,source_situation_dates_known,,,all_agriculture_not_durian_specific,5b8f6f67-2c20-47dd-a40a-dc647fc2ac05,325,https://catalog.disaster.go.th/dataset/7bdbedaf-f9cd-4c42-893a-0c88ad65b2f5/resource/5b8f6f67-2c20-47dd-a40a-dc647fc2ac05/download/gd028_2563_final.csv,CSV
22,จันทบุรี,2563,local_area_record,นายายอาม,นายายอาม,6,20/04/2020,2020-04-20,2020-06-05,2020-06-12,source_situation_dates_known,,,all_agriculture_not_durian_specific,5b8f6f67-2c20-47dd-a40a-dc647fc2ac05,326,https://catalog.disaster.go.th/dataset/7bdbedaf-f9cd-4c42-893a-0c88ad65b2f5/resource/5b8f6f67-2c20-47dd-a40a-dc647fc2ac05/download/gd028_2563_final.csv,CSV
22,จันทบุรี,2563,local_area_record,นายายอาม,นายายอาม,8,20/04/2020,2020-04-20,2020-06-05,2020-06-12,source_situation_dates_known,,,all_agriculture_not_durian_specific,5b8f6f67-2c20-47dd-a40a-dc647fc2ac05,327,https://catalog.disaster.go.th/dataset/7bdbedaf-f9cd-4c42-893a-0c88ad65b2f5/resource/5b8f6f67-2c20-47dd-a40a-dc647fc2ac05/download/gd028_2563_final.csv,CSV
22,จันทบุรี,2563,local_area_record,นายายอาม,นายายอาม,9,20/04/2020,2020-04-20,2020-06-05,2020-06-12,source_situation_dates_known,,,all_agriculture_not_durian_specific,5b8f6f67-2c20-47dd-a40a-dc647fc2ac05,328,https://catalog.disaster.go.th/dataset/7bdbedaf-f9cd-4c42-893a-0c88ad65b2f5/resource/5b8f6f67-2c20-47dd-a40a-dc647fc2ac05/download/gd028_2563_final.csv,CSV
22,จันทบุรี,2563,local_area_record,นายายอาม,นายายอาม,10,20/04/2020,2020-04-20,2020-06-05,2020-06-12,source_situation_dates_known,,,all_agriculture_not_durian_specific,5b8f6f67-2c20-47dd-a40a-dc647fc2ac05,329,https://catalog.disaster.go.th/dataset/7bdbedaf-f9cd-4c42-893a-0c88ad65b2f5/resource/5b8f6f67-2c20-47dd-a40a-dc647fc2ac05/download/gd028_2563_final.csv,CSV
22,จันทบุรี,2563,local_area_record,นายายอาม,นายายอาม,11,20/04/2020,2020-04-20,2020-06-05,2020-06-12,source_situation_dates_known,,,all_agriculture_not_durian_specific,5b8f6f67-2c20-47dd-a40a-dc647fc2ac05,330,https://catalog.disaster.go.th/dataset/7bdbedaf-f9cd-4c42-893a-0c88ad65b2f5/resource/5b8f6f67-2c20-47dd-a40a-dc647fc2ac05/download/gd028_2563_final.csv,CSV
22,จันทบุรี,2563,local_area_record,นายายอาม,นายายอาม,12,20/04/2020,2020-04-20,2020-06-05,2020-06-12,source_situation_dates_known,,,all_agriculture_not_durian_specific,5b8f6f67-2c20-47dd-a40a-dc647fc2ac05,331,https://catalog.disaster.go.th/dataset/7bdbedaf-f9cd-4c42-893a-0c88ad65b2f5/resource/5b8f6f67-2c20-47dd-a40a-dc647fc2ac05/download/gd028_2563_final.csv,CSV
22,จันทบุรี,2563,local_area_record,นายายอาม,นายายอาม,13,20/04/2020,2020-04-20,2020-06-05,2020-06-12,source_situation_dates_known,,,all_agriculture_not_durian_specific,5b8f6f67-2c20-47dd-a40a-dc647fc2ac05,332,https://catalog.disaster.go.th/dataset/7bdbedaf-f9cd-4c42-893a-0c88ad65b2f5/resource/5b8f6f67-2c20-47dd-a40a-dc647fc2ac05/download/gd028_2563_final.csv,CSV
22,จันทบุรี,2563,local_area_record,นายายอาม,นายายอาม,14,20/04/2020,2020-04-20,2020-06-05,2020-06-12,source_situation_dates_known,,,all_agriculture_not_durian_specific,5b8f6f67-2c20-47dd-a40a-dc647fc2ac05,333,https://catalog.disaster.go.th/dataset/7bdbedaf-f9cd-4c42-893a-0c88ad65b2f5/resource/5b8f6f67-2c20-47dd-a40a-dc647fc2ac05/download/gd028_2563_final.csv,CSV
22,จันทบุรี,2563,local_area_record,นายายอาม,นายายอาม,15,20/04/2020,2020-04-20,2020-06-05,2020-06-12,source_situation_dates_known,,,all_agriculture_not_durian_specific,5b8f6f67-2c20-47dd-a40a-dc647fc2ac05,334,https://catalog.disaster.go.th/dataset/7bdbedaf-f9cd-4c42-893a-0c88ad65b2f5/resource/5b8f6f67-2c20-47dd-a40a-dc647fc2ac05/download/gd028_2563_final.csv,CSV
22,จันทบุรี,2563,local_area_record,นายายอาม,วังโตนด,6,20/04/2020,2020-04-20,2020-06-05,2020-06-12,source_situation_dates_known,,,all_agriculture_not_durian_specific,5b8f6f67-2c20-47dd-a40a-dc647fc2ac05,335,https://catalog.disaster.go.th/dataset/7bdbedaf-f9cd-4c42-893a-0c88ad65b2f5/resource/5b8f6f67-2c20-47dd-a40a-dc647fc2ac05/download/gd028_2563_final.csv,CSV
22,จันทบุรี,2563,local_area_record,นายายอาม,วังโตนด,8,20/04/2020,2020-04-20,2020-06-05,2020-06-12,source_situation_dates_known,,,all_agriculture_not_durian_specific,5b8f6f67-2c20-47dd-a40a-dc647fc2ac05,336,https://catalog.disaster.go.th/dataset/7bdbedaf-f9cd-4c42-893a-0c88ad65b2f5/resource/5b8f6f67-2c20-47dd-a40a-dc647fc2ac05/download/gd028_2563_final.csv,CSV
22,จันทบุรี,2563,local_area_record,นายายอาม,วังโตนด,9,20/04/2020,2020-04-20,2020-06-05,2020-06-12,source_situation_dates_known,,,all_agriculture_not_durian_specific,5b8f6f67-2c20-47dd-a40a-dc647fc2ac05,337,https://catalog.disaster.go.th/dataset/7bdbedaf-f9cd-4c42-893a-0c88ad65b2f5/resource/5b8f6f67-2c20-47dd-a40a-dc647fc2ac05/download/gd028_2563_final.csv,CSV
22,จันทบุรี,2563,local_area_record,นายายอาม,วังใหม่,1,20/04/2020,2020-04-20,2020-06-05,2020-06-12,source_situation_dates_known,,,all_agriculture_not_durian_specific,5b8f6f67-2c20-47dd-a40a-dc647fc2ac05,338,https://catalog.disaster.go.th/dataset/7bdbedaf-f9cd-4c42-893a-0c88ad65b2f5/resource/5b8f6f67-2c20-47dd-a40a-dc647fc2ac05/download/gd028_2563_final.csv,CSV
22,จันทบุรี,2563,local_area_record,นายายอาม,วังใหม่,2,20/04/2020,2020-04-20,2020-06-05,2020-06-12,source_situation_dates_known,,,all_agriculture_not_durian_specific,5b8f6f67-2c20-47dd-a40a-dc647fc2ac05,339,https://catalog.disaster.go.th/dataset/7bdbedaf-f9cd-4c42-893a-0c88ad65b2f5/resource/5b8f6f67-2c20-47dd-a40a-dc647fc2ac05/download/gd028_2563_final.csv,CSV
22,จันทบุรี,2563,local_area_record,นายายอาม,วังใหม่,3,20/04/2020,2020-04-20,2020-06-05,2020-06-12,source_situation_dates_known,,,all_agriculture_not_durian_specific,5b8f6f67-2c20-47dd-a40a-dc647fc2ac05,340,https://catalog.disaster.go.th/dataset/7bdbedaf-f9cd-4c42-893a-0c88ad65b2f5/resource/5b8f6f67-2c20-47dd-a40a-dc647fc2ac05/download/gd028_2563_final.csv,CSV
22,จันทบุรี,2563,local_area_record,นายายอาม,วังใหม่,4,20/04/2020,2020-04-20,2020-06-05,2020-06-12,source_situation_dates_known,,,all_agriculture_not_durian_specific,5b8f6f67-2c20-47dd-a40a-dc647fc2ac05,341,https://catalog.disaster.go.th/dataset/7bdbedaf-f9cd-4c42-893a-0c88ad65b2f5/resource/5b8f6f67-2c20-47dd-a40a-dc647fc2ac05/download/gd028_2563_final.csv,CSV
22,จันทบุรี,2563,local_area_record,นายายอาม,วังใหม่,5,20/04/2020,2020-04-20,2020-06-05,2020-06-12,source_situation_dates_known,,,all_agriculture_not_durian_specific,5b8f6f67-2c20-47dd-a40a-dc647fc2ac05,342,https://catalog.disaster.go.th/dataset/7bdbedaf-f9cd-4c42-893a-0c88ad65b2f5/resource/5b8f6f67-2c20-47dd-a40a-dc647fc2ac05/download/gd028_2563_final.csv,CSV
22,จันทบุรี,2563,local_area_record,นายายอาม,วังใหม่,6,20/04/2020,2020-04-20,2020-06-05,2020-06-12,source_situation_dates_known,,,all_agriculture_not_durian_specific,5b8f6f67-2c20-47dd-a40a-dc647fc2ac05,343,https://catalog.disaster.go.th/dataset/7bdbedaf-f9cd-4c42-893a-0c88ad65b2f5/resource/5b8f6f67-2c20-47dd-a40a-dc647fc2ac05/download/gd028_2563_final.csv,CSV
22,จันทบุรี,2563,local_area_record,นายายอาม,วังใหม่,7,20/04/2020,2020-04-20,2020-06-05,2020-06-12,source_situation_dates_known,,,all_agriculture_not_durian_specific,5b8f6f67-2c20-47dd-a40a-dc647fc2ac05,344,https://catalog.disaster.go.th/dataset/7bdbedaf-f9cd-4c42-893a-0c88ad65b2f5/resource/5b8f6f67-2c20-47dd-a40a-dc647fc2ac05/download/gd028_2563_final.csv,CSV
22,จันทบุรี,2563,local_area_record,นายายอาม,วังใหม่,8,20/04/2020,2020-04-20,2020-06-05,2020-06-12,source_situation_dates_known,,,all_agriculture_not_durian_specific,5b8f6f67-2c20-47dd-a40a-dc647fc2ac05,345,https://catalog.disaster.go.th/dataset/7bdbedaf-f9cd-4c42-893a-0c88ad65b2f5/resource/5b8f6f67-2c20-47dd-a40a-dc647fc2ac05/download/gd028_2563_final.csv,CSV
22,จันทบุรี,2563,local_area_record,นายายอาม,วังใหม่,9,20/04/2020,2020-04-20,2020-06-05,2020-06-12,source_situation_dates_known,,,all_agriculture_not_durian_specific,5b8f6f67-2c20-47dd-a40a-dc647fc2ac05,346,https://catalog.disaster.go.th/dataset/7bdbedaf-f9cd-4c42-893a-0c88ad65b2f5/resource/5b8f6f67-2c20-47dd-a40a-dc647fc2ac05/download/gd028_2563_final.csv,CSV
22,จันทบุรี,2563,local_area_record,นายายอาม,วังใหม่,10,20/04/2020,2020-04-20,2020-06-05,2020-06-12,source_situation_dates_known,,,all_agriculture_not_durian_specific,5b8f6f67-2c20-47dd-a40a-dc647fc2ac05,347,https://catalog.disaster.go.th/dataset/7bdbedaf-f9cd-4c42-893a-0c88ad65b2f5/resource/5b8f6f67-2c20-47dd-a40a-dc647fc2ac05/download/gd028_2563_final.csv,CSV
22,จันทบุรี,2563,local_area_record,นายายอาม,สนามไชย,3,20/04/2020,2020-04-20,2020-06-05,2020-06-12,source_situation_dates_known,,,all_agriculture_not_durian_specific,5b8f6f67-2c20-47dd-a40a-dc647fc2ac05,348,https://catalog.disaster.go.th/dataset/7bdbedaf-f9cd-4c42-893a-0c88ad65b2f5/resource/5b8f6f67-2c20-47dd-a40a-dc647fc2ac05/download/gd028_2563_final.csv,CSV
22,จันทบุรี,2563,local_area_record,นายายอาม,สนามไชย,5,20/04/2020,2020-04-20,2020-06-05,2020-06-12,source_situation_dates_known,,,all_agriculture_not_durian_specific,5b8f6f67-2c20-47dd-a40a-dc647fc2ac05,349,https://catalog.disaster.go.th/dataset/7bdbedaf-f9cd-4c42-893a-0c88ad65b2f5/resource/5b8f6f67-2c20-47dd-a40a-dc647fc2ac05/download/gd028_2563_final.csv,CSV
22,จันทบุรี,2563,local_area_record,โป่งน้ำร้อน,คลองใหญ่,1,27/04/2020,2020-04-27,2020-06-22,2020-07-01,source_situation_dates_known,,,all_agriculture_not_durian_specific,5b8f6f67-2c20-47dd-a40a-dc647fc2ac05,350,https://catalog.disaster.go.th/dataset/7bdbedaf-f9cd-4c42-893a-0c88ad65b2f5/resource/5b8f6f67-2c20-47dd-a40a-dc647fc2ac05/download/gd028_2563_final.csv,CSV
22,จันทบุรี,2563,local_area_record,โป่งน้ำร้อน,คลองใหญ่,2,27/04/2020,2020-04-27,2020-06-22,2020-07-01,source_situation_dates_known,,,all_agriculture_not_durian_specific,5b8f6f67-2c20-47dd-a40a-dc647fc2ac05,351,https://catalog.disaster.go.th/dataset/7bdbedaf-f9cd-4c42-893a-0c88ad65b2f5/resource/5b8f6f67-2c20-47dd-a40a-dc647fc2ac05/download/gd028_2563_final.csv,CSV
22,จันทบุรี,2563,local_area_record,โป่งน้ำร้อน,คลองใหญ่,3,27/04/2020,2020-04-27,2020-06-22,2020-07-01,source_situation_dates_known,,,all_agriculture_not_durian_specific,5b8f6f67-2c20-47dd-a40a-dc647fc2ac05,352,https://catalog.disaster.go.th/dataset/7bdbedaf-f9cd-4c42-893a-0c88ad65b2f5/resource/5b8f6f67-2c20-47dd-a40a-dc647fc2ac05/download/gd028_2563_final.csv,CSV
22,จันทบุรี,2563,local_area_record,โป่งน้ำร้อน,คลองใหญ่,4,27/04/2020,2020-04-27,2020-06-22,2020-07-01,source_situation_dates_known,,,all_agriculture_not_durian_specific,5b8f6f67-2c20-47dd-a40a-dc647fc2ac05,353,https://catalog.disaster.go.th/dataset/7bdbedaf-f9cd-4c42-893a-0c88ad65b2f5/resource/5b8f6f67-2c20-47dd-a40a-dc647fc2ac05/download/gd028_2563_final.csv,CSV
22,จันทบุรี,2563,local_area_record,โป่งน้ำร้อน,คลองใหญ่,5,27/04/2020,2020-04-27,2020-06-22,2020-07-01,source_situation_dates_known,,,all_agriculture_not_durian_specific,5b8f6f67-2c20-47dd-a40a-dc647fc2ac05,354,https://catalog.disaster.go.th/dataset/7bdbedaf-f9cd-4c42-893a-0c88ad65b2f5/resource/5b8f6f67-2c20-47dd-a40a-dc647fc2ac05/download/gd028_2563_final.csv,CSV
22,จันทบุรี,2563,local_area_record,โป่งน้ำร้อน,คลองใหญ่,6,27/04/2020,2020-04-27,2020-06-22,2020-07-01,source_situation_dates_known,,,all_agriculture_not_durian_specific,5b8f6f67-2c20-47dd-a40a-dc647fc2ac05,355,https://catalog.disaster.go.th/dataset/7bdbedaf-f9cd-4c42-893a-0c88ad65b2f5/resource/5b8f6f67-2c20-47dd-a40a-dc647fc2ac05/download/gd028_2563_final.csv,CSV
22,จันทบุรี,2563,local_area_record,โป่งน้ำร้อน,คลองใหญ่,7,27/04/2020,2020-04-27,2020-06-22,2020-07-01,source_situation_dates_known,,,all_agriculture_not_durian_specific,5b8f6f67-2c20-47dd-a40a-dc647fc2ac05,356,https://catalog.disaster.go.th/dataset/7bdbedaf-f9cd-4c42-893a-0c88ad65b2f5/resource/5b8f6f67-2c20-47dd-a40a-dc647fc2ac05/download/gd028_2563_final.csv,CSV
22,จันทบุรี,2563,local_area_record,โป่งน้ำร้อน,ทับไทร,1,27/04/2020,2020-04-27,2020-06-22,2020-07-01,source_situation_dates_known,,,all_agriculture_not_durian_specific,5b8f6f67-2c20-47dd-a40a-dc647fc2ac05,357,https://catalog.disaster.go.th/dataset/7bdbedaf-f9cd-4c42-893a-0c88ad65b2f5/resource/5b8f6f67-2c20-47dd-a40a-dc647fc2ac05/download/gd028_2563_final.csv,CSV
22,จันทบุรี,2563,local_area_record,โป่งน้ำร้อน,ทับไทร,2,27/04/2020,2020-04-27,2020-06-22,2020-07-01,source_situation_dates_known,,,all_agriculture_not_durian_specific,5b8f6f67-2c20-47dd-a40a-dc647fc2ac05,358,https://catalog.disaster.go.th/dataset/7bdbedaf-f9cd-4c42-893a-0c88ad65b2f5/resource/5b8f6f67-2c20-47dd-a40a-dc647fc2ac05/download/gd028_2563_final.csv,CSV
22,จันทบุรี,2563,local_area_record,โป่งน้ำร้อน,ทับไทร,3,27/04/2020,2020-04-27,2020-06-22,2020-07-01,source_situation_dates_known,,,all_agriculture_not_durian_specific,5b8f6f67-2c20-47dd-a40a-dc647fc2ac05,359,https://catalog.disaster.go.th/dataset/7bdbedaf-f9cd-4c42-893a-0c88ad65b2f5/resource/5b8f6f67-2c20-47dd-a40a-dc647fc2ac05/download/gd028_2563_final.csv,CSV
22,จันทบุรี,2563,local_area_record,โป่งน้ำร้อน,ทับไทร,4,27/04/2020,2020-04-27,2020-06-22,2020-07-01,source_situation_dates_known,,,all_agriculture_not_durian_specific,5b8f6f67-2c20-47dd-a40a-dc647fc2ac05,360,https://catalog.disaster.go.th/dataset/7bdbedaf-f9cd-4c42-893a-0c88ad65b2f5/resource/5b8f6f67-2c20-47dd-a40a-dc647fc2ac05/download/gd028_2563_final.csv,CSV
22,จันทบุรี,2563,local_area_record,โป่งน้ำร้อน,ทับไทร,5,27/04/2020,2020-04-27,2020-06-22,2020-07-01,source_situation_dates_known,,,all_agriculture_not_durian_specific,5b8f6f67-2c20-47dd-a40a-dc647fc2ac05,361,https://catalog.disaster.go.th/dataset/7bdbedaf-f9cd-4c42-893a-0c88ad65b2f5/resource/5b8f6f67-2c20-47dd-a40a-dc647fc2ac05/download/gd028_2563_final.csv,CSV
22,จันทบุรี,2563,local_area_record,โป่งน้ำร้อน,ทับไทร,6,27/04/2020,2020-04-27,2020-06-22,2020-07-01,source_situation_dates_known,,,all_agriculture_not_durian_specific,5b8f6f67-2c20-47dd-a40a-dc647fc2ac05,362,https://catalog.disaster.go.th/dataset/7bdbedaf-f9cd-4c42-893a-0c88ad65b2f5/resource/5b8f6f67-2c20-47dd-a40a-dc647fc2ac05/download/gd028_2563_final.csv,CSV
22,จันทบุรี,2563,local_area_record,โป่งน้ำร้อน,ทับไทร,7,27/04/2020,2020-04-27,2020-06-22,2020-07-01,source_situation_dates_known,,,all_agriculture_not_durian_specific,5b8f6f67-2c20-47dd-a40a-dc647fc2ac05,363,https://catalog.disaster.go.th/dataset/7bdbedaf-f9cd-4c42-893a-0c88ad65b2f5/resource/5b8f6f67-2c20-47dd-a40a-dc647fc2ac05/download/gd028_2563_final.csv,CSV
22,จันทบุรี,2563,local_area_record,โป่งน้ำร้อน,ทับไทร,8,27/04/2020,2020-04-27,2020-06-22,2020-07-01,source_situation_dates_known,,,all_agriculture_not_durian_specific,5b8f6f67-2c20-47dd-a40a-dc647fc2ac05,364,https://catalog.disaster.go.th/dataset/7bdbedaf-f9cd-4c42-893a-0c88ad65b2f5/resource/5b8f6f67-2c20-47dd-a40a-dc647fc2ac05/download/gd028_2563_final.csv,CSV
22,จันทบุรี,2563,local_area_record,โป่งน้ำร้อน,ทับไทร,9,27/04/2020,2020-04-27,2020-06-22,2020-07-01,source_situation_dates_known,,,all_agriculture_not_durian_specific,5b8f6f67-2c20-47dd-a40a-dc647fc2ac05,365,https://catalog.disaster.go.th/dataset/7bdbedaf-f9cd-4c42-893a-0c88ad65b2f5/resource/5b8f6f67-2c20-47dd-a40a-dc647fc2ac05/download/gd028_2563_final.csv,CSV
22,จันทบุรี,2563,local_area_record,โป่งน้ำร้อน,เทพนิมิต,1,27/04/2020,2020-04-27,2020-06-22,2020-07-01,source_situation_dates_known,,,all_agriculture_not_durian_specific,5b8f6f67-2c20-47dd-a40a-dc647fc2ac05,366,https://catalog.disaster.go.th/dataset/7bdbedaf-f9cd-4c42-893a-0c88ad65b2f5/resource/5b8f6f67-2c20-47dd-a40a-dc647fc2ac05/download/gd028_2563_final.csv,CSV
22,จันทบุรี,2563,local_area_record,โป่งน้ำร้อน,เทพนิมิต,2,27/04/2020,2020-04-27,2020-06-22,2020-07-01,source_situation_dates_known,,,all_agriculture_not_durian_specific,5b8f6f67-2c20-47dd-a40a-dc647fc2ac05,367,https://catalog.disaster.go.th/dataset/7bdbedaf-f9cd-4c42-893a-0c88ad65b2f5/resource/5b8f6f67-2c20-47dd-a40a-dc647fc2ac05/download/gd028_2563_final.csv,CSV
22,จันทบุรี,2563,local_area_record,โป่งน้ำร้อน,เทพนิมิต,3,27/04/2020,2020-04-27,2020-06-22,2020-07-01,source_situation_dates_known,,,all_agriculture_not_durian_specific,5b8f6f67-2c20-47dd-a40a-dc647fc2ac05,368,https://catalog.disaster.go.th/dataset/7bdbedaf-f9cd-4c42-893a-0c88ad65b2f5/resource/5b8f6f67-2c20-47dd-a40a-dc647fc2ac05/download/gd028_2563_final.csv,CSV
22,จันทบุรี,2563,local_area_record,โป่งน้ำร้อน,เทพนิมิต,4,27/04/2020,2020-04-27,2020-06-22,2020-07-01,source_situation_dates_known,,,all_agriculture_not_durian_specific,5b8f6f67-2c20-47dd-a40a-dc647fc2ac05,369,https://catalog.disaster.go.th/dataset/7bdbedaf-f9cd-4c42-893a-0c88ad65b2f5/resource/5b8f6f67-2c20-47dd-a40a-dc647fc2ac05/download/gd028_2563_final.csv,CSV
22,จันทบุรี,2563,local_area_record,โป่งน้ำร้อน,เทพนิมิต,5,27/04/2020,2020-04-27,2020-06-22,2020-07-01,source_situation_dates_known,,,all_agriculture_not_durian_specific,5b8f6f67-2c20-47dd-a40a-dc647fc2ac05,370,https://catalog.disaster.go.th/dataset/7bdbedaf-f9cd-4c42-893a-0c88ad65b2f5/resource/5b8f6f67-2c20-47dd-a40a-dc647fc2ac05/download/gd028_2563_final.csv,CSV
22,จันทบุรี,2563,local_area_record,โป่งน้ำร้อน,เทพนิมิต,6,27/04/2020,2020-04-27,2020-06-22,2020-07-01,source_situation_dates_known,,,all_agriculture_not_durian_specific,5b8f6f67-2c20-47dd-a40a-dc647fc2ac05,371,https://catalog.disaster.go.th/dataset/7bdbedaf-f9cd-4c42-893a-0c88ad65b2f5/resource/5b8f6f67-2c20-47dd-a40a-dc647fc2ac05/download/gd028_2563_final.csv,CSV
22,จันทบุรี,2563,local_area_record,โป่งน้ำร้อน,เทพนิมิต,7,27/04/2020,2020-04-27,2020-06-22,2020-07-01,source_situation_dates_known,,,all_agriculture_not_durian_specific,5b8f6f67-2c20-47dd-a40a-dc647fc2ac05,372,https://catalog.disaster.go.th/dataset/7bdbedaf-f9cd-4c42-893a-0c88ad65b2f5/resource/5b8f6f67-2c20-47dd-a40a-dc647fc2ac05/download/gd028_2563_final.csv,CSV
22,จันทบุรี,2563,local_area_record,โป่งน้ำร้อน,เทพนิมิต,8,27/04/2020,2020-04-27,2020-06-22,2020-07-01,source_situation_dates_known,,,all_agriculture_not_durian_specific,5b8f6f67-2c20-47dd-a40a-dc647fc2ac05,373,https://catalog.disaster.go.th/dataset/7bdbedaf-f9cd-4c42-893a-0c88ad65b2f5/resource/5b8f6f67-2c20-47dd-a40a-dc647fc2ac05/download/gd028_2563_final.csv,CSV
22,จันทบุรี,2563,local_area_record,โป่งน้ำร้อน,โป่งน้ำร้อน,1,27/04/2020,2020-04-27,2020-06-22,2020-07-01,source_situation_dates_known,,,all_agriculture_not_durian_specific,5b8f6f67-2c20-47dd-a40a-dc647fc2ac05,374,https://catalog.disaster.go.th/dataset/7bdbedaf-f9cd-4c42-893a-0c88ad65b2f5/resource/5b8f6f67-2c20-47dd-a40a-dc647fc2ac05/download/gd028_2563_final.csv,CSV
22,จันทบุรี,2563,local_area_record,โป่งน้ำร้อน,โป่งน้ำร้อน,2,27/04/2020,2020-04-27,2020-06-22,2020-07-01,source_situation_dates_known,,,all_agriculture_not_durian_specific,5b8f6f67-2c20-47dd-a40a-dc647fc2ac05,375,https://catalog.disaster.go.th/dataset/7bdbedaf-f9cd-4c42-893a-0c88ad65b2f5/resource/5b8f6f67-2c20-47dd-a40a-dc647fc2ac05/download/gd028_2563_final.csv,CSV
22,จันทบุรี,2563,local_area_record,โป่งน้ำร้อน,โป่งน้ำร้อน,3,27/04/2020,2020-04-27,2020-06-22,2020-07-01,source_situation_dates_known,,,all_agriculture_not_durian_specific,5b8f6f67-2c20-47dd-a40a-dc647fc2ac05,376,https://catalog.disaster.go.th/dataset/7bdbedaf-f9cd-4c42-893a-0c88ad65b2f5/resource/5b8f6f67-2c20-47dd-a40a-dc647fc2ac05/download/gd028_2563_final.csv,CSV
22,จันทบุรี,2563,local_area_record,โป่งน้ำร้อน,โป่งน้ำร้อน,4,27/04/2020,2020-04-27,2020-06-22,2020-07-01,source_situation_dates_known,,,all_agriculture_not_durian_specific,5b8f6f67-2c20-47dd-a40a-dc647fc2ac05,377,https://catalog.disaster.go.th/dataset/7bdbedaf-f9cd-4c42-893a-0c88ad65b2f5/resource/5b8f6f67-2c20-47dd-a40a-dc647fc2ac05/download/gd028_2563_final.csv,CSV
22,จันทบุรี,2563,local_area_record,โป่งน้ำร้อน,โป่งน้ำร้อน,5,27/04/2020,2020-04-27,2020-06-22,2020-07-01,source_situation_dates_known,,,all_agriculture_not_durian_specific,5b8f6f67-2c20-47dd-a40a-dc647fc2ac05,378,https://catalog.disaster.go.th/dataset/7bdbedaf-f9cd-4c42-893a-0c88ad65b2f5/resource/5b8f6f67-2c20-47dd-a40a-dc647fc2ac05/download/gd028_2563_final.csv,CSV
22,จันทบุรี,2563,local_area_record,โป่งน้ำร้อน,โป่งน้ำร้อน,6,27/04/2020,2020-04-27,2020-06-22,2020-07-01,source_situation_dates_known,,,all_agriculture_not_durian_specific,5b8f6f67-2c20-47dd-a40a-dc647fc2ac05,379,https://catalog.disaster.go.th/dataset/7bdbedaf-f9cd-4c42-893a-0c88ad65b2f5/resource/5b8f6f67-2c20-47dd-a40a-dc647fc2ac05/download/gd028_2563_final.csv,CSV
22,จันทบุรี,2563,local_area_record,โป่งน้ำร้อน,โป่งน้ำร้อน,7,27/04/2020,2020-04-27,2020-06-22,2020-07-01,source_situation_dates_known,,,all_agriculture_not_durian_specific,5b8f6f67-2c20-47dd-a40a-dc647fc2ac05,380,https://catalog.disaster.go.th/dataset/7bdbedaf-f9cd-4c42-893a-0c88ad65b2f5/resource/5b8f6f67-2c20-47dd-a40a-dc647fc2ac05/download/gd028_2563_final.csv,CSV
22,จันทบุรี,2563,local_area_record,โป่งน้ำร้อน,โป่งน้ำร้อน,8,27/04/2020,2020-04-27,2020-06-22,2020-07-01,source_situation_dates_known,,,all_agriculture_not_durian_specific,5b8f6f67-2c20-47dd-a40a-dc647fc2ac05,381,https://catalog.disaster.go.th/dataset/7bdbedaf-f9cd-4c42-893a-0c88ad65b2f5/resource/5b8f6f67-2c20-47dd-a40a-dc647fc2ac05/download/gd028_2563_final.csv,CSV
22,จันทบุรี,2563,local_area_record,โป่งน้ำร้อน,โป่งน้ำร้อน,9,27/04/2020,2020-04-27,2020-06-22,2020-07-01,source_situation_dates_known,,,all_agriculture_not_durian_specific,5b8f6f67-2c20-47dd-a40a-dc647fc2ac05,382,https://catalog.disaster.go.th/dataset/7bdbedaf-f9cd-4c42-893a-0c88ad65b2f5/resource/5b8f6f67-2c20-47dd-a40a-dc647fc2ac05/download/gd028_2563_final.csv,CSV
22,จันทบุรี,2563,local_area_record,โป่งน้ำร้อน,โป่งน้ำร้อน,10,27/04/2020,2020-04-27,2020-06-22,2020-07-01,source_situation_dates_known,,,all_agriculture_not_durian_specific,5b8f6f67-2c20-47dd-a40a-dc647fc2ac05,383,https://catalog.disaster.go.th/dataset/7bdbedaf-f9cd-4c42-893a-0c88ad65b2f5/resource/5b8f6f67-2c20-47dd-a40a-dc647fc2ac05/download/gd028_2563_final.csv,CSV
22,จันทบุรี,2563,local_area_record,โป่งน้ำร้อน,โป่งน้ำร้อน,11,27/04/2020,2020-04-27,2020-06-22,2020-07-01,source_situation_dates_known,,,all_agriculture_not_durian_specific,5b8f6f67-2c20-47dd-a40a-dc647fc2ac05,384,https://catalog.disaster.go.th/dataset/7bdbedaf-f9cd-4c42-893a-0c88ad65b2f5/resource/5b8f6f67-2c20-47dd-a40a-dc647fc2ac05/download/gd028_2563_final.csv,CSV
22,จันทบุรี,2563,local_area_record,โป่งน้ำร้อน,โป่งน้ำร้อน,12,27/04/2020,2020-04-27,2020-06-22,2020-07-01,source_situation_dates_known,,,all_agriculture_not_durian_specific,5b8f6f67-2c20-47dd-a40a-dc647fc2ac05,385,https://catalog.disaster.go.th/dataset/7bdbedaf-f9cd-4c42-893a-0c88ad65b2f5/resource/5b8f6f67-2c20-47dd-a40a-dc647fc2ac05/download/gd028_2563_final.csv,CSV
22,จันทบุรี,2563,local_area_record,โป่งน้ำร้อน,โป่งน้ำร้อน,13,27/04/2020,2020-04-27,2020-06-22,2020-07-01,source_situation_dates_known,,,all_agriculture_not_durian_specific,5b8f6f67-2c20-47dd-a40a-dc647fc2ac05,386,https://catalog.disaster.go.th/dataset/7bdbedaf-f9cd-4c42-893a-0c88ad65b2f5/resource/5b8f6f67-2c20-47dd-a40a-dc647fc2ac05/download/gd028_2563_final.csv,CSV
22,จันทบุรี,2563,local_area_record,โป่งน้ำร้อน,หนองตาคง,1,27/04/2020,2020-04-27,2020-06-22,2020-07-01,source_situation_dates_known,,,all_agriculture_not_durian_specific,5b8f6f67-2c20-47dd-a40a-dc647fc2ac05,387,https://catalog.disaster.go.th/dataset/7bdbedaf-f9cd-4c42-893a-0c88ad65b2f5/resource/5b8f6f67-2c20-47dd-a40a-dc647fc2ac05/download/gd028_2563_final.csv,CSV
22,จันทบุรี,2563,local_area_record,โป่งน้ำร้อน,หนองตาคง,2,27/04/2020,2020-04-27,2020-06-22,2020-07-01,source_situation_dates_known,,,all_agriculture_not_durian_specific,5b8f6f67-2c20-47dd-a40a-dc647fc2ac05,388,https://catalog.disaster.go.th/dataset/7bdbedaf-f9cd-4c42-893a-0c88ad65b2f5/resource/5b8f6f67-2c20-47dd-a40a-dc647fc2ac05/download/gd028_2563_final.csv,CSV
22,จันทบุรี,2563,local_area_record,โป่งน้ำร้อน,หนองตาคง,3,27/04/2020,2020-04-27,2020-06-22,2020-07-01,source_situation_dates_known,,,all_agriculture_not_durian_specific,5b8f6f67-2c20-47dd-a40a-dc647fc2ac05,389,https://catalog.disaster.go.th/dataset/7bdbedaf-f9cd-4c42-893a-0c88ad65b2f5/resource/5b8f6f67-2c20-47dd-a40a-dc647fc2ac05/download/gd028_2563_final.csv,CSV
22,จันทบุรี,2563,local_area_record,โป่งน้ำร้อน,หนองตาคง,4,27/04/2020,2020-04-27,2020-06-22,2020-07-01,source_situation_dates_known,,,all_agriculture_not_durian_specific,5b8f6f67-2c20-47dd-a40a-dc647fc2ac05,390,https://catalog.disaster.go.th/dataset/7bdbedaf-f9cd-4c42-893a-0c88ad65b2f5/resource/5b8f6f67-2c20-47dd-a40a-dc647fc2ac05/download/gd028_2563_final.csv,CSV
22,จันทบุรี,2563,local_area_record,โป่งน้ำร้อน,หนองตาคง,5,27/04/2020,2020-04-27,2020-06-22,2020-07-01,source_situation_dates_known,,,all_agriculture_not_durian_specific,5b8f6f67-2c20-47dd-a40a-dc647fc2ac05,391,https://catalog.disaster.go.th/dataset/7bdbedaf-f9cd-4c42-893a-0c88ad65b2f5/resource/5b8f6f67-2c20-47dd-a40a-dc647fc2ac05/download/gd028_2563_final.csv,CSV
22,จันทบุรี,2563,local_area_record,โป่งน้ำร้อน,หนองตาคง,6,27/04/2020,2020-04-27,2020-06-22,2020-07-01,source_situation_dates_known,,,all_agriculture_not_durian_specific,5b8f6f67-2c20-47dd-a40a-dc647fc2ac05,392,https://catalog.disaster.go.th/dataset/7bdbedaf-f9cd-4c42-893a-0c88ad65b2f5/resource/5b8f6f67-2c20-47dd-a40a-dc647fc2ac05/download/gd028_2563_final.csv,CSV
22,จันทบุรี,2563,local_area_record,โป่งน้ำร้อน,หนองตาคง,7,27/04/2020,2020-04-27,2020-06-22,2020-07-01,source_situation_dates_known,,,all_agriculture_not_durian_specific,5b8f6f67-2c20-47dd-a40a-dc647fc2ac05,393,https://catalog.disaster.go.th/dataset/7bdbedaf-f9cd-4c42-893a-0c88ad65b2f5/resource/5b8f6f67-2c20-47dd-a40a-dc647fc2ac05/download/gd028_2563_final.csv,CSV
22,จันทบุรี,2563,local_area_record,โป่งน้ำร้อน,หนองตาคง,8,27/04/2020,2020-04-27,2020-06-22,2020-07-01,source_situation_dates_known,,,all_agriculture_not_durian_specific,5b8f6f67-2c20-47dd-a40a-dc647fc2ac05,394,https://catalog.disaster.go.th/dataset/7bdbedaf-f9cd-4c42-893a-0c88ad65b2f5/resource/5b8f6f67-2c20-47dd-a40a-dc647fc2ac05/download/gd028_2563_final.csv,CSV
22,จันทบุรี,2563,local_area_record,โป่งน้ำร้อน,หนองตาคง,9,27/04/2020,2020-04-27,2020-06-22,2020-07-01,source_situation_dates_known,,,all_agriculture_not_durian_specific,5b8f6f67-2c20-47dd-a40a-dc647fc2ac05,395,https://catalog.disaster.go.th/dataset/7bdbedaf-f9cd-4c42-893a-0c88ad65b2f5/resource/5b8f6f67-2c20-47dd-a40a-dc647fc2ac05/download/gd028_2563_final.csv,CSV
22,จันทบุรี,2563,local_area_record,โป่งน้ำร้อน,หนองตาคง,10,27/04/2020,2020-04-27,2020-06-22,2020-07-01,source_situation_dates_known,,,all_agriculture_not_durian_specific,5b8f6f67-2c20-47dd-a40a-dc647fc2ac05,396,https://catalog.disaster.go.th/dataset/7bdbedaf-f9cd-4c42-893a-0c88ad65b2f5/resource/5b8f6f67-2c20-47dd-a40a-dc647fc2ac05/download/gd028_2563_final.csv,CSV
22,จันทบุรี,2563,local_area_record,สอยดาว,ทรายขาว,2,15/04/2020,2020-04-15,2020-06-22,2020-07-01,source_situation_dates_known,,,all_agriculture_not_durian_specific,5b8f6f67-2c20-47dd-a40a-dc647fc2ac05,397,https://catalog.disaster.go.th/dataset/7bdbedaf-f9cd-4c42-893a-0c88ad65b2f5/resource/5b8f6f67-2c20-47dd-a40a-dc647fc2ac05/download/gd028_2563_final.csv,CSV
22,จันทบุรี,2563,local_area_record,สอยดาว,ทรายขาว,6,15/04/2020,2020-04-15,2020-06-22,2020-07-01,source_situation_dates_known,,,all_agriculture_not_durian_specific,5b8f6f67-2c20-47dd-a40a-dc647fc2ac05,398,https://catalog.disaster.go.th/dataset/7bdbedaf-f9cd-4c42-893a-0c88ad65b2f5/resource/5b8f6f67-2c20-47dd-a40a-dc647fc2ac05/download/gd028_2563_final.csv,CSV
22,จันทบุรี,2563,local_area_record,สอยดาว,ทรายขาว,10,15/04/2020,2020-04-15,2020-06-22,2020-07-01,source_situation_dates_known,,,all_agriculture_not_durian_specific,5b8f6f67-2c20-47dd-a40a-dc647fc2ac05,399,https://catalog.disaster.go.th/dataset/7bdbedaf-f9cd-4c42-893a-0c88ad65b2f5/resource/5b8f6f67-2c20-47dd-a40a-dc647fc2ac05/download/gd028_2563_final.csv,CSV
22,จันทบุรี,2563,local_area_record,สอยดาว,ทับช้าง,2,15/04/2020,2020-04-15,2020-06-22,2020-07-01,source_situation_dates_known,,,all_agriculture_not_durian_specific,5b8f6f67-2c20-47dd-a40a-dc647fc2ac05,400,https://catalog.disaster.go.th/dataset/7bdbedaf-f9cd-4c42-893a-0c88ad65b2f5/resource/5b8f6f67-2c20-47dd-a40a-dc647fc2ac05/download/gd028_2563_final.csv,CSV
22,จันทบุรี,2563,local_area_record,สอยดาว,ทับช้าง,3,15/04/2020,2020-04-15,2020-06-22,2020-07-01,source_situation_dates_known,,,all_agriculture_not_durian_specific,5b8f6f67-2c20-47dd-a40a-dc647fc2ac05,401,https://catalog.disaster.go.th/dataset/7bdbedaf-f9cd-4c42-893a-0c88ad65b2f5/resource/5b8f6f67-2c20-47dd-a40a-dc647fc2ac05/download/gd028_2563_final.csv,CSV
22,จันทบุรี,2563,local_area_record,สอยดาว,ทับช้าง,8,15/04/2020,2020-04-15,2020-06-22,2020-07-01,source_situation_dates_known,,,all_agriculture_not_durian_specific,5b8f6f67-2c20-47dd-a40a-dc647fc2ac05,402,https://catalog.disaster.go.th/dataset/7bdbedaf-f9cd-4c42-893a-0c88ad65b2f5/resource/5b8f6f67-2c20-47dd-a40a-dc647fc2ac05/download/gd028_2563_final.csv,CSV
22,จันทบุรี,2563,local_area_record,สอยดาว,ทับช้าง,9,15/04/2020,2020-04-15,2020-06-22,2020-07-01,source_situation_dates_known,,,all_agriculture_not_durian_specific,5b8f6f67-2c20-47dd-a40a-dc647fc2ac05,403,https://catalog.disaster.go.th/dataset/7bdbedaf-f9cd-4c42-893a-0c88ad65b2f5/resource/5b8f6f67-2c20-47dd-a40a-dc647fc2ac05/download/gd028_2563_final.csv,CSV
22,จันทบุรี,2563,local_area_record,สอยดาว,ทับช้าง,11,15/04/2020,2020-04-15,2020-06-22,2020-07-01,source_situation_dates_known,,,all_agriculture_not_durian_specific,5b8f6f67-2c20-47dd-a40a-dc647fc2ac05,404,https://catalog.disaster.go.th/dataset/7bdbedaf-f9cd-4c42-893a-0c88ad65b2f5/resource/5b8f6f67-2c20-47dd-a40a-dc647fc2ac05/download/gd028_2563_final.csv,CSV
22,จันทบุรี,2563,local_area_record,สอยดาว,ทับช้าง,15,15/04/2020,2020-04-15,2020-06-22,2020-07-01,source_situation_dates_known,,,all_agriculture_not_durian_specific,5b8f6f67-2c20-47dd-a40a-dc647fc2ac05,405,https://catalog.disaster.go.th/dataset/7bdbedaf-f9cd-4c42-893a-0c88ad65b2f5/resource/5b8f6f67-2c20-47dd-a40a-dc647fc2ac05/download/gd028_2563_final.csv,CSV
22,จันทบุรี,2563,local_area_record,สอยดาว,ทับช้าง,18,15/04/2020,2020-04-15,2020-06-22,2020-07-01,source_situation_dates_known,,,all_agriculture_not_durian_specific,5b8f6f67-2c20-47dd-a40a-dc647fc2ac05,406,https://catalog.disaster.go.th/dataset/7bdbedaf-f9cd-4c42-893a-0c88ad65b2f5/resource/5b8f6f67-2c20-47dd-a40a-dc647fc2ac05/download/gd028_2563_final.csv,CSV
22,จันทบุรี,2563,local_area_record,สอยดาว,ทุ่งขนาน,2,15/04/2020,2020-04-15,2020-06-22,2020-07-01,source_situation_dates_known,,,all_agriculture_not_durian_specific,5b8f6f67-2c20-47dd-a40a-dc647fc2ac05,407,https://catalog.disaster.go.th/dataset/7bdbedaf-f9cd-4c42-893a-0c88ad65b2f5/resource/5b8f6f67-2c20-47dd-a40a-dc647fc2ac05/download/gd028_2563_final.csv,CSV
22,จันทบุรี,2563,local_area_record,สอยดาว,ทุ่งขนาน,3,15/04/2020,2020-04-15,2020-06-22,2020-07-01,source_situation_dates_known,,,all_agriculture_not_durian_specific,5b8f6f67-2c20-47dd-a40a-dc647fc2ac05,408,https://catalog.disaster.go.th/dataset/7bdbedaf-f9cd-4c42-893a-0c88ad65b2f5/resource/5b8f6f67-2c20-47dd-a40a-dc647fc2ac05/download/gd028_2563_final.csv,CSV
22,จันทบุรี,2563,local_area_record,สอยดาว,ทุ่งขนาน,5,15/04/2020,2020-04-15,2020-06-22,2020-07-01,source_situation_dates_known,,,all_agriculture_not_durian_specific,5b8f6f67-2c20-47dd-a40a-dc647fc2ac05,409,https://catalog.disaster.go.th/dataset/7bdbedaf-f9cd-4c42-893a-0c88ad65b2f5/resource/5b8f6f67-2c20-47dd-a40a-dc647fc2ac05/download/gd028_2563_final.csv,CSV
22,จันทบุรี,2563,local_area_record,สอยดาว,ปะตง,4,15/04/2020,2020-04-15,2020-06-22,2020-07-01,source_situation_dates_known,,,all_agriculture_not_durian_specific,5b8f6f67-2c20-47dd-a40a-dc647fc2ac05,410,https://catalog.disaster.go.th/dataset/7bdbedaf-f9cd-4c42-893a-0c88ad65b2f5/resource/5b8f6f67-2c20-47dd-a40a-dc647fc2ac05/download/gd028_2563_final.csv,CSV
22,จันทบุรี,2563,local_area_record,สอยดาว,ปะตง,5,15/04/2020,2020-04-15,2020-06-22,2020-07-01,source_situation_dates_known,,,all_agriculture_not_durian_specific,5b8f6f67-2c20-47dd-a40a-dc647fc2ac05,411,https://catalog.disaster.go.th/dataset/7bdbedaf-f9cd-4c42-893a-0c88ad65b2f5/resource/5b8f6f67-2c20-47dd-a40a-dc647fc2ac05/download/gd028_2563_final.csv,CSV
22,จันทบุรี,2563,local_area_record,สอยดาว,ปะตง,7,15/04/2020,2020-04-15,2020-06-22,2020-07-01,source_situation_dates_known,,,all_agriculture_not_durian_specific,5b8f6f67-2c20-47dd-a40a-dc647fc2ac05,412,https://catalog.disaster.go.th/dataset/7bdbedaf-f9cd-4c42-893a-0c88ad65b2f5/resource/5b8f6f67-2c20-47dd-a40a-dc647fc2ac05/download/gd028_2563_final.csv,CSV
22,จันทบุรี,2563,local_area_record,สอยดาว,สะตอน,2,15/04/2020,2020-04-15,2020-06-22,2020-07-01,source_situation_dates_known,,,all_agriculture_not_durian_specific,5b8f6f67-2c20-47dd-a40a-dc647fc2ac05,413,https://catalog.disaster.go.th/dataset/7bdbedaf-f9cd-4c42-893a-0c88ad65b2f5/resource/5b8f6f67-2c20-47dd-a40a-dc647fc2ac05/download/gd028_2563_final.csv,CSV
22,จันทบุรี,2563,local_area_record,สอยดาว,สะตอน,5,15/04/2020,2020-04-15,2020-06-22,2020-07-01,source_situation_dates_known,,,all_agriculture_not_durian_specific,5b8f6f67-2c20-47dd-a40a-dc647fc2ac05,414,https://catalog.disaster.go.th/dataset/7bdbedaf-f9cd-4c42-893a-0c88ad65b2f5/resource/5b8f6f67-2c20-47dd-a40a-dc647fc2ac05/download/gd028_2563_final.csv,CSV
33,ศรีสะเกษ,2563,local_area_record,กันทรารมย์,ผักแพว,6,18/02/2020,2020-02-18,2020-06-11,2020-06-22,source_situation_dates_known,,,all_agriculture_not_durian_specific,5b8f6f67-2c20-47dd-a40a-dc647fc2ac05,4374,https://catalog.disaster.go.th/dataset/7bdbedaf-f9cd-4c42-893a-0c88ad65b2f5/resource/5b8f6f67-2c20-47dd-a40a-dc647fc2ac05/download/gd028_2563_final.csv,CSV
33,ศรีสะเกษ,2563,local_area_record,กันทรารมย์,ผักแพว,18,18/02/2020,2020-02-18,2020-06-11,2020-06-22,source_situation_dates_known,,,all_agriculture_not_durian_specific,5b8f6f67-2c20-47dd-a40a-dc647fc2ac05,4375,https://catalog.disaster.go.th/dataset/7bdbedaf-f9cd-4c42-893a-0c88ad65b2f5/resource/5b8f6f67-2c20-47dd-a40a-dc647fc2ac05/download/gd028_2563_final.csv,CSV
33,ศรีสะเกษ,2563,local_area_record,ขุขันธ์,กฤษณา,1,10/04/2020,2020-04-10,2020-05-31,2020-06-22,source_situation_dates_known,,,all_agriculture_not_durian_specific,5b8f6f67-2c20-47dd-a40a-dc647fc2ac05,4376,https://catalog.disaster.go.th/dataset/7bdbedaf-f9cd-4c42-893a-0c88ad65b2f5/resource/5b8f6f67-2c20-47dd-a40a-dc647fc2ac05/download/gd028_2563_final.csv,CSV
33,ศรีสะเกษ,2563,local_area_record,ขุขันธ์,กฤษณา,2,10/04/2020,2020-04-10,2020-05-31,2020-06-22,source_situation_dates_known,,,all_agriculture_not_durian_specific,5b8f6f67-2c20-47dd-a40a-dc647fc2ac05,4377,https://catalog.disaster.go.th/dataset/7bdbedaf-f9cd-4c42-893a-0c88ad65b2f5/resource/5b8f6f67-2c20-47dd-a40a-dc647fc2ac05/download/gd028_2563_final.csv,CSV
33,ศรีสะเกษ,2563,local_area_record,ขุขันธ์,กฤษณา,3,10/04/2020,2020-04-10,2020-05-31,2020-06-22,source_situation_dates_known,,,all_agriculture_not_durian_specific,5b8f6f67-2c20-47dd-a40a-dc647fc2ac05,4378,https://catalog.disaster.go.th/dataset/7bdbedaf-f9cd-4c42-893a-0c88ad65b2f5/resource/5b8f6f67-2c20-47dd-a40a-dc647fc2ac05/download/gd028_2563_final.csv,CSV
33,ศรีสะเกษ,2563,local_area_record,ขุขันธ์,กฤษณา,4,10/04/2020,2020-04-10,2020-05-31,2020-06-22,source_situation_dates_known,,,all_agriculture_not_durian_specific,5b8f6f67-2c20-47dd-a40a-dc647fc2ac05,4379,https://catalog.disaster.go.th/dataset/7bdbedaf-f9cd-4c42-893a-0c88ad65b2f5/resource/5b8f6f67-2c20-47dd-a40a-dc647fc2ac05/download/gd028_2563_final.csv,CSV
33,ศรีสะเกษ,2563,local_area_record,ขุขันธ์,กฤษณา,5,10/04/2020,2020-04-10,2020-05-31,2020-06-22,source_situation_dates_known,,,all_agriculture_not_durian_specific,5b8f6f67-2c20-47dd-a40a-dc647fc2ac05,4380,https://catalog.disaster.go.th/dataset/7bdbedaf-f9cd-4c42-893a-0c88ad65b2f5/resource/5b8f6f67-2c20-47dd-a40a-dc647fc2ac05/download/gd028_2563_final.csv,CSV
33,ศรีสะเกษ,2563,local_area_record,ขุขันธ์,กฤษณา,6,10/04/2020,2020-04-10,2020-05-31,2020-06-22,source_situation_dates_known,,,all_agriculture_not_durian_specific,5b8f6f67-2c20-47dd-a40a-dc647fc2ac05,4381,https://catalog.disaster.go.th/dataset/7bdbedaf-f9cd-4c42-893a-0c88ad65b2f5/resource/5b8f6f67-2c20-47dd-a40a-dc647fc2ac05/download/gd028_2563_final.csv,CSV
33,ศรีสะเกษ,2563,local_area_record,ขุขันธ์,กฤษณา,7,10/04/2020,2020-04-10,2020-05-31,2020-06-22,source_situation_dates_known,,,all_agriculture_not_durian_specific,5b8f6f67-2c20-47dd-a40a-dc647fc2ac05,4382,https://catalog.disaster.go.th/dataset/7bdbedaf-f9cd-4c42-893a-0c88ad65b2f5/resource/5b8f6f67-2c20-47dd-a40a-dc647fc2ac05/download/gd028_2563_final.csv,CSV
33,ศรีสะเกษ,2563,local_area_record,ขุขันธ์,กฤษณา,8,10/04/2020,2020-04-10,2020-05-31,2020-06-22,source_situation_dates_known,,,all_agriculture_not_durian_specific,5b8f6f67-2c20-47dd-a40a-dc647fc2ac05,4383,https://catalog.disaster.go.th/dataset/7bdbedaf-f9cd-4c42-893a-0c88ad65b2f5/resource/5b8f6f67-2c20-47dd-a40a-dc647fc2ac05/download/gd028_2563_final.csv,CSV
33,ศรีสะเกษ,2563,local_area_record,ขุขันธ์,กฤษณา,9,10/04/2020,2020-04-10,2020-05-31,2020-06-22,source_situation_dates_known,,,all_agriculture_not_durian_specific,5b8f6f67-2c20-47dd-a40a-dc647fc2ac05,4384,https://catalog.disaster.go.th/dataset/7bdbedaf-f9cd-4c42-893a-0c88ad65b2f5/resource/5b8f6f67-2c20-47dd-a40a-dc647fc2ac05/download/gd028_2563_final.csv,CSV
33,ศรีสะเกษ,2563,local_area_record,ขุขันธ์,กฤษณา,10,10/04/2020,2020-04-10,2020-05-31,2020-06-22,source_situation_dates_known,,,all_agriculture_not_durian_specific,5b8f6f67-2c20-47dd-a40a-dc647fc2ac05,4385,https://catalog.disaster.go.th/dataset/7bdbedaf-f9cd-4c42-893a-0c88ad65b2f5/resource/5b8f6f67-2c20-47dd-a40a-dc647fc2ac05/download/gd028_2563_final.csv,CSV
33,ศรีสะเกษ,2563,local_area_record,ขุขันธ์,กฤษณา,11,10/04/2020,2020-04-10,2020-05-31,2020-06-22,source_situation_dates_known,,,all_agriculture_not_durian_specific,5b8f6f67-2c20-47dd-a40a-dc647fc2ac05,4386,https://catalog.disaster.go.th/dataset/7bdbedaf-f9cd-4c42-893a-0c88ad65b2f5/resource/5b8f6f67-2c20-47dd-a40a-dc647fc2ac05/download/gd028_2563_final.csv,CSV
33,ศรีสะเกษ,2563,local_area_record,ขุขันธ์,กฤษณา,12,10/04/2020,2020-04-10,2020-05-31,2020-06-22,source_situation_dates_known,,,all_agriculture_not_durian_specific,5b8f6f67-2c20-47dd-a40a-dc647fc2ac05,4387,https://catalog.disaster.go.th/dataset/7bdbedaf-f9cd-4c42-893a-0c88ad65b2f5/resource/5b8f6f67-2c20-47dd-a40a-dc647fc2ac05/download/gd028_2563_final.csv,CSV
33,ศรีสะเกษ,2563,local_area_record,ขุขันธ์,กฤษณา,13,10/04/2020,2020-04-10,2020-05-31,2020-06-22,source_situation_dates_known,,,all_agriculture_not_durian_specific,5b8f6f67-2c20-47dd-a40a-dc647fc2ac05,4388,https://catalog.disaster.go.th/dataset/7bdbedaf-f9cd-4c42-893a-0c88ad65b2f5/resource/5b8f6f67-2c20-47dd-a40a-dc647fc2ac05/download/gd028_2563_final.csv,CSV
33,ศรีสะเกษ,2563,local_area_record,ขุขันธ์,โคกเพชร,1,20/03/2020,2020-03-20,2020-05-31,2020-06-22,source_situation_dates_known,,,all_agriculture_not_durian_specific,5b8f6f67-2c20-47dd-a40a-dc647fc2ac05,4389,https://catalog.disaster.go.th/dataset/7bdbedaf-f9cd-4c42-893a-0c88ad65b2f5/resource/5b8f6f67-2c20-47dd-a40a-dc647fc2ac05/download/gd028_2563_final.csv,CSV
33,ศรีสะเกษ,2563,local_area_record,ขุขันธ์,โคกเพชร,2,20/03/2020,2020-03-20,2020-05-31,2020-06-22,source_situation_dates_known,,,all_agriculture_not_durian_specific,5b8f6f67-2c20-47dd-a40a-dc647fc2ac05,4390,https://catalog.disaster.go.th/dataset/7bdbedaf-f9cd-4c42-893a-0c88ad65b2f5/resource/5b8f6f67-2c20-47dd-a40a-dc647fc2ac05/download/gd028_2563_final.csv,CSV
33,ศรีสะเกษ,2563,local_area_record,ขุขันธ์,โคกเพชร,3,20/03/2020,2020-03-20,2020-05-31,2020-06-22,source_situation_dates_known,,,all_agriculture_not_durian_specific,5b8f6f67-2c20-47dd-a40a-dc647fc2ac05,4391,https://catalog.disaster.go.th/dataset/7bdbedaf-f9cd-4c42-893a-0c88ad65b2f5/resource/5b8f6f67-2c20-47dd-a40a-dc647fc2ac05/download/gd028_2563_final.csv,CSV
33,ศรีสะเกษ,2563,local_area_record,ขุขันธ์,โคกเพชร,4,20/03/2020,2020-03-20,2020-05-31,2020-06-22,source_situation_dates_known,,,all_agriculture_not_durian_specific,5b8f6f67-2c20-47dd-a40a-dc647fc2ac05,4392,https://catalog.disaster.go.th/dataset/7bdbedaf-f9cd-4c42-893a-0c88ad65b2f5/resource/5b8f6f67-2c20-47dd-a40a-dc647fc2ac05/download/gd028_2563_final.csv,CSV
33,ศรีสะเกษ,2563,local_area_record,ขุขันธ์,โคกเพชร,5,20/03/2020,2020-03-20,2020-05-31,2020-06-22,source_situation_dates_known,,,all_agriculture_not_durian_specific,5b8f6f67-2c20-47dd-a40a-dc647fc2ac05,4393,https://catalog.disaster.go.th/dataset/7bdbedaf-f9cd-4c42-893a-0c88ad65b2f5/resource/5b8f6f67-2c20-47dd-a40a-dc647fc2ac05/download/gd028_2563_final.csv,CSV
33,ศรีสะเกษ,2563,local_area_record,ขุขันธ์,โคกเพชร,6,20/03/2020,2020-03-20,2020-05-31,2020-06-22,source_situation_dates_known,,,all_agriculture_not_durian_specific,5b8f6f67-2c20-47dd-a40a-dc647fc2ac05,4394,https://catalog.disaster.go.th/dataset/7bdbedaf-f9cd-4c42-893a-0c88ad65b2f5/resource/5b8f6f67-2c20-47dd-a40a-dc647fc2ac05/download/gd028_2563_final.csv,CSV
33,ศรีสะเกษ,2563,local_area_record,ขุขันธ์,โคกเพชร,7,20/03/2020,2020-03-20,2020-05-31,2020-06-22,source_situation_dates_known,,,all_agriculture_not_durian_specific,5b8f6f67-2c20-47dd-a40a-dc647fc2ac05,4395,https://catalog.disaster.go.th/dataset/7bdbedaf-f9cd-4c42-893a-0c88ad65b2f5/resource/5b8f6f67-2c20-47dd-a40a-dc647fc2ac05/download/gd028_2563_final.csv,CSV
33,ศรีสะเกษ,2563,local_area_record,ขุขันธ์,โคกเพชร,8,20/03/2020,2020-03-20,2020-05-31,2020-06-22,source_situation_dates_known,,,all_agriculture_not_durian_specific,5b8f6f67-2c20-47dd-a40a-dc647fc2ac05,4396,https://catalog.disaster.go.th/dataset/7bdbedaf-f9cd-4c42-893a-0c88ad65b2f5/resource/5b8f6f67-2c20-47dd-a40a-dc647fc2ac05/download/gd028_2563_final.csv,CSV
33,ศรีสะเกษ,2563,local_area_record,ขุขันธ์,โคกเพชร,9,20/03/2020,2020-03-20,2020-05-31,2020-06-22,source_situation_dates_known,,,all_agriculture_not_durian_specific,5b8f6f67-2c20-47dd-a40a-dc647fc2ac05,4397,https://catalog.disaster.go.th/dataset/7bdbedaf-f9cd-4c42-893a-0c88ad65b2f5/resource/5b8f6f67-2c20-47dd-a40a-dc647fc2ac05/download/gd028_2563_final.csv,CSV
33,ศรีสะเกษ,2563,local_area_record,ขุขันธ์,โคกเพชร,10,20/03/2020,2020-03-20,2020-05-31,2020-06-22,source_situation_dates_known,,,all_agriculture_not_durian_specific,5b8f6f67-2c20-47dd-a40a-dc647fc2ac05,4398,https://catalog.disaster.go.th/dataset/7bdbedaf-f9cd-4c42-893a-0c88ad65b2f5/resource/5b8f6f67-2c20-47dd-a40a-dc647fc2ac05/download/gd028_2563_final.csv,CSV
33,ศรีสะเกษ,2563,local_area_record,ขุขันธ์,โคกเพชร,11,20/03/2020,2020-03-20,2020-05-31,2020-06-22,source_situation_dates_known,,,all_agriculture_not_durian_specific,5b8f6f67-2c20-47dd-a40a-dc647fc2ac05,4399,https://catalog.disaster.go.th/dataset/7bdbedaf-f9cd-4c42-893a-0c88ad65b2f5/resource/5b8f6f67-2c20-47dd-a40a-dc647fc2ac05/download/gd028_2563_final.csv,CSV
33,ศรีสะเกษ,2563,local_area_record,ขุขันธ์,ใจดี,1,20/03/2020,2020-03-20,2020-05-31,2020-06-22,source_situation_dates_known,,,all_agriculture_not_durian_specific,5b8f6f67-2c20-47dd-a40a-dc647fc2ac05,4400,https://catalog.disaster.go.th/dataset/7bdbedaf-f9cd-4c42-893a-0c88ad65b2f5/resource/5b8f6f67-2c20-47dd-a40a-dc647fc2ac05/download/gd028_2563_final.csv,CSV
33,ศรีสะเกษ,2563,local_area_record,ขุขันธ์,ใจดี,4,20/03/2020,2020-03-20,2020-05-31,2020-06-22,source_situation_dates_known,,,all_agriculture_not_durian_specific,5b8f6f67-2c20-47dd-a40a-dc647fc2ac05,4401,https://catalog.disaster.go.th/dataset/7bdbedaf-f9cd-4c42-893a-0c88ad65b2f5/resource/5b8f6f67-2c20-47dd-a40a-dc647fc2ac05/download/gd028_2563_final.csv,CSV
33,ศรีสะเกษ,2563,local_area_record,ขุขันธ์,ใจดี,5,20/03/2020,2020-03-20,2020-05-31,2020-06-22,source_situation_dates_known,,,all_agriculture_not_durian_specific,5b8f6f67-2c20-47dd-a40a-dc647fc2ac05,4402,https://catalog.disaster.go.th/dataset/7bdbedaf-f9cd-4c42-893a-0c88ad65b2f5/resource/5b8f6f67-2c20-47dd-a40a-dc647fc2ac05/download/gd028_2563_final.csv,CSV
33,ศรีสะเกษ,2563,local_area_record,ขุขันธ์,ใจดี,6,20/03/2020,2020-03-20,2020-05-31,2020-06-22,source_situation_dates_known,,,all_agriculture_not_durian_specific,5b8f6f67-2c20-47dd-a40a-dc647fc2ac05,4403,https://catalog.disaster.go.th/dataset/7bdbedaf-f9cd-4c42-893a-0c88ad65b2f5/resource/5b8f6f67-2c20-47dd-a40a-dc647fc2ac05/download/gd028_2563_final.csv,CSV
33,ศรีสะเกษ,2563,local_area_record,ขุขันธ์,ใจดี,7,20/03/2020,2020-03-20,2020-05-31,2020-06-22,source_situation_dates_known,,,all_agriculture_not_durian_specific,5b8f6f67-2c20-47dd-a40a-dc647fc2ac05,4404,https://catalog.disaster.go.th/dataset/7bdbedaf-f9cd-4c42-893a-0c88ad65b2f5/resource/5b8f6f67-2c20-47dd-a40a-dc647fc2ac05/download/gd028_2563_final.csv,CSV
33,ศรีสะเกษ,2563,local_area_record,ขุขันธ์,ใจดี,10,20/03/2020,2020-03-20,2020-05-31,2020-06-22,source_situation_dates_known,,,all_agriculture_not_durian_specific,5b8f6f67-2c20-47dd-a40a-dc647fc2ac05,4405,https://catalog.disaster.go.th/dataset/7bdbedaf-f9cd-4c42-893a-0c88ad65b2f5/resource/5b8f6f67-2c20-47dd-a40a-dc647fc2ac05/download/gd028_2563_final.csv,CSV
33,ศรีสะเกษ,2563,local_area_record,ขุขันธ์,ใจดี,11,20/03/2020,2020-03-20,2020-05-31,2020-06-22,source_situation_dates_known,,,all_agriculture_not_durian_specific,5b8f6f67-2c20-47dd-a40a-dc647fc2ac05,4406,https://catalog.disaster.go.th/dataset/7bdbedaf-f9cd-4c42-893a-0c88ad65b2f5/resource/5b8f6f67-2c20-47dd-a40a-dc647fc2ac05/download/gd028_2563_final.csv,CSV
33,ศรีสะเกษ,2563,local_area_record,ขุขันธ์,ดองกำเม็ด,1,20/03/2020,2020-03-20,2020-05-31,2020-06-22,source_situation_dates_known,,,all_agriculture_not_durian_specific,5b8f6f67-2c20-47dd-a40a-dc647fc2ac05,4407,https://catalog.disaster.go.th/dataset/7bdbedaf-f9cd-4c42-893a-0c88ad65b2f5/resource/5b8f6f67-2c20-47dd-a40a-dc647fc2ac05/download/gd028_2563_final.csv,CSV
33,ศรีสะเกษ,2563,local_area_record,ขุขันธ์,ดองกำเม็ด,2,20/03/2020,2020-03-20,2020-05-31,2020-06-22,source_situation_dates_known,,,all_agriculture_not_durian_specific,5b8f6f67-2c20-47dd-a40a-dc647fc2ac05,4408,https://catalog.disaster.go.th/dataset/7bdbedaf-f9cd-4c42-893a-0c88ad65b2f5/resource/5b8f6f67-2c20-47dd-a40a-dc647fc2ac05/download/gd028_2563_final.csv,CSV
33,ศรีสะเกษ,2563,local_area_record,ขุขันธ์,ดองกำเม็ด,3,20/03/2020,2020-03-20,2020-05-31,2020-06-22,source_situation_dates_known,,,all_agriculture_not_durian_specific,5b8f6f67-2c20-47dd-a40a-dc647fc2ac05,4409,https://catalog.disaster.go.th/dataset/7bdbedaf-f9cd-4c42-893a-0c88ad65b2f5/resource/5b8f6f67-2c20-47dd-a40a-dc647fc2ac05/download/gd028_2563_final.csv,CSV
33,ศรีสะเกษ,2563,local_area_record,ขุขันธ์,ดองกำเม็ด,4,20/03/2020,2020-03-20,2020-05-31,2020-06-22,source_situation_dates_known,,,all_agriculture_not_durian_specific,5b8f6f67-2c20-47dd-a40a-dc647fc2ac05,4410,https://catalog.disaster.go.th/dataset/7bdbedaf-f9cd-4c42-893a-0c88ad65b2f5/resource/5b8f6f67-2c20-47dd-a40a-dc647fc2ac05/download/gd028_2563_final.csv,CSV
33,ศรีสะเกษ,2563,local_area_record,ขุขันธ์,ดองกำเม็ด,5,20/03/2020,2020-03-20,2020-05-31,2020-06-22,source_situation_dates_known,,,all_agriculture_not_durian_specific,5b8f6f67-2c20-47dd-a40a-dc647fc2ac05,4411,https://catalog.disaster.go.th/dataset/7bdbedaf-f9cd-4c42-893a-0c88ad65b2f5/resource/5b8f6f67-2c20-47dd-a40a-dc647fc2ac05/download/gd028_2563_final.csv,CSV
33,ศรีสะเกษ,2563,local_area_record,ขุขันธ์,ดองกำเม็ด,6,20/03/2020,2020-03-20,2020-05-31,2020-06-22,source_situation_dates_known,,,all_agriculture_not_durian_specific,5b8f6f67-2c20-47dd-a40a-dc647fc2ac05,4412,https://catalog.disaster.go.th/dataset/7bdbedaf-f9cd-4c42-893a-0c88ad65b2f5/resource/5b8f6f67-2c20-47dd-a40a-dc647fc2ac05/download/gd028_2563_final.csv,CSV
33,ศรีสะเกษ,2563,local_area_record,ขุขันธ์,ดองกำเม็ด,7,20/03/2020,2020-03-20,2020-05-31,2020-06-22,source_situation_dates_known,,,all_agriculture_not_durian_specific,5b8f6f67-2c20-47dd-a40a-dc647fc2ac05,4413,https://catalog.disaster.go.th/dataset/7bdbedaf-f9cd-4c42-893a-0c88ad65b2f5/resource/5b8f6f67-2c20-47dd-a40a-dc647fc2ac05/download/gd028_2563_final.csv,CSV
33,ศรีสะเกษ,2563,local_area_record,ขุขันธ์,ดองกำเม็ด,8,20/03/2020,2020-03-20,2020-05-31,2020-06-22,source_situation_dates_known,,,all_agriculture_not_durian_specific,5b8f6f67-2c20-47dd-a40a-dc647fc2ac05,4414,https://catalog.disaster.go.th/dataset/7bdbedaf-f9cd-4c42-893a-0c88ad65b2f5/resource/5b8f6f67-2c20-47dd-a40a-dc647fc2ac05/download/gd028_2563_final.csv,CSV
33,ศรีสะเกษ,2563,local_area_record,ขุขันธ์,ดองกำเม็ด,9,20/03/2020,2020-03-20,2020-05-31,2020-06-22,source_situation_dates_known,,,all_agriculture_not_durian_specific,5b8f6f67-2c20-47dd-a40a-dc647fc2ac05,4415,https://catalog.disaster.go.th/dataset/7bdbedaf-f9cd-4c42-893a-0c88ad65b2f5/resource/5b8f6f67-2c20-47dd-a40a-dc647fc2ac05/download/gd028_2563_final.csv,CSV
33,ศรีสะเกษ,2563,local_area_record,ขุขันธ์,ดองกำเม็ด,10,20/03/2020,2020-03-20,2020-05-31,2020-06-22,source_situation_dates_known,,,all_agriculture_not_durian_specific,5b8f6f67-2c20-47dd-a40a-dc647fc2ac05,4416,https://catalog.disaster.go.th/dataset/7bdbedaf-f9cd-4c42-893a-0c88ad65b2f5/resource/5b8f6f67-2c20-47dd-a40a-dc647fc2ac05/download/gd028_2563_final.csv,CSV
33,ศรีสะเกษ,2563,local_area_record,ขุขันธ์,ดองกำเม็ด,11,20/03/2020,2020-03-20,2020-05-31,2020-06-22,source_situation_dates_known,,,all_agriculture_not_durian_specific,5b8f6f67-2c20-47dd-a40a-dc647fc2ac05,4417,https://catalog.disaster.go.th/dataset/7bdbedaf-f9cd-4c42-893a-0c88ad65b2f5/resource/5b8f6f67-2c20-47dd-a40a-dc647fc2ac05/download/gd028_2563_final.csv,CSV
33,ศรีสะเกษ,2563,local_area_record,ขุขันธ์,ตะเคียน,2,20/03/2020,2020-03-20,2020-05-31,2020-06-22,source_situation_dates_known,,,all_agriculture_not_durian_specific,5b8f6f67-2c20-47dd-a40a-dc647fc2ac05,4418,https://catalog.disaster.go.th/dataset/7bdbedaf-f9cd-4c42-893a-0c88ad65b2f5/resource/5b8f6f67-2c20-47dd-a40a-dc647fc2ac05/download/gd028_2563_final.csv,CSV
33,ศรีสะเกษ,2563,local_area_record,ขุขันธ์,ตะเคียน,3,20/03/2020,2020-03-20,2020-05-31,2020-06-22,source_situation_dates_known,,,all_agriculture_not_durian_specific,5b8f6f67-2c20-47dd-a40a-dc647fc2ac05,4419,https://catalog.disaster.go.th/dataset/7bdbedaf-f9cd-4c42-893a-0c88ad65b2f5/resource/5b8f6f67-2c20-47dd-a40a-dc647fc2ac05/download/gd028_2563_final.csv,CSV
33,ศรีสะเกษ,2563,local_area_record,ขุขันธ์,ตะเคียน,6,20/03/2020,2020-03-20,2020-05-31,2020-06-22,source_situation_dates_known,,,all_agriculture_not_durian_specific,5b8f6f67-2c20-47dd-a40a-dc647fc2ac05,4420,https://catalog.disaster.go.th/dataset/7bdbedaf-f9cd-4c42-893a-0c88ad65b2f5/resource/5b8f6f67-2c20-47dd-a40a-dc647fc2ac05/download/gd028_2563_final.csv,CSV
33,ศรีสะเกษ,2563,local_area_record,ขุขันธ์,ตะเคียน,10,20/03/2020,2020-03-20,2020-05-31,2020-06-22,source_situation_dates_known,,,all_agriculture_not_durian_specific,5b8f6f67-2c20-47dd-a40a-dc647fc2ac05,4421,https://catalog.disaster.go.th/dataset/7bdbedaf-f9cd-4c42-893a-0c88ad65b2f5/resource/5b8f6f67-2c20-47dd-a40a-dc647fc2ac05/download/gd028_2563_final.csv,CSV
33,ศรีสะเกษ,2563,local_area_record,ขุขันธ์,ตาอุด,1,20/03/2020,2020-03-20,2020-05-31,2020-06-22,source_situation_dates_known,,,all_agriculture_not_durian_specific,5b8f6f67-2c20-47dd-a40a-dc647fc2ac05,4422,https://catalog.disaster.go.th/dataset/7bdbedaf-f9cd-4c42-893a-0c88ad65b2f5/resource/5b8f6f67-2c20-47dd-a40a-dc647fc2ac05/download/gd028_2563_final.csv,CSV
33,ศรีสะเกษ,2563,local_area_record,ขุขันธ์,ตาอุด,2,20/03/2020,2020-03-20,2020-05-31,2020-06-22,source_situation_dates_known,,,all_agriculture_not_durian_specific,5b8f6f67-2c20-47dd-a40a-dc647fc2ac05,4423,https://catalog.disaster.go.th/dataset/7bdbedaf-f9cd-4c42-893a-0c88ad65b2f5/resource/5b8f6f67-2c20-47dd-a40a-dc647fc2ac05/download/gd028_2563_final.csv,CSV
33,ศรีสะเกษ,2563,local_area_record,ขุขันธ์,ตาอุด,3,20/03/2020,2020-03-20,2020-05-31,2020-06-22,source_situation_dates_known,,,all_agriculture_not_durian_specific,5b8f6f67-2c20-47dd-a40a-dc647fc2ac05,4424,https://catalog.disaster.go.th/dataset/7bdbedaf-f9cd-4c42-893a-0c88ad65b2f5/resource/5b8f6f67-2c20-47dd-a40a-dc647fc2ac05/download/gd028_2563_final.csv,CSV
33,ศรีสะเกษ,2563,local_area_record,ขุขันธ์,ตาอุด,4,20/03/2020,2020-03-20,2020-05-31,2020-06-22,source_situation_dates_known,,,all_agriculture_not_durian_specific,5b8f6f67-2c20-47dd-a40a-dc647fc2ac05,4425,https://catalog.disaster.go.th/dataset/7bdbedaf-f9cd-4c42-893a-0c88ad65b2f5/resource/5b8f6f67-2c20-47dd-a40a-dc647fc2ac05/download/gd028_2563_final.csv,CSV
33,ศรีสะเกษ,2563,local_area_record,ขุขันธ์,ตาอุด,5,20/03/2020,2020-03-20,2020-05-31,2020-06-22,source_situation_dates_known,,,all_agriculture_not_durian_specific,5b8f6f67-2c20-47dd-a40a-dc647fc2ac05,4426,https://catalog.disaster.go.th/dataset/7bdbedaf-f9cd-4c42-893a-0c88ad65b2f5/resource/5b8f6f67-2c20-47dd-a40a-dc647fc2ac05/download/gd028_2563_final.csv,CSV
33,ศรีสะเกษ,2563,local_area_record,ขุขันธ์,ตาอุด,6,20/03/2020,2020-03-20,2020-05-31,2020-06-22,source_situation_dates_known,,,all_agriculture_not_durian_specific,5b8f6f67-2c20-47dd-a40a-dc647fc2ac05,4427,https://catalog.disaster.go.th/dataset/7bdbedaf-f9cd-4c42-893a-0c88ad65b2f5/resource/5b8f6f67-2c20-47dd-a40a-dc647fc2ac05/download/gd028_2563_final.csv,CSV
33,ศรีสะเกษ,2563,local_area_record,ขุขันธ์,ตาอุด,7,20/03/2020,2020-03-20,2020-05-31,2020-06-22,source_situation_dates_known,,,all_agriculture_not_durian_specific,5b8f6f67-2c20-47dd-a40a-dc647fc2ac05,4428,https://catalog.disaster.go.th/dataset/7bdbedaf-f9cd-4c42-893a-0c88ad65b2f5/resource/5b8f6f67-2c20-47dd-a40a-dc647fc2ac05/download/gd028_2563_final.csv,CSV
33,ศรีสะเกษ,2563,local_area_record,ขุขันธ์,ตาอุด,8,20/03/2020,2020-03-20,2020-05-31,2020-06-22,source_situation_dates_known,,,all_agriculture_not_durian_specific,5b8f6f67-2c20-47dd-a40a-dc647fc2ac05,4429,https://catalog.disaster.go.th/dataset/7bdbedaf-f9cd-4c42-893a-0c88ad65b2f5/resource/5b8f6f67-2c20-47dd-a40a-dc647fc2ac05/download/gd028_2563_final.csv,CSV
33,ศรีสะเกษ,2563,local_area_record,ขุขันธ์,ตาอุด,9,20/03/2020,2020-03-20,2020-05-31,2020-06-22,source_situation_dates_known,,,all_agriculture_not_durian_specific,5b8f6f67-2c20-47dd-a40a-dc647fc2ac05,4430,https://catalog.disaster.go.th/dataset/7bdbedaf-f9cd-4c42-893a-0c88ad65b2f5/resource/5b8f6f67-2c20-47dd-a40a-dc647fc2ac05/download/gd028_2563_final.csv,CSV
33,ศรีสะเกษ,2563,local_area_record,ขุขันธ์,ลมศักดิ์,1,20/03/2020,2020-03-20,2020-05-31,2020-06-22,source_situation_dates_known,,,all_agriculture_not_durian_specific,5b8f6f67-2c20-47dd-a40a-dc647fc2ac05,4431,https://catalog.disaster.go.th/dataset/7bdbedaf-f9cd-4c42-893a-0c88ad65b2f5/resource/5b8f6f67-2c20-47dd-a40a-dc647fc2ac05/download/gd028_2563_final.csv,CSV
33,ศรีสะเกษ,2563,local_area_record,ขุขันธ์,ลมศักดิ์,2,20/03/2020,2020-03-20,2020-05-31,2020-06-22,source_situation_dates_known,,,all_agriculture_not_durian_specific,5b8f6f67-2c20-47dd-a40a-dc647fc2ac05,4432,https://catalog.disaster.go.th/dataset/7bdbedaf-f9cd-4c42-893a-0c88ad65b2f5/resource/5b8f6f67-2c20-47dd-a40a-dc647fc2ac05/download/gd028_2563_final.csv,CSV
33,ศรีสะเกษ,2563,local_area_record,ขุขันธ์,ลมศักดิ์,3,20/03/2020,2020-03-20,2020-05-31,2020-06-22,source_situation_dates_known,,,all_agriculture_not_durian_specific,5b8f6f67-2c20-47dd-a40a-dc647fc2ac05,4433,https://catalog.disaster.go.th/dataset/7bdbedaf-f9cd-4c42-893a-0c88ad65b2f5/resource/5b8f6f67-2c20-47dd-a40a-dc647fc2ac05/download/gd028_2563_final.csv,CSV
33,ศรีสะเกษ,2563,local_area_record,ขุขันธ์,ลมศักดิ์,4,20/03/2020,2020-03-20,2020-05-31,2020-06-22,source_situation_dates_known,,,all_agriculture_not_durian_specific,5b8f6f67-2c20-47dd-a40a-dc647fc2ac05,4434,https://catalog.disaster.go.th/dataset/7bdbedaf-f9cd-4c42-893a-0c88ad65b2f5/resource/5b8f6f67-2c20-47dd-a40a-dc647fc2ac05/download/gd028_2563_final.csv,CSV
33,ศรีสะเกษ,2563,local_area_record,ขุขันธ์,ลมศักดิ์,5,20/03/2020,2020-03-20,2020-05-31,2020-06-22,source_situation_dates_known,,,all_agriculture_not_durian_specific,5b8f6f67-2c20-47dd-a40a-dc647fc2ac05,4435,https://catalog.disaster.go.th/dataset/7bdbedaf-f9cd-4c42-893a-0c88ad65b2f5/resource/5b8f6f67-2c20-47dd-a40a-dc647fc2ac05/download/gd028_2563_final.csv,CSV
33,ศรีสะเกษ,2563,local_area_record,ขุขันธ์,ลมศักดิ์,6,20/03/2020,2020-03-20,2020-05-31,2020-06-22,source_situation_dates_known,,,all_agriculture_not_durian_specific,5b8f6f67-2c20-47dd-a40a-dc647fc2ac05,4436,https://catalog.disaster.go.th/dataset/7bdbedaf-f9cd-4c42-893a-0c88ad65b2f5/resource/5b8f6f67-2c20-47dd-a40a-dc647fc2ac05/download/gd028_2563_final.csv,CSV
33,ศรีสะเกษ,2563,local_area_record,ขุขันธ์,ลมศักดิ์,7,20/03/2020,2020-03-20,2020-05-31,2020-06-22,source_situation_dates_known,,,all_agriculture_not_durian_specific,5b8f6f67-2c20-47dd-a40a-dc647fc2ac05,4437,https://catalog.disaster.go.th/dataset/7bdbedaf-f9cd-4c42-893a-0c88ad65b2f5/resource/5b8f6f67-2c20-47dd-a40a-dc647fc2ac05/download/gd028_2563_final.csv,CSV
33,ศรีสะเกษ,2563,local_area_record,ขุขันธ์,ลมศักดิ์,8,20/03/2020,2020-03-20,2020-05-31,2020-06-22,source_situation_dates_known,,,all_agriculture_not_durian_specific,5b8f6f67-2c20-47dd-a40a-dc647fc2ac05,4438,https://catalog.disaster.go.th/dataset/7bdbedaf-f9cd-4c42-893a-0c88ad65b2f5/resource/5b8f6f67-2c20-47dd-a40a-dc647fc2ac05/download/gd028_2563_final.csv,CSV
33,ศรีสะเกษ,2563,local_area_record,ขุขันธ์,ลมศักดิ์,9,20/03/2020,2020-03-20,2020-05-31,2020-06-22,source_situation_dates_known,,,all_agriculture_not_durian_specific,5b8f6f67-2c20-47dd-a40a-dc647fc2ac05,4439,https://catalog.disaster.go.th/dataset/7bdbedaf-f9cd-4c42-893a-0c88ad65b2f5/resource/5b8f6f67-2c20-47dd-a40a-dc647fc2ac05/download/gd028_2563_final.csv,CSV
33,ศรีสะเกษ,2563,local_area_record,ขุขันธ์,ลมศักดิ์,10,20/03/2020,2020-03-20,2020-05-31,2020-06-22,source_situation_dates_known,,,all_agriculture_not_durian_specific,5b8f6f67-2c20-47dd-a40a-dc647fc2ac05,4440,https://catalog.disaster.go.th/dataset/7bdbedaf-f9cd-4c42-893a-0c88ad65b2f5/resource/5b8f6f67-2c20-47dd-a40a-dc647fc2ac05/download/gd028_2563_final.csv,CSV
33,ศรีสะเกษ,2563,local_area_record,ขุขันธ์,ลมศักดิ์,11,20/03/2020,2020-03-20,2020-05-31,2020-06-22,source_situation_dates_known,,,all_agriculture_not_durian_specific,5b8f6f67-2c20-47dd-a40a-dc647fc2ac05,4441,https://catalog.disaster.go.th/dataset/7bdbedaf-f9cd-4c42-893a-0c88ad65b2f5/resource/5b8f6f67-2c20-47dd-a40a-dc647fc2ac05/download/gd028_2563_final.csv,CSV
33,ศรีสะเกษ,2563,local_area_record,ขุขันธ์,โสน,1,20/03/2020,2020-03-20,2020-05-31,2020-06-22,source_situation_dates_known,,,all_agriculture_not_durian_specific,5b8f6f67-2c20-47dd-a40a-dc647fc2ac05,4442,https://catalog.disaster.go.th/dataset/7bdbedaf-f9cd-4c42-893a-0c88ad65b2f5/resource/5b8f6f67-2c20-47dd-a40a-dc647fc2ac05/download/gd028_2563_final.csv,CSV
33,ศรีสะเกษ,2563,local_area_record,ขุขันธ์,โสน,2,20/03/2020,2020-03-20,2020-05-31,2020-06-22,source_situation_dates_known,,,all_agriculture_not_durian_specific,5b8f6f67-2c20-47dd-a40a-dc647fc2ac05,4443,https://catalog.disaster.go.th/dataset/7bdbedaf-f9cd-4c42-893a-0c88ad65b2f5/resource/5b8f6f67-2c20-47dd-a40a-dc647fc2ac05/download/gd028_2563_final.csv,CSV
33,ศรีสะเกษ,2563,local_area_record,ขุขันธ์,โสน,3,20/03/2020,2020-03-20,2020-05-31,2020-06-22,source_situation_dates_known,,,all_agriculture_not_durian_specific,5b8f6f67-2c20-47dd-a40a-dc647fc2ac05,4444,https://catalog.disaster.go.th/dataset/7bdbedaf-f9cd-4c42-893a-0c88ad65b2f5/resource/5b8f6f67-2c20-47dd-a40a-dc647fc2ac05/download/gd028_2563_final.csv,CSV
33,ศรีสะเกษ,2563,local_area_record,ขุขันธ์,โสน,4,20/03/2020,2020-03-20,2020-05-31,2020-06-22,source_situation_dates_known,,,all_agriculture_not_durian_specific,5b8f6f67-2c20-47dd-a40a-dc647fc2ac05,4445,https://catalog.disaster.go.th/dataset/7bdbedaf-f9cd-4c42-893a-0c88ad65b2f5/resource/5b8f6f67-2c20-47dd-a40a-dc647fc2ac05/download/gd028_2563_final.csv,CSV
33,ศรีสะเกษ,2563,local_area_record,ขุขันธ์,โสน,5,20/03/2020,2020-03-20,2020-05-31,2020-06-22,source_situation_dates_known,,,all_agriculture_not_durian_specific,5b8f6f67-2c20-47dd-a40a-dc647fc2ac05,4446,https://catalog.disaster.go.th/dataset/7bdbedaf-f9cd-4c42-893a-0c88ad65b2f5/resource/5b8f6f67-2c20-47dd-a40a-dc647fc2ac05/download/gd028_2563_final.csv,CSV
33,ศรีสะเกษ,2563,local_area_record,ขุขันธ์,โสน,6,20/03/2020,2020-03-20,2020-05-31,2020-06-22,source_situation_dates_known,,,all_agriculture_not_durian_specific,5b8f6f67-2c20-47dd-a40a-dc647fc2ac05,4447,https://catalog.disaster.go.th/dataset/7bdbedaf-f9cd-4c42-893a-0c88ad65b2f5/resource/5b8f6f67-2c20-47dd-a40a-dc647fc2ac05/download/gd028_2563_final.csv,CSV
33,ศรีสะเกษ,2563,local_area_record,ขุขันธ์,โสน,7,20/03/2020,2020-03-20,2020-05-31,2020-06-22,source_situation_dates_known,,,all_agriculture_not_durian_specific,5b8f6f67-2c20-47dd-a40a-dc647fc2ac05,4448,https://catalog.disaster.go.th/dataset/7bdbedaf-f9cd-4c42-893a-0c88ad65b2f5/resource/5b8f6f67-2c20-47dd-a40a-dc647fc2ac05/download/gd028_2563_final.csv,CSV
33,ศรีสะเกษ,2563,local_area_record,ขุขันธ์,โสน,8,20/03/2020,2020-03-20,2020-05-31,2020-06-22,source_situation_dates_known,,,all_agriculture_not_durian_specific,5b8f6f67-2c20-47dd-a40a-dc647fc2ac05,4449,https://catalog.disaster.go.th/dataset/7bdbedaf-f9cd-4c42-893a-0c88ad65b2f5/resource/5b8f6f67-2c20-47dd-a40a-dc647fc2ac05/download/gd028_2563_final.csv,CSV
33,ศรีสะเกษ,2563,local_area_record,ขุขันธ์,โสน,9,20/03/2020,2020-03-20,2020-05-31,2020-06-22,source_situation_dates_known,,,all_agriculture_not_durian_specific,5b8f6f67-2c20-47dd-a40a-dc647fc2ac05,4450,https://catalog.disaster.go.th/dataset/7bdbedaf-f9cd-4c42-893a-0c88ad65b2f5/resource/5b8f6f67-2c20-47dd-a40a-dc647fc2ac05/download/gd028_2563_final.csv,CSV
33,ศรีสะเกษ,2563,local_area_record,ขุขันธ์,โสน,10,20/03/2020,2020-03-20,2020-05-31,2020-06-22,source_situation_dates_known,,,all_agriculture_not_durian_specific,5b8f6f67-2c20-47dd-a40a-dc647fc2ac05,4451,https://catalog.disaster.go.th/dataset/7bdbedaf-f9cd-4c42-893a-0c88ad65b2f5/resource/5b8f6f67-2c20-47dd-a40a-dc647fc2ac05/download/gd028_2563_final.csv,CSV
33,ศรีสะเกษ,2563,local_area_record,ขุขันธ์,โสน,11,20/03/2020,2020-03-20,2020-05-31,2020-06-22,source_situation_dates_known,,,all_agriculture_not_durian_specific,5b8f6f67-2c20-47dd-a40a-dc647fc2ac05,4452,https://catalog.disaster.go.th/dataset/7bdbedaf-f9cd-4c42-893a-0c88ad65b2f5/resource/5b8f6f67-2c20-47dd-a40a-dc647fc2ac05/download/gd028_2563_final.csv,CSV
33,ศรีสะเกษ,2563,local_area_record,ขุขันธ์,โสน,12,20/03/2020,2020-03-20,2020-05-31,2020-06-22,source_situation_dates_known,,,all_agriculture_not_durian_specific,5b8f6f67-2c20-47dd-a40a-dc647fc2ac05,4453,https://catalog.disaster.go.th/dataset/7bdbedaf-f9cd-4c42-893a-0c88ad65b2f5/resource/5b8f6f67-2c20-47dd-a40a-dc647fc2ac05/download/gd028_2563_final.csv,CSV
33,ศรีสะเกษ,2563,local_area_record,ขุขันธ์,โสน,13,20/03/2020,2020-03-20,2020-05-31,2020-06-22,source_situation_dates_known,,,all_agriculture_not_durian_specific,5b8f6f67-2c20-47dd-a40a-dc647fc2ac05,4454,https://catalog.disaster.go.th/dataset/7bdbedaf-f9cd-4c42-893a-0c88ad65b2f5/resource/5b8f6f67-2c20-47dd-a40a-dc647fc2ac05/download/gd028_2563_final.csv,CSV
33,ศรีสะเกษ,2563,local_area_record,ขุขันธ์,โสน,14,20/03/2020,2020-03-20,2020-05-31,2020-06-22,source_situation_dates_known,,,all_agriculture_not_durian_specific,5b8f6f67-2c20-47dd-a40a-dc647fc2ac05,4455,https://catalog.disaster.go.th/dataset/7bdbedaf-f9cd-4c42-893a-0c88ad65b2f5/resource/5b8f6f67-2c20-47dd-a40a-dc647fc2ac05/download/gd028_2563_final.csv,CSV
33,ศรีสะเกษ,2563,local_area_record,ขุขันธ์,โสน,15,20/03/2020,2020-03-20,2020-05-31,2020-06-22,source_situation_dates_known,,,all_agriculture_not_durian_specific,5b8f6f67-2c20-47dd-a40a-dc647fc2ac05,4456,https://catalog.disaster.go.th/dataset/7bdbedaf-f9cd-4c42-893a-0c88ad65b2f5/resource/5b8f6f67-2c20-47dd-a40a-dc647fc2ac05/download/gd028_2563_final.csv,CSV
33,ศรีสะเกษ,2563,local_area_record,ขุขันธ์,โสน,16,20/03/2020,2020-03-20,2020-05-31,2020-06-22,source_situation_dates_known,,,all_agriculture_not_durian_specific,5b8f6f67-2c20-47dd-a40a-dc647fc2ac05,4457,https://catalog.disaster.go.th/dataset/7bdbedaf-f9cd-4c42-893a-0c88ad65b2f5/resource/5b8f6f67-2c20-47dd-a40a-dc647fc2ac05/download/gd028_2563_final.csv,CSV
33,ศรีสะเกษ,2563,local_area_record,ขุขันธ์,โสน,17,20/03/2020,2020-03-20,2020-05-31,2020-06-22,source_situation_dates_known,,,all_agriculture_not_durian_specific,5b8f6f67-2c20-47dd-a40a-dc647fc2ac05,4458,https://catalog.disaster.go.th/dataset/7bdbedaf-f9cd-4c42-893a-0c88ad65b2f5/resource/5b8f6f67-2c20-47dd-a40a-dc647fc2ac05/download/gd028_2563_final.csv,CSV
33,ศรีสะเกษ,2563,local_area_record,ขุขันธ์,โสน,18,20/03/2020,2020-03-20,2020-05-31,2020-06-22,source_situation_dates_known,,,all_agriculture_not_durian_specific,5b8f6f67-2c20-47dd-a40a-dc647fc2ac05,4459,https://catalog.disaster.go.th/dataset/7bdbedaf-f9cd-4c42-893a-0c88ad65b2f5/resource/5b8f6f67-2c20-47dd-a40a-dc647fc2ac05/download/gd028_2563_final.csv,CSV
33,ศรีสะเกษ,2563,local_area_record,ขุขันธ์,โสน,19,20/03/2020,2020-03-20,2020-05-31,2020-06-22,source_situation_dates_known,,,all_agriculture_not_durian_specific,5b8f6f67-2c20-47dd-a40a-dc647fc2ac05,4460,https://catalog.disaster.go.th/dataset/7bdbedaf-f9cd-4c42-893a-0c88ad65b2f5/resource/5b8f6f67-2c20-47dd-a40a-dc647fc2ac05/download/gd028_2563_final.csv,CSV
33,ศรีสะเกษ,2563,local_area_record,ขุขันธ์,โสน,20,20/03/2020,2020-03-20,2020-05-31,2020-06-22,source_situation_dates_known,,,all_agriculture_not_durian_specific,5b8f6f67-2c20-47dd-a40a-dc647fc2ac05,4461,https://catalog.disaster.go.th/dataset/7bdbedaf-f9cd-4c42-893a-0c88ad65b2f5/resource/5b8f6f67-2c20-47dd-a40a-dc647fc2ac05/download/gd028_2563_final.csv,CSV
33,ศรีสะเกษ,2563,local_area_record,ขุขันธ์,โสน,21,20/03/2020,2020-03-20,2020-05-31,2020-06-22,source_situation_dates_known,,,all_agriculture_not_durian_specific,5b8f6f67-2c20-47dd-a40a-dc647fc2ac05,4462,https://catalog.disaster.go.th/dataset/7bdbedaf-f9cd-4c42-893a-0c88ad65b2f5/resource/5b8f6f67-2c20-47dd-a40a-dc647fc2ac05/download/gd028_2563_final.csv,CSV
33,ศรีสะเกษ,2563,local_area_record,ขุขันธ์,โสน,22,20/03/2020,2020-03-20,2020-05-31,2020-06-22,source_situation_dates_known,,,all_agriculture_not_durian_specific,5b8f6f67-2c20-47dd-a40a-dc647fc2ac05,4463,https://catalog.disaster.go.th/dataset/7bdbedaf-f9cd-4c42-893a-0c88ad65b2f5/resource/5b8f6f67-2c20-47dd-a40a-dc647fc2ac05/download/gd028_2563_final.csv,CSV
33,ศรีสะเกษ,2563,local_area_record,ขุขันธ์,โสน,23,20/03/2020,2020-03-20,2020-05-31,2020-06-22,source_situation_dates_known,,,all_agriculture_not_durian_specific,5b8f6f67-2c20-47dd-a40a-dc647fc2ac05,4464,https://catalog.disaster.go.th/dataset/7bdbedaf-f9cd-4c42-893a-0c88ad65b2f5/resource/5b8f6f67-2c20-47dd-a40a-dc647fc2ac05/download/gd028_2563_final.csv,CSV
33,ศรีสะเกษ,2563,local_area_record,ขุขันธ์,หนองฉลอง,1,20/03/2020,2020-03-20,2020-05-31,2020-06-22,source_situation_dates_known,,,all_agriculture_not_durian_specific,5b8f6f67-2c20-47dd-a40a-dc647fc2ac05,4465,https://catalog.disaster.go.th/dataset/7bdbedaf-f9cd-4c42-893a-0c88ad65b2f5/resource/5b8f6f67-2c20-47dd-a40a-dc647fc2ac05/download/gd028_2563_final.csv,CSV
33,ศรีสะเกษ,2563,local_area_record,ขุขันธ์,หนองฉลอง,2,20/03/2020,2020-03-20,2020-05-31,2020-06-22,source_situation_dates_known,,,all_agriculture_not_durian_specific,5b8f6f67-2c20-47dd-a40a-dc647fc2ac05,4466,https://catalog.disaster.go.th/dataset/7bdbedaf-f9cd-4c42-893a-0c88ad65b2f5/resource/5b8f6f67-2c20-47dd-a40a-dc647fc2ac05/download/gd028_2563_final.csv,CSV
33,ศรีสะเกษ,2563,local_area_record,ขุขันธ์,หนองฉลอง,3,20/03/2020,2020-03-20,2020-05-31,2020-06-22,source_situation_dates_known,,,all_agriculture_not_durian_specific,5b8f6f67-2c20-47dd-a40a-dc647fc2ac05,4467,https://catalog.disaster.go.th/dataset/7bdbedaf-f9cd-4c42-893a-0c88ad65b2f5/resource/5b8f6f67-2c20-47dd-a40a-dc647fc2ac05/download/gd028_2563_final.csv,CSV
33,ศรีสะเกษ,2563,local_area_record,ขุขันธ์,หนองฉลอง,4,20/03/2020,2020-03-20,2020-05-31,2020-06-22,source_situation_dates_known,,,all_agriculture_not_durian_specific,5b8f6f67-2c20-47dd-a40a-dc647fc2ac05,4468,https://catalog.disaster.go.th/dataset/7bdbedaf-f9cd-4c42-893a-0c88ad65b2f5/resource/5b8f6f67-2c20-47dd-a40a-dc647fc2ac05/download/gd028_2563_final.csv,CSV
33,ศรีสะเกษ,2563,local_area_record,ขุขันธ์,หนองฉลอง,5,20/03/2020,2020-03-20,2020-05-31,2020-06-22,source_situation_dates_known,,,all_agriculture_not_durian_specific,5b8f6f67-2c20-47dd-a40a-dc647fc2ac05,4469,https://catalog.disaster.go.th/dataset/7bdbedaf-f9cd-4c42-893a-0c88ad65b2f5/resource/5b8f6f67-2c20-47dd-a40a-dc647fc2ac05/download/gd028_2563_final.csv,CSV
33,ศรีสะเกษ,2563,local_area_record,ขุขันธ์,หนองฉลอง,6,20/03/2020,2020-03-20,2020-05-31,2020-06-22,source_situation_dates_known,,,all_agriculture_not_durian_specific,5b8f6f67-2c20-47dd-a40a-dc647fc2ac05,4470,https://catalog.disaster.go.th/dataset/7bdbedaf-f9cd-4c42-893a-0c88ad65b2f5/resource/5b8f6f67-2c20-47dd-a40a-dc647fc2ac05/download/gd028_2563_final.csv,CSV
33,ศรีสะเกษ,2563,local_area_record,ขุขันธ์,หนองฉลอง,7,20/03/2020,2020-03-20,2020-05-31,2020-06-22,source_situation_dates_known,,,all_agriculture_not_durian_specific,5b8f6f67-2c20-47dd-a40a-dc647fc2ac05,4471,https://catalog.disaster.go.th/dataset/7bdbedaf-f9cd-4c42-893a-0c88ad65b2f5/resource/5b8f6f67-2c20-47dd-a40a-dc647fc2ac05/download/gd028_2563_final.csv,CSV
33,ศรีสะเกษ,2563,local_area_record,ขุขันธ์,หนองฉลอง,8,20/03/2020,2020-03-20,2020-05-31,2020-06-22,source_situation_dates_known,,,all_agriculture_not_durian_specific,5b8f6f67-2c20-47dd-a40a-dc647fc2ac05,4472,https://catalog.disaster.go.th/dataset/7bdbedaf-f9cd-4c42-893a-0c88ad65b2f5/resource/5b8f6f67-2c20-47dd-a40a-dc647fc2ac05/download/gd028_2563_final.csv,CSV
33,ศรีสะเกษ,2563,local_area_record,ขุขันธ์,หนองฉลอง,9,20/03/2020,2020-03-20,2020-05-31,2020-06-22,source_situation_dates_known,,,all_agriculture_not_durian_specific,5b8f6f67-2c20-47dd-a40a-dc647fc2ac05,4473,https://catalog.disaster.go.th/dataset/7bdbedaf-f9cd-4c42-893a-0c88ad65b2f5/resource/5b8f6f67-2c20-47dd-a40a-dc647fc2ac05/download/gd028_2563_final.csv,CSV
33,ศรีสะเกษ,2563,local_area_record,ขุขันธ์,หนองฉลอง,10,20/03/2020,2020-03-20,2020-05-31,2020-06-22,source_situation_dates_known,,,all_agriculture_not_durian_specific,5b8f6f67-2c20-47dd-a40a-dc647fc2ac05,4474,https://catalog.disaster.go.th/dataset/7bdbedaf-f9cd-4c42-893a-0c88ad65b2f5/resource/5b8f6f67-2c20-47dd-a40a-dc647fc2ac05/download/gd028_2563_final.csv,CSV
33,ศรีสะเกษ,2563,local_area_record,ขุขันธ์,ห้วยสำราญ,1,20/03/2020,2020-03-20,2020-05-31,2020-06-22,source_situation_dates_known,,,all_agriculture_not_durian_specific,5b8f6f67-2c20-47dd-a40a-dc647fc2ac05,4475,https://catalog.disaster.go.th/dataset/7bdbedaf-f9cd-4c42-893a-0c88ad65b2f5/resource/5b8f6f67-2c20-47dd-a40a-dc647fc2ac05/download/gd028_2563_final.csv,CSV
33,ศรีสะเกษ,2563,local_area_record,ขุขันธ์,ห้วยสำราญ,2,20/03/2020,2020-03-20,2020-05-31,2020-06-22,source_situation_dates_known,,,all_agriculture_not_durian_specific,5b8f6f67-2c20-47dd-a40a-dc647fc2ac05,4476,https://catalog.disaster.go.th/dataset/7bdbedaf-f9cd-4c42-893a-0c88ad65b2f5/resource/5b8f6f67-2c20-47dd-a40a-dc647fc2ac05/download/gd028_2563_final.csv,CSV
33,ศรีสะเกษ,2563,local_area_record,ขุขันธ์,ห้วยสำราญ,3,20/03/2020,2020-03-20,2020-05-31,2020-06-22,source_situation_dates_known,,,all_agriculture_not_durian_specific,5b8f6f67-2c20-47dd-a40a-dc647fc2ac05,4477,https://catalog.disaster.go.th/dataset/7bdbedaf-f9cd-4c42-893a-0c88ad65b2f5/resource/5b8f6f67-2c20-47dd-a40a-dc647fc2ac05/download/gd028_2563_final.csv,CSV
33,ศรีสะเกษ,2563,local_area_record,ขุขันธ์,ห้วยสำราญ,4,20/03/2020,2020-03-20,2020-05-31,2020-06-22,source_situation_dates_known,,,all_agriculture_not_durian_specific,5b8f6f67-2c20-47dd-a40a-dc647fc2ac05,4478,https://catalog.disaster.go.th/dataset/7bdbedaf-f9cd-4c42-893a-0c88ad65b2f5/resource/5b8f6f67-2c20-47dd-a40a-dc647fc2ac05/download/gd028_2563_final.csv,CSV
33,ศรีสะเกษ,2563,local_area_record,ขุขันธ์,ห้วยสำราญ,5,20/03/2020,2020-03-20,2020-05-31,2020-06-22,source_situation_dates_known,,,all_agriculture_not_durian_specific,5b8f6f67-2c20-47dd-a40a-dc647fc2ac05,4479,https://catalog.disaster.go.th/dataset/7bdbedaf-f9cd-4c42-893a-0c88ad65b2f5/resource/5b8f6f67-2c20-47dd-a40a-dc647fc2ac05/download/gd028_2563_final.csv,CSV
33,ศรีสะเกษ,2563,local_area_record,ขุขันธ์,ห้วยสำราญ,6,20/03/2020,2020-03-20,2020-05-31,2020-06-22,source_situation_dates_known,,,all_agriculture_not_durian_specific,5b8f6f67-2c20-47dd-a40a-dc647fc2ac05,4480,https://catalog.disaster.go.th/dataset/7bdbedaf-f9cd-4c42-893a-0c88ad65b2f5/resource/5b8f6f67-2c20-47dd-a40a-dc647fc2ac05/download/gd028_2563_final.csv,CSV
33,ศรีสะเกษ,2563,local_area_record,ขุขันธ์,ห้วยสำราญ,7,20/03/2020,2020-03-20,2020-05-31,2020-06-22,source_situation_dates_known,,,all_agriculture_not_durian_specific,5b8f6f67-2c20-47dd-a40a-dc647fc2ac05,4481,https://catalog.disaster.go.th/dataset/7bdbedaf-f9cd-4c42-893a-0c88ad65b2f5/resource/5b8f6f67-2c20-47dd-a40a-dc647fc2ac05/download/gd028_2563_final.csv,CSV
33,ศรีสะเกษ,2563,local_area_record,ขุขันธ์,ห้วยสำราญ,8,20/03/2020,2020-03-20,2020-05-31,2020-06-22,source_situation_dates_known,,,all_agriculture_not_durian_specific,5b8f6f67-2c20-47dd-a40a-dc647fc2ac05,4482,https://catalog.disaster.go.th/dataset/7bdbedaf-f9cd-4c42-893a-0c88ad65b2f5/resource/5b8f6f67-2c20-47dd-a40a-dc647fc2ac05/download/gd028_2563_final.csv,CSV
33,ศรีสะเกษ,2563,local_area_record,ขุขันธ์,ห้วยสำราญ,9,20/03/2020,2020-03-20,2020-05-31,2020-06-22,source_situation_dates_known,,,all_agriculture_not_durian_specific,5b8f6f67-2c20-47dd-a40a-dc647fc2ac05,4483,https://catalog.disaster.go.th/dataset/7bdbedaf-f9cd-4c42-893a-0c88ad65b2f5/resource/5b8f6f67-2c20-47dd-a40a-dc647fc2ac05/download/gd028_2563_final.csv,CSV
33,ศรีสะเกษ,2563,local_area_record,ขุขันธ์,ห้วยสำราญ,10,20/03/2020,2020-03-20,2020-05-31,2020-06-22,source_situation_dates_known,,,all_agriculture_not_durian_specific,5b8f6f67-2c20-47dd-a40a-dc647fc2ac05,4484,https://catalog.disaster.go.th/dataset/7bdbedaf-f9cd-4c42-893a-0c88ad65b2f5/resource/5b8f6f67-2c20-47dd-a40a-dc647fc2ac05/download/gd028_2563_final.csv,CSV
33,ศรีสะเกษ,2563,local_area_record,ขุขันธ์,ห้วยสำราญ,11,20/03/2020,2020-03-20,2020-05-31,2020-06-22,source_situation_dates_known,,,all_agriculture_not_durian_specific,5b8f6f67-2c20-47dd-a40a-dc647fc2ac05,4485,https://catalog.disaster.go.th/dataset/7bdbedaf-f9cd-4c42-893a-0c88ad65b2f5/resource/5b8f6f67-2c20-47dd-a40a-dc647fc2ac05/download/gd028_2563_final.csv,CSV
33,ศรีสะเกษ,2563,local_area_record,ขุขันธ์,ห้วยเหนือ,1,20/03/2020,2020-03-20,2020-05-31,2020-06-22,source_situation_dates_known,,,all_agriculture_not_durian_specific,5b8f6f67-2c20-47dd-a40a-dc647fc2ac05,4486,https://catalog.disaster.go.th/dataset/7bdbedaf-f9cd-4c42-893a-0c88ad65b2f5/resource/5b8f6f67-2c20-47dd-a40a-dc647fc2ac05/download/gd028_2563_final.csv,CSV
33,ศรีสะเกษ,2563,local_area_record,ขุขันธ์,ห้วยเหนือ,2,20/03/2020,2020-03-20,2020-05-31,2020-06-22,source_situation_dates_known,,,all_agriculture_not_durian_specific,5b8f6f67-2c20-47dd-a40a-dc647fc2ac05,4487,https://catalog.disaster.go.th/dataset/7bdbedaf-f9cd-4c42-893a-0c88ad65b2f5/resource/5b8f6f67-2c20-47dd-a40a-dc647fc2ac05/download/gd028_2563_final.csv,CSV
33,ศรีสะเกษ,2563,local_area_record,ขุขันธ์,ห้วยเหนือ,3,20/03/2020,2020-03-20,2020-05-31,2020-06-22,source_situation_dates_known,,,all_agriculture_not_durian_specific,5b8f6f67-2c20-47dd-a40a-dc647fc2ac05,4488,https://catalog.disaster.go.th/dataset/7bdbedaf-f9cd-4c42-893a-0c88ad65b2f5/resource/5b8f6f67-2c20-47dd-a40a-dc647fc2ac05/download/gd028_2563_final.csv,CSV
33,ศรีสะเกษ,2563,local_area_record,ขุขันธ์,ห้วยเหนือ,4,20/03/2020,2020-03-20,2020-05-31,2020-06-22,source_situation_dates_known,,,all_agriculture_not_durian_specific,5b8f6f67-2c20-47dd-a40a-dc647fc2ac05,4489,https://catalog.disaster.go.th/dataset/7bdbedaf-f9cd-4c42-893a-0c88ad65b2f5/resource/5b8f6f67-2c20-47dd-a40a-dc647fc2ac05/download/gd028_2563_final.csv,CSV
33,ศรีสะเกษ,2563,local_area_record,ขุขันธ์,ห้วยเหนือ,5,20/03/2020,2020-03-20,2020-05-31,2020-06-22,source_situation_dates_known,,,all_agriculture_not_durian_specific,5b8f6f67-2c20-47dd-a40a-dc647fc2ac05,4490,https://catalog.disaster.go.th/dataset/7bdbedaf-f9cd-4c42-893a-0c88ad65b2f5/resource/5b8f6f67-2c20-47dd-a40a-dc647fc2ac05/download/gd028_2563_final.csv,CSV
33,ศรีสะเกษ,2563,local_area_record,ขุขันธ์,ห้วยเหนือ,6,20/03/2020,2020-03-20,2020-05-31,2020-06-22,source_situation_dates_known,,,all_agriculture_not_durian_specific,5b8f6f67-2c20-47dd-a40a-dc647fc2ac05,4491,https://catalog.disaster.go.th/dataset/7bdbedaf-f9cd-4c42-893a-0c88ad65b2f5/resource/5b8f6f67-2c20-47dd-a40a-dc647fc2ac05/download/gd028_2563_final.csv,CSV
33,ศรีสะเกษ,2563,local_area_record,ขุขันธ์,ห้วยเหนือ,7,20/03/2020,2020-03-20,2020-05-31,2020-06-22,source_situation_dates_known,,,all_agriculture_not_durian_specific,5b8f6f67-2c20-47dd-a40a-dc647fc2ac05,4492,https://catalog.disaster.go.th/dataset/7bdbedaf-f9cd-4c42-893a-0c88ad65b2f5/resource/5b8f6f67-2c20-47dd-a40a-dc647fc2ac05/download/gd028_2563_final.csv,CSV
33,ศรีสะเกษ,2563,local_area_record,ขุขันธ์,ห้วยเหนือ,8,20/03/2020,2020-03-20,2020-05-31,2020-06-22,source_situation_dates_known,,,all_agriculture_not_durian_specific,5b8f6f67-2c20-47dd-a40a-dc647fc2ac05,4493,https://catalog.disaster.go.th/dataset/7bdbedaf-f9cd-4c42-893a-0c88ad65b2f5/resource/5b8f6f67-2c20-47dd-a40a-dc647fc2ac05/download/gd028_2563_final.csv,CSV
33,ศรีสะเกษ,2563,local_area_record,ขุขันธ์,ห้วยเหนือ,9,20/03/2020,2020-03-20,2020-05-31,2020-06-22,source_situation_dates_known,,,all_agriculture_not_durian_specific,5b8f6f67-2c20-47dd-a40a-dc647fc2ac05,4494,https://catalog.disaster.go.th/dataset/7bdbedaf-f9cd-4c42-893a-0c88ad65b2f5/resource/5b8f6f67-2c20-47dd-a40a-dc647fc2ac05/download/gd028_2563_final.csv,CSV
33,ศรีสะเกษ,2563,local_area_record,ขุขันธ์,ห้วยเหนือ,10,20/03/2020,2020-03-20,2020-05-31,2020-06-22,source_situation_dates_known,,,all_agriculture_not_durian_specific,5b8f6f67-2c20-47dd-a40a-dc647fc2ac05,4495,https://catalog.disaster.go.th/dataset/7bdbedaf-f9cd-4c42-893a-0c88ad65b2f5/resource/5b8f6f67-2c20-47dd-a40a-dc647fc2ac05/download/gd028_2563_final.csv,CSV
33,ศรีสะเกษ,2563,local_area_record,ขุขันธ์,ห้วยเหนือ,11,20/03/2020,2020-03-20,2020-05-31,2020-06-22,source_situation_dates_known,,,all_agriculture_not_durian_specific,5b8f6f67-2c20-47dd-a40a-dc647fc2ac05,4496,https://catalog.disaster.go.th/dataset/7bdbedaf-f9cd-4c42-893a-0c88ad65b2f5/resource/5b8f6f67-2c20-47dd-a40a-dc647fc2ac05/download/gd028_2563_final.csv,CSV
33,ศรีสะเกษ,2563,local_area_record,ขุขันธ์,ห้วยเหนือ,12,20/03/2020,2020-03-20,2020-05-31,2020-06-22,source_situation_dates_known,,,all_agriculture_not_durian_specific,5b8f6f67-2c20-47dd-a40a-dc647fc2ac05,4497,https://catalog.disaster.go.th/dataset/7bdbedaf-f9cd-4c42-893a-0c88ad65b2f5/resource/5b8f6f67-2c20-47dd-a40a-dc647fc2ac05/download/gd028_2563_final.csv,CSV
33,ศรีสะเกษ,2563,local_area_record,ขุขันธ์,ห้วยเหนือ,13,20/03/2020,2020-03-20,2020-05-31,2020-06-22,source_situation_dates_known,,,all_agriculture_not_durian_specific,5b8f6f67-2c20-47dd-a40a-dc647fc2ac05,4498,https://catalog.disaster.go.th/dataset/7bdbedaf-f9cd-4c42-893a-0c88ad65b2f5/resource/5b8f6f67-2c20-47dd-a40a-dc647fc2ac05/download/gd028_2563_final.csv,CSV
33,ศรีสะเกษ,2563,local_area_record,ขุขันธ์,ห้วยเหนือ,14,20/03/2020,2020-03-20,2020-05-31,2020-06-22,source_situation_dates_known,,,all_agriculture_not_durian_specific,5b8f6f67-2c20-47dd-a40a-dc647fc2ac05,4499,https://catalog.disaster.go.th/dataset/7bdbedaf-f9cd-4c42-893a-0c88ad65b2f5/resource/5b8f6f67-2c20-47dd-a40a-dc647fc2ac05/download/gd028_2563_final.csv,CSV
33,ศรีสะเกษ,2563,local_area_record,ปรางค์กู่,พิมาย,2,1/03/2020,2020-03-01,2020-06-12,2020-06-22,source_situation_dates_known,,,all_agriculture_not_durian_specific,5b8f6f67-2c20-47dd-a40a-dc647fc2ac05,4500,https://catalog.disaster.go.th/dataset/7bdbedaf-f9cd-4c42-893a-0c88ad65b2f5/resource/5b8f6f67-2c20-47dd-a40a-dc647fc2ac05/download/gd028_2563_final.csv,CSV
33,ศรีสะเกษ,2563,local_area_record,ปรางค์กู่,พิมาย,3,1/03/2020,2020-03-01,2020-06-12,2020-06-22,source_situation_dates_known,,,all_agriculture_not_durian_specific,5b8f6f67-2c20-47dd-a40a-dc647fc2ac05,4501,https://catalog.disaster.go.th/dataset/7bdbedaf-f9cd-4c42-893a-0c88ad65b2f5/resource/5b8f6f67-2c20-47dd-a40a-dc647fc2ac05/download/gd028_2563_final.csv,CSV
33,ศรีสะเกษ,2563,local_area_record,ปรางค์กู่,พิมาย,5,1/03/2020,2020-03-01,2020-06-12,2020-06-22,source_situation_dates_known,,,all_agriculture_not_durian_specific,5b8f6f67-2c20-47dd-a40a-dc647fc2ac05,4502,https://catalog.disaster.go.th/dataset/7bdbedaf-f9cd-4c42-893a-0c88ad65b2f5/resource/5b8f6f67-2c20-47dd-a40a-dc647fc2ac05/download/gd028_2563_final.csv,CSV
33,ศรีสะเกษ,2563,local_area_record,ปรางค์กู่,พิมาย,6,1/03/2020,2020-03-01,2020-06-12,2020-06-22,source_situation_dates_known,,,all_agriculture_not_durian_specific,5b8f6f67-2c20-47dd-a40a-dc647fc2ac05,4503,https://catalog.disaster.go.th/dataset/7bdbedaf-f9cd-4c42-893a-0c88ad65b2f5/resource/5b8f6f67-2c20-47dd-a40a-dc647fc2ac05/download/gd028_2563_final.csv,CSV
33,ศรีสะเกษ,2563,local_area_record,ปรางค์กู่,พิมาย,7,1/03/2020,2020-03-01,2020-06-12,2020-06-22,source_situation_dates_known,,,all_agriculture_not_durian_specific,5b8f6f67-2c20-47dd-a40a-dc647fc2ac05,4504,https://catalog.disaster.go.th/dataset/7bdbedaf-f9cd-4c42-893a-0c88ad65b2f5/resource/5b8f6f67-2c20-47dd-a40a-dc647fc2ac05/download/gd028_2563_final.csv,CSV
33,ศรีสะเกษ,2563,local_area_record,ปรางค์กู่,พิมาย,8,1/03/2020,2020-03-01,2020-06-12,2020-06-22,source_situation_dates_known,,,all_agriculture_not_durian_specific,5b8f6f67-2c20-47dd-a40a-dc647fc2ac05,4505,https://catalog.disaster.go.th/dataset/7bdbedaf-f9cd-4c42-893a-0c88ad65b2f5/resource/5b8f6f67-2c20-47dd-a40a-dc647fc2ac05/download/gd028_2563_final.csv,CSV
33,ศรีสะเกษ,2563,local_area_record,ปรางค์กู่,พิมาย,9,1/03/2020,2020-03-01,2020-06-12,2020-06-22,source_situation_dates_known,,,all_agriculture_not_durian_specific,5b8f6f67-2c20-47dd-a40a-dc647fc2ac05,4506,https://catalog.disaster.go.th/dataset/7bdbedaf-f9cd-4c42-893a-0c88ad65b2f5/resource/5b8f6f67-2c20-47dd-a40a-dc647fc2ac05/download/gd028_2563_final.csv,CSV
33,ศรีสะเกษ,2563,local_area_record,ปรางค์กู่,พิมาย,10,1/03/2020,2020-03-01,2020-06-12,2020-06-22,source_situation_dates_known,,,all_agriculture_not_durian_specific,5b8f6f67-2c20-47dd-a40a-dc647fc2ac05,4507,https://catalog.disaster.go.th/dataset/7bdbedaf-f9cd-4c42-893a-0c88ad65b2f5/resource/5b8f6f67-2c20-47dd-a40a-dc647fc2ac05/download/gd028_2563_final.csv,CSV
33,ศรีสะเกษ,2563,local_area_record,ปรางค์กู่,พิมาย,11,1/03/2020,2020-03-01,2020-06-12,2020-06-22,source_situation_dates_known,,,all_agriculture_not_durian_specific,5b8f6f67-2c20-47dd-a40a-dc647fc2ac05,4508,https://catalog.disaster.go.th/dataset/7bdbedaf-f9cd-4c42-893a-0c88ad65b2f5/resource/5b8f6f67-2c20-47dd-a40a-dc647fc2ac05/download/gd028_2563_final.csv,CSV
33,ศรีสะเกษ,2563,local_area_record,ปรางค์กู่,พิมาย,12,1/03/2020,2020-03-01,2020-06-12,2020-06-22,source_situation_dates_known,,,all_agriculture_not_durian_specific,5b8f6f67-2c20-47dd-a40a-dc647fc2ac05,4509,https://catalog.disaster.go.th/dataset/7bdbedaf-f9cd-4c42-893a-0c88ad65b2f5/resource/5b8f6f67-2c20-47dd-a40a-dc647fc2ac05/download/gd028_2563_final.csv,CSV
33,ศรีสะเกษ,2563,local_area_record,โพธิ์ศรีสุวรรณ,โดด,5,13/03/2020,2020-03-13,2020-06-11,2020-06-22,source_situation_dates_known,,,all_agriculture_not_durian_specific,5b8f6f67-2c20-47dd-a40a-dc647fc2ac05,4510,https://catalog.disaster.go.th/dataset/7bdbedaf-f9cd-4c42-893a-0c88ad65b2f5/resource/5b8f6f67-2c20-47dd-a40a-dc647fc2ac05/download/gd028_2563_final.csv,CSV
33,ศรีสะเกษ,2563,local_area_record,โพธิ์ศรีสุวรรณ,โดด,7,13/03/2020,2020-03-13,2020-06-11,2020-06-22,source_situation_dates_known,,,all_agriculture_not_durian_specific,5b8f6f67-2c20-47dd-a40a-dc647fc2ac05,4511,https://catalog.disaster.go.th/dataset/7bdbedaf-f9cd-4c42-893a-0c88ad65b2f5/resource/5b8f6f67-2c20-47dd-a40a-dc647fc2ac05/download/gd028_2563_final.csv,CSV
33,ศรีสะเกษ,2563,local_area_record,โพธิ์ศรีสุวรรณ,โดด,9,26/03/2020,2020-03-26,2020-06-11,2020-06-22,source_situation_dates_known,,,all_agriculture_not_durian_specific,5b8f6f67-2c20-47dd-a40a-dc647fc2ac05,4512,https://catalog.disaster.go.th/dataset/7bdbedaf-f9cd-4c42-893a-0c88ad65b2f5/resource/5b8f6f67-2c20-47dd-a40a-dc647fc2ac05/download/gd028_2563_final.csv,CSV
33,ศรีสะเกษ,2563,local_area_record,โพธิ์ศรีสุวรรณ,โดด,17,13/03/2020,2020-03-13,2020-06-11,2020-06-22,source_situation_dates_known,,,all_agriculture_not_durian_specific,5b8f6f67-2c20-47dd-a40a-dc647fc2ac05,4513,https://catalog.disaster.go.th/dataset/7bdbedaf-f9cd-4c42-893a-0c88ad65b2f5/resource/5b8f6f67-2c20-47dd-a40a-dc647fc2ac05/download/gd028_2563_final.csv,CSV
33,ศรีสะเกษ,2563,local_area_record,โพธิ์ศรีสุวรรณ,ผือใหญ่,2,13/03/2020,2020-03-13,2020-06-11,2020-06-22,source_situation_dates_known,,,all_agriculture_not_durian_specific,5b8f6f67-2c20-47dd-a40a-dc647fc2ac05,4514,https://catalog.disaster.go.th/dataset/7bdbedaf-f9cd-4c42-893a-0c88ad65b2f5/resource/5b8f6f67-2c20-47dd-a40a-dc647fc2ac05/download/gd028_2563_final.csv,CSV
33,ศรีสะเกษ,2563,local_area_record,โพธิ์ศรีสุวรรณ,ผือใหญ่,3,13/03/2020,2020-03-13,2020-06-11,2020-06-22,source_situation_dates_known,,,all_agriculture_not_durian_specific,5b8f6f67-2c20-47dd-a40a-dc647fc2ac05,4515,https://catalog.disaster.go.th/dataset/7bdbedaf-f9cd-4c42-893a-0c88ad65b2f5/resource/5b8f6f67-2c20-47dd-a40a-dc647fc2ac05/download/gd028_2563_final.csv,CSV
33,ศรีสะเกษ,2563,local_area_record,โพธิ์ศรีสุวรรณ,ผือใหญ่,7,13/03/2020,2020-03-13,2020-06-11,2020-06-22,source_situation_dates_known,,,all_agriculture_not_durian_specific,5b8f6f67-2c20-47dd-a40a-dc647fc2ac05,4516,https://catalog.disaster.go.th/dataset/7bdbedaf-f9cd-4c42-893a-0c88ad65b2f5/resource/5b8f6f67-2c20-47dd-a40a-dc647fc2ac05/download/gd028_2563_final.csv,CSV
33,ศรีสะเกษ,2563,local_area_record,โพธิ์ศรีสุวรรณ,ผือใหญ่,10,13/03/2020,2020-03-13,2020-06-11,2020-06-22,source_situation_dates_known,,,all_agriculture_not_durian_specific,5b8f6f67-2c20-47dd-a40a-dc647fc2ac05,4517,https://catalog.disaster.go.th/dataset/7bdbedaf-f9cd-4c42-893a-0c88ad65b2f5/resource/5b8f6f67-2c20-47dd-a40a-dc647fc2ac05/download/gd028_2563_final.csv,CSV
33,ศรีสะเกษ,2563,local_area_record,โพธิ์ศรีสุวรรณ,เสียว,3,13/03/2020,2020-03-13,2020-06-11,2020-06-22,source_situation_dates_known,,,all_agriculture_not_durian_specific,5b8f6f67-2c20-47dd-a40a-dc647fc2ac05,4518,https://catalog.disaster.go.th/dataset/7bdbedaf-f9cd-4c42-893a-0c88ad65b2f5/resource/5b8f6f67-2c20-47dd-a40a-dc647fc2ac05/download/gd028_2563_final.csv,CSV
33,ศรีสะเกษ,2563,local_area_record,โพธิ์ศรีสุวรรณ,เสียว,5,13/03/2020,2020-03-13,2020-06-11,2020-06-22,source_situation_dates_known,,,all_agriculture_not_durian_specific,5b8f6f67-2c20-47dd-a40a-dc647fc2ac05,4519,https://catalog.disaster.go.th/dataset/7bdbedaf-f9cd-4c42-893a-0c88ad65b2f5/resource/5b8f6f67-2c20-47dd-a40a-dc647fc2ac05/download/gd028_2563_final.csv,CSV
33,ศรีสะเกษ,2563,local_area_record,โพธิ์ศรีสุวรรณ,เสียว,7,13/03/2020,2020-03-13,2020-06-11,2020-06-22,source_situation_dates_known,,,all_agriculture_not_durian_specific,5b8f6f67-2c20-47dd-a40a-dc647fc2ac05,4520,https://catalog.disaster.go.th/dataset/7bdbedaf-f9cd-4c42-893a-0c88ad65b2f5/resource/5b8f6f67-2c20-47dd-a40a-dc647fc2ac05/download/gd028_2563_final.csv,CSV
33,ศรีสะเกษ,2563,local_area_record,โพธิ์ศรีสุวรรณ,เสียว,16,13/03/2020,2020-03-13,2020-06-11,2020-06-22,source_situation_dates_known,,,all_agriculture_not_durian_specific,5b8f6f67-2c20-47dd-a40a-dc647fc2ac05,4521,https://catalog.disaster.go.th/dataset/7bdbedaf-f9cd-4c42-893a-0c88ad65b2f5/resource/5b8f6f67-2c20-47dd-a40a-dc647fc2ac05/download/gd028_2563_final.csv,CSV
33,ศรีสะเกษ,2563,local_area_record,โพธิ์ศรีสุวรรณ,หนองม้า,1,13/03/2020,2020-03-13,2020-06-11,2020-06-22,source_situation_dates_known,,,all_agriculture_not_durian_specific,5b8f6f67-2c20-47dd-a40a-dc647fc2ac05,4522,https://catalog.disaster.go.th/dataset/7bdbedaf-f9cd-4c42-893a-0c88ad65b2f5/resource/5b8f6f67-2c20-47dd-a40a-dc647fc2ac05/download/gd028_2563_final.csv,CSV
33,ศรีสะเกษ,2563,local_area_record,โพธิ์ศรีสุวรรณ,หนองม้า,2,13/03/2020,2020-03-13,2020-06-11,2020-06-22,source_situation_dates_known,,,all_agriculture_not_durian_specific,5b8f6f67-2c20-47dd-a40a-dc647fc2ac05,4523,https://catalog.disaster.go.th/dataset/7bdbedaf-f9cd-4c42-893a-0c88ad65b2f5/resource/5b8f6f67-2c20-47dd-a40a-dc647fc2ac05/download/gd028_2563_final.csv,CSV
33,ศรีสะเกษ,2563,local_area_record,โพธิ์ศรีสุวรรณ,หนองม้า,4,13/03/2020,2020-03-13,2020-06-11,2020-06-22,source_situation_dates_known,,,all_agriculture_not_durian_specific,5b8f6f67-2c20-47dd-a40a-dc647fc2ac05,4524,https://catalog.disaster.go.th/dataset/7bdbedaf-f9cd-4c42-893a-0c88ad65b2f5/resource/5b8f6f67-2c20-47dd-a40a-dc647fc2ac05/download/gd028_2563_final.csv,CSV
33,ศรีสะเกษ,2563,local_area_record,โพธิ์ศรีสุวรรณ,หนองม้า,5,13/03/2020,2020-03-13,2020-06-11,2020-06-22,source_situation_dates_known,,,all_agriculture_not_durian_specific,5b8f6f67-2c20-47dd-a40a-dc647fc2ac05,4525,https://catalog.disaster.go.th/dataset/7bdbedaf-f9cd-4c42-893a-0c88ad65b2f5/resource/5b8f6f67-2c20-47dd-a40a-dc647fc2ac05/download/gd028_2563_final.csv,CSV
33,ศรีสะเกษ,2563,local_area_record,โพธิ์ศรีสุวรรณ,หนองม้า,7,13/03/2020,2020-03-13,2020-06-11,2020-06-22,source_situation_dates_known,,,all_agriculture_not_durian_specific,5b8f6f67-2c20-47dd-a40a-dc647fc2ac05,4526,https://catalog.disaster.go.th/dataset/7bdbedaf-f9cd-4c42-893a-0c88ad65b2f5/resource/5b8f6f67-2c20-47dd-a40a-dc647fc2ac05/download/gd028_2563_final.csv,CSV
33,ศรีสะเกษ,2563,local_area_record,โพธิ์ศรีสุวรรณ,หนองม้า,9,13/03/2020,2020-03-13,2020-06-11,2020-06-22,source_situation_dates_known,,,all_agriculture_not_durian_specific,5b8f6f67-2c20-47dd-a40a-dc647fc2ac05,4527,https://catalog.disaster.go.th/dataset/7bdbedaf-f9cd-4c42-893a-0c88ad65b2f5/resource/5b8f6f67-2c20-47dd-a40a-dc647fc2ac05/download/gd028_2563_final.csv,CSV
33,ศรีสะเกษ,2563,local_area_record,โพธิ์ศรีสุวรรณ,อีเซ,6,13/03/2020,2020-03-13,2020-06-11,2020-06-22,source_situation_dates_known,,,all_agriculture_not_durian_specific,5b8f6f67-2c20-47dd-a40a-dc647fc2ac05,4528,https://catalog.disaster.go.th/dataset/7bdbedaf-f9cd-4c42-893a-0c88ad65b2f5/resource/5b8f6f67-2c20-47dd-a40a-dc647fc2ac05/download/gd028_2563_final.csv,CSV
33,ศรีสะเกษ,2563,local_area_record,โพธิ์ศรีสุวรรณ,อีเซ,7,13/03/2020,2020-03-13,2020-06-11,2020-06-22,source_situation_dates_known,,,all_agriculture_not_durian_specific,5b8f6f67-2c20-47dd-a40a-dc647fc2ac05,4529,https://catalog.disaster.go.th/dataset/7bdbedaf-f9cd-4c42-893a-0c88ad65b2f5/resource/5b8f6f67-2c20-47dd-a40a-dc647fc2ac05/download/gd028_2563_final.csv,CSV
33,ศรีสะเกษ,2563,local_area_record,ไพรบึง,ดินแดง,1,11/02/2020,2020-02-11,2020-06-01,2020-06-22,source_situation_dates_known,,,all_agriculture_not_durian_specific,5b8f6f67-2c20-47dd-a40a-dc647fc2ac05,4530,https://catalog.disaster.go.th/dataset/7bdbedaf-f9cd-4c42-893a-0c88ad65b2f5/resource/5b8f6f67-2c20-47dd-a40a-dc647fc2ac05/download/gd028_2563_final.csv,CSV
33,ศรีสะเกษ,2563,local_area_record,ไพรบึง,ดินแดง,2,11/02/2020,2020-02-11,2020-06-01,2020-06-22,source_situation_dates_known,,,all_agriculture_not_durian_specific,5b8f6f67-2c20-47dd-a40a-dc647fc2ac05,4531,https://catalog.disaster.go.th/dataset/7bdbedaf-f9cd-4c42-893a-0c88ad65b2f5/resource/5b8f6f67-2c20-47dd-a40a-dc647fc2ac05/download/gd028_2563_final.csv,CSV
33,ศรีสะเกษ,2563,local_area_record,ไพรบึง,ดินแดง,3,11/02/2020,2020-02-11,2020-06-01,2020-06-22,source_situation_dates_known,,,all_agriculture_not_durian_specific,5b8f6f67-2c20-47dd-a40a-dc647fc2ac05,4532,https://catalog.disaster.go.th/dataset/7bdbedaf-f9cd-4c42-893a-0c88ad65b2f5/resource/5b8f6f67-2c20-47dd-a40a-dc647fc2ac05/download/gd028_2563_final.csv,CSV
33,ศรีสะเกษ,2563,local_area_record,ไพรบึง,ดินแดง,4,11/02/2020,2020-02-11,2020-06-01,2020-06-22,source_situation_dates_known,,,all_agriculture_not_durian_specific,5b8f6f67-2c20-47dd-a40a-dc647fc2ac05,4533,https://catalog.disaster.go.th/dataset/7bdbedaf-f9cd-4c42-893a-0c88ad65b2f5/resource/5b8f6f67-2c20-47dd-a40a-dc647fc2ac05/download/gd028_2563_final.csv,CSV
33,ศรีสะเกษ,2563,local_area_record,ไพรบึง,ดินแดง,5,11/02/2020,2020-02-11,2020-06-01,2020-06-22,source_situation_dates_known,,,all_agriculture_not_durian_specific,5b8f6f67-2c20-47dd-a40a-dc647fc2ac05,4534,https://catalog.disaster.go.th/dataset/7bdbedaf-f9cd-4c42-893a-0c88ad65b2f5/resource/5b8f6f67-2c20-47dd-a40a-dc647fc2ac05/download/gd028_2563_final.csv,CSV
33,ศรีสะเกษ,2563,local_area_record,ไพรบึง,ดินแดง,6,11/02/2020,2020-02-11,2020-06-01,2020-06-22,source_situation_dates_known,,,all_agriculture_not_durian_specific,5b8f6f67-2c20-47dd-a40a-dc647fc2ac05,4535,https://catalog.disaster.go.th/dataset/7bdbedaf-f9cd-4c42-893a-0c88ad65b2f5/resource/5b8f6f67-2c20-47dd-a40a-dc647fc2ac05/download/gd028_2563_final.csv,CSV
33,ศรีสะเกษ,2563,local_area_record,ไพรบึง,ดินแดง,7,11/02/2020,2020-02-11,2020-06-01,2020-06-22,source_situation_dates_known,,,all_agriculture_not_durian_specific,5b8f6f67-2c20-47dd-a40a-dc647fc2ac05,4536,https://catalog.disaster.go.th/dataset/7bdbedaf-f9cd-4c42-893a-0c88ad65b2f5/resource/5b8f6f67-2c20-47dd-a40a-dc647fc2ac05/download/gd028_2563_final.csv,CSV
33,ศรีสะเกษ,2563,local_area_record,ไพรบึง,ดินแดง,8,11/02/2020,2020-02-11,2020-06-01,2020-06-22,source_situation_dates_known,,,all_agriculture_not_durian_specific,5b8f6f67-2c20-47dd-a40a-dc647fc2ac05,4537,https://catalog.disaster.go.th/dataset/7bdbedaf-f9cd-4c42-893a-0c88ad65b2f5/resource/5b8f6f67-2c20-47dd-a40a-dc647fc2ac05/download/gd028_2563_final.csv,CSV
33,ศรีสะเกษ,2563,local_area_record,ไพรบึง,ดินแดง,9,11/02/2020,2020-02-11,2020-06-01,2020-06-22,source_situation_dates_known,,,all_agriculture_not_durian_specific,5b8f6f67-2c20-47dd-a40a-dc647fc2ac05,4538,https://catalog.disaster.go.th/dataset/7bdbedaf-f9cd-4c42-893a-0c88ad65b2f5/resource/5b8f6f67-2c20-47dd-a40a-dc647fc2ac05/download/gd028_2563_final.csv,CSV
33,ศรีสะเกษ,2563,local_area_record,ไพรบึง,ไพรบึง,4,16/03/2020,2020-03-16,2020-06-01,2020-06-22,source_situation_dates_known,,,all_agriculture_not_durian_specific,5b8f6f67-2c20-47dd-a40a-dc647fc2ac05,4539,https://catalog.disaster.go.th/dataset/7bdbedaf-f9cd-4c42-893a-0c88ad65b2f5/resource/5b8f6f67-2c20-47dd-a40a-dc647fc2ac05/download/gd028_2563_final.csv,CSV
33,ศรีสะเกษ,2563,local_area_record,ไพรบึง,ไพรบึง,12,16/03/2020,2020-03-16,2020-06-01,2020-06-22,source_situation_dates_known,,,all_agriculture_not_durian_specific,5b8f6f67-2c20-47dd-a40a-dc647fc2ac05,4540,https://catalog.disaster.go.th/dataset/7bdbedaf-f9cd-4c42-893a-0c88ad65b2f5/resource/5b8f6f67-2c20-47dd-a40a-dc647fc2ac05/download/gd028_2563_final.csv,CSV
33,ศรีสะเกษ,2563,local_area_record,ไพรบึง,สำโรงพลัน,2,11/02/2020,2020-02-11,2020-06-01,2020-06-22,source_situation_dates_known,,,all_agriculture_not_durian_specific,5b8f6f67-2c20-47dd-a40a-dc647fc2ac05,4541,https://catalog.disaster.go.th/dataset/7bdbedaf-f9cd-4c42-893a-0c88ad65b2f5/resource/5b8f6f67-2c20-47dd-a40a-dc647fc2ac05/download/gd028_2563_final.csv,CSV
33,ศรีสะเกษ,2563,local_area_record,ไพรบึง,สำโรงพลัน,3,11/02/2020,2020-02-11,2020-06-01,2020-06-22,source_situation_dates_known,,,all_agriculture_not_durian_specific,5b8f6f67-2c20-47dd-a40a-dc647fc2ac05,4542,https://catalog.disaster.go.th/dataset/7bdbedaf-f9cd-4c42-893a-0c88ad65b2f5/resource/5b8f6f67-2c20-47dd-a40a-dc647fc2ac05/download/gd028_2563_final.csv,CSV
33,ศรีสะเกษ,2563,local_area_record,ไพรบึง,สำโรงพลัน,4,11/02/2020,2020-02-11,2020-06-01,2020-06-22,source_situation_dates_known,,,all_agriculture_not_durian_specific,5b8f6f67-2c20-47dd-a40a-dc647fc2ac05,4543,https://catalog.disaster.go.th/dataset/7bdbedaf-f9cd-4c42-893a-0c88ad65b2f5/resource/5b8f6f67-2c20-47dd-a40a-dc647fc2ac05/download/gd028_2563_final.csv,CSV
33,ศรีสะเกษ,2563,local_area_record,ไพรบึง,สำโรงพลัน,5,11/02/2020,2020-02-11,2020-06-01,2020-06-22,source_situation_dates_known,,,all_agriculture_not_durian_specific,5b8f6f67-2c20-47dd-a40a-dc647fc2ac05,4544,https://catalog.disaster.go.th/dataset/7bdbedaf-f9cd-4c42-893a-0c88ad65b2f5/resource/5b8f6f67-2c20-47dd-a40a-dc647fc2ac05/download/gd028_2563_final.csv,CSV
33,ศรีสะเกษ,2563,local_area_record,ไพรบึง,สำโรงพลัน,6,11/02/2020,2020-02-11,2020-06-01,2020-06-22,source_situation_dates_known,,,all_agriculture_not_durian_specific,5b8f6f67-2c20-47dd-a40a-dc647fc2ac05,4545,https://catalog.disaster.go.th/dataset/7bdbedaf-f9cd-4c42-893a-0c88ad65b2f5/resource/5b8f6f67-2c20-47dd-a40a-dc647fc2ac05/download/gd028_2563_final.csv,CSV
33,ศรีสะเกษ,2563,local_area_record,ไพรบึง,สำโรงพลัน,7,11/02/2020,2020-02-11,2020-06-01,2020-06-22,source_situation_dates_known,,,all_agriculture_not_durian_specific,5b8f6f67-2c20-47dd-a40a-dc647fc2ac05,4546,https://catalog.disaster.go.th/dataset/7bdbedaf-f9cd-4c42-893a-0c88ad65b2f5/resource/5b8f6f67-2c20-47dd-a40a-dc647fc2ac05/download/gd028_2563_final.csv,CSV
33,ศรีสะเกษ,2563,local_area_record,ไพรบึง,สำโรงพลัน,8,11/02/2020,2020-02-11,2020-06-01,2020-06-22,source_situation_dates_known,,,all_agriculture_not_durian_specific,5b8f6f67-2c20-47dd-a40a-dc647fc2ac05,4547,https://catalog.disaster.go.th/dataset/7bdbedaf-f9cd-4c42-893a-0c88ad65b2f5/resource/5b8f6f67-2c20-47dd-a40a-dc647fc2ac05/download/gd028_2563_final.csv,CSV
33,ศรีสะเกษ,2563,local_area_record,ไพรบึง,สำโรงพลัน,9,11/02/2020,2020-02-11,2020-06-01,2020-06-22,source_situation_dates_known,,,all_agriculture_not_durian_specific,5b8f6f67-2c20-47dd-a40a-dc647fc2ac05,4548,https://catalog.disaster.go.th/dataset/7bdbedaf-f9cd-4c42-893a-0c88ad65b2f5/resource/5b8f6f67-2c20-47dd-a40a-dc647fc2ac05/download/gd028_2563_final.csv,CSV
33,ศรีสะเกษ,2563,local_area_record,ไพรบึง,สำโรงพลัน,10,11/02/2020,2020-02-11,2020-06-01,2020-06-22,source_situation_dates_known,,,all_agriculture_not_durian_specific,5b8f6f67-2c20-47dd-a40a-dc647fc2ac05,4549,https://catalog.disaster.go.th/dataset/7bdbedaf-f9cd-4c42-893a-0c88ad65b2f5/resource/5b8f6f67-2c20-47dd-a40a-dc647fc2ac05/download/gd028_2563_final.csv,CSV
33,ศรีสะเกษ,2563,local_area_record,ไพรบึง,สำโรงพลัน,11,11/02/2020,2020-02-11,2020-06-01,2020-06-22,source_situation_dates_known,,,all_agriculture_not_durian_specific,5b8f6f67-2c20-47dd-a40a-dc647fc2ac05,4550,https://catalog.disaster.go.th/dataset/7bdbedaf-f9cd-4c42-893a-0c88ad65b2f5/resource/5b8f6f67-2c20-47dd-a40a-dc647fc2ac05/download/gd028_2563_final.csv,CSV
33,ศรีสะเกษ,2563,local_area_record,ไพรบึง,สำโรงพลัน,12,11/02/2020,2020-02-11,2020-06-01,2020-06-22,source_situation_dates_known,,,all_agriculture_not_durian_specific,5b8f6f67-2c20-47dd-a40a-dc647fc2ac05,4551,https://catalog.disaster.go.th/dataset/7bdbedaf-f9cd-4c42-893a-0c88ad65b2f5/resource/5b8f6f67-2c20-47dd-a40a-dc647fc2ac05/download/gd028_2563_final.csv,CSV
33,ศรีสะเกษ,2563,local_area_record,ไพรบึง,สำโรงพลัน,13,11/02/2020,2020-02-11,2020-06-01,2020-06-22,source_situation_dates_known,,,all_agriculture_not_durian_specific,5b8f6f67-2c20-47dd-a40a-dc647fc2ac05,4552,https://catalog.disaster.go.th/dataset/7bdbedaf-f9cd-4c42-893a-0c88ad65b2f5/resource/5b8f6f67-2c20-47dd-a40a-dc647fc2ac05/download/gd028_2563_final.csv,CSV
33,ศรีสะเกษ,2563,local_area_record,ไพรบึง,สำโรงพลัน,14,11/02/2020,2020-02-11,2020-06-01,2020-06-22,source_situation_dates_known,,,all_agriculture_not_durian_specific,5b8f6f67-2c20-47dd-a40a-dc647fc2ac05,4553,https://catalog.disaster.go.th/dataset/7bdbedaf-f9cd-4c42-893a-0c88ad65b2f5/resource/5b8f6f67-2c20-47dd-a40a-dc647fc2ac05/download/gd028_2563_final.csv,CSV
33,ศรีสะเกษ,2563,local_area_record,ไพรบึง,สำโรงพลัน,16,11/02/2020,2020-02-11,2020-06-01,2020-06-22,source_situation_dates_known,,,all_agriculture_not_durian_specific,5b8f6f67-2c20-47dd-a40a-dc647fc2ac05,4554,https://catalog.disaster.go.th/dataset/7bdbedaf-f9cd-4c42-893a-0c88ad65b2f5/resource/5b8f6f67-2c20-47dd-a40a-dc647fc2ac05/download/gd028_2563_final.csv,CSV
33,ศรีสะเกษ,2563,local_area_record,ไพรบึง,สำโรงพลัน,17,11/02/2020,2020-02-11,2020-06-01,2020-06-22,source_situation_dates_known,,,all_agriculture_not_durian_specific,5b8f6f67-2c20-47dd-a40a-dc647fc2ac05,4555,https://catalog.disaster.go.th/dataset/7bdbedaf-f9cd-4c42-893a-0c88ad65b2f5/resource/5b8f6f67-2c20-47dd-a40a-dc647fc2ac05/download/gd028_2563_final.csv,CSV
33,ศรีสะเกษ,2563,local_area_record,ไพรบึง,สุขสวัสดิ์,4,25/02/2020,2020-02-25,2020-06-01,2020-06-22,source_situation_dates_known,,,all_agriculture_not_durian_specific,5b8f6f67-2c20-47dd-a40a-dc647fc2ac05,4556,https://catalog.disaster.go.th/dataset/7bdbedaf-f9cd-4c42-893a-0c88ad65b2f5/resource/5b8f6f67-2c20-47dd-a40a-dc647fc2ac05/download/gd028_2563_final.csv,CSV
33,ศรีสะเกษ,2563,local_area_record,ไพรบึง,สุขสวัสดิ์,6,25/02/2020,2020-02-25,2020-06-01,2020-06-22,source_situation_dates_known,,,all_agriculture_not_durian_specific,5b8f6f67-2c20-47dd-a40a-dc647fc2ac05,4557,https://catalog.disaster.go.th/dataset/7bdbedaf-f9cd-4c42-893a-0c88ad65b2f5/resource/5b8f6f67-2c20-47dd-a40a-dc647fc2ac05/download/gd028_2563_final.csv,CSV
33,ศรีสะเกษ,2563,local_area_record,ไพรบึง,สุขสวัสดิ์,7,25/02/2020,2020-02-25,2020-06-01,2020-06-22,source_situation_dates_known,,,all_agriculture_not_durian_specific,5b8f6f67-2c20-47dd-a40a-dc647fc2ac05,4558,https://catalog.disaster.go.th/dataset/7bdbedaf-f9cd-4c42-893a-0c88ad65b2f5/resource/5b8f6f67-2c20-47dd-a40a-dc647fc2ac05/download/gd028_2563_final.csv,CSV
33,ศรีสะเกษ,2563,local_area_record,ไพรบึง,สุขสวัสดิ์,8,25/02/2020,2020-02-25,2020-06-01,2020-06-22,source_situation_dates_known,,,all_agriculture_not_durian_specific,5b8f6f67-2c20-47dd-a40a-dc647fc2ac05,4559,https://catalog.disaster.go.th/dataset/7bdbedaf-f9cd-4c42-893a-0c88ad65b2f5/resource/5b8f6f67-2c20-47dd-a40a-dc647fc2ac05/download/gd028_2563_final.csv,CSV
33,ศรีสะเกษ,2563,local_area_record,ไพรบึง,สุขสวัสดิ์,9,25/02/2020,2020-02-25,2020-06-01,2020-06-22,source_situation_dates_known,,,all_agriculture_not_durian_specific,5b8f6f67-2c20-47dd-a40a-dc647fc2ac05,4560,https://catalog.disaster.go.th/dataset/7bdbedaf-f9cd-4c42-893a-0c88ad65b2f5/resource/5b8f6f67-2c20-47dd-a40a-dc647fc2ac05/download/gd028_2563_final.csv,CSV
33,ศรีสะเกษ,2563,local_area_record,ไพรบึง,สุขสวัสดิ์,12,25/02/2020,2020-02-25,2020-06-01,2020-06-22,source_situation_dates_known,,,all_agriculture_not_durian_specific,5b8f6f67-2c20-47dd-a40a-dc647fc2ac05,4561,https://catalog.disaster.go.th/dataset/7bdbedaf-f9cd-4c42-893a-0c88ad65b2f5/resource/5b8f6f67-2c20-47dd-a40a-dc647fc2ac05/download/gd028_2563_final.csv,CSV
33,ศรีสะเกษ,2563,local_area_record,เมืองจันทร์,ตาโกน,1,15/01/2020,2020-01-15,2020-06-10,2020-06-22,source_situation_dates_known,,,all_agriculture_not_durian_specific,5b8f6f67-2c20-47dd-a40a-dc647fc2ac05,4562,https://catalog.disaster.go.th/dataset/7bdbedaf-f9cd-4c42-893a-0c88ad65b2f5/resource/5b8f6f67-2c20-47dd-a40a-dc647fc2ac05/download/gd028_2563_final.csv,CSV
33,ศรีสะเกษ,2563,local_area_record,เมืองจันทร์,ตาโกน,2,15/01/2020,2020-01-15,2020-06-10,2020-06-22,source_situation_dates_known,,,all_agriculture_not_durian_specific,5b8f6f67-2c20-47dd-a40a-dc647fc2ac05,4563,https://catalog.disaster.go.th/dataset/7bdbedaf-f9cd-4c42-893a-0c88ad65b2f5/resource/5b8f6f67-2c20-47dd-a40a-dc647fc2ac05/download/gd028_2563_final.csv,CSV
33,ศรีสะเกษ,2563,local_area_record,เมืองจันทร์,ตาโกน,3,15/01/2020,2020-01-15,2020-06-10,2020-06-22,source_situation_dates_known,,,all_agriculture_not_durian_specific,5b8f6f67-2c20-47dd-a40a-dc647fc2ac05,4564,https://catalog.disaster.go.th/dataset/7bdbedaf-f9cd-4c42-893a-0c88ad65b2f5/resource/5b8f6f67-2c20-47dd-a40a-dc647fc2ac05/download/gd028_2563_final.csv,CSV
33,ศรีสะเกษ,2563,local_area_record,เมืองจันทร์,ตาโกน,4,15/01/2020,2020-01-15,2020-06-10,2020-06-22,source_situation_dates_known,,,all_agriculture_not_durian_specific,5b8f6f67-2c20-47dd-a40a-dc647fc2ac05,4565,https://catalog.disaster.go.th/dataset/7bdbedaf-f9cd-4c42-893a-0c88ad65b2f5/resource/5b8f6f67-2c20-47dd-a40a-dc647fc2ac05/download/gd028_2563_final.csv,CSV
33,ศรีสะเกษ,2563,local_area_record,เมืองจันทร์,ตาโกน,5,15/01/2020,2020-01-15,2020-06-10,2020-06-22,source_situation_dates_known,,,all_agriculture_not_durian_specific,5b8f6f67-2c20-47dd-a40a-dc647fc2ac05,4566,https://catalog.disaster.go.th/dataset/7bdbedaf-f9cd-4c42-893a-0c88ad65b2f5/resource/5b8f6f67-2c20-47dd-a40a-dc647fc2ac05/download/gd028_2563_final.csv,CSV
33,ศรีสะเกษ,2563,local_area_record,เมืองจันทร์,ตาโกน,6,15/01/2020,2020-01-15,2020-06-10,2020-06-22,source_situation_dates_known,,,all_agriculture_not_durian_specific,5b8f6f67-2c20-47dd-a40a-dc647fc2ac05,4567,https://catalog.disaster.go.th/dataset/7bdbedaf-f9cd-4c42-893a-0c88ad65b2f5/resource/5b8f6f67-2c20-47dd-a40a-dc647fc2ac05/download/gd028_2563_final.csv,CSV
33,ศรีสะเกษ,2563,local_area_record,เมืองจันทร์,ตาโกน,7,15/01/2020,2020-01-15,2020-06-10,2020-06-22,source_situation_dates_known,,,all_agriculture_not_durian_specific,5b8f6f67-2c20-47dd-a40a-dc647fc2ac05,4568,https://catalog.disaster.go.th/dataset/7bdbedaf-f9cd-4c42-893a-0c88ad65b2f5/resource/5b8f6f67-2c20-47dd-a40a-dc647fc2ac05/download/gd028_2563_final.csv,CSV
33,ศรีสะเกษ,2563,local_area_record,เมืองจันทร์,ตาโกน,8,15/01/2020,2020-01-15,2020-06-10,2020-06-22,source_situation_dates_known,,,all_agriculture_not_durian_specific,5b8f6f67-2c20-47dd-a40a-dc647fc2ac05,4569,https://catalog.disaster.go.th/dataset/7bdbedaf-f9cd-4c42-893a-0c88ad65b2f5/resource/5b8f6f67-2c20-47dd-a40a-dc647fc2ac05/download/gd028_2563_final.csv,CSV
33,ศรีสะเกษ,2563,local_area_record,เมืองจันทร์,ตาโกน,9,15/01/2020,2020-01-15,2020-06-10,2020-06-22,source_situation_dates_known,,,all_agriculture_not_durian_specific,5b8f6f67-2c20-47dd-a40a-dc647fc2ac05,4570,https://catalog.disaster.go.th/dataset/7bdbedaf-f9cd-4c42-893a-0c88ad65b2f5/resource/5b8f6f67-2c20-47dd-a40a-dc647fc2ac05/download/gd028_2563_final.csv,CSV
33,ศรีสะเกษ,2563,local_area_record,เมืองจันทร์,ตาโกน,10,15/01/2020,2020-01-15,2020-06-10,2020-06-22,source_situation_dates_known,,,all_agriculture_not_durian_specific,5b8f6f67-2c20-47dd-a40a-dc647fc2ac05,4571,https://catalog.disaster.go.th/dataset/7bdbedaf-f9cd-4c42-893a-0c88ad65b2f5/resource/5b8f6f67-2c20-47dd-a40a-dc647fc2ac05/download/gd028_2563_final.csv,CSV
33,ศรีสะเกษ,2563,local_area_record,เมืองจันทร์,ตาโกน,11,15/01/2020,2020-01-15,2020-06-10,2020-06-22,source_situation_dates_known,,,all_agriculture_not_durian_specific,5b8f6f67-2c20-47dd-a40a-dc647fc2ac05,4572,https://catalog.disaster.go.th/dataset/7bdbedaf-f9cd-4c42-893a-0c88ad65b2f5/resource/5b8f6f67-2c20-47dd-a40a-dc647fc2ac05/download/gd028_2563_final.csv,CSV
33,ศรีสะเกษ,2563,local_area_record,เมืองจันทร์,ตาโกน,12,15/01/2020,2020-01-15,2020-06-10,2020-06-22,source_situation_dates_known,,,all_agriculture_not_durian_specific,5b8f6f67-2c20-47dd-a40a-dc647fc2ac05,4573,https://catalog.disaster.go.th/dataset/7bdbedaf-f9cd-4c42-893a-0c88ad65b2f5/resource/5b8f6f67-2c20-47dd-a40a-dc647fc2ac05/download/gd028_2563_final.csv,CSV
33,ศรีสะเกษ,2563,local_area_record,เมืองจันทร์,ตาโกน,13,15/01/2020,2020-01-15,2020-06-10,2020-06-22,source_situation_dates_known,,,all_agriculture_not_durian_specific,5b8f6f67-2c20-47dd-a40a-dc647fc2ac05,4574,https://catalog.disaster.go.th/dataset/7bdbedaf-f9cd-4c42-893a-0c88ad65b2f5/resource/5b8f6f67-2c20-47dd-a40a-dc647fc2ac05/download/gd028_2563_final.csv,CSV
33,ศรีสะเกษ,2563,local_area_record,เมืองจันทร์,ตาโกน,14,15/01/2020,2020-01-15,2020-06-10,2020-06-22,source_situation_dates_known,,,all_agriculture_not_durian_specific,5b8f6f67-2c20-47dd-a40a-dc647fc2ac05,4575,https://catalog.disaster.go.th/dataset/7bdbedaf-f9cd-4c42-893a-0c88ad65b2f5/resource/5b8f6f67-2c20-47dd-a40a-dc647fc2ac05/download/gd028_2563_final.csv,CSV
33,ศรีสะเกษ,2563,local_area_record,เมืองจันทร์,ตาโกน,15,15/01/2020,2020-01-15,2020-06-10,2020-06-22,source_situation_dates_known,,,all_agriculture_not_durian_specific,5b8f6f67-2c20-47dd-a40a-dc647fc2ac05,4576,https://catalog.disaster.go.th/dataset/7bdbedaf-f9cd-4c42-893a-0c88ad65b2f5/resource/5b8f6f67-2c20-47dd-a40a-dc647fc2ac05/download/gd028_2563_final.csv,CSV
33,ศรีสะเกษ,2563,local_area_record,เมืองจันทร์,เมืองจันทร์,1,15/01/2020,2020-01-15,2020-06-10,2020-06-22,source_situation_dates_known,,,all_agriculture_not_durian_specific,5b8f6f67-2c20-47dd-a40a-dc647fc2ac05,4577,https://catalog.disaster.go.th/dataset/7bdbedaf-f9cd-4c42-893a-0c88ad65b2f5/resource/5b8f6f67-2c20-47dd-a40a-dc647fc2ac05/download/gd028_2563_final.csv,CSV
33,ศรีสะเกษ,2563,local_area_record,เมืองจันทร์,เมืองจันทร์,2,15/01/2020,2020-01-15,2020-06-10,2020-06-22,source_situation_dates_known,,,all_agriculture_not_durian_specific,5b8f6f67-2c20-47dd-a40a-dc647fc2ac05,4578,https://catalog.disaster.go.th/dataset/7bdbedaf-f9cd-4c42-893a-0c88ad65b2f5/resource/5b8f6f67-2c20-47dd-a40a-dc647fc2ac05/download/gd028_2563_final.csv,CSV
33,ศรีสะเกษ,2563,local_area_record,เมืองจันทร์,เมืองจันทร์,3,15/01/2020,2020-01-15,2020-06-10,2020-06-22,source_situation_dates_known,,,all_agriculture_not_durian_specific,5b8f6f67-2c20-47dd-a40a-dc647fc2ac05,4579,https://catalog.disaster.go.th/dataset/7bdbedaf-f9cd-4c42-893a-0c88ad65b2f5/resource/5b8f6f67-2c20-47dd-a40a-dc647fc2ac05/download/gd028_2563_final.csv,CSV
33,ศรีสะเกษ,2563,local_area_record,เมืองจันทร์,เมืองจันทร์,4,15/01/2020,2020-01-15,2020-06-10,2020-06-22,source_situation_dates_known,,,all_agriculture_not_durian_specific,5b8f6f67-2c20-47dd-a40a-dc647fc2ac05,4580,https://catalog.disaster.go.th/dataset/7bdbedaf-f9cd-4c42-893a-0c88ad65b2f5/resource/5b8f6f67-2c20-47dd-a40a-dc647fc2ac05/download/gd028_2563_final.csv,CSV
33,ศรีสะเกษ,2563,local_area_record,เมืองจันทร์,เมืองจันทร์,5,15/01/2020,2020-01-15,2020-06-10,2020-06-22,source_situation_dates_known,,,all_agriculture_not_durian_specific,5b8f6f67-2c20-47dd-a40a-dc647fc2ac05,4581,https://catalog.disaster.go.th/dataset/7bdbedaf-f9cd-4c42-893a-0c88ad65b2f5/resource/5b8f6f67-2c20-47dd-a40a-dc647fc2ac05/download/gd028_2563_final.csv,CSV
33,ศรีสะเกษ,2563,local_area_record,เมืองจันทร์,เมืองจันทร์,6,15/01/2020,2020-01-15,2020-06-10,2020-06-22,source_situation_dates_known,,,all_agriculture_not_durian_specific,5b8f6f67-2c20-47dd-a40a-dc647fc2ac05,4582,https://catalog.disaster.go.th/dataset/7bdbedaf-f9cd-4c42-893a-0c88ad65b2f5/resource/5b8f6f67-2c20-47dd-a40a-dc647fc2ac05/download/gd028_2563_final.csv,CSV
33,ศรีสะเกษ,2563,local_area_record,เมืองจันทร์,เมืองจันทร์,7,15/01/2020,2020-01-15,2020-06-10,2020-06-22,source_situation_dates_known,,,all_agriculture_not_durian_specific,5b8f6f67-2c20-47dd-a40a-dc647fc2ac05,4583,https://catalog.disaster.go.th/dataset/7bdbedaf-f9cd-4c42-893a-0c88ad65b2f5/resource/5b8f6f67-2c20-47dd-a40a-dc647fc2ac05/download/gd028_2563_final.csv,CSV
33,ศรีสะเกษ,2563,local_area_record,เมืองจันทร์,เมืองจันทร์,8,15/01/2020,2020-01-15,2020-06-10,2020-06-22,source_situation_dates_known,,,all_agriculture_not_durian_specific,5b8f6f67-2c20-47dd-a40a-dc647fc2ac05,4584,https://catalog.disaster.go.th/dataset/7bdbedaf-f9cd-4c42-893a-0c88ad65b2f5/resource/5b8f6f67-2c20-47dd-a40a-dc647fc2ac05/download/gd028_2563_final.csv,CSV
33,ศรีสะเกษ,2563,local_area_record,เมืองจันทร์,เมืองจันทร์,9,15/01/2020,2020-01-15,2020-06-10,2020-06-22,source_situation_dates_known,,,all_agriculture_not_durian_specific,5b8f6f67-2c20-47dd-a40a-dc647fc2ac05,4585,https://catalog.disaster.go.th/dataset/7bdbedaf-f9cd-4c42-893a-0c88ad65b2f5/resource/5b8f6f67-2c20-47dd-a40a-dc647fc2ac05/download/gd028_2563_final.csv,CSV
33,ศรีสะเกษ,2563,local_area_record,เมืองจันทร์,เมืองจันทร์,10,15/01/2020,2020-01-15,2020-06-10,2020-06-22,source_situation_dates_known,,,all_agriculture_not_durian_specific,5b8f6f67-2c20-47dd-a40a-dc647fc2ac05,4586,https://catalog.disaster.go.th/dataset/7bdbedaf-f9cd-4c42-893a-0c88ad65b2f5/resource/5b8f6f67-2c20-47dd-a40a-dc647fc2ac05/download/gd028_2563_final.csv,CSV
33,ศรีสะเกษ,2563,local_area_record,เมืองจันทร์,เมืองจันทร์,11,15/01/2020,2020-01-15,2020-06-10,2020-06-22,source_situation_dates_known,,,all_agriculture_not_durian_specific,5b8f6f67-2c20-47dd-a40a-dc647fc2ac05,4587,https://catalog.disaster.go.th/dataset/7bdbedaf-f9cd-4c42-893a-0c88ad65b2f5/resource/5b8f6f67-2c20-47dd-a40a-dc647fc2ac05/download/gd028_2563_final.csv,CSV
33,ศรีสะเกษ,2563,local_area_record,เมืองจันทร์,เมืองจันทร์,12,15/01/2020,2020-01-15,2020-06-10,2020-06-22,source_situation_dates_known,,,all_agriculture_not_durian_specific,5b8f6f67-2c20-47dd-a40a-dc647fc2ac05,4588,https://catalog.disaster.go.th/dataset/7bdbedaf-f9cd-4c42-893a-0c88ad65b2f5/resource/5b8f6f67-2c20-47dd-a40a-dc647fc2ac05/download/gd028_2563_final.csv,CSV
33,ศรีสะเกษ,2563,local_area_record,เมืองจันทร์,เมืองจันทร์,13,15/01/2020,2020-01-15,2020-06-10,2020-06-22,source_situation_dates_known,,,all_agriculture_not_durian_specific,5b8f6f67-2c20-47dd-a40a-dc647fc2ac05,4589,https://catalog.disaster.go.th/dataset/7bdbedaf-f9cd-4c42-893a-0c88ad65b2f5/resource/5b8f6f67-2c20-47dd-a40a-dc647fc2ac05/download/gd028_2563_final.csv,CSV
33,ศรีสะเกษ,2563,local_area_record,เมืองจันทร์,เมืองจันทร์,14,15/01/2020,2020-01-15,2020-06-10,2020-06-22,source_situation_dates_known,,,all_agriculture_not_durian_specific,5b8f6f67-2c20-47dd-a40a-dc647fc2ac05,4590,https://catalog.disaster.go.th/dataset/7bdbedaf-f9cd-4c42-893a-0c88ad65b2f5/resource/5b8f6f67-2c20-47dd-a40a-dc647fc2ac05/download/gd028_2563_final.csv,CSV
33,ศรีสะเกษ,2563,local_area_record,เมืองจันทร์,เมืองจันทร์,15,15/01/2020,2020-01-15,2020-06-10,2020-06-22,source_situation_dates_known,,,all_agriculture_not_durian_specific,5b8f6f67-2c20-47dd-a40a-dc647fc2ac05,4591,https://catalog.disaster.go.th/dataset/7bdbedaf-f9cd-4c42-893a-0c88ad65b2f5/resource/5b8f6f67-2c20-47dd-a40a-dc647fc2ac05/download/gd028_2563_final.csv,CSV
33,ศรีสะเกษ,2563,local_area_record,เมืองจันทร์,เมืองจันทร์,16,15/01/2020,2020-01-15,2020-06-10,2020-06-22,source_situation_dates_known,,,all_agriculture_not_durian_specific,5b8f6f67-2c20-47dd-a40a-dc647fc2ac05,4592,https://catalog.disaster.go.th/dataset/7bdbedaf-f9cd-4c42-893a-0c88ad65b2f5/resource/5b8f6f67-2c20-47dd-a40a-dc647fc2ac05/download/gd028_2563_final.csv,CSV
33,ศรีสะเกษ,2563,local_area_record,เมืองจันทร์,เมืองจันทร์,17,15/01/2020,2020-01-15,2020-06-10,2020-06-22,source_situation_dates_known,,,all_agriculture_not_durian_specific,5b8f6f67-2c20-47dd-a40a-dc647fc2ac05,4593,https://catalog.disaster.go.th/dataset/7bdbedaf-f9cd-4c42-893a-0c88ad65b2f5/resource/5b8f6f67-2c20-47dd-a40a-dc647fc2ac05/download/gd028_2563_final.csv,CSV
33,ศรีสะเกษ,2563,local_area_record,เมืองจันทร์,เมืองจันทร์,18,15/01/2020,2020-01-15,2020-06-10,2020-06-22,source_situation_dates_known,,,all_agriculture_not_durian_specific,5b8f6f67-2c20-47dd-a40a-dc647fc2ac05,4594,https://catalog.disaster.go.th/dataset/7bdbedaf-f9cd-4c42-893a-0c88ad65b2f5/resource/5b8f6f67-2c20-47dd-a40a-dc647fc2ac05/download/gd028_2563_final.csv,CSV
33,ศรีสะเกษ,2563,local_area_record,เมืองจันทร์,เมืองจันทร์,19,15/01/2020,2020-01-15,2020-06-10,2020-06-22,source_situation_dates_known,,,all_agriculture_not_durian_specific,5b8f6f67-2c20-47dd-a40a-dc647fc2ac05,4595,https://catalog.disaster.go.th/dataset/7bdbedaf-f9cd-4c42-893a-0c88ad65b2f5/resource/5b8f6f67-2c20-47dd-a40a-dc647fc2ac05/download/gd028_2563_final.csv,CSV
33,ศรีสะเกษ,2563,local_area_record,เมืองจันทร์,เมืองจันทร์,20,15/01/2020,2020-01-15,2020-06-10,2020-06-22,source_situation_dates_known,,,all_agriculture_not_durian_specific,5b8f6f67-2c20-47dd-a40a-dc647fc2ac05,4596,https://catalog.disaster.go.th/dataset/7bdbedaf-f9cd-4c42-893a-0c88ad65b2f5/resource/5b8f6f67-2c20-47dd-a40a-dc647fc2ac05/download/gd028_2563_final.csv,CSV
33,ศรีสะเกษ,2563,local_area_record,เมืองจันทร์,เมืองจันทร์,21,15/01/2020,2020-01-15,2020-06-10,2020-06-22,source_situation_dates_known,,,all_agriculture_not_durian_specific,5b8f6f67-2c20-47dd-a40a-dc647fc2ac05,4597,https://catalog.disaster.go.th/dataset/7bdbedaf-f9cd-4c42-893a-0c88ad65b2f5/resource/5b8f6f67-2c20-47dd-a40a-dc647fc2ac05/download/gd028_2563_final.csv,CSV
33,ศรีสะเกษ,2563,local_area_record,เมืองจันทร์,เมืองจันทร์,22,15/01/2020,2020-01-15,2020-06-10,2020-06-22,source_situation_dates_known,,,all_agriculture_not_durian_specific,5b8f6f67-2c20-47dd-a40a-dc647fc2ac05,4598,https://catalog.disaster.go.th/dataset/7bdbedaf-f9cd-4c42-893a-0c88ad65b2f5/resource/5b8f6f67-2c20-47dd-a40a-dc647fc2ac05/download/gd028_2563_final.csv,CSV
33,ศรีสะเกษ,2563,local_area_record,เมืองจันทร์,เมืองจันทร์,23,15/01/2020,2020-01-15,2020-06-10,2020-06-22,source_situation_dates_known,,,all_agriculture_not_durian_specific,5b8f6f67-2c20-47dd-a40a-dc647fc2ac05,4599,https://catalog.disaster.go.th/dataset/7bdbedaf-f9cd-4c42-893a-0c88ad65b2f5/resource/5b8f6f67-2c20-47dd-a40a-dc647fc2ac05/download/gd028_2563_final.csv,CSV
33,ศรีสะเกษ,2563,local_area_record,เมืองจันทร์,เมืองจันทร์,24,15/01/2020,2020-01-15,2020-06-10,2020-06-22,source_situation_dates_known,,,all_agriculture_not_durian_specific,5b8f6f67-2c20-47dd-a40a-dc647fc2ac05,4600,https://catalog.disaster.go.th/dataset/7bdbedaf-f9cd-4c42-893a-0c88ad65b2f5/resource/5b8f6f67-2c20-47dd-a40a-dc647fc2ac05/download/gd028_2563_final.csv,CSV
33,ศรีสะเกษ,2563,local_area_record,เมืองจันทร์,เมืองจันทร์,25,15/01/2020,2020-01-15,2020-06-10,2020-06-22,source_situation_dates_known,,,all_agriculture_not_durian_specific,5b8f6f67-2c20-47dd-a40a-dc647fc2ac05,4601,https://catalog.disaster.go.th/dataset/7bdbedaf-f9cd-4c42-893a-0c88ad65b2f5/resource/5b8f6f67-2c20-47dd-a40a-dc647fc2ac05/download/gd028_2563_final.csv,CSV
33,ศรีสะเกษ,2563,local_area_record,เมืองจันทร์,หนองใหญ่,1,15/01/2020,2020-01-15,2020-06-10,2020-06-22,source_situation_dates_known,,,all_agriculture_not_durian_specific,5b8f6f67-2c20-47dd-a40a-dc647fc2ac05,4602,https://catalog.disaster.go.th/dataset/7bdbedaf-f9cd-4c42-893a-0c88ad65b2f5/resource/5b8f6f67-2c20-47dd-a40a-dc647fc2ac05/download/gd028_2563_final.csv,CSV
33,ศรีสะเกษ,2563,local_area_record,เมืองจันทร์,หนองใหญ่,2,15/01/2020,2020-01-15,2020-06-10,2020-06-22,source_situation_dates_known,,,all_agriculture_not_durian_specific,5b8f6f67-2c20-47dd-a40a-dc647fc2ac05,4603,https://catalog.disaster.go.th/dataset/7bdbedaf-f9cd-4c42-893a-0c88ad65b2f5/resource/5b8f6f67-2c20-47dd-a40a-dc647fc2ac05/download/gd028_2563_final.csv,CSV
33,ศรีสะเกษ,2563,local_area_record,เมืองจันทร์,หนองใหญ่,3,15/01/2020,2020-01-15,2020-06-10,2020-06-22,source_situation_dates_known,,,all_agriculture_not_durian_specific,5b8f6f67-2c20-47dd-a40a-dc647fc2ac05,4604,https://catalog.disaster.go.th/dataset/7bdbedaf-f9cd-4c42-893a-0c88ad65b2f5/resource/5b8f6f67-2c20-47dd-a40a-dc647fc2ac05/download/gd028_2563_final.csv,CSV
33,ศรีสะเกษ,2563,local_area_record,เมืองจันทร์,หนองใหญ่,4,15/01/2020,2020-01-15,2020-06-10,2020-06-22,source_situation_dates_known,,,all_agriculture_not_durian_specific,5b8f6f67-2c20-47dd-a40a-dc647fc2ac05,4605,https://catalog.disaster.go.th/dataset/7bdbedaf-f9cd-4c42-893a-0c88ad65b2f5/resource/5b8f6f67-2c20-47dd-a40a-dc647fc2ac05/download/gd028_2563_final.csv,CSV
33,ศรีสะเกษ,2563,local_area_record,เมืองจันทร์,หนองใหญ่,5,15/01/2020,2020-01-15,2020-06-10,2020-06-22,source_situation_dates_known,,,all_agriculture_not_durian_specific,5b8f6f67-2c20-47dd-a40a-dc647fc2ac05,4606,https://catalog.disaster.go.th/dataset/7bdbedaf-f9cd-4c42-893a-0c88ad65b2f5/resource/5b8f6f67-2c20-47dd-a40a-dc647fc2ac05/download/gd028_2563_final.csv,CSV
33,ศรีสะเกษ,2563,local_area_record,เมืองจันทร์,หนองใหญ่,6,15/01/2020,2020-01-15,2020-06-10,2020-06-22,source_situation_dates_known,,,all_agriculture_not_durian_specific,5b8f6f67-2c20-47dd-a40a-dc647fc2ac05,4607,https://catalog.disaster.go.th/dataset/7bdbedaf-f9cd-4c42-893a-0c88ad65b2f5/resource/5b8f6f67-2c20-47dd-a40a-dc647fc2ac05/download/gd028_2563_final.csv,CSV
33,ศรีสะเกษ,2563,local_area_record,เมืองจันทร์,หนองใหญ่,7,15/01/2020,2020-01-15,2020-06-10,2020-06-22,source_situation_dates_known,,,all_agriculture_not_durian_specific,5b8f6f67-2c20-47dd-a40a-dc647fc2ac05,4608,https://catalog.disaster.go.th/dataset/7bdbedaf-f9cd-4c42-893a-0c88ad65b2f5/resource/5b8f6f67-2c20-47dd-a40a-dc647fc2ac05/download/gd028_2563_final.csv,CSV
33,ศรีสะเกษ,2563,local_area_record,เมืองจันทร์,หนองใหญ่,8,15/01/2020,2020-01-15,2020-06-10,2020-06-22,source_situation_dates_known,,,all_agriculture_not_durian_specific,5b8f6f67-2c20-47dd-a40a-dc647fc2ac05,4609,https://catalog.disaster.go.th/dataset/7bdbedaf-f9cd-4c42-893a-0c88ad65b2f5/resource/5b8f6f67-2c20-47dd-a40a-dc647fc2ac05/download/gd028_2563_final.csv,CSV
33,ศรีสะเกษ,2563,local_area_record,เมืองจันทร์,หนองใหญ่,9,15/01/2020,2020-01-15,2020-06-10,2020-06-22,source_situation_dates_known,,,all_agriculture_not_durian_specific,5b8f6f67-2c20-47dd-a40a-dc647fc2ac05,4610,https://catalog.disaster.go.th/dataset/7bdbedaf-f9cd-4c42-893a-0c88ad65b2f5/resource/5b8f6f67-2c20-47dd-a40a-dc647fc2ac05/download/gd028_2563_final.csv,CSV
33,ศรีสะเกษ,2563,local_area_record,เมืองจันทร์,หนองใหญ่,10,15/01/2020,2020-01-15,2020-06-10,2020-06-22,source_situation_dates_known,,,all_agriculture_not_durian_specific,5b8f6f67-2c20-47dd-a40a-dc647fc2ac05,4611,https://catalog.disaster.go.th/dataset/7bdbedaf-f9cd-4c42-893a-0c88ad65b2f5/resource/5b8f6f67-2c20-47dd-a40a-dc647fc2ac05/download/gd028_2563_final.csv,CSV
33,ศรีสะเกษ,2563,local_area_record,เมืองจันทร์,หนองใหญ่,11,15/01/2020,2020-01-15,2020-06-10,2020-06-22,source_situation_dates_known,,,all_agriculture_not_durian_specific,5b8f6f67-2c20-47dd-a40a-dc647fc2ac05,4612,https://catalog.disaster.go.th/dataset/7bdbedaf-f9cd-4c42-893a-0c88ad65b2f5/resource/5b8f6f67-2c20-47dd-a40a-dc647fc2ac05/download/gd028_2563_final.csv,CSV
33,ศรีสะเกษ,2563,local_area_record,เมืองจันทร์,หนองใหญ่,12,15/01/2020,2020-01-15,2020-06-10,2020-06-22,source_situation_dates_known,,,all_agriculture_not_durian_specific,5b8f6f67-2c20-47dd-a40a-dc647fc2ac05,4613,https://catalog.disaster.go.th/dataset/7bdbedaf-f9cd-4c42-893a-0c88ad65b2f5/resource/5b8f6f67-2c20-47dd-a40a-dc647fc2ac05/download/gd028_2563_final.csv,CSV
33,ศรีสะเกษ,2563,local_area_record,ห้วยทับทัน,กล้วยกว้าง,1,25/03/2020,2020-03-25,2020-06-01,2020-06-22,source_situation_dates_known,,,all_agriculture_not_durian_specific,5b8f6f67-2c20-47dd-a40a-dc647fc2ac05,4614,https://catalog.disaster.go.th/dataset/7bdbedaf-f9cd-4c42-893a-0c88ad65b2f5/resource/5b8f6f67-2c20-47dd-a40a-dc647fc2ac05/download/gd028_2563_final.csv,CSV
33,ศรีสะเกษ,2563,local_area_record,ห้วยทับทัน,กล้วยกว้าง,2,25/03/2020,2020-03-25,2020-06-01,2020-06-22,source_situation_dates_known,,,all_agriculture_not_durian_specific,5b8f6f67-2c20-47dd-a40a-dc647fc2ac05,4615,https://catalog.disaster.go.th/dataset/7bdbedaf-f9cd-4c42-893a-0c88ad65b2f5/resource/5b8f6f67-2c20-47dd-a40a-dc647fc2ac05/download/gd028_2563_final.csv,CSV
33,ศรีสะเกษ,2563,local_area_record,ห้วยทับทัน,กล้วยกว้าง,3,25/03/2020,2020-03-25,2020-06-01,2020-06-22,source_situation_dates_known,,,all_agriculture_not_durian_specific,5b8f6f67-2c20-47dd-a40a-dc647fc2ac05,4616,https://catalog.disaster.go.th/dataset/7bdbedaf-f9cd-4c42-893a-0c88ad65b2f5/resource/5b8f6f67-2c20-47dd-a40a-dc647fc2ac05/download/gd028_2563_final.csv,CSV
33,ศรีสะเกษ,2563,local_area_record,ห้วยทับทัน,กล้วยกว้าง,4,25/03/2020,2020-03-25,2020-06-01,2020-06-22,source_situation_dates_known,,,all_agriculture_not_durian_specific,5b8f6f67-2c20-47dd-a40a-dc647fc2ac05,4617,https://catalog.disaster.go.th/dataset/7bdbedaf-f9cd-4c42-893a-0c88ad65b2f5/resource/5b8f6f67-2c20-47dd-a40a-dc647fc2ac05/download/gd028_2563_final.csv,CSV
33,ศรีสะเกษ,2563,local_area_record,ห้วยทับทัน,กล้วยกว้าง,5,25/03/2020,2020-03-25,2020-06-01,2020-06-22,source_situation_dates_known,,,all_agriculture_not_durian_specific,5b8f6f67-2c20-47dd-a40a-dc647fc2ac05,4618,https://catalog.disaster.go.th/dataset/7bdbedaf-f9cd-4c42-893a-0c88ad65b2f5/resource/5b8f6f67-2c20-47dd-a40a-dc647fc2ac05/download/gd028_2563_final.csv,CSV
33,ศรีสะเกษ,2563,local_area_record,ห้วยทับทัน,กล้วยกว้าง,6,25/03/2020,2020-03-25,2020-06-01,2020-06-22,source_situation_dates_known,,,all_agriculture_not_durian_specific,5b8f6f67-2c20-47dd-a40a-dc647fc2ac05,4619,https://catalog.disaster.go.th/dataset/7bdbedaf-f9cd-4c42-893a-0c88ad65b2f5/resource/5b8f6f67-2c20-47dd-a40a-dc647fc2ac05/download/gd028_2563_final.csv,CSV
33,ศรีสะเกษ,2563,local_area_record,ห้วยทับทัน,กล้วยกว้าง,7,25/03/2020,2020-03-25,2020-06-01,2020-06-22,source_situation_dates_known,,,all_agriculture_not_durian_specific,5b8f6f67-2c20-47dd-a40a-dc647fc2ac05,4620,https://catalog.disaster.go.th/dataset/7bdbedaf-f9cd-4c42-893a-0c88ad65b2f5/resource/5b8f6f67-2c20-47dd-a40a-dc647fc2ac05/download/gd028_2563_final.csv,CSV
33,ศรีสะเกษ,2563,local_area_record,ห้วยทับทัน,กล้วยกว้าง,8,25/03/2020,2020-03-25,2020-06-01,2020-06-22,source_situation_dates_known,,,all_agriculture_not_durian_specific,5b8f6f67-2c20-47dd-a40a-dc647fc2ac05,4621,https://catalog.disaster.go.th/dataset/7bdbedaf-f9cd-4c42-893a-0c88ad65b2f5/resource/5b8f6f67-2c20-47dd-a40a-dc647fc2ac05/download/gd028_2563_final.csv,CSV
33,ศรีสะเกษ,2563,local_area_record,ห้วยทับทัน,กล้วยกว้าง,9,25/03/2020,2020-03-25,2020-06-01,2020-06-22,source_situation_dates_known,,,all_agriculture_not_durian_specific,5b8f6f67-2c20-47dd-a40a-dc647fc2ac05,4622,https://catalog.disaster.go.th/dataset/7bdbedaf-f9cd-4c42-893a-0c88ad65b2f5/resource/5b8f6f67-2c20-47dd-a40a-dc647fc2ac05/download/gd028_2563_final.csv,CSV
33,ศรีสะเกษ,2563,local_area_record,ห้วยทับทัน,กล้วยกว้าง,10,25/03/2020,2020-03-25,2020-06-01,2020-06-22,source_situation_dates_known,,,all_agriculture_not_durian_specific,5b8f6f67-2c20-47dd-a40a-dc647fc2ac05,4623,https://catalog.disaster.go.th/dataset/7bdbedaf-f9cd-4c42-893a-0c88ad65b2f5/resource/5b8f6f67-2c20-47dd-a40a-dc647fc2ac05/download/gd028_2563_final.csv,CSV
33,ศรีสะเกษ,2563,local_area_record,ห้วยทับทัน,กล้วยกว้าง,11,25/03/2020,2020-03-25,2020-06-01,2020-06-22,source_situation_dates_known,,,all_agriculture_not_durian_specific,5b8f6f67-2c20-47dd-a40a-dc647fc2ac05,4624,https://catalog.disaster.go.th/dataset/7bdbedaf-f9cd-4c42-893a-0c88ad65b2f5/resource/5b8f6f67-2c20-47dd-a40a-dc647fc2ac05/download/gd028_2563_final.csv,CSV
33,ศรีสะเกษ,2563,local_area_record,ห้วยทับทัน,กล้วยกว้าง,12,25/03/2020,2020-03-25,2020-06-01,2020-06-22,source_situation_dates_known,,,all_agriculture_not_durian_specific,5b8f6f67-2c20-47dd-a40a-dc647fc2ac05,4625,https://catalog.disaster.go.th/dataset/7bdbedaf-f9cd-4c42-893a-0c88ad65b2f5/resource/5b8f6f67-2c20-47dd-a40a-dc647fc2ac05/download/gd028_2563_final.csv,CSV
33,ศรีสะเกษ,2563,local_area_record,ห้วยทับทัน,กล้วยกว้าง,13,25/03/2020,2020-03-25,2020-06-01,2020-06-22,source_situation_dates_known,,,all_agriculture_not_durian_specific,5b8f6f67-2c20-47dd-a40a-dc647fc2ac05,4626,https://catalog.disaster.go.th/dataset/7bdbedaf-f9cd-4c42-893a-0c88ad65b2f5/resource/5b8f6f67-2c20-47dd-a40a-dc647fc2ac05/download/gd028_2563_final.csv,CSV
33,ศรีสะเกษ,2563,local_area_record,ห้วยทับทัน,จานแสนไชย,1,15/02/2020,2020-02-15,2020-06-01,2020-06-22,source_situation_dates_known,,,all_agriculture_not_durian_specific,5b8f6f67-2c20-47dd-a40a-dc647fc2ac05,4627,https://catalog.disaster.go.th/dataset/7bdbedaf-f9cd-4c42-893a-0c88ad65b2f5/resource/5b8f6f67-2c20-47dd-a40a-dc647fc2ac05/download/gd028_2563_final.csv,CSV
33,ศรีสะเกษ,2563,local_area_record,ห้วยทับทัน,จานแสนไชย,2,15/02/2020,2020-02-15,2020-06-01,2020-06-22,source_situation_dates_known,,,all_agriculture_not_durian_specific,5b8f6f67-2c20-47dd-a40a-dc647fc2ac05,4628,https://catalog.disaster.go.th/dataset/7bdbedaf-f9cd-4c42-893a-0c88ad65b2f5/resource/5b8f6f67-2c20-47dd-a40a-dc647fc2ac05/download/gd028_2563_final.csv,CSV
33,ศรีสะเกษ,2563,local_area_record,ห้วยทับทัน,จานแสนไชย,3,23/03/2020,2020-03-23,2020-06-01,2020-06-22,source_situation_dates_known,,,all_agriculture_not_durian_specific,5b8f6f67-2c20-47dd-a40a-dc647fc2ac05,4629,https://catalog.disaster.go.th/dataset/7bdbedaf-f9cd-4c42-893a-0c88ad65b2f5/resource/5b8f6f67-2c20-47dd-a40a-dc647fc2ac05/download/gd028_2563_final.csv,CSV
33,ศรีสะเกษ,2563,local_area_record,ห้วยทับทัน,จานแสนไชย,4,15/02/2020,2020-02-15,2020-06-01,2020-06-22,source_situation_dates_known,,,all_agriculture_not_durian_specific,5b8f6f67-2c20-47dd-a40a-dc647fc2ac05,4630,https://catalog.disaster.go.th/dataset/7bdbedaf-f9cd-4c42-893a-0c88ad65b2f5/resource/5b8f6f67-2c20-47dd-a40a-dc647fc2ac05/download/gd028_2563_final.csv,CSV
33,ศรีสะเกษ,2563,local_area_record,ห้วยทับทัน,จานแสนไชย,5,23/03/2020,2020-03-23,2020-06-01,2020-06-22,source_situation_dates_known,,,all_agriculture_not_durian_specific,5b8f6f67-2c20-47dd-a40a-dc647fc2ac05,4631,https://catalog.disaster.go.th/dataset/7bdbedaf-f9cd-4c42-893a-0c88ad65b2f5/resource/5b8f6f67-2c20-47dd-a40a-dc647fc2ac05/download/gd028_2563_final.csv,CSV
33,ศรีสะเกษ,2563,local_area_record,ห้วยทับทัน,จานแสนไชย,6,23/03/2020,2020-03-23,2020-06-01,2020-06-22,source_situation_dates_known,,,all_agriculture_not_durian_specific,5b8f6f67-2c20-47dd-a40a-dc647fc2ac05,4632,https://catalog.disaster.go.th/dataset/7bdbedaf-f9cd-4c42-893a-0c88ad65b2f5/resource/5b8f6f67-2c20-47dd-a40a-dc647fc2ac05/download/gd028_2563_final.csv,CSV
33,ศรีสะเกษ,2563,local_area_record,ห้วยทับทัน,จานแสนไชย,7,15/02/2020,2020-02-15,2020-06-01,2020-06-22,source_situation_dates_known,,,all_agriculture_not_durian_specific,5b8f6f67-2c20-47dd-a40a-dc647fc2ac05,4633,https://catalog.disaster.go.th/dataset/7bdbedaf-f9cd-4c42-893a-0c88ad65b2f5/resource/5b8f6f67-2c20-47dd-a40a-dc647fc2ac05/download/gd028_2563_final.csv,CSV
33,ศรีสะเกษ,2563,local_area_record,ห้วยทับทัน,จานแสนไชย,8,23/03/2020,2020-03-23,2020-06-01,2020-06-22,source_situation_dates_known,,,all_agriculture_not_durian_specific,5b8f6f67-2c20-47dd-a40a-dc647fc2ac05,4634,https://catalog.disaster.go.th/dataset/7bdbedaf-f9cd-4c42-893a-0c88ad65b2f5/resource/5b8f6f67-2c20-47dd-a40a-dc647fc2ac05/download/gd028_2563_final.csv,CSV
33,ศรีสะเกษ,2563,local_area_record,ห้วยทับทัน,จานแสนไชย,9,23/03/2020,2020-03-23,2020-06-01,2020-06-22,source_situation_dates_known,,,all_agriculture_not_durian_specific,5b8f6f67-2c20-47dd-a40a-dc647fc2ac05,4635,https://catalog.disaster.go.th/dataset/7bdbedaf-f9cd-4c42-893a-0c88ad65b2f5/resource/5b8f6f67-2c20-47dd-a40a-dc647fc2ac05/download/gd028_2563_final.csv,CSV
33,ศรีสะเกษ,2563,local_area_record,ห้วยทับทัน,จานแสนไชย,10,15/02/2020,2020-02-15,2020-06-01,2020-06-22,source_situation_dates_known,,,all_agriculture_not_durian_specific,5b8f6f67-2c20-47dd-a40a-dc647fc2ac05,4636,https://catalog.disaster.go.th/dataset/7bdbedaf-f9cd-4c42-893a-0c88ad65b2f5/resource/5b8f6f67-2c20-47dd-a40a-dc647fc2ac05/download/gd028_2563_final.csv,CSV
33,ศรีสะเกษ,2563,local_area_record,ห้วยทับทัน,จานแสนไชย,11,23/03/2020,2020-03-23,2020-06-01,2020-06-22,source_situation_dates_known,,,all_agriculture_not_durian_specific,5b8f6f67-2c20-47dd-a40a-dc647fc2ac05,4637,https://catalog.disaster.go.th/dataset/7bdbedaf-f9cd-4c42-893a-0c88ad65b2f5/resource/5b8f6f67-2c20-47dd-a40a-dc647fc2ac05/download/gd028_2563_final.csv,CSV
33,ศรีสะเกษ,2563,local_area_record,ห้วยทับทัน,จานแสนไชย,12,23/03/2020,2020-03-23,2020-06-01,2020-06-22,source_situation_dates_known,,,all_agriculture_not_durian_specific,5b8f6f67-2c20-47dd-a40a-dc647fc2ac05,4638,https://catalog.disaster.go.th/dataset/7bdbedaf-f9cd-4c42-893a-0c88ad65b2f5/resource/5b8f6f67-2c20-47dd-a40a-dc647fc2ac05/download/gd028_2563_final.csv,CSV
33,ศรีสะเกษ,2563,local_area_record,ห้วยทับทัน,จานแสนไชย,13,15/02/2020,2020-02-15,2020-06-01,2020-06-22,source_situation_dates_known,,,all_agriculture_not_durian_specific,5b8f6f67-2c20-47dd-a40a-dc647fc2ac05,4639,https://catalog.disaster.go.th/dataset/7bdbedaf-f9cd-4c42-893a-0c88ad65b2f5/resource/5b8f6f67-2c20-47dd-a40a-dc647fc2ac05/download/gd028_2563_final.csv,CSV
33,ศรีสะเกษ,2563,local_area_record,ห้วยทับทัน,ผักไหม,1,15/02/2020,2020-02-15,2020-06-01,2020-06-22,source_situation_dates_known,,,all_agriculture_not_durian_specific,5b8f6f67-2c20-47dd-a40a-dc647fc2ac05,4640,https://catalog.disaster.go.th/dataset/7bdbedaf-f9cd-4c42-893a-0c88ad65b2f5/resource/5b8f6f67-2c20-47dd-a40a-dc647fc2ac05/download/gd028_2563_final.csv,CSV
33,ศรีสะเกษ,2563,local_area_record,ห้วยทับทัน,ผักไหม,2,23/03/2020,2020-03-23,2020-06-01,2020-06-22,source_situation_dates_known,,,all_agriculture_not_durian_specific,5b8f6f67-2c20-47dd-a40a-dc647fc2ac05,4641,https://catalog.disaster.go.th/dataset/7bdbedaf-f9cd-4c42-893a-0c88ad65b2f5/resource/5b8f6f67-2c20-47dd-a40a-dc647fc2ac05/download/gd028_2563_final.csv,CSV
33,ศรีสะเกษ,2563,local_area_record,ห้วยทับทัน,ผักไหม,3,23/03/2020,2020-03-23,2020-06-01,2020-06-22,source_situation_dates_known,,,all_agriculture_not_durian_specific,5b8f6f67-2c20-47dd-a40a-dc647fc2ac05,4642,https://catalog.disaster.go.th/dataset/7bdbedaf-f9cd-4c42-893a-0c88ad65b2f5/resource/5b8f6f67-2c20-47dd-a40a-dc647fc2ac05/download/gd028_2563_final.csv,CSV
33,ศรีสะเกษ,2563,local_area_record,ห้วยทับทัน,ผักไหม,4,23/03/2020,2020-03-23,2020-06-01,2020-06-22,source_situation_dates_known,,,all_agriculture_not_durian_specific,5b8f6f67-2c20-47dd-a40a-dc647fc2ac05,4643,https://catalog.disaster.go.th/dataset/7bdbedaf-f9cd-4c42-893a-0c88ad65b2f5/resource/5b8f6f67-2c20-47dd-a40a-dc647fc2ac05/download/gd028_2563_final.csv,CSV
33,ศรีสะเกษ,2563,local_area_record,ห้วยทับทัน,ผักไหม,5,23/03/2020,2020-03-23,2020-06-01,2020-06-22,source_situation_dates_known,,,all_agriculture_not_durian_specific,5b8f6f67-2c20-47dd-a40a-dc647fc2ac05,4644,https://catalog.disaster.go.th/dataset/7bdbedaf-f9cd-4c42-893a-0c88ad65b2f5/resource/5b8f6f67-2c20-47dd-a40a-dc647fc2ac05/download/gd028_2563_final.csv,CSV
33,ศรีสะเกษ,2563,local_area_record,ห้วยทับทัน,ผักไหม,6,23/03/2020,2020-03-23,2020-06-01,2020-06-22,source_situation_dates_known,,,all_agriculture_not_durian_specific,5b8f6f67-2c20-47dd-a40a-dc647fc2ac05,4645,https://catalog.disaster.go.th/dataset/7bdbedaf-f9cd-4c42-893a-0c88ad65b2f5/resource/5b8f6f67-2c20-47dd-a40a-dc647fc2ac05/download/gd028_2563_final.csv,CSV
33,ศรีสะเกษ,2563,local_area_record,ห้วยทับทัน,ผักไหม,7,23/03/2020,2020-03-23,2020-06-01,2020-06-22,source_situation_dates_known,,,all_agriculture_not_durian_specific,5b8f6f67-2c20-47dd-a40a-dc647fc2ac05,4646,https://catalog.disaster.go.th/dataset/7bdbedaf-f9cd-4c42-893a-0c88ad65b2f5/resource/5b8f6f67-2c20-47dd-a40a-dc647fc2ac05/download/gd028_2563_final.csv,CSV
33,ศรีสะเกษ,2563,local_area_record,ห้วยทับทัน,ผักไหม,8,15/02/2020,2020-02-15,2020-06-01,2020-06-22,source_situation_dates_known,,,all_agriculture_not_durian_specific,5b8f6f67-2c20-47dd-a40a-dc647fc2ac05,4647,https://catalog.disaster.go.th/dataset/7bdbedaf-f9cd-4c42-893a-0c88ad65b2f5/resource/5b8f6f67-2c20-47dd-a40a-dc647fc2ac05/download/gd028_2563_final.csv,CSV
33,ศรีสะเกษ,2563,local_area_record,ห้วยทับทัน,ผักไหม,9,23/03/2020,2020-03-23,2020-06-01,2020-06-22,source_situation_dates_known,,,all_agriculture_not_durian_specific,5b8f6f67-2c20-47dd-a40a-dc647fc2ac05,4648,https://catalog.disaster.go.th/dataset/7bdbedaf-f9cd-4c42-893a-0c88ad65b2f5/resource/5b8f6f67-2c20-47dd-a40a-dc647fc2ac05/download/gd028_2563_final.csv,CSV
33,ศรีสะเกษ,2563,local_area_record,ห้วยทับทัน,ผักไหม,10,15/02/2020,2020-02-15,2020-06-01,2020-06-22,source_situation_dates_known,,,all_agriculture_not_durian_specific,5b8f6f67-2c20-47dd-a40a-dc647fc2ac05,4649,https://catalog.disaster.go.th/dataset/7bdbedaf-f9cd-4c42-893a-0c88ad65b2f5/resource/5b8f6f67-2c20-47dd-a40a-dc647fc2ac05/download/gd028_2563_final.csv,CSV
33,ศรีสะเกษ,2563,local_area_record,ห้วยทับทัน,ผักไหม,11,23/03/2020,2020-03-23,2020-06-01,2020-06-22,source_situation_dates_known,,,all_agriculture_not_durian_specific,5b8f6f67-2c20-47dd-a40a-dc647fc2ac05,4650,https://catalog.disaster.go.th/dataset/7bdbedaf-f9cd-4c42-893a-0c88ad65b2f5/resource/5b8f6f67-2c20-47dd-a40a-dc647fc2ac05/download/gd028_2563_final.csv,CSV
33,ศรีสะเกษ,2563,local_area_record,ห้วยทับทัน,ผักไหม,12,15/02/2020,2020-02-15,2020-06-01,2020-06-22,source_situation_dates_known,,,all_agriculture_not_durian_specific,5b8f6f67-2c20-47dd-a40a-dc647fc2ac05,4651,https://catalog.disaster.go.th/dataset/7bdbedaf-f9cd-4c42-893a-0c88ad65b2f5/resource/5b8f6f67-2c20-47dd-a40a-dc647fc2ac05/download/gd028_2563_final.csv,CSV
33,ศรีสะเกษ,2563,local_area_record,ห้วยทับทัน,ผักไหม,13,23/03/2020,2020-03-23,2020-06-01,2020-06-22,source_situation_dates_known,,,all_agriculture_not_durian_specific,5b8f6f67-2c20-47dd-a40a-dc647fc2ac05,4652,https://catalog.disaster.go.th/dataset/7bdbedaf-f9cd-4c42-893a-0c88ad65b2f5/resource/5b8f6f67-2c20-47dd-a40a-dc647fc2ac05/download/gd028_2563_final.csv,CSV
33,ศรีสะเกษ,2563,local_area_record,ห้วยทับทัน,ผักไหม,14,23/03/2020,2020-03-23,2020-06-01,2020-06-22,source_situation_dates_known,,,all_agriculture_not_durian_specific,5b8f6f67-2c20-47dd-a40a-dc647fc2ac05,4653,https://catalog.disaster.go.th/dataset/7bdbedaf-f9cd-4c42-893a-0c88ad65b2f5/resource/5b8f6f67-2c20-47dd-a40a-dc647fc2ac05/download/gd028_2563_final.csv,CSV
33,ศรีสะเกษ,2563,local_area_record,ห้วยทับทัน,ผักไหม,15,23/03/2020,2020-03-23,2020-06-01,2020-06-22,source_situation_dates_known,,,all_agriculture_not_durian_specific,5b8f6f67-2c20-47dd-a40a-dc647fc2ac05,4654,https://catalog.disaster.go.th/dataset/7bdbedaf-f9cd-4c42-893a-0c88ad65b2f5/resource/5b8f6f67-2c20-47dd-a40a-dc647fc2ac05/download/gd028_2563_final.csv,CSV
33,ศรีสะเกษ,2563,local_area_record,ห้วยทับทัน,ผักไหม,16,23/03/2020,2020-03-23,2020-06-01,2020-06-22,source_situation_dates_known,,,all_agriculture_not_durian_specific,5b8f6f67-2c20-47dd-a40a-dc647fc2ac05,4655,https://catalog.disaster.go.th/dataset/7bdbedaf-f9cd-4c42-893a-0c88ad65b2f5/resource/5b8f6f67-2c20-47dd-a40a-dc647fc2ac05/download/gd028_2563_final.csv,CSV
33,ศรีสะเกษ,2563,local_area_record,ห้วยทับทัน,ผักไหม,17,23/03/2020,2020-03-23,2020-06-01,2020-06-22,source_situation_dates_known,,,all_agriculture_not_durian_specific,5b8f6f67-2c20-47dd-a40a-dc647fc2ac05,4656,https://catalog.disaster.go.th/dataset/7bdbedaf-f9cd-4c42-893a-0c88ad65b2f5/resource/5b8f6f67-2c20-47dd-a40a-dc647fc2ac05/download/gd028_2563_final.csv,CSV
33,ศรีสะเกษ,2563,local_area_record,ห้วยทับทัน,ห้วยทับทัน,1,23/03/2020,2020-03-23,2020-06-01,2020-06-22,source_situation_dates_known,,,all_agriculture_not_durian_specific,5b8f6f67-2c20-47dd-a40a-dc647fc2ac05,4657,https://catalog.disaster.go.th/dataset/7bdbedaf-f9cd-4c42-893a-0c88ad65b2f5/resource/5b8f6f67-2c20-47dd-a40a-dc647fc2ac05/download/gd028_2563_final.csv,CSV
33,ศรีสะเกษ,2563,local_area_record,ห้วยทับทัน,ห้วยทับทัน,3,23/03/2020,2020-03-23,2020-06-01,2020-06-22,source_situation_dates_known,,,all_agriculture_not_durian_specific,5b8f6f67-2c20-47dd-a40a-dc647fc2ac05,4658,https://catalog.disaster.go.th/dataset/7bdbedaf-f9cd-4c42-893a-0c88ad65b2f5/resource/5b8f6f67-2c20-47dd-a40a-dc647fc2ac05/download/gd028_2563_final.csv,CSV
33,ศรีสะเกษ,2563,local_area_record,ห้วยทับทัน,ห้วยทับทัน,4,23/03/2020,2020-03-23,2020-06-01,2020-06-22,source_situation_dates_known,,,all_agriculture_not_durian_specific,5b8f6f67-2c20-47dd-a40a-dc647fc2ac05,4659,https://catalog.disaster.go.th/dataset/7bdbedaf-f9cd-4c42-893a-0c88ad65b2f5/resource/5b8f6f67-2c20-47dd-a40a-dc647fc2ac05/download/gd028_2563_final.csv,CSV
33,ศรีสะเกษ,2563,local_area_record,ห้วยทับทัน,ห้วยทับทัน,5,23/03/2020,2020-03-23,2020-06-01,2020-06-22,source_situation_dates_known,,,all_agriculture_not_durian_specific,5b8f6f67-2c20-47dd-a40a-dc647fc2ac05,4660,https://catalog.disaster.go.th/dataset/7bdbedaf-f9cd-4c42-893a-0c88ad65b2f5/resource/5b8f6f67-2c20-47dd-a40a-dc647fc2ac05/download/gd028_2563_final.csv,CSV
33,ศรีสะเกษ,2563,local_area_record,อุทุมพรพิสัย,ก้านเหลือง,1,24/02/2020,2020-02-24,2020-06-16,2020-06-22,source_situation_dates_known,,,all_agriculture_not_durian_specific,5b8f6f67-2c20-47dd-a40a-dc647fc2ac05,4661,https://catalog.disaster.go.th/dataset/7bdbedaf-f9cd-4c42-893a-0c88ad65b2f5/resource/5b8f6f67-2c20-47dd-a40a-dc647fc2ac05/download/gd028_2563_final.csv,CSV
33,ศรีสะเกษ,2563,local_area_record,อุทุมพรพิสัย,ก้านเหลือง,2,24/02/2020,2020-02-24,2020-06-16,2020-06-22,source_situation_dates_known,,,all_agriculture_not_durian_specific,5b8f6f67-2c20-47dd-a40a-dc647fc2ac05,4662,https://catalog.disaster.go.th/dataset/7bdbedaf-f9cd-4c42-893a-0c88ad65b2f5/resource/5b8f6f67-2c20-47dd-a40a-dc647fc2ac05/download/gd028_2563_final.csv,CSV
33,ศรีสะเกษ,2563,local_area_record,อุทุมพรพิสัย,ก้านเหลือง,3,24/02/2020,2020-02-24,2020-06-16,2020-06-22,source_situation_dates_known,,,all_agriculture_not_durian_specific,5b8f6f67-2c20-47dd-a40a-dc647fc2ac05,4663,https://catalog.disaster.go.th/dataset/7bdbedaf-f9cd-4c42-893a-0c88ad65b2f5/resource/5b8f6f67-2c20-47dd-a40a-dc647fc2ac05/download/gd028_2563_final.csv,CSV
33,ศรีสะเกษ,2563,local_area_record,อุทุมพรพิสัย,ก้านเหลือง,4,24/02/2020,2020-02-24,2020-06-16,2020-06-22,source_situation_dates_known,,,all_agriculture_not_durian_specific,5b8f6f67-2c20-47dd-a40a-dc647fc2ac05,4664,https://catalog.disaster.go.th/dataset/7bdbedaf-f9cd-4c42-893a-0c88ad65b2f5/resource/5b8f6f67-2c20-47dd-a40a-dc647fc2ac05/download/gd028_2563_final.csv,CSV
33,ศรีสะเกษ,2563,local_area_record,อุทุมพรพิสัย,ก้านเหลือง,5,24/02/2020,2020-02-24,2020-06-16,2020-06-22,source_situation_dates_known,,,all_agriculture_not_durian_specific,5b8f6f67-2c20-47dd-a40a-dc647fc2ac05,4665,https://catalog.disaster.go.th/dataset/7bdbedaf-f9cd-4c42-893a-0c88ad65b2f5/resource/5b8f6f67-2c20-47dd-a40a-dc647fc2ac05/download/gd028_2563_final.csv,CSV
33,ศรีสะเกษ,2563,local_area_record,อุทุมพรพิสัย,ก้านเหลือง,6,24/02/2020,2020-02-24,2020-06-16,2020-06-22,source_situation_dates_known,,,all_agriculture_not_durian_specific,5b8f6f67-2c20-47dd-a40a-dc647fc2ac05,4666,https://catalog.disaster.go.th/dataset/7bdbedaf-f9cd-4c42-893a-0c88ad65b2f5/resource/5b8f6f67-2c20-47dd-a40a-dc647fc2ac05/download/gd028_2563_final.csv,CSV
33,ศรีสะเกษ,2563,local_area_record,อุทุมพรพิสัย,ก้านเหลือง,7,24/02/2020,2020-02-24,2020-06-16,2020-06-22,source_situation_dates_known,,,all_agriculture_not_durian_specific,5b8f6f67-2c20-47dd-a40a-dc647fc2ac05,4667,https://catalog.disaster.go.th/dataset/7bdbedaf-f9cd-4c42-893a-0c88ad65b2f5/resource/5b8f6f67-2c20-47dd-a40a-dc647fc2ac05/download/gd028_2563_final.csv,CSV
33,ศรีสะเกษ,2563,local_area_record,อุทุมพรพิสัย,ก้านเหลือง,8,24/02/2020,2020-02-24,2020-06-16,2020-06-22,source_situation_dates_known,,,all_agriculture_not_durian_specific,5b8f6f67-2c20-47dd-a40a-dc647fc2ac05,4668,https://catalog.disaster.go.th/dataset/7bdbedaf-f9cd-4c42-893a-0c88ad65b2f5/resource/5b8f6f67-2c20-47dd-a40a-dc647fc2ac05/download/gd028_2563_final.csv,CSV
33,ศรีสะเกษ,2563,local_area_record,อุทุมพรพิสัย,ก้านเหลือง,9,24/02/2020,2020-02-24,2020-06-16,2020-06-22,source_situation_dates_known,,,all_agriculture_not_durian_specific,5b8f6f67-2c20-47dd-a40a-dc647fc2ac05,4669,https://catalog.disaster.go.th/dataset/7bdbedaf-f9cd-4c42-893a-0c88ad65b2f5/resource/5b8f6f67-2c20-47dd-a40a-dc647fc2ac05/download/gd028_2563_final.csv,CSV
33,ศรีสะเกษ,2563,local_area_record,อุทุมพรพิสัย,ก้านเหลือง,10,24/02/2020,2020-02-24,2020-06-16,2020-06-22,source_situation_dates_known,,,all_agriculture_not_durian_specific,5b8f6f67-2c20-47dd-a40a-dc647fc2ac05,4670,https://catalog.disaster.go.th/dataset/7bdbedaf-f9cd-4c42-893a-0c88ad65b2f5/resource/5b8f6f67-2c20-47dd-a40a-dc647fc2ac05/download/gd028_2563_final.csv,CSV
33,ศรีสะเกษ,2563,local_area_record,อุทุมพรพิสัย,ก้านเหลือง,11,24/02/2020,2020-02-24,2020-06-16,2020-06-22,source_situation_dates_known,,,all_agriculture_not_durian_specific,5b8f6f67-2c20-47dd-a40a-dc647fc2ac05,4671,https://catalog.disaster.go.th/dataset/7bdbedaf-f9cd-4c42-893a-0c88ad65b2f5/resource/5b8f6f67-2c20-47dd-a40a-dc647fc2ac05/download/gd028_2563_final.csv,CSV
33,ศรีสะเกษ,2563,local_area_record,อุทุมพรพิสัย,ก้านเหลือง,12,24/02/2020,2020-02-24,2020-06-16,2020-06-22,source_situation_dates_known,,,all_agriculture_not_durian_specific,5b8f6f67-2c20-47dd-a40a-dc647fc2ac05,4672,https://catalog.disaster.go.th/dataset/7bdbedaf-f9cd-4c42-893a-0c88ad65b2f5/resource/5b8f6f67-2c20-47dd-a40a-dc647fc2ac05/download/gd028_2563_final.csv,CSV
33,ศรีสะเกษ,2563,local_area_record,อุทุมพรพิสัย,ก้านเหลือง,13,24/02/2020,2020-02-24,2020-06-16,2020-06-22,source_situation_dates_known,,,all_agriculture_not_durian_specific,5b8f6f67-2c20-47dd-a40a-dc647fc2ac05,4673,https://catalog.disaster.go.th/dataset/7bdbedaf-f9cd-4c42-893a-0c88ad65b2f5/resource/5b8f6f67-2c20-47dd-a40a-dc647fc2ac05/download/gd028_2563_final.csv,CSV
33,ศรีสะเกษ,2563,local_area_record,อุทุมพรพิสัย,ก้านเหลือง,14,24/02/2020,2020-02-24,2020-06-16,2020-06-22,source_situation_dates_known,,,all_agriculture_not_durian_specific,5b8f6f67-2c20-47dd-a40a-dc647fc2ac05,4674,https://catalog.disaster.go.th/dataset/7bdbedaf-f9cd-4c42-893a-0c88ad65b2f5/resource/5b8f6f67-2c20-47dd-a40a-dc647fc2ac05/download/gd028_2563_final.csv,CSV
33,ศรีสะเกษ,2563,local_area_record,อุทุมพรพิสัย,ก้านเหลือง,15,24/02/2020,2020-02-24,2020-06-16,2020-06-22,source_situation_dates_known,,,all_agriculture_not_durian_specific,5b8f6f67-2c20-47dd-a40a-dc647fc2ac05,4675,https://catalog.disaster.go.th/dataset/7bdbedaf-f9cd-4c42-893a-0c88ad65b2f5/resource/5b8f6f67-2c20-47dd-a40a-dc647fc2ac05/download/gd028_2563_final.csv,CSV
33,ศรีสะเกษ,2563,local_area_record,อุทุมพรพิสัย,ก้านเหลือง,16,24/02/2020,2020-02-24,2020-06-16,2020-06-22,source_situation_dates_known,,,all_agriculture_not_durian_specific,5b8f6f67-2c20-47dd-a40a-dc647fc2ac05,4676,https://catalog.disaster.go.th/dataset/7bdbedaf-f9cd-4c42-893a-0c88ad65b2f5/resource/5b8f6f67-2c20-47dd-a40a-dc647fc2ac05/download/gd028_2563_final.csv,CSV
33,ศรีสะเกษ,2563,local_area_record,อุทุมพรพิสัย,ก้านเหลือง,17,24/02/2020,2020-02-24,2020-06-16,2020-06-22,source_situation_dates_known,,,all_agriculture_not_durian_specific,5b8f6f67-2c20-47dd-a40a-dc647fc2ac05,4677,https://catalog.disaster.go.th/dataset/7bdbedaf-f9cd-4c42-893a-0c88ad65b2f5/resource/5b8f6f67-2c20-47dd-a40a-dc647fc2ac05/download/gd028_2563_final.csv,CSV
33,ศรีสะเกษ,2563,local_area_record,อุทุมพรพิสัย,ก้านเหลือง,18,24/02/2020,2020-02-24,2020-06-16,2020-06-22,source_situation_dates_known,,,all_agriculture_not_durian_specific,5b8f6f67-2c20-47dd-a40a-dc647fc2ac05,4678,https://catalog.disaster.go.th/dataset/7bdbedaf-f9cd-4c42-893a-0c88ad65b2f5/resource/5b8f6f67-2c20-47dd-a40a-dc647fc2ac05/download/gd028_2563_final.csv,CSV
33,ศรีสะเกษ,2563,local_area_record,อุทุมพรพิสัย,ก้านเหลือง,19,24/02/2020,2020-02-24,2020-06-16,2020-06-22,source_situation_dates_known,,,all_agriculture_not_durian_specific,5b8f6f67-2c20-47dd-a40a-dc647fc2ac05,4679,https://catalog.disaster.go.th/dataset/7bdbedaf-f9cd-4c42-893a-0c88ad65b2f5/resource/5b8f6f67-2c20-47dd-a40a-dc647fc2ac05/download/gd028_2563_final.csv,CSV
33,ศรีสะเกษ,2563,local_area_record,อุทุมพรพิสัย,ก้านเหลือง,20,24/02/2020,2020-02-24,2020-06-16,2020-06-22,source_situation_dates_known,,,all_agriculture_not_durian_specific,5b8f6f67-2c20-47dd-a40a-dc647fc2ac05,4680,https://catalog.disaster.go.th/dataset/7bdbedaf-f9cd-4c42-893a-0c88ad65b2f5/resource/5b8f6f67-2c20-47dd-a40a-dc647fc2ac05/download/gd028_2563_final.csv,CSV
33,ศรีสะเกษ,2563,local_area_record,อุทุมพรพิสัย,ขะยูง,1,4/02/2020,2020-02-04,2020-06-16,2020-06-22,source_situation_dates_known,,,all_agriculture_not_durian_specific,5b8f6f67-2c20-47dd-a40a-dc647fc2ac05,4681,https://catalog.disaster.go.th/dataset/7bdbedaf-f9cd-4c42-893a-0c88ad65b2f5/resource/5b8f6f67-2c20-47dd-a40a-dc647fc2ac05/download/gd028_2563_final.csv,CSV
33,ศรีสะเกษ,2563,local_area_record,อุทุมพรพิสัย,ขะยูง,2,4/02/2020,2020-02-04,2020-06-16,2020-06-22,source_situation_dates_known,,,all_agriculture_not_durian_specific,5b8f6f67-2c20-47dd-a40a-dc647fc2ac05,4682,https://catalog.disaster.go.th/dataset/7bdbedaf-f9cd-4c42-893a-0c88ad65b2f5/resource/5b8f6f67-2c20-47dd-a40a-dc647fc2ac05/download/gd028_2563_final.csv,CSV
33,ศรีสะเกษ,2563,local_area_record,อุทุมพรพิสัย,ขะยูง,3,4/02/2020,2020-02-04,2020-06-16,2020-06-22,source_situation_dates_known,,,all_agriculture_not_durian_specific,5b8f6f67-2c20-47dd-a40a-dc647fc2ac05,4683,https://catalog.disaster.go.th/dataset/7bdbedaf-f9cd-4c42-893a-0c88ad65b2f5/resource/5b8f6f67-2c20-47dd-a40a-dc647fc2ac05/download/gd028_2563_final.csv,CSV
33,ศรีสะเกษ,2563,local_area_record,อุทุมพรพิสัย,ขะยูง,4,4/02/2020,2020-02-04,2020-06-16,2020-06-22,source_situation_dates_known,,,all_agriculture_not_durian_specific,5b8f6f67-2c20-47dd-a40a-dc647fc2ac05,4684,https://catalog.disaster.go.th/dataset/7bdbedaf-f9cd-4c42-893a-0c88ad65b2f5/resource/5b8f6f67-2c20-47dd-a40a-dc647fc2ac05/download/gd028_2563_final.csv,CSV
33,ศรีสะเกษ,2563,local_area_record,อุทุมพรพิสัย,ขะยูง,5,4/02/2020,2020-02-04,2020-06-16,2020-06-22,source_situation_dates_known,,,all_agriculture_not_durian_specific,5b8f6f67-2c20-47dd-a40a-dc647fc2ac05,4685,https://catalog.disaster.go.th/dataset/7bdbedaf-f9cd-4c42-893a-0c88ad65b2f5/resource/5b8f6f67-2c20-47dd-a40a-dc647fc2ac05/download/gd028_2563_final.csv,CSV
33,ศรีสะเกษ,2563,local_area_record,อุทุมพรพิสัย,ขะยูง,6,4/02/2020,2020-02-04,2020-06-16,2020-06-22,source_situation_dates_known,,,all_agriculture_not_durian_specific,5b8f6f67-2c20-47dd-a40a-dc647fc2ac05,4686,https://catalog.disaster.go.th/dataset/7bdbedaf-f9cd-4c42-893a-0c88ad65b2f5/resource/5b8f6f67-2c20-47dd-a40a-dc647fc2ac05/download/gd028_2563_final.csv,CSV
33,ศรีสะเกษ,2563,local_area_record,อุทุมพรพิสัย,ขะยูง,7,4/02/2020,2020-02-04,2020-06-16,2020-06-22,source_situation_dates_known,,,all_agriculture_not_durian_specific,5b8f6f67-2c20-47dd-a40a-dc647fc2ac05,4687,https://catalog.disaster.go.th/dataset/7bdbedaf-f9cd-4c42-893a-0c88ad65b2f5/resource/5b8f6f67-2c20-47dd-a40a-dc647fc2ac05/download/gd028_2563_final.csv,CSV
33,ศรีสะเกษ,2563,local_area_record,อุทุมพรพิสัย,ขะยูง,8,4/02/2020,2020-02-04,2020-06-16,2020-06-22,source_situation_dates_known,,,all_agriculture_not_durian_specific,5b8f6f67-2c20-47dd-a40a-dc647fc2ac05,4688,https://catalog.disaster.go.th/dataset/7bdbedaf-f9cd-4c42-893a-0c88ad65b2f5/resource/5b8f6f67-2c20-47dd-a40a-dc647fc2ac05/download/gd028_2563_final.csv,CSV
33,ศรีสะเกษ,2563,local_area_record,อุทุมพรพิสัย,ขะยูง,9,4/02/2020,2020-02-04,2020-06-16,2020-06-22,source_situation_dates_known,,,all_agriculture_not_durian_specific,5b8f6f67-2c20-47dd-a40a-dc647fc2ac05,4689,https://catalog.disaster.go.th/dataset/7bdbedaf-f9cd-4c42-893a-0c88ad65b2f5/resource/5b8f6f67-2c20-47dd-a40a-dc647fc2ac05/download/gd028_2563_final.csv,CSV
33,ศรีสะเกษ,2563,local_area_record,อุทุมพรพิสัย,ขะยูง,10,4/02/2020,2020-02-04,2020-06-16,2020-06-22,source_situation_dates_known,,,all_agriculture_not_durian_specific,5b8f6f67-2c20-47dd-a40a-dc647fc2ac05,4690,https://catalog.disaster.go.th/dataset/7bdbedaf-f9cd-4c42-893a-0c88ad65b2f5/resource/5b8f6f67-2c20-47dd-a40a-dc647fc2ac05/download/gd028_2563_final.csv,CSV
33,ศรีสะเกษ,2563,local_area_record,อุทุมพรพิสัย,ขะยูง,11,4/02/2020,2020-02-04,2020-06-16,2020-06-22,source_situation_dates_known,,,all_agriculture_not_durian_specific,5b8f6f67-2c20-47dd-a40a-dc647fc2ac05,4691,https://catalog.disaster.go.th/dataset/7bdbedaf-f9cd-4c42-893a-0c88ad65b2f5/resource/5b8f6f67-2c20-47dd-a40a-dc647fc2ac05/download/gd028_2563_final.csv,CSV
33,ศรีสะเกษ,2563,local_area_record,อุทุมพรพิสัย,ขะยูง,12,4/02/2020,2020-02-04,2020-06-16,2020-06-22,source_situation_dates_known,,,all_agriculture_not_durian_specific,5b8f6f67-2c20-47dd-a40a-dc647fc2ac05,4692,https://catalog.disaster.go.th/dataset/7bdbedaf-f9cd-4c42-893a-0c88ad65b2f5/resource/5b8f6f67-2c20-47dd-a40a-dc647fc2ac05/download/gd028_2563_final.csv,CSV
33,ศรีสะเกษ,2563,local_area_record,อุทุมพรพิสัย,ขะยูง,13,4/02/2020,2020-02-04,2020-06-16,2020-06-22,source_situation_dates_known,,,all_agriculture_not_durian_specific,5b8f6f67-2c20-47dd-a40a-dc647fc2ac05,4693,https://catalog.disaster.go.th/dataset/7bdbedaf-f9cd-4c42-893a-0c88ad65b2f5/resource/5b8f6f67-2c20-47dd-a40a-dc647fc2ac05/download/gd028_2563_final.csv,CSV
33,ศรีสะเกษ,2563,local_area_record,อุทุมพรพิสัย,แข้,1,4/02/2020,2020-02-04,2020-06-16,2020-06-22,source_situation_dates_known,,,all_agriculture_not_durian_specific,5b8f6f67-2c20-47dd-a40a-dc647fc2ac05,4694,https://catalog.disaster.go.th/dataset/7bdbedaf-f9cd-4c42-893a-0c88ad65b2f5/resource/5b8f6f67-2c20-47dd-a40a-dc647fc2ac05/download/gd028_2563_final.csv,CSV
33,ศรีสะเกษ,2563,local_area_record,อุทุมพรพิสัย,แข้,2,4/02/2020,2020-02-04,2020-06-16,2020-06-22,source_situation_dates_known,,,all_agriculture_not_durian_specific,5b8f6f67-2c20-47dd-a40a-dc647fc2ac05,4695,https://catalog.disaster.go.th/dataset/7bdbedaf-f9cd-4c42-893a-0c88ad65b2f5/resource/5b8f6f67-2c20-47dd-a40a-dc647fc2ac05/download/gd028_2563_final.csv,CSV
33,ศรีสะเกษ,2563,local_area_record,อุทุมพรพิสัย,แข้,3,4/02/2020,2020-02-04,2020-06-16,2020-06-22,source_situation_dates_known,,,all_agriculture_not_durian_specific,5b8f6f67-2c20-47dd-a40a-dc647fc2ac05,4696,https://catalog.disaster.go.th/dataset/7bdbedaf-f9cd-4c42-893a-0c88ad65b2f5/resource/5b8f6f67-2c20-47dd-a40a-dc647fc2ac05/download/gd028_2563_final.csv,CSV
33,ศรีสะเกษ,2563,local_area_record,อุทุมพรพิสัย,แข้,4,4/02/2020,2020-02-04,2020-06-16,2020-06-22,source_situation_dates_known,,,all_agriculture_not_durian_specific,5b8f6f67-2c20-47dd-a40a-dc647fc2ac05,4697,https://catalog.disaster.go.th/dataset/7bdbedaf-f9cd-4c42-893a-0c88ad65b2f5/resource/5b8f6f67-2c20-47dd-a40a-dc647fc2ac05/download/gd028_2563_final.csv,CSV
33,ศรีสะเกษ,2563,local_area_record,อุทุมพรพิสัย,แข้,5,4/02/2020,2020-02-04,2020-06-16,2020-06-22,source_situation_dates_known,,,all_agriculture_not_durian_specific,5b8f6f67-2c20-47dd-a40a-dc647fc2ac05,4698,https://catalog.disaster.go.th/dataset/7bdbedaf-f9cd-4c42-893a-0c88ad65b2f5/resource/5b8f6f67-2c20-47dd-a40a-dc647fc2ac05/download/gd028_2563_final.csv,CSV
33,ศรีสะเกษ,2563,local_area_record,อุทุมพรพิสัย,แข้,6,4/02/2020,2020-02-04,2020-06-16,2020-06-22,source_situation_dates_known,,,all_agriculture_not_durian_specific,5b8f6f67-2c20-47dd-a40a-dc647fc2ac05,4699,https://catalog.disaster.go.th/dataset/7bdbedaf-f9cd-4c42-893a-0c88ad65b2f5/resource/5b8f6f67-2c20-47dd-a40a-dc647fc2ac05/download/gd028_2563_final.csv,CSV
33,ศรีสะเกษ,2563,local_area_record,อุทุมพรพิสัย,แข้,7,4/02/2020,2020-02-04,2020-06-16,2020-06-22,source_situation_dates_known,,,all_agriculture_not_durian_specific,5b8f6f67-2c20-47dd-a40a-dc647fc2ac05,4700,https://catalog.disaster.go.th/dataset/7bdbedaf-f9cd-4c42-893a-0c88ad65b2f5/resource/5b8f6f67-2c20-47dd-a40a-dc647fc2ac05/download/gd028_2563_final.csv,CSV
33,ศรีสะเกษ,2563,local_area_record,อุทุมพรพิสัย,แข้,8,4/02/2020,2020-02-04,2020-06-16,2020-06-22,source_situation_dates_known,,,all_agriculture_not_durian_specific,5b8f6f67-2c20-47dd-a40a-dc647fc2ac05,4701,https://catalog.disaster.go.th/dataset/7bdbedaf-f9cd-4c42-893a-0c88ad65b2f5/resource/5b8f6f67-2c20-47dd-a40a-dc647fc2ac05/download/gd028_2563_final.csv,CSV
33,ศรีสะเกษ,2563,local_area_record,อุทุมพรพิสัย,แข้,9,4/02/2020,2020-02-04,2020-06-16,2020-06-22,source_situation_dates_known,,,all_agriculture_not_durian_specific,5b8f6f67-2c20-47dd-a40a-dc647fc2ac05,4702,https://catalog.disaster.go.th/dataset/7bdbedaf-f9cd-4c42-893a-0c88ad65b2f5/resource/5b8f6f67-2c20-47dd-a40a-dc647fc2ac05/download/gd028_2563_final.csv,CSV
33,ศรีสะเกษ,2563,local_area_record,อุทุมพรพิสัย,โคกจาน,1,24/02/2020,2020-02-24,2020-06-16,2020-06-22,source_situation_dates_known,,,all_agriculture_not_durian_specific,5b8f6f67-2c20-47dd-a40a-dc647fc2ac05,4703,https://catalog.disaster.go.th/dataset/7bdbedaf-f9cd-4c42-893a-0c88ad65b2f5/resource/5b8f6f67-2c20-47dd-a40a-dc647fc2ac05/download/gd028_2563_final.csv,CSV
33,ศรีสะเกษ,2563,local_area_record,อุทุมพรพิสัย,โคกจาน,2,24/02/2020,2020-02-24,2020-06-16,2020-06-22,source_situation_dates_known,,,all_agriculture_not_durian_specific,5b8f6f67-2c20-47dd-a40a-dc647fc2ac05,4704,https://catalog.disaster.go.th/dataset/7bdbedaf-f9cd-4c42-893a-0c88ad65b2f5/resource/5b8f6f67-2c20-47dd-a40a-dc647fc2ac05/download/gd028_2563_final.csv,CSV
33,ศรีสะเกษ,2563,local_area_record,อุทุมพรพิสัย,โคกจาน,3,24/02/2020,2020-02-24,2020-06-16,2020-06-22,source_situation_dates_known,,,all_agriculture_not_durian_specific,5b8f6f67-2c20-47dd-a40a-dc647fc2ac05,4705,https://catalog.disaster.go.th/dataset/7bdbedaf-f9cd-4c42-893a-0c88ad65b2f5/resource/5b8f6f67-2c20-47dd-a40a-dc647fc2ac05/download/gd028_2563_final.csv,CSV
33,ศรีสะเกษ,2563,local_area_record,อุทุมพรพิสัย,โคกจาน,4,24/02/2020,2020-02-24,2020-06-16,2020-06-22,source_situation_dates_known,,,all_agriculture_not_durian_specific,5b8f6f67-2c20-47dd-a40a-dc647fc2ac05,4706,https://catalog.disaster.go.th/dataset/7bdbedaf-f9cd-4c42-893a-0c88ad65b2f5/resource/5b8f6f67-2c20-47dd-a40a-dc647fc2ac05/download/gd028_2563_final.csv,CSV
33,ศรีสะเกษ,2563,local_area_record,อุทุมพรพิสัย,โคกจาน,5,24/02/2020,2020-02-24,2020-06-16,2020-06-22,source_situation_dates_known,,,all_agriculture_not_durian_specific,5b8f6f67-2c20-47dd-a40a-dc647fc2ac05,4707,https://catalog.disaster.go.th/dataset/7bdbedaf-f9cd-4c42-893a-0c88ad65b2f5/resource/5b8f6f67-2c20-47dd-a40a-dc647fc2ac05/download/gd028_2563_final.csv,CSV
33,ศรีสะเกษ,2563,local_area_record,อุทุมพรพิสัย,โคกจาน,6,24/02/2020,2020-02-24,2020-06-16,2020-06-22,source_situation_dates_known,,,all_agriculture_not_durian_specific,5b8f6f67-2c20-47dd-a40a-dc647fc2ac05,4708,https://catalog.disaster.go.th/dataset/7bdbedaf-f9cd-4c42-893a-0c88ad65b2f5/resource/5b8f6f67-2c20-47dd-a40a-dc647fc2ac05/download/gd028_2563_final.csv,CSV
33,ศรีสะเกษ,2563,local_area_record,อุทุมพรพิสัย,โคกจาน,7,24/02/2020,2020-02-24,2020-06-16,2020-06-22,source_situation_dates_known,,,all_agriculture_not_durian_specific,5b8f6f67-2c20-47dd-a40a-dc647fc2ac05,4709,https://catalog.disaster.go.th/dataset/7bdbedaf-f9cd-4c42-893a-0c88ad65b2f5/resource/5b8f6f67-2c20-47dd-a40a-dc647fc2ac05/download/gd028_2563_final.csv,CSV
33,ศรีสะเกษ,2563,local_area_record,อุทุมพรพิสัย,โคกจาน,8,24/02/2020,2020-02-24,2020-06-16,2020-06-22,source_situation_dates_known,,,all_agriculture_not_durian_specific,5b8f6f67-2c20-47dd-a40a-dc647fc2ac05,4710,https://catalog.disaster.go.th/dataset/7bdbedaf-f9cd-4c42-893a-0c88ad65b2f5/resource/5b8f6f67-2c20-47dd-a40a-dc647fc2ac05/download/gd028_2563_final.csv,CSV
33,ศรีสะเกษ,2563,local_area_record,อุทุมพรพิสัย,โคกจาน,9,24/02/2020,2020-02-24,2020-06-16,2020-06-22,source_situation_dates_known,,,all_agriculture_not_durian_specific,5b8f6f67-2c20-47dd-a40a-dc647fc2ac05,4711,https://catalog.disaster.go.th/dataset/7bdbedaf-f9cd-4c42-893a-0c88ad65b2f5/resource/5b8f6f67-2c20-47dd-a40a-dc647fc2ac05/download/gd028_2563_final.csv,CSV
33,ศรีสะเกษ,2563,local_area_record,อุทุมพรพิสัย,โคกจาน,10,24/02/2020,2020-02-24,2020-06-16,2020-06-22,source_situation_dates_known,,,all_agriculture_not_durian_specific,5b8f6f67-2c20-47dd-a40a-dc647fc2ac05,4712,https://catalog.disaster.go.th/dataset/7bdbedaf-f9cd-4c42-893a-0c88ad65b2f5/resource/5b8f6f67-2c20-47dd-a40a-dc647fc2ac05/download/gd028_2563_final.csv,CSV
33,ศรีสะเกษ,2563,local_area_record,อุทุมพรพิสัย,โคกหล่าม,2,4/02/2020,2020-02-04,2020-06-16,2020-06-22,source_situation_dates_known,,,all_agriculture_not_durian_specific,5b8f6f67-2c20-47dd-a40a-dc647fc2ac05,4713,https://catalog.disaster.go.th/dataset/7bdbedaf-f9cd-4c42-893a-0c88ad65b2f5/resource/5b8f6f67-2c20-47dd-a40a-dc647fc2ac05/download/gd028_2563_final.csv,CSV
33,ศรีสะเกษ,2563,local_area_record,อุทุมพรพิสัย,โคกหล่าม,6,4/02/2020,2020-02-04,2020-06-16,2020-06-22,source_situation_dates_known,,,all_agriculture_not_durian_specific,5b8f6f67-2c20-47dd-a40a-dc647fc2ac05,4714,https://catalog.disaster.go.th/dataset/7bdbedaf-f9cd-4c42-893a-0c88ad65b2f5/resource/5b8f6f67-2c20-47dd-a40a-dc647fc2ac05/download/gd028_2563_final.csv,CSV
33,ศรีสะเกษ,2563,local_area_record,อุทุมพรพิสัย,ตาเกษ,1,24/02/2020,2020-02-24,2020-06-16,2020-06-22,source_situation_dates_known,,,all_agriculture_not_durian_specific,5b8f6f67-2c20-47dd-a40a-dc647fc2ac05,4715,https://catalog.disaster.go.th/dataset/7bdbedaf-f9cd-4c42-893a-0c88ad65b2f5/resource/5b8f6f67-2c20-47dd-a40a-dc647fc2ac05/download/gd028_2563_final.csv,CSV
33,ศรีสะเกษ,2563,local_area_record,อุทุมพรพิสัย,ตาเกษ,2,24/02/2020,2020-02-24,2020-06-16,2020-06-22,source_situation_dates_known,,,all_agriculture_not_durian_specific,5b8f6f67-2c20-47dd-a40a-dc647fc2ac05,4716,https://catalog.disaster.go.th/dataset/7bdbedaf-f9cd-4c42-893a-0c88ad65b2f5/resource/5b8f6f67-2c20-47dd-a40a-dc647fc2ac05/download/gd028_2563_final.csv,CSV
33,ศรีสะเกษ,2563,local_area_record,อุทุมพรพิสัย,ตาเกษ,3,24/02/2020,2020-02-24,2020-06-16,2020-06-22,source_situation_dates_known,,,all_agriculture_not_durian_specific,5b8f6f67-2c20-47dd-a40a-dc647fc2ac05,4717,https://catalog.disaster.go.th/dataset/7bdbedaf-f9cd-4c42-893a-0c88ad65b2f5/resource/5b8f6f67-2c20-47dd-a40a-dc647fc2ac05/download/gd028_2563_final.csv,CSV
33,ศรีสะเกษ,2563,local_area_record,อุทุมพรพิสัย,ตาเกษ,4,24/02/2020,2020-02-24,2020-06-16,2020-06-22,source_situation_dates_known,,,all_agriculture_not_durian_specific,5b8f6f67-2c20-47dd-a40a-dc647fc2ac05,4718,https://catalog.disaster.go.th/dataset/7bdbedaf-f9cd-4c42-893a-0c88ad65b2f5/resource/5b8f6f67-2c20-47dd-a40a-dc647fc2ac05/download/gd028_2563_final.csv,CSV
33,ศรีสะเกษ,2563,local_area_record,อุทุมพรพิสัย,ตาเกษ,5,24/02/2020,2020-02-24,2020-06-16,2020-06-22,source_situation_dates_known,,,all_agriculture_not_durian_specific,5b8f6f67-2c20-47dd-a40a-dc647fc2ac05,4719,https://catalog.disaster.go.th/dataset/7bdbedaf-f9cd-4c42-893a-0c88ad65b2f5/resource/5b8f6f67-2c20-47dd-a40a-dc647fc2ac05/download/gd028_2563_final.csv,CSV
33,ศรีสะเกษ,2563,local_area_record,อุทุมพรพิสัย,ตาเกษ,6,24/02/2020,2020-02-24,2020-06-16,2020-06-22,source_situation_dates_known,,,all_agriculture_not_durian_specific,5b8f6f67-2c20-47dd-a40a-dc647fc2ac05,4720,https://catalog.disaster.go.th/dataset/7bdbedaf-f9cd-4c42-893a-0c88ad65b2f5/resource/5b8f6f67-2c20-47dd-a40a-dc647fc2ac05/download/gd028_2563_final.csv,CSV
33,ศรีสะเกษ,2563,local_area_record,อุทุมพรพิสัย,ตาเกษ,7,24/02/2020,2020-02-24,2020-06-16,2020-06-22,source_situation_dates_known,,,all_agriculture_not_durian_specific,5b8f6f67-2c20-47dd-a40a-dc647fc2ac05,4721,https://catalog.disaster.go.th/dataset/7bdbedaf-f9cd-4c42-893a-0c88ad65b2f5/resource/5b8f6f67-2c20-47dd-a40a-dc647fc2ac05/download/gd028_2563_final.csv,CSV
33,ศรีสะเกษ,2563,local_area_record,อุทุมพรพิสัย,ตาเกษ,8,24/02/2020,2020-02-24,2020-06-16,2020-06-22,source_situation_dates_known,,,all_agriculture_not_durian_specific,5b8f6f67-2c20-47dd-a40a-dc647fc2ac05,4722,https://catalog.disaster.go.th/dataset/7bdbedaf-f9cd-4c42-893a-0c88ad65b2f5/resource/5b8f6f67-2c20-47dd-a40a-dc647fc2ac05/download/gd028_2563_final.csv,CSV
33,ศรีสะเกษ,2563,local_area_record,อุทุมพรพิสัย,ตาเกษ,9,24/02/2020,2020-02-24,2020-06-16,2020-06-22,source_situation_dates_known,,,all_agriculture_not_durian_specific,5b8f6f67-2c20-47dd-a40a-dc647fc2ac05,4723,https://catalog.disaster.go.th/dataset/7bdbedaf-f9cd-4c42-893a-0c88ad65b2f5/resource/5b8f6f67-2c20-47dd-a40a-dc647fc2ac05/download/gd028_2563_final.csv,CSV
33,ศรีสะเกษ,2563,local_area_record,อุทุมพรพิสัย,ตาเกษ,10,24/02/2020,2020-02-24,2020-06-16,2020-06-22,source_situation_dates_known,,,all_agriculture_not_durian_specific,5b8f6f67-2c20-47dd-a40a-dc647fc2ac05,4724,https://catalog.disaster.go.th/dataset/7bdbedaf-f9cd-4c42-893a-0c88ad65b2f5/resource/5b8f6f67-2c20-47dd-a40a-dc647fc2ac05/download/gd028_2563_final.csv,CSV
33,ศรีสะเกษ,2563,local_area_record,อุทุมพรพิสัย,ตาเกษ,11,24/02/2020,2020-02-24,2020-06-16,2020-06-22,source_situation_dates_known,,,all_agriculture_not_durian_specific,5b8f6f67-2c20-47dd-a40a-dc647fc2ac05,4725,https://catalog.disaster.go.th/dataset/7bdbedaf-f9cd-4c42-893a-0c88ad65b2f5/resource/5b8f6f67-2c20-47dd-a40a-dc647fc2ac05/download/gd028_2563_final.csv,CSV
33,ศรีสะเกษ,2563,local_area_record,อุทุมพรพิสัย,ตาเกษ,12,24/02/2020,2020-02-24,2020-06-16,2020-06-22,source_situation_dates_known,,,all_agriculture_not_durian_specific,5b8f6f67-2c20-47dd-a40a-dc647fc2ac05,4726,https://catalog.disaster.go.th/dataset/7bdbedaf-f9cd-4c42-893a-0c88ad65b2f5/resource/5b8f6f67-2c20-47dd-a40a-dc647fc2ac05/download/gd028_2563_final.csv,CSV
33,ศรีสะเกษ,2563,local_area_record,อุทุมพรพิสัย,แต้,1,17/03/2020,2020-03-17,2020-06-16,2020-06-22,source_situation_dates_known,,,all_agriculture_not_durian_specific,5b8f6f67-2c20-47dd-a40a-dc647fc2ac05,4727,https://catalog.disaster.go.th/dataset/7bdbedaf-f9cd-4c42-893a-0c88ad65b2f5/resource/5b8f6f67-2c20-47dd-a40a-dc647fc2ac05/download/gd028_2563_final.csv,CSV
33,ศรีสะเกษ,2563,local_area_record,อุทุมพรพิสัย,แต้,2,17/03/2020,2020-03-17,2020-06-16,2020-06-22,source_situation_dates_known,,,all_agriculture_not_durian_specific,5b8f6f67-2c20-47dd-a40a-dc647fc2ac05,4728,https://catalog.disaster.go.th/dataset/7bdbedaf-f9cd-4c42-893a-0c88ad65b2f5/resource/5b8f6f67-2c20-47dd-a40a-dc647fc2ac05/download/gd028_2563_final.csv,CSV
33,ศรีสะเกษ,2563,local_area_record,อุทุมพรพิสัย,แต้,3,17/03/2020,2020-03-17,2020-06-16,2020-06-22,source_situation_dates_known,,,all_agriculture_not_durian_specific,5b8f6f67-2c20-47dd-a40a-dc647fc2ac05,4729,https://catalog.disaster.go.th/dataset/7bdbedaf-f9cd-4c42-893a-0c88ad65b2f5/resource/5b8f6f67-2c20-47dd-a40a-dc647fc2ac05/download/gd028_2563_final.csv,CSV
33,ศรีสะเกษ,2563,local_area_record,อุทุมพรพิสัย,แต้,4,17/03/2020,2020-03-17,2020-06-16,2020-06-22,source_situation_dates_known,,,all_agriculture_not_durian_specific,5b8f6f67-2c20-47dd-a40a-dc647fc2ac05,4730,https://catalog.disaster.go.th/dataset/7bdbedaf-f9cd-4c42-893a-0c88ad65b2f5/resource/5b8f6f67-2c20-47dd-a40a-dc647fc2ac05/download/gd028_2563_final.csv,CSV
33,ศรีสะเกษ,2563,local_area_record,อุทุมพรพิสัย,แต้,5,17/03/2020,2020-03-17,2020-06-16,2020-06-22,source_situation_dates_known,,,all_agriculture_not_durian_specific,5b8f6f67-2c20-47dd-a40a-dc647fc2ac05,4731,https://catalog.disaster.go.th/dataset/7bdbedaf-f9cd-4c42-893a-0c88ad65b2f5/resource/5b8f6f67-2c20-47dd-a40a-dc647fc2ac05/download/gd028_2563_final.csv,CSV
33,ศรีสะเกษ,2563,local_area_record,อุทุมพรพิสัย,แต้,6,17/03/2020,2020-03-17,2020-06-16,2020-06-22,source_situation_dates_known,,,all_agriculture_not_durian_specific,5b8f6f67-2c20-47dd-a40a-dc647fc2ac05,4732,https://catalog.disaster.go.th/dataset/7bdbedaf-f9cd-4c42-893a-0c88ad65b2f5/resource/5b8f6f67-2c20-47dd-a40a-dc647fc2ac05/download/gd028_2563_final.csv,CSV
33,ศรีสะเกษ,2563,local_area_record,อุทุมพรพิสัย,แต้,7,17/03/2020,2020-03-17,2020-06-16,2020-06-22,source_situation_dates_known,,,all_agriculture_not_durian_specific,5b8f6f67-2c20-47dd-a40a-dc647fc2ac05,4733,https://catalog.disaster.go.th/dataset/7bdbedaf-f9cd-4c42-893a-0c88ad65b2f5/resource/5b8f6f67-2c20-47dd-a40a-dc647fc2ac05/download/gd028_2563_final.csv,CSV
33,ศรีสะเกษ,2563,local_area_record,อุทุมพรพิสัย,แต้,8,17/03/2020,2020-03-17,2020-06-16,2020-06-22,source_situation_dates_known,,,all_agriculture_not_durian_specific,5b8f6f67-2c20-47dd-a40a-dc647fc2ac05,4734,https://catalog.disaster.go.th/dataset/7bdbedaf-f9cd-4c42-893a-0c88ad65b2f5/resource/5b8f6f67-2c20-47dd-a40a-dc647fc2ac05/download/gd028_2563_final.csv,CSV
33,ศรีสะเกษ,2563,local_area_record,อุทุมพรพิสัย,ปะอาว,1,24/02/2020,2020-02-24,2020-06-16,2020-06-22,source_situation_dates_known,,,all_agriculture_not_durian_specific,5b8f6f67-2c20-47dd-a40a-dc647fc2ac05,4735,https://catalog.disaster.go.th/dataset/7bdbedaf-f9cd-4c42-893a-0c88ad65b2f5/resource/5b8f6f67-2c20-47dd-a40a-dc647fc2ac05/download/gd028_2563_final.csv,CSV
33,ศรีสะเกษ,2563,local_area_record,อุทุมพรพิสัย,ปะอาว,2,24/02/2020,2020-02-24,2020-06-16,2020-06-22,source_situation_dates_known,,,all_agriculture_not_durian_specific,5b8f6f67-2c20-47dd-a40a-dc647fc2ac05,4736,https://catalog.disaster.go.th/dataset/7bdbedaf-f9cd-4c42-893a-0c88ad65b2f5/resource/5b8f6f67-2c20-47dd-a40a-dc647fc2ac05/download/gd028_2563_final.csv,CSV
33,ศรีสะเกษ,2563,local_area_record,อุทุมพรพิสัย,ปะอาว,3,24/02/2020,2020-02-24,2020-06-16,2020-06-22,source_situation_dates_known,,,all_agriculture_not_durian_specific,5b8f6f67-2c20-47dd-a40a-dc647fc2ac05,4737,https://catalog.disaster.go.th/dataset/7bdbedaf-f9cd-4c42-893a-0c88ad65b2f5/resource/5b8f6f67-2c20-47dd-a40a-dc647fc2ac05/download/gd028_2563_final.csv,CSV
33,ศรีสะเกษ,2563,local_area_record,อุทุมพรพิสัย,ปะอาว,4,24/02/2020,2020-02-24,2020-06-16,2020-06-22,source_situation_dates_known,,,all_agriculture_not_durian_specific,5b8f6f67-2c20-47dd-a40a-dc647fc2ac05,4738,https://catalog.disaster.go.th/dataset/7bdbedaf-f9cd-4c42-893a-0c88ad65b2f5/resource/5b8f6f67-2c20-47dd-a40a-dc647fc2ac05/download/gd028_2563_final.csv,CSV
33,ศรีสะเกษ,2563,local_area_record,อุทุมพรพิสัย,ปะอาว,5,24/02/2020,2020-02-24,2020-06-16,2020-06-22,source_situation_dates_known,,,all_agriculture_not_durian_specific,5b8f6f67-2c20-47dd-a40a-dc647fc2ac05,4739,https://catalog.disaster.go.th/dataset/7bdbedaf-f9cd-4c42-893a-0c88ad65b2f5/resource/5b8f6f67-2c20-47dd-a40a-dc647fc2ac05/download/gd028_2563_final.csv,CSV
33,ศรีสะเกษ,2563,local_area_record,อุทุมพรพิสัย,ปะอาว,6,24/02/2020,2020-02-24,2020-06-16,2020-06-22,source_situation_dates_known,,,all_agriculture_not_durian_specific,5b8f6f67-2c20-47dd-a40a-dc647fc2ac05,4740,https://catalog.disaster.go.th/dataset/7bdbedaf-f9cd-4c42-893a-0c88ad65b2f5/resource/5b8f6f67-2c20-47dd-a40a-dc647fc2ac05/download/gd028_2563_final.csv,CSV
33,ศรีสะเกษ,2563,local_area_record,อุทุมพรพิสัย,ปะอาว,7,24/02/2020,2020-02-24,2020-06-16,2020-06-22,source_situation_dates_known,,,all_agriculture_not_durian_specific,5b8f6f67-2c20-47dd-a40a-dc647fc2ac05,4741,https://catalog.disaster.go.th/dataset/7bdbedaf-f9cd-4c42-893a-0c88ad65b2f5/resource/5b8f6f67-2c20-47dd-a40a-dc647fc2ac05/download/gd028_2563_final.csv,CSV
33,ศรีสะเกษ,2563,local_area_record,อุทุมพรพิสัย,ปะอาว,8,24/02/2020,2020-02-24,2020-06-16,2020-06-22,source_situation_dates_known,,,all_agriculture_not_durian_specific,5b8f6f67-2c20-47dd-a40a-dc647fc2ac05,4742,https://catalog.disaster.go.th/dataset/7bdbedaf-f9cd-4c42-893a-0c88ad65b2f5/resource/5b8f6f67-2c20-47dd-a40a-dc647fc2ac05/download/gd028_2563_final.csv,CSV
33,ศรีสะเกษ,2563,local_area_record,อุทุมพรพิสัย,ปะอาว,9,24/02/2020,2020-02-24,2020-06-16,2020-06-22,source_situation_dates_known,,,all_agriculture_not_durian_specific,5b8f6f67-2c20-47dd-a40a-dc647fc2ac05,4743,https://catalog.disaster.go.th/dataset/7bdbedaf-f9cd-4c42-893a-0c88ad65b2f5/resource/5b8f6f67-2c20-47dd-a40a-dc647fc2ac05/download/gd028_2563_final.csv,CSV
33,ศรีสะเกษ,2563,local_area_record,อุทุมพรพิสัย,ปะอาว,10,24/02/2020,2020-02-24,2020-06-16,2020-06-22,source_situation_dates_known,,,all_agriculture_not_durian_specific,5b8f6f67-2c20-47dd-a40a-dc647fc2ac05,4744,https://catalog.disaster.go.th/dataset/7bdbedaf-f9cd-4c42-893a-0c88ad65b2f5/resource/5b8f6f67-2c20-47dd-a40a-dc647fc2ac05/download/gd028_2563_final.csv,CSV
33,ศรีสะเกษ,2563,local_area_record,อุทุมพรพิสัย,ปะอาว,11,24/02/2020,2020-02-24,2020-06-16,2020-06-22,source_situation_dates_known,,,all_agriculture_not_durian_specific,5b8f6f67-2c20-47dd-a40a-dc647fc2ac05,4745,https://catalog.disaster.go.th/dataset/7bdbedaf-f9cd-4c42-893a-0c88ad65b2f5/resource/5b8f6f67-2c20-47dd-a40a-dc647fc2ac05/download/gd028_2563_final.csv,CSV
33,ศรีสะเกษ,2563,local_area_record,อุทุมพรพิสัย,ปะอาว,12,24/02/2020,2020-02-24,2020-06-16,2020-06-22,source_situation_dates_known,,,all_agriculture_not_durian_specific,5b8f6f67-2c20-47dd-a40a-dc647fc2ac05,4746,https://catalog.disaster.go.th/dataset/7bdbedaf-f9cd-4c42-893a-0c88ad65b2f5/resource/5b8f6f67-2c20-47dd-a40a-dc647fc2ac05/download/gd028_2563_final.csv,CSV
33,ศรีสะเกษ,2563,local_area_record,อุทุมพรพิสัย,ปะอาว,13,24/02/2020,2020-02-24,2020-06-16,2020-06-22,source_situation_dates_known,,,all_agriculture_not_durian_specific,5b8f6f67-2c20-47dd-a40a-dc647fc2ac05,4747,https://catalog.disaster.go.th/dataset/7bdbedaf-f9cd-4c42-893a-0c88ad65b2f5/resource/5b8f6f67-2c20-47dd-a40a-dc647fc2ac05/download/gd028_2563_final.csv,CSV
33,ศรีสะเกษ,2563,local_area_record,อุทุมพรพิสัย,ปะอาว,14,24/02/2020,2020-02-24,2020-06-16,2020-06-22,source_situation_dates_known,,,all_agriculture_not_durian_specific,5b8f6f67-2c20-47dd-a40a-dc647fc2ac05,4748,https://catalog.disaster.go.th/dataset/7bdbedaf-f9cd-4c42-893a-0c88ad65b2f5/resource/5b8f6f67-2c20-47dd-a40a-dc647fc2ac05/download/gd028_2563_final.csv,CSV
33,ศรีสะเกษ,2563,local_area_record,อุทุมพรพิสัย,สำโรง,1,24/02/2020,2020-02-24,2020-06-16,2020-06-22,source_situation_dates_known,,,all_agriculture_not_durian_specific,5b8f6f67-2c20-47dd-a40a-dc647fc2ac05,4749,https://catalog.disaster.go.th/dataset/7bdbedaf-f9cd-4c42-893a-0c88ad65b2f5/resource/5b8f6f67-2c20-47dd-a40a-dc647fc2ac05/download/gd028_2563_final.csv,CSV
33,ศรีสะเกษ,2563,local_area_record,อุทุมพรพิสัย,สำโรง,2,24/02/2020,2020-02-24,2020-06-16,2020-06-22,source_situation_dates_known,,,all_agriculture_not_durian_specific,5b8f6f67-2c20-47dd-a40a-dc647fc2ac05,4750,https://catalog.disaster.go.th/dataset/7bdbedaf-f9cd-4c42-893a-0c88ad65b2f5/resource/5b8f6f67-2c20-47dd-a40a-dc647fc2ac05/download/gd028_2563_final.csv,CSV
33,ศรีสะเกษ,2563,local_area_record,อุทุมพรพิสัย,สำโรง,3,24/02/2020,2020-02-24,2020-06-16,2020-06-22,source_situation_dates_known,,,all_agriculture_not_durian_specific,5b8f6f67-2c20-47dd-a40a-dc647fc2ac05,4751,https://catalog.disaster.go.th/dataset/7bdbedaf-f9cd-4c42-893a-0c88ad65b2f5/resource/5b8f6f67-2c20-47dd-a40a-dc647fc2ac05/download/gd028_2563_final.csv,CSV
33,ศรีสะเกษ,2563,local_area_record,อุทุมพรพิสัย,สำโรง,4,24/02/2020,2020-02-24,2020-06-16,2020-06-22,source_situation_dates_known,,,all_agriculture_not_durian_specific,5b8f6f67-2c20-47dd-a40a-dc647fc2ac05,4752,https://catalog.disaster.go.th/dataset/7bdbedaf-f9cd-4c42-893a-0c88ad65b2f5/resource/5b8f6f67-2c20-47dd-a40a-dc647fc2ac05/download/gd028_2563_final.csv,CSV
33,ศรีสะเกษ,2563,local_area_record,อุทุมพรพิสัย,สำโรง,5,24/02/2020,2020-02-24,2020-06-16,2020-06-22,source_situation_dates_known,,,all_agriculture_not_durian_specific,5b8f6f67-2c20-47dd-a40a-dc647fc2ac05,4753,https://catalog.disaster.go.th/dataset/7bdbedaf-f9cd-4c42-893a-0c88ad65b2f5/resource/5b8f6f67-2c20-47dd-a40a-dc647fc2ac05/download/gd028_2563_final.csv,CSV
33,ศรีสะเกษ,2563,local_area_record,อุทุมพรพิสัย,สำโรง,6,24/02/2020,2020-02-24,2020-06-16,2020-06-22,source_situation_dates_known,,,all_agriculture_not_durian_specific,5b8f6f67-2c20-47dd-a40a-dc647fc2ac05,4754,https://catalog.disaster.go.th/dataset/7bdbedaf-f9cd-4c42-893a-0c88ad65b2f5/resource/5b8f6f67-2c20-47dd-a40a-dc647fc2ac05/download/gd028_2563_final.csv,CSV
33,ศรีสะเกษ,2563,local_area_record,อุทุมพรพิสัย,สำโรง,7,24/02/2020,2020-02-24,2020-06-16,2020-06-22,source_situation_dates_known,,,all_agriculture_not_durian_specific,5b8f6f67-2c20-47dd-a40a-dc647fc2ac05,4755,https://catalog.disaster.go.th/dataset/7bdbedaf-f9cd-4c42-893a-0c88ad65b2f5/resource/5b8f6f67-2c20-47dd-a40a-dc647fc2ac05/download/gd028_2563_final.csv,CSV
33,ศรีสะเกษ,2563,local_area_record,อุทุมพรพิสัย,สำโรง,8,24/02/2020,2020-02-24,2020-06-16,2020-06-22,source_situation_dates_known,,,all_agriculture_not_durian_specific,5b8f6f67-2c20-47dd-a40a-dc647fc2ac05,4756,https://catalog.disaster.go.th/dataset/7bdbedaf-f9cd-4c42-893a-0c88ad65b2f5/resource/5b8f6f67-2c20-47dd-a40a-dc647fc2ac05/download/gd028_2563_final.csv,CSV
33,ศรีสะเกษ,2563,local_area_record,อุทุมพรพิสัย,สำโรง,9,24/02/2020,2020-02-24,2020-06-16,2020-06-22,source_situation_dates_known,,,all_agriculture_not_durian_specific,5b8f6f67-2c20-47dd-a40a-dc647fc2ac05,4757,https://catalog.disaster.go.th/dataset/7bdbedaf-f9cd-4c42-893a-0c88ad65b2f5/resource/5b8f6f67-2c20-47dd-a40a-dc647fc2ac05/download/gd028_2563_final.csv,CSV
33,ศรีสะเกษ,2563,local_area_record,อุทุมพรพิสัย,สำโรง,10,24/02/2020,2020-02-24,2020-06-16,2020-06-22,source_situation_dates_known,,,all_agriculture_not_durian_specific,5b8f6f67-2c20-47dd-a40a-dc647fc2ac05,4758,https://catalog.disaster.go.th/dataset/7bdbedaf-f9cd-4c42-893a-0c88ad65b2f5/resource/5b8f6f67-2c20-47dd-a40a-dc647fc2ac05/download/gd028_2563_final.csv,CSV
33,ศรีสะเกษ,2563,local_area_record,อุทุมพรพิสัย,สำโรง,11,24/02/2020,2020-02-24,2020-06-16,2020-06-22,source_situation_dates_known,,,all_agriculture_not_durian_specific,5b8f6f67-2c20-47dd-a40a-dc647fc2ac05,4759,https://catalog.disaster.go.th/dataset/7bdbedaf-f9cd-4c42-893a-0c88ad65b2f5/resource/5b8f6f67-2c20-47dd-a40a-dc647fc2ac05/download/gd028_2563_final.csv,CSV
33,ศรีสะเกษ,2563,local_area_record,อุทุมพรพิสัย,สำโรง,12,24/02/2020,2020-02-24,2020-06-16,2020-06-22,source_situation_dates_known,,,all_agriculture_not_durian_specific,5b8f6f67-2c20-47dd-a40a-dc647fc2ac05,4760,https://catalog.disaster.go.th/dataset/7bdbedaf-f9cd-4c42-893a-0c88ad65b2f5/resource/5b8f6f67-2c20-47dd-a40a-dc647fc2ac05/download/gd028_2563_final.csv,CSV
33,ศรีสะเกษ,2563,local_area_record,อุทุมพรพิสัย,สำโรง,13,24/02/2020,2020-02-24,2020-06-16,2020-06-22,source_situation_dates_known,,,all_agriculture_not_durian_specific,5b8f6f67-2c20-47dd-a40a-dc647fc2ac05,4761,https://catalog.disaster.go.th/dataset/7bdbedaf-f9cd-4c42-893a-0c88ad65b2f5/resource/5b8f6f67-2c20-47dd-a40a-dc647fc2ac05/download/gd028_2563_final.csv,CSV
33,ศรีสะเกษ,2563,local_area_record,อุทุมพรพิสัย,สำโรง,14,24/02/2020,2020-02-24,2020-06-16,2020-06-22,source_situation_dates_known,,,all_agriculture_not_durian_specific,5b8f6f67-2c20-47dd-a40a-dc647fc2ac05,4762,https://catalog.disaster.go.th/dataset/7bdbedaf-f9cd-4c42-893a-0c88ad65b2f5/resource/5b8f6f67-2c20-47dd-a40a-dc647fc2ac05/download/gd028_2563_final.csv,CSV
33,ศรีสะเกษ,2563,local_area_record,อุทุมพรพิสัย,สำโรง,15,24/02/2020,2020-02-24,2020-06-16,2020-06-22,source_situation_dates_known,,,all_agriculture_not_durian_specific,5b8f6f67-2c20-47dd-a40a-dc647fc2ac05,4763,https://catalog.disaster.go.th/dataset/7bdbedaf-f9cd-4c42-893a-0c88ad65b2f5/resource/5b8f6f67-2c20-47dd-a40a-dc647fc2ac05/download/gd028_2563_final.csv,CSV
33,ศรีสะเกษ,2563,local_area_record,อุทุมพรพิสัย,สำโรง,16,24/02/2020,2020-02-24,2020-06-16,2020-06-22,source_situation_dates_known,,,all_agriculture_not_durian_specific,5b8f6f67-2c20-47dd-a40a-dc647fc2ac05,4764,https://catalog.disaster.go.th/dataset/7bdbedaf-f9cd-4c42-893a-0c88ad65b2f5/resource/5b8f6f67-2c20-47dd-a40a-dc647fc2ac05/download/gd028_2563_final.csv,CSV
33,ศรีสะเกษ,2563,local_area_record,อุทุมพรพิสัย,สำโรง,17,24/02/2020,2020-02-24,2020-06-16,2020-06-22,source_situation_dates_known,,,all_agriculture_not_durian_specific,5b8f6f67-2c20-47dd-a40a-dc647fc2ac05,4765,https://catalog.disaster.go.th/dataset/7bdbedaf-f9cd-4c42-893a-0c88ad65b2f5/resource/5b8f6f67-2c20-47dd-a40a-dc647fc2ac05/download/gd028_2563_final.csv,CSV
33,ศรีสะเกษ,2563,local_area_record,อุทุมพรพิสัย,หนองห้าง,1,24/02/2020,2020-02-24,2020-06-16,2020-06-22,source_situation_dates_known,,,all_agriculture_not_durian_specific,5b8f6f67-2c20-47dd-a40a-dc647fc2ac05,4766,https://catalog.disaster.go.th/dataset/7bdbedaf-f9cd-4c42-893a-0c88ad65b2f5/resource/5b8f6f67-2c20-47dd-a40a-dc647fc2ac05/download/gd028_2563_final.csv,CSV
33,ศรีสะเกษ,2563,local_area_record,อุทุมพรพิสัย,หนองห้าง,2,24/02/2020,2020-02-24,2020-06-16,2020-06-22,source_situation_dates_known,,,all_agriculture_not_durian_specific,5b8f6f67-2c20-47dd-a40a-dc647fc2ac05,4767,https://catalog.disaster.go.th/dataset/7bdbedaf-f9cd-4c42-893a-0c88ad65b2f5/resource/5b8f6f67-2c20-47dd-a40a-dc647fc2ac05/download/gd028_2563_final.csv,CSV
33,ศรีสะเกษ,2563,local_area_record,อุทุมพรพิสัย,หนองห้าง,3,24/02/2020,2020-02-24,2020-06-16,2020-06-22,source_situation_dates_known,,,all_agriculture_not_durian_specific,5b8f6f67-2c20-47dd-a40a-dc647fc2ac05,4768,https://catalog.disaster.go.th/dataset/7bdbedaf-f9cd-4c42-893a-0c88ad65b2f5/resource/5b8f6f67-2c20-47dd-a40a-dc647fc2ac05/download/gd028_2563_final.csv,CSV
33,ศรีสะเกษ,2563,local_area_record,อุทุมพรพิสัย,หนองห้าง,4,24/02/2020,2020-02-24,2020-06-16,2020-06-22,source_situation_dates_known,,,all_agriculture_not_durian_specific,5b8f6f67-2c20-47dd-a40a-dc647fc2ac05,4769,https://catalog.disaster.go.th/dataset/7bdbedaf-f9cd-4c42-893a-0c88ad65b2f5/resource/5b8f6f67-2c20-47dd-a40a-dc647fc2ac05/download/gd028_2563_final.csv,CSV
33,ศรีสะเกษ,2563,local_area_record,อุทุมพรพิสัย,หนองห้าง,5,24/02/2020,2020-02-24,2020-06-16,2020-06-22,source_situation_dates_known,,,all_agriculture_not_durian_specific,5b8f6f67-2c20-47dd-a40a-dc647fc2ac05,4770,https://catalog.disaster.go.th/dataset/7bdbedaf-f9cd-4c42-893a-0c88ad65b2f5/resource/5b8f6f67-2c20-47dd-a40a-dc647fc2ac05/download/gd028_2563_final.csv,CSV
33,ศรีสะเกษ,2563,local_area_record,อุทุมพรพิสัย,หนองห้าง,6,24/02/2020,2020-02-24,2020-06-16,2020-06-22,source_situation_dates_known,,,all_agriculture_not_durian_specific,5b8f6f67-2c20-47dd-a40a-dc647fc2ac05,4771,https://catalog.disaster.go.th/dataset/7bdbedaf-f9cd-4c42-893a-0c88ad65b2f5/resource/5b8f6f67-2c20-47dd-a40a-dc647fc2ac05/download/gd028_2563_final.csv,CSV
33,ศรีสะเกษ,2563,local_area_record,อุทุมพรพิสัย,หนองห้าง,7,24/02/2020,2020-02-24,2020-06-16,2020-06-22,source_situation_dates_known,,,all_agriculture_not_durian_specific,5b8f6f67-2c20-47dd-a40a-dc647fc2ac05,4772,https://catalog.disaster.go.th/dataset/7bdbedaf-f9cd-4c42-893a-0c88ad65b2f5/resource/5b8f6f67-2c20-47dd-a40a-dc647fc2ac05/download/gd028_2563_final.csv,CSV
33,ศรีสะเกษ,2563,local_area_record,อุทุมพรพิสัย,หนองห้าง,8,24/02/2020,2020-02-24,2020-06-16,2020-06-22,source_situation_dates_known,,,all_agriculture_not_durian_specific,5b8f6f67-2c20-47dd-a40a-dc647fc2ac05,4773,https://catalog.disaster.go.th/dataset/7bdbedaf-f9cd-4c42-893a-0c88ad65b2f5/resource/5b8f6f67-2c20-47dd-a40a-dc647fc2ac05/download/gd028_2563_final.csv,CSV
33,ศรีสะเกษ,2563,local_area_record,อุทุมพรพิสัย,หนองห้าง,9,24/02/2020,2020-02-24,2020-06-16,2020-06-22,source_situation_dates_known,,,all_agriculture_not_durian_specific,5b8f6f67-2c20-47dd-a40a-dc647fc2ac05,4774,https://catalog.disaster.go.th/dataset/7bdbedaf-f9cd-4c42-893a-0c88ad65b2f5/resource/5b8f6f67-2c20-47dd-a40a-dc647fc2ac05/download/gd028_2563_final.csv,CSV
33,ศรีสะเกษ,2563,local_area_record,อุทุมพรพิสัย,หนองห้าง,10,24/02/2020,2020-02-24,2020-06-16,2020-06-22,source_situation_dates_known,,,all_agriculture_not_durian_specific,5b8f6f67-2c20-47dd-a40a-dc647fc2ac05,4775,https://catalog.disaster.go.th/dataset/7bdbedaf-f9cd-4c42-893a-0c88ad65b2f5/resource/5b8f6f67-2c20-47dd-a40a-dc647fc2ac05/download/gd028_2563_final.csv,CSV
33,ศรีสะเกษ,2563,local_area_record,อุทุมพรพิสัย,หนองห้าง,11,24/02/2020,2020-02-24,2020-06-16,2020-06-22,source_situation_dates_known,,,all_agriculture_not_durian_specific,5b8f6f67-2c20-47dd-a40a-dc647fc2ac05,4776,https://catalog.disaster.go.th/dataset/7bdbedaf-f9cd-4c42-893a-0c88ad65b2f5/resource/5b8f6f67-2c20-47dd-a40a-dc647fc2ac05/download/gd028_2563_final.csv,CSV
33,ศรีสะเกษ,2563,local_area_record,อุทุมพรพิสัย,หนองห้าง,12,24/02/2020,2020-02-24,2020-06-16,2020-06-22,source_situation_dates_known,,,all_agriculture_not_durian_specific,5b8f6f67-2c20-47dd-a40a-dc647fc2ac05,4777,https://catalog.disaster.go.th/dataset/7bdbedaf-f9cd-4c42-893a-0c88ad65b2f5/resource/5b8f6f67-2c20-47dd-a40a-dc647fc2ac05/download/gd028_2563_final.csv,CSV
33,ศรีสะเกษ,2563,local_area_record,อุทุมพรพิสัย,หนองห้าง,13,24/02/2020,2020-02-24,2020-06-16,2020-06-22,source_situation_dates_known,,,all_agriculture_not_durian_specific,5b8f6f67-2c20-47dd-a40a-dc647fc2ac05,4778,https://catalog.disaster.go.th/dataset/7bdbedaf-f9cd-4c42-893a-0c88ad65b2f5/resource/5b8f6f67-2c20-47dd-a40a-dc647fc2ac05/download/gd028_2563_final.csv,CSV
33,ศรีสะเกษ,2563,local_area_record,อุทุมพรพิสัย,หนองห้าง,14,24/02/2020,2020-02-24,2020-06-16,2020-06-22,source_situation_dates_known,,,all_agriculture_not_durian_specific,5b8f6f67-2c20-47dd-a40a-dc647fc2ac05,4779,https://catalog.disaster.go.th/dataset/7bdbedaf-f9cd-4c42-893a-0c88ad65b2f5/resource/5b8f6f67-2c20-47dd-a40a-dc647fc2ac05/download/gd028_2563_final.csv,CSV
33,ศรีสะเกษ,2563,local_area_record,อุทุมพรพิสัย,หนองห้าง,15,24/02/2020,2020-02-24,2020-06-16,2020-06-22,source_situation_dates_known,,,all_agriculture_not_durian_specific,5b8f6f67-2c20-47dd-a40a-dc647fc2ac05,4780,https://catalog.disaster.go.th/dataset/7bdbedaf-f9cd-4c42-893a-0c88ad65b2f5/resource/5b8f6f67-2c20-47dd-a40a-dc647fc2ac05/download/gd028_2563_final.csv,CSV
33,ศรีสะเกษ,2563,local_area_record,อุทุมพรพิสัย,หนองห้าง,16,24/02/2020,2020-02-24,2020-06-16,2020-06-22,source_situation_dates_known,,,all_agriculture_not_durian_specific,5b8f6f67-2c20-47dd-a40a-dc647fc2ac05,4781,https://catalog.disaster.go.th/dataset/7bdbedaf-f9cd-4c42-893a-0c88ad65b2f5/resource/5b8f6f67-2c20-47dd-a40a-dc647fc2ac05/download/gd028_2563_final.csv,CSV
33,ศรีสะเกษ,2563,local_area_record,อุทุมพรพิสัย,หนองห้าง,17,24/02/2020,2020-02-24,2020-06-16,2020-06-22,source_situation_dates_known,,,all_agriculture_not_durian_specific,5b8f6f67-2c20-47dd-a40a-dc647fc2ac05,4782,https://catalog.disaster.go.th/dataset/7bdbedaf-f9cd-4c42-893a-0c88ad65b2f5/resource/5b8f6f67-2c20-47dd-a40a-dc647fc2ac05/download/gd028_2563_final.csv,CSV
33,ศรีสะเกษ,2563,local_area_record,อุทุมพรพิสัย,หนองไฮ,1,24/02/2020,2020-02-24,2020-06-16,2020-06-22,source_situation_dates_known,,,all_agriculture_not_durian_specific,5b8f6f67-2c20-47dd-a40a-dc647fc2ac05,4783,https://catalog.disaster.go.th/dataset/7bdbedaf-f9cd-4c42-893a-0c88ad65b2f5/resource/5b8f6f67-2c20-47dd-a40a-dc647fc2ac05/download/gd028_2563_final.csv,CSV
33,ศรีสะเกษ,2563,local_area_record,อุทุมพรพิสัย,หนองไฮ,2,24/02/2020,2020-02-24,2020-06-16,2020-06-22,source_situation_dates_known,,,all_agriculture_not_durian_specific,5b8f6f67-2c20-47dd-a40a-dc647fc2ac05,4784,https://catalog.disaster.go.th/dataset/7bdbedaf-f9cd-4c42-893a-0c88ad65b2f5/resource/5b8f6f67-2c20-47dd-a40a-dc647fc2ac05/download/gd028_2563_final.csv,CSV
33,ศรีสะเกษ,2563,local_area_record,อุทุมพรพิสัย,หนองไฮ,3,24/02/2020,2020-02-24,2020-06-16,2020-06-22,source_situation_dates_known,,,all_agriculture_not_durian_specific,5b8f6f67-2c20-47dd-a40a-dc647fc2ac05,4785,https://catalog.disaster.go.th/dataset/7bdbedaf-f9cd-4c42-893a-0c88ad65b2f5/resource/5b8f6f67-2c20-47dd-a40a-dc647fc2ac05/download/gd028_2563_final.csv,CSV
33,ศรีสะเกษ,2563,local_area_record,อุทุมพรพิสัย,หนองไฮ,4,24/02/2020,2020-02-24,2020-06-16,2020-06-22,source_situation_dates_known,,,all_agriculture_not_durian_specific,5b8f6f67-2c20-47dd-a40a-dc647fc2ac05,4786,https://catalog.disaster.go.th/dataset/7bdbedaf-f9cd-4c42-893a-0c88ad65b2f5/resource/5b8f6f67-2c20-47dd-a40a-dc647fc2ac05/download/gd028_2563_final.csv,CSV
33,ศรีสะเกษ,2563,local_area_record,อุทุมพรพิสัย,หนองไฮ,5,24/02/2020,2020-02-24,2020-06-16,2020-06-22,source_situation_dates_known,,,all_agriculture_not_durian_specific,5b8f6f67-2c20-47dd-a40a-dc647fc2ac05,4787,https://catalog.disaster.go.th/dataset/7bdbedaf-f9cd-4c42-893a-0c88ad65b2f5/resource/5b8f6f67-2c20-47dd-a40a-dc647fc2ac05/download/gd028_2563_final.csv,CSV
33,ศรีสะเกษ,2563,local_area_record,อุทุมพรพิสัย,หนองไฮ,6,24/02/2020,2020-02-24,2020-06-16,2020-06-22,source_situation_dates_known,,,all_agriculture_not_durian_specific,5b8f6f67-2c20-47dd-a40a-dc647fc2ac05,4788,https://catalog.disaster.go.th/dataset/7bdbedaf-f9cd-4c42-893a-0c88ad65b2f5/resource/5b8f6f67-2c20-47dd-a40a-dc647fc2ac05/download/gd028_2563_final.csv,CSV
33,ศรีสะเกษ,2563,local_area_record,อุทุมพรพิสัย,หนองไฮ,7,24/02/2020,2020-02-24,2020-06-16,2020-06-22,source_situation_dates_known,,,all_agriculture_not_durian_specific,5b8f6f67-2c20-47dd-a40a-dc647fc2ac05,4789,https://catalog.disaster.go.th/dataset/7bdbedaf-f9cd-4c42-893a-0c88ad65b2f5/resource/5b8f6f67-2c20-47dd-a40a-dc647fc2ac05/download/gd028_2563_final.csv,CSV
33,ศรีสะเกษ,2563,local_area_record,อุทุมพรพิสัย,หนองไฮ,8,24/02/2020,2020-02-24,2020-06-16,2020-06-22,source_situation_dates_known,,,all_agriculture_not_durian_specific,5b8f6f67-2c20-47dd-a40a-dc647fc2ac05,4790,https://catalog.disaster.go.th/dataset/7bdbedaf-f9cd-4c42-893a-0c88ad65b2f5/resource/5b8f6f67-2c20-47dd-a40a-dc647fc2ac05/download/gd028_2563_final.csv,CSV
33,ศรีสะเกษ,2563,local_area_record,อุทุมพรพิสัย,หนองไฮ,9,24/02/2020,2020-02-24,2020-06-16,2020-06-22,source_situation_dates_known,,,all_agriculture_not_durian_specific,5b8f6f67-2c20-47dd-a40a-dc647fc2ac05,4791,https://catalog.disaster.go.th/dataset/7bdbedaf-f9cd-4c42-893a-0c88ad65b2f5/resource/5b8f6f67-2c20-47dd-a40a-dc647fc2ac05/download/gd028_2563_final.csv,CSV
33,ศรีสะเกษ,2563,local_area_record,อุทุมพรพิสัย,หนองไฮ,10,24/02/2020,2020-02-24,2020-06-16,2020-06-22,source_situation_dates_known,,,all_agriculture_not_durian_specific,5b8f6f67-2c20-47dd-a40a-dc647fc2ac05,4792,https://catalog.disaster.go.th/dataset/7bdbedaf-f9cd-4c42-893a-0c88ad65b2f5/resource/5b8f6f67-2c20-47dd-a40a-dc647fc2ac05/download/gd028_2563_final.csv,CSV
33,ศรีสะเกษ,2563,local_area_record,อุทุมพรพิสัย,หนองไฮ,11,24/02/2020,2020-02-24,2020-06-16,2020-06-22,source_situation_dates_known,,,all_agriculture_not_durian_specific,5b8f6f67-2c20-47dd-a40a-dc647fc2ac05,4793,https://catalog.disaster.go.th/dataset/7bdbedaf-f9cd-4c42-893a-0c88ad65b2f5/resource/5b8f6f67-2c20-47dd-a40a-dc647fc2ac05/download/gd028_2563_final.csv,CSV
33,ศรีสะเกษ,2563,local_area_record,อุทุมพรพิสัย,หนองไฮ,12,24/02/2020,2020-02-24,2020-06-16,2020-06-22,source_situation_dates_known,,,all_agriculture_not_durian_specific,5b8f6f67-2c20-47dd-a40a-dc647fc2ac05,4794,https://catalog.disaster.go.th/dataset/7bdbedaf-f9cd-4c42-893a-0c88ad65b2f5/resource/5b8f6f67-2c20-47dd-a40a-dc647fc2ac05/download/gd028_2563_final.csv,CSV
33,ศรีสะเกษ,2563,local_area_record,อุทุมพรพิสัย,หัวช้าง,1,24/02/2020,2020-02-24,2020-06-16,2020-06-22,source_situation_dates_known,,,all_agriculture_not_durian_specific,5b8f6f67-2c20-47dd-a40a-dc647fc2ac05,4795,https://catalog.disaster.go.th/dataset/7bdbedaf-f9cd-4c42-893a-0c88ad65b2f5/resource/5b8f6f67-2c20-47dd-a40a-dc647fc2ac05/download/gd028_2563_final.csv,CSV
33,ศรีสะเกษ,2563,local_area_record,อุทุมพรพิสัย,หัวช้าง,2,24/02/2020,2020-02-24,2020-06-16,2020-06-22,source_situation_dates_known,,,all_agriculture_not_durian_specific,5b8f6f67-2c20-47dd-a40a-dc647fc2ac05,4796,https://catalog.disaster.go.th/dataset/7bdbedaf-f9cd-4c42-893a-0c88ad65b2f5/resource/5b8f6f67-2c20-47dd-a40a-dc647fc2ac05/download/gd028_2563_final.csv,CSV
33,ศรีสะเกษ,2563,local_area_record,อุทุมพรพิสัย,หัวช้าง,3,24/02/2020,2020-02-24,2020-06-16,2020-06-22,source_situation_dates_known,,,all_agriculture_not_durian_specific,5b8f6f67-2c20-47dd-a40a-dc647fc2ac05,4797,https://catalog.disaster.go.th/dataset/7bdbedaf-f9cd-4c42-893a-0c88ad65b2f5/resource/5b8f6f67-2c20-47dd-a40a-dc647fc2ac05/download/gd028_2563_final.csv,CSV
33,ศรีสะเกษ,2563,local_area_record,อุทุมพรพิสัย,หัวช้าง,4,24/02/2020,2020-02-24,2020-06-16,2020-06-22,source_situation_dates_known,,,all_agriculture_not_durian_specific,5b8f6f67-2c20-47dd-a40a-dc647fc2ac05,4798,https://catalog.disaster.go.th/dataset/7bdbedaf-f9cd-4c42-893a-0c88ad65b2f5/resource/5b8f6f67-2c20-47dd-a40a-dc647fc2ac05/download/gd028_2563_final.csv,CSV
33,ศรีสะเกษ,2563,local_area_record,อุทุมพรพิสัย,หัวช้าง,5,24/02/2020,2020-02-24,2020-06-16,2020-06-22,source_situation_dates_known,,,all_agriculture_not_durian_specific,5b8f6f67-2c20-47dd-a40a-dc647fc2ac05,4799,https://catalog.disaster.go.th/dataset/7bdbedaf-f9cd-4c42-893a-0c88ad65b2f5/resource/5b8f6f67-2c20-47dd-a40a-dc647fc2ac05/download/gd028_2563_final.csv,CSV
33,ศรีสะเกษ,2563,local_area_record,อุทุมพรพิสัย,หัวช้าง,6,24/02/2020,2020-02-24,2020-06-16,2020-06-22,source_situation_dates_known,,,all_agriculture_not_durian_specific,5b8f6f67-2c20-47dd-a40a-dc647fc2ac05,4800,https://catalog.disaster.go.th/dataset/7bdbedaf-f9cd-4c42-893a-0c88ad65b2f5/resource/5b8f6f67-2c20-47dd-a40a-dc647fc2ac05/download/gd028_2563_final.csv,CSV
33,ศรีสะเกษ,2563,local_area_record,อุทุมพรพิสัย,หัวช้าง,7,24/02/2020,2020-02-24,2020-06-16,2020-06-22,source_situation_dates_known,,,all_agriculture_not_durian_specific,5b8f6f67-2c20-47dd-a40a-dc647fc2ac05,4801,https://catalog.disaster.go.th/dataset/7bdbedaf-f9cd-4c42-893a-0c88ad65b2f5/resource/5b8f6f67-2c20-47dd-a40a-dc647fc2ac05/download/gd028_2563_final.csv,CSV
33,ศรีสะเกษ,2563,local_area_record,อุทุมพรพิสัย,หัวช้าง,8,24/02/2020,2020-02-24,2020-06-16,2020-06-22,source_situation_dates_known,,,all_agriculture_not_durian_specific,5b8f6f67-2c20-47dd-a40a-dc647fc2ac05,4802,https://catalog.disaster.go.th/dataset/7bdbedaf-f9cd-4c42-893a-0c88ad65b2f5/resource/5b8f6f67-2c20-47dd-a40a-dc647fc2ac05/download/gd028_2563_final.csv,CSV
33,ศรีสะเกษ,2563,local_area_record,อุทุมพรพิสัย,หัวช้าง,9,24/02/2020,2020-02-24,2020-06-16,2020-06-22,source_situation_dates_known,,,all_agriculture_not_durian_specific,5b8f6f67-2c20-47dd-a40a-dc647fc2ac05,4803,https://catalog.disaster.go.th/dataset/7bdbedaf-f9cd-4c42-893a-0c88ad65b2f5/resource/5b8f6f67-2c20-47dd-a40a-dc647fc2ac05/download/gd028_2563_final.csv,CSV
33,ศรีสะเกษ,2563,local_area_record,อุทุมพรพิสัย,หัวช้าง,10,24/02/2020,2020-02-24,2020-06-16,2020-06-22,source_situation_dates_known,,,all_agriculture_not_durian_specific,5b8f6f67-2c20-47dd-a40a-dc647fc2ac05,4804,https://catalog.disaster.go.th/dataset/7bdbedaf-f9cd-4c42-893a-0c88ad65b2f5/resource/5b8f6f67-2c20-47dd-a40a-dc647fc2ac05/download/gd028_2563_final.csv,CSV
33,ศรีสะเกษ,2563,local_area_record,อุทุมพรพิสัย,หัวช้าง,11,24/02/2020,2020-02-24,2020-06-16,2020-06-22,source_situation_dates_known,,,all_agriculture_not_durian_specific,5b8f6f67-2c20-47dd-a40a-dc647fc2ac05,4805,https://catalog.disaster.go.th/dataset/7bdbedaf-f9cd-4c42-893a-0c88ad65b2f5/resource/5b8f6f67-2c20-47dd-a40a-dc647fc2ac05/download/gd028_2563_final.csv,CSV
53,อุตรดิตถ์,2563,local_area_record,ตรอน,น้ำอ่าง,5,4/11/2019,2019-11-04,2020-02-26,2020-02-28,source_situation_dates_known,,,all_agriculture_not_durian_specific,5b8f6f67-2c20-47dd-a40a-dc647fc2ac05,7558,https://catalog.disaster.go.th/dataset/7bdbedaf-f9cd-4c42-893a-0c88ad65b2f5/resource/5b8f6f67-2c20-47dd-a40a-dc647fc2ac05/download/gd028_2563_final.csv,CSV
53,อุตรดิตถ์,2563,local_area_record,ตรอน,น้ำอ่าง,8,4/11/2019,2019-11-04,2020-02-26,2020-02-28,source_situation_dates_known,,,all_agriculture_not_durian_specific,5b8f6f67-2c20-47dd-a40a-dc647fc2ac05,7559,https://catalog.disaster.go.th/dataset/7bdbedaf-f9cd-4c42-893a-0c88ad65b2f5/resource/5b8f6f67-2c20-47dd-a40a-dc647fc2ac05/download/gd028_2563_final.csv,CSV
53,อุตรดิตถ์,2563,local_area_record,ท่าปลา,นางพญา,1,1/03/2020,2020-03-01,2020-06-01,2020-06-04,source_situation_dates_known,,,all_agriculture_not_durian_specific,5b8f6f67-2c20-47dd-a40a-dc647fc2ac05,7560,https://catalog.disaster.go.th/dataset/7bdbedaf-f9cd-4c42-893a-0c88ad65b2f5/resource/5b8f6f67-2c20-47dd-a40a-dc647fc2ac05/download/gd028_2563_final.csv,CSV
53,อุตรดิตถ์,2563,local_area_record,ท่าปลา,นางพญา,2,1/03/2020,2020-03-01,2020-06-01,2020-06-04,source_situation_dates_known,,,all_agriculture_not_durian_specific,5b8f6f67-2c20-47dd-a40a-dc647fc2ac05,7561,https://catalog.disaster.go.th/dataset/7bdbedaf-f9cd-4c42-893a-0c88ad65b2f5/resource/5b8f6f67-2c20-47dd-a40a-dc647fc2ac05/download/gd028_2563_final.csv,CSV
53,อุตรดิตถ์,2563,local_area_record,ท่าปลา,นางพญา,3,1/03/2020,2020-03-01,2020-06-01,2020-06-04,source_situation_dates_known,,,all_agriculture_not_durian_specific,5b8f6f67-2c20-47dd-a40a-dc647fc2ac05,7562,https://catalog.disaster.go.th/dataset/7bdbedaf-f9cd-4c42-893a-0c88ad65b2f5/resource/5b8f6f67-2c20-47dd-a40a-dc647fc2ac05/download/gd028_2563_final.csv,CSV
53,อุตรดิตถ์,2563,local_area_record,ท่าปลา,นางพญา,4,1/03/2020,2020-03-01,2020-06-01,2020-06-04,source_situation_dates_known,,,all_agriculture_not_durian_specific,5b8f6f67-2c20-47dd-a40a-dc647fc2ac05,7563,https://catalog.disaster.go.th/dataset/7bdbedaf-f9cd-4c42-893a-0c88ad65b2f5/resource/5b8f6f67-2c20-47dd-a40a-dc647fc2ac05/download/gd028_2563_final.csv,CSV
53,อุตรดิตถ์,2563,local_area_record,ท่าปลา,นางพญา,5,1/03/2020,2020-03-01,2020-06-01,2020-06-04,source_situation_dates_known,,,all_agriculture_not_durian_specific,5b8f6f67-2c20-47dd-a40a-dc647fc2ac05,7564,https://catalog.disaster.go.th/dataset/7bdbedaf-f9cd-4c42-893a-0c88ad65b2f5/resource/5b8f6f67-2c20-47dd-a40a-dc647fc2ac05/download/gd028_2563_final.csv,CSV
53,อุตรดิตถ์,2563,local_area_record,ท่าปลา,นางพญา,6,1/03/2020,2020-03-01,2020-06-01,2020-06-04,source_situation_dates_known,,,all_agriculture_not_durian_specific,5b8f6f67-2c20-47dd-a40a-dc647fc2ac05,7565,https://catalog.disaster.go.th/dataset/7bdbedaf-f9cd-4c42-893a-0c88ad65b2f5/resource/5b8f6f67-2c20-47dd-a40a-dc647fc2ac05/download/gd028_2563_final.csv,CSV
53,อุตรดิตถ์,2563,local_area_record,ท่าปลา,น้ำหมัน,1,31/10/2019,2019-10-31,2020-02-26,2020-02-28,source_situation_dates_known,,,all_agriculture_not_durian_specific,5b8f6f67-2c20-47dd-a40a-dc647fc2ac05,7566,https://catalog.disaster.go.th/dataset/7bdbedaf-f9cd-4c42-893a-0c88ad65b2f5/resource/5b8f6f67-2c20-47dd-a40a-dc647fc2ac05/download/gd028_2563_final.csv,CSV
53,อุตรดิตถ์,2563,local_area_record,ท่าปลา,น้ำหมัน,2,31/10/2019,2019-10-31,2020-02-26,2020-02-28,source_situation_dates_known,,,all_agriculture_not_durian_specific,5b8f6f67-2c20-47dd-a40a-dc647fc2ac05,7567,https://catalog.disaster.go.th/dataset/7bdbedaf-f9cd-4c42-893a-0c88ad65b2f5/resource/5b8f6f67-2c20-47dd-a40a-dc647fc2ac05/download/gd028_2563_final.csv,CSV
53,อุตรดิตถ์,2563,local_area_record,ท่าปลา,น้ำหมัน,3,31/10/2019,2019-10-31,2020-02-26,2020-02-28,source_situation_dates_known,,,all_agriculture_not_durian_specific,5b8f6f67-2c20-47dd-a40a-dc647fc2ac05,7568,https://catalog.disaster.go.th/dataset/7bdbedaf-f9cd-4c42-893a-0c88ad65b2f5/resource/5b8f6f67-2c20-47dd-a40a-dc647fc2ac05/download/gd028_2563_final.csv,CSV
53,อุตรดิตถ์,2563,local_area_record,ท่าปลา,น้ำหมัน,4,31/10/2019,2019-10-31,2020-02-26,2020-02-28,source_situation_dates_known,,,all_agriculture_not_durian_specific,5b8f6f67-2c20-47dd-a40a-dc647fc2ac05,7569,https://catalog.disaster.go.th/dataset/7bdbedaf-f9cd-4c42-893a-0c88ad65b2f5/resource/5b8f6f67-2c20-47dd-a40a-dc647fc2ac05/download/gd028_2563_final.csv,CSV
53,อุตรดิตถ์,2563,local_area_record,ท่าปลา,น้ำหมัน,5,31/10/2019,2019-10-31,2020-02-26,2020-02-28,source_situation_dates_known,,,all_agriculture_not_durian_specific,5b8f6f67-2c20-47dd-a40a-dc647fc2ac05,7570,https://catalog.disaster.go.th/dataset/7bdbedaf-f9cd-4c42-893a-0c88ad65b2f5/resource/5b8f6f67-2c20-47dd-a40a-dc647fc2ac05/download/gd028_2563_final.csv,CSV
53,อุตรดิตถ์,2563,local_area_record,ท่าปลา,น้ำหมัน,6,31/10/2019,2019-10-31,2020-02-26,2020-02-28,source_situation_dates_known,,,all_agriculture_not_durian_specific,5b8f6f67-2c20-47dd-a40a-dc647fc2ac05,7571,https://catalog.disaster.go.th/dataset/7bdbedaf-f9cd-4c42-893a-0c88ad65b2f5/resource/5b8f6f67-2c20-47dd-a40a-dc647fc2ac05/download/gd028_2563_final.csv,CSV
53,อุตรดิตถ์,2563,local_area_record,ท่าปลา,น้ำหมัน,7,31/10/2019,2019-10-31,2020-02-26,2020-02-28,source_situation_dates_known,,,all_agriculture_not_durian_specific,5b8f6f67-2c20-47dd-a40a-dc647fc2ac05,7572,https://catalog.disaster.go.th/dataset/7bdbedaf-f9cd-4c42-893a-0c88ad65b2f5/resource/5b8f6f67-2c20-47dd-a40a-dc647fc2ac05/download/gd028_2563_final.csv,CSV
53,อุตรดิตถ์,2563,local_area_record,ท่าปลา,น้ำหมัน,8,31/10/2019,2019-10-31,2020-02-26,2020-02-28,source_situation_dates_known,,,all_agriculture_not_durian_specific,5b8f6f67-2c20-47dd-a40a-dc647fc2ac05,7573,https://catalog.disaster.go.th/dataset/7bdbedaf-f9cd-4c42-893a-0c88ad65b2f5/resource/5b8f6f67-2c20-47dd-a40a-dc647fc2ac05/download/gd028_2563_final.csv,CSV
53,อุตรดิตถ์,2563,local_area_record,ท่าปลา,น้ำหมัน,9,31/10/2019,2019-10-31,2020-02-26,2020-02-28,source_situation_dates_known,,,all_agriculture_not_durian_specific,5b8f6f67-2c20-47dd-a40a-dc647fc2ac05,7574,https://catalog.disaster.go.th/dataset/7bdbedaf-f9cd-4c42-893a-0c88ad65b2f5/resource/5b8f6f67-2c20-47dd-a40a-dc647fc2ac05/download/gd028_2563_final.csv,CSV
53,อุตรดิตถ์,2563,local_area_record,ท่าปลา,น้ำหมัน,10,31/10/2019,2019-10-31,2020-02-26,2020-02-28,source_situation_dates_known,,,all_agriculture_not_durian_specific,5b8f6f67-2c20-47dd-a40a-dc647fc2ac05,7575,https://catalog.disaster.go.th/dataset/7bdbedaf-f9cd-4c42-893a-0c88ad65b2f5/resource/5b8f6f67-2c20-47dd-a40a-dc647fc2ac05/download/gd028_2563_final.csv,CSV
53,อุตรดิตถ์,2563,local_area_record,ท่าปลา,น้ำหมัน,11,31/10/2019,2019-10-31,2020-02-26,2020-02-28,source_situation_dates_known,,,all_agriculture_not_durian_specific,5b8f6f67-2c20-47dd-a40a-dc647fc2ac05,7576,https://catalog.disaster.go.th/dataset/7bdbedaf-f9cd-4c42-893a-0c88ad65b2f5/resource/5b8f6f67-2c20-47dd-a40a-dc647fc2ac05/download/gd028_2563_final.csv,CSV
53,อุตรดิตถ์,2563,local_area_record,ท่าปลา,น้ำหมัน,12,31/10/2019,2019-10-31,2020-02-26,2020-02-28,source_situation_dates_known,,,all_agriculture_not_durian_specific,5b8f6f67-2c20-47dd-a40a-dc647fc2ac05,7577,https://catalog.disaster.go.th/dataset/7bdbedaf-f9cd-4c42-893a-0c88ad65b2f5/resource/5b8f6f67-2c20-47dd-a40a-dc647fc2ac05/download/gd028_2563_final.csv,CSV
53,อุตรดิตถ์,2563,local_area_record,พิชัย,ท่าสัก,10,31/10/2019,2019-10-31,2020-02-26,2020-02-28,source_situation_dates_known,,,all_agriculture_not_durian_specific,5b8f6f67-2c20-47dd-a40a-dc647fc2ac05,7578,https://catalog.disaster.go.th/dataset/7bdbedaf-f9cd-4c42-893a-0c88ad65b2f5/resource/5b8f6f67-2c20-47dd-a40a-dc647fc2ac05/download/gd028_2563_final.csv,CSV
53,อุตรดิตถ์,2563,local_area_record,พิชัย,นายาง,1,31/10/2019,2019-10-31,2020-02-26,2020-02-28,source_situation_dates_known,,,all_agriculture_not_durian_specific,5b8f6f67-2c20-47dd-a40a-dc647fc2ac05,7579,https://catalog.disaster.go.th/dataset/7bdbedaf-f9cd-4c42-893a-0c88ad65b2f5/resource/5b8f6f67-2c20-47dd-a40a-dc647fc2ac05/download/gd028_2563_final.csv,CSV
53,อุตรดิตถ์,2563,local_area_record,พิชัย,นายาง,2,31/10/2019,2019-10-31,2020-02-26,2020-02-28,source_situation_dates_known,,,all_agriculture_not_durian_specific,5b8f6f67-2c20-47dd-a40a-dc647fc2ac05,7580,https://catalog.disaster.go.th/dataset/7bdbedaf-f9cd-4c42-893a-0c88ad65b2f5/resource/5b8f6f67-2c20-47dd-a40a-dc647fc2ac05/download/gd028_2563_final.csv,CSV
53,อุตรดิตถ์,2563,local_area_record,พิชัย,นายาง,3,31/10/2019,2019-10-31,2020-02-26,2020-02-28,source_situation_dates_known,,,all_agriculture_not_durian_specific,5b8f6f67-2c20-47dd-a40a-dc647fc2ac05,7581,https://catalog.disaster.go.th/dataset/7bdbedaf-f9cd-4c42-893a-0c88ad65b2f5/resource/5b8f6f67-2c20-47dd-a40a-dc647fc2ac05/download/gd028_2563_final.csv,CSV
53,อุตรดิตถ์,2563,local_area_record,พิชัย,นายาง,4,31/10/2019,2019-10-31,2020-02-26,2020-02-28,source_situation_dates_known,,,all_agriculture_not_durian_specific,5b8f6f67-2c20-47dd-a40a-dc647fc2ac05,7582,https://catalog.disaster.go.th/dataset/7bdbedaf-f9cd-4c42-893a-0c88ad65b2f5/resource/5b8f6f67-2c20-47dd-a40a-dc647fc2ac05/download/gd028_2563_final.csv,CSV
53,อุตรดิตถ์,2563,local_area_record,พิชัย,นายาง,5,31/10/2019,2019-10-31,2020-02-26,2020-02-28,source_situation_dates_known,,,all_agriculture_not_durian_specific,5b8f6f67-2c20-47dd-a40a-dc647fc2ac05,7583,https://catalog.disaster.go.th/dataset/7bdbedaf-f9cd-4c42-893a-0c88ad65b2f5/resource/5b8f6f67-2c20-47dd-a40a-dc647fc2ac05/download/gd028_2563_final.csv,CSV
53,อุตรดิตถ์,2563,local_area_record,พิชัย,นายาง,6,31/10/2019,2019-10-31,2020-02-26,2020-02-28,source_situation_dates_known,,,all_agriculture_not_durian_specific,5b8f6f67-2c20-47dd-a40a-dc647fc2ac05,7584,https://catalog.disaster.go.th/dataset/7bdbedaf-f9cd-4c42-893a-0c88ad65b2f5/resource/5b8f6f67-2c20-47dd-a40a-dc647fc2ac05/download/gd028_2563_final.csv,CSV
53,อุตรดิตถ์,2563,local_area_record,พิชัย,นายาง,7,31/10/2019,2019-10-31,2020-02-26,2020-02-28,source_situation_dates_known,,,all_agriculture_not_durian_specific,5b8f6f67-2c20-47dd-a40a-dc647fc2ac05,7585,https://catalog.disaster.go.th/dataset/7bdbedaf-f9cd-4c42-893a-0c88ad65b2f5/resource/5b8f6f67-2c20-47dd-a40a-dc647fc2ac05/download/gd028_2563_final.csv,CSV
53,อุตรดิตถ์,2563,local_area_record,พิชัย,นาอิน,1,31/10/2019,2019-10-31,2020-02-26,2020-02-28,source_situation_dates_known,,,all_agriculture_not_durian_specific,5b8f6f67-2c20-47dd-a40a-dc647fc2ac05,7586,https://catalog.disaster.go.th/dataset/7bdbedaf-f9cd-4c42-893a-0c88ad65b2f5/resource/5b8f6f67-2c20-47dd-a40a-dc647fc2ac05/download/gd028_2563_final.csv,CSV
53,อุตรดิตถ์,2563,local_area_record,พิชัย,นาอิน,2,31/10/2019,2019-10-31,2020-02-26,2020-02-28,source_situation_dates_known,,,all_agriculture_not_durian_specific,5b8f6f67-2c20-47dd-a40a-dc647fc2ac05,7587,https://catalog.disaster.go.th/dataset/7bdbedaf-f9cd-4c42-893a-0c88ad65b2f5/resource/5b8f6f67-2c20-47dd-a40a-dc647fc2ac05/download/gd028_2563_final.csv,CSV
53,อุตรดิตถ์,2563,local_area_record,พิชัย,นาอิน,3,31/10/2019,2019-10-31,2020-02-26,2020-02-28,source_situation_dates_known,,,all_agriculture_not_durian_specific,5b8f6f67-2c20-47dd-a40a-dc647fc2ac05,7588,https://catalog.disaster.go.th/dataset/7bdbedaf-f9cd-4c42-893a-0c88ad65b2f5/resource/5b8f6f67-2c20-47dd-a40a-dc647fc2ac05/download/gd028_2563_final.csv,CSV
53,อุตรดิตถ์,2563,local_area_record,พิชัย,นาอิน,4,31/10/2019,2019-10-31,2020-02-26,2020-02-28,source_situation_dates_known,,,all_agriculture_not_durian_specific,5b8f6f67-2c20-47dd-a40a-dc647fc2ac05,7589,https://catalog.disaster.go.th/dataset/7bdbedaf-f9cd-4c42-893a-0c88ad65b2f5/resource/5b8f6f67-2c20-47dd-a40a-dc647fc2ac05/download/gd028_2563_final.csv,CSV
53,อุตรดิตถ์,2563,local_area_record,พิชัย,นาอิน,5,31/10/2019,2019-10-31,2020-02-26,2020-02-28,source_situation_dates_known,,,all_agriculture_not_durian_specific,5b8f6f67-2c20-47dd-a40a-dc647fc2ac05,7590,https://catalog.disaster.go.th/dataset/7bdbedaf-f9cd-4c42-893a-0c88ad65b2f5/resource/5b8f6f67-2c20-47dd-a40a-dc647fc2ac05/download/gd028_2563_final.csv,CSV
53,อุตรดิตถ์,2563,local_area_record,พิชัย,นาอิน,6,31/10/2019,2019-10-31,2020-02-26,2020-02-28,source_situation_dates_known,,,all_agriculture_not_durian_specific,5b8f6f67-2c20-47dd-a40a-dc647fc2ac05,7591,https://catalog.disaster.go.th/dataset/7bdbedaf-f9cd-4c42-893a-0c88ad65b2f5/resource/5b8f6f67-2c20-47dd-a40a-dc647fc2ac05/download/gd028_2563_final.csv,CSV
53,อุตรดิตถ์,2563,local_area_record,พิชัย,นาอิน,7,31/10/2019,2019-10-31,2020-02-26,2020-02-28,source_situation_dates_known,,,all_agriculture_not_durian_specific,5b8f6f67-2c20-47dd-a40a-dc647fc2ac05,7592,https://catalog.disaster.go.th/dataset/7bdbedaf-f9cd-4c42-893a-0c88ad65b2f5/resource/5b8f6f67-2c20-47dd-a40a-dc647fc2ac05/download/gd028_2563_final.csv,CSV
53,อุตรดิตถ์,2563,local_area_record,เมืองอุตรดิตถ์,ขุนฝาง,1,19/11/2019,2019-11-19,2020-02-26,2020-02-28,source_situation_dates_known,,,all_agriculture_not_durian_specific,5b8f6f67-2c20-47dd-a40a-dc647fc2ac05,7593,https://catalog.disaster.go.th/dataset/7bdbedaf-f9cd-4c42-893a-0c88ad65b2f5/resource/5b8f6f67-2c20-47dd-a40a-dc647fc2ac05/download/gd028_2563_final.csv,CSV
53,อุตรดิตถ์,2563,local_area_record,เมืองอุตรดิตถ์,ขุนฝาง,2,19/11/2019,2019-11-19,2020-02-26,2020-02-28,source_situation_dates_known,,,all_agriculture_not_durian_specific,5b8f6f67-2c20-47dd-a40a-dc647fc2ac05,7594,https://catalog.disaster.go.th/dataset/7bdbedaf-f9cd-4c42-893a-0c88ad65b2f5/resource/5b8f6f67-2c20-47dd-a40a-dc647fc2ac05/download/gd028_2563_final.csv,CSV
53,อุตรดิตถ์,2563,local_area_record,เมืองอุตรดิตถ์,ขุนฝาง,3,19/11/2019,2019-11-19,2020-02-26,2020-02-28,source_situation_dates_known,,,all_agriculture_not_durian_specific,5b8f6f67-2c20-47dd-a40a-dc647fc2ac05,7595,https://catalog.disaster.go.th/dataset/7bdbedaf-f9cd-4c42-893a-0c88ad65b2f5/resource/5b8f6f67-2c20-47dd-a40a-dc647fc2ac05/download/gd028_2563_final.csv,CSV
53,อุตรดิตถ์,2563,local_area_record,เมืองอุตรดิตถ์,ขุนฝาง,4,19/11/2019,2019-11-19,2020-02-26,2020-02-28,source_situation_dates_known,,,all_agriculture_not_durian_specific,5b8f6f67-2c20-47dd-a40a-dc647fc2ac05,7596,https://catalog.disaster.go.th/dataset/7bdbedaf-f9cd-4c42-893a-0c88ad65b2f5/resource/5b8f6f67-2c20-47dd-a40a-dc647fc2ac05/download/gd028_2563_final.csv,CSV
53,อุตรดิตถ์,2563,local_area_record,เมืองอุตรดิตถ์,ขุนฝาง,7,19/11/2019,2019-11-19,2020-02-26,2020-02-28,source_situation_dates_known,,,all_agriculture_not_durian_specific,5b8f6f67-2c20-47dd-a40a-dc647fc2ac05,7597,https://catalog.disaster.go.th/dataset/7bdbedaf-f9cd-4c42-893a-0c88ad65b2f5/resource/5b8f6f67-2c20-47dd-a40a-dc647fc2ac05/download/gd028_2563_final.csv,CSV
53,อุตรดิตถ์,2563,local_area_record,เมืองอุตรดิตถ์,งิ้วงาม,1,19/11/2019,2019-11-19,2020-02-26,2020-02-28,source_situation_dates_known,,,all_agriculture_not_durian_specific,5b8f6f67-2c20-47dd-a40a-dc647fc2ac05,7598,https://catalog.disaster.go.th/dataset/7bdbedaf-f9cd-4c42-893a-0c88ad65b2f5/resource/5b8f6f67-2c20-47dd-a40a-dc647fc2ac05/download/gd028_2563_final.csv,CSV
53,อุตรดิตถ์,2563,local_area_record,เมืองอุตรดิตถ์,งิ้วงาม,2,19/11/2019,2019-11-19,2020-02-26,2020-02-28,source_situation_dates_known,,,all_agriculture_not_durian_specific,5b8f6f67-2c20-47dd-a40a-dc647fc2ac05,7599,https://catalog.disaster.go.th/dataset/7bdbedaf-f9cd-4c42-893a-0c88ad65b2f5/resource/5b8f6f67-2c20-47dd-a40a-dc647fc2ac05/download/gd028_2563_final.csv,CSV
53,อุตรดิตถ์,2563,local_area_record,เมืองอุตรดิตถ์,งิ้วงาม,11,19/11/2019,2019-11-19,2020-02-26,2020-02-28,source_situation_dates_known,,,all_agriculture_not_durian_specific,5b8f6f67-2c20-47dd-a40a-dc647fc2ac05,7600,https://catalog.disaster.go.th/dataset/7bdbedaf-f9cd-4c42-893a-0c88ad65b2f5/resource/5b8f6f67-2c20-47dd-a40a-dc647fc2ac05/download/gd028_2563_final.csv,CSV
53,อุตรดิตถ์,2563,local_area_record,เมืองอุตรดิตถ์,งิ้วงาม,16,19/11/2019,2019-11-19,2020-02-26,2020-02-28,source_situation_dates_known,,,all_agriculture_not_durian_specific,5b8f6f67-2c20-47dd-a40a-dc647fc2ac05,7601,https://catalog.disaster.go.th/dataset/7bdbedaf-f9cd-4c42-893a-0c88ad65b2f5/resource/5b8f6f67-2c20-47dd-a40a-dc647fc2ac05/download/gd028_2563_final.csv,CSV
53,อุตรดิตถ์,2563,local_area_record,เมืองอุตรดิตถ์,ท่าเสา,1,21/11/2019,2019-11-21,2020-02-26,2020-02-28,source_situation_dates_known,,,all_agriculture_not_durian_specific,5b8f6f67-2c20-47dd-a40a-dc647fc2ac05,7602,https://catalog.disaster.go.th/dataset/7bdbedaf-f9cd-4c42-893a-0c88ad65b2f5/resource/5b8f6f67-2c20-47dd-a40a-dc647fc2ac05/download/gd028_2563_final.csv,CSV
53,อุตรดิตถ์,2563,local_area_record,เมืองอุตรดิตถ์,ท่าเสา,2,21/11/2019,2019-11-21,2020-02-26,2020-02-28,source_situation_dates_known,,,all_agriculture_not_durian_specific,5b8f6f67-2c20-47dd-a40a-dc647fc2ac05,7603,https://catalog.disaster.go.th/dataset/7bdbedaf-f9cd-4c42-893a-0c88ad65b2f5/resource/5b8f6f67-2c20-47dd-a40a-dc647fc2ac05/download/gd028_2563_final.csv,CSV
53,อุตรดิตถ์,2563,local_area_record,เมืองอุตรดิตถ์,ท่าเสา,3,21/11/2019,2019-11-21,2020-02-26,2020-02-28,source_situation_dates_known,,,all_agriculture_not_durian_specific,5b8f6f67-2c20-47dd-a40a-dc647fc2ac05,7604,https://catalog.disaster.go.th/dataset/7bdbedaf-f9cd-4c42-893a-0c88ad65b2f5/resource/5b8f6f67-2c20-47dd-a40a-dc647fc2ac05/download/gd028_2563_final.csv,CSV
53,อุตรดิตถ์,2563,local_area_record,เมืองอุตรดิตถ์,ท่าเสา,4,21/11/2019,2019-11-21,2020-02-26,2020-02-28,source_situation_dates_known,,,all_agriculture_not_durian_specific,5b8f6f67-2c20-47dd-a40a-dc647fc2ac05,7605,https://catalog.disaster.go.th/dataset/7bdbedaf-f9cd-4c42-893a-0c88ad65b2f5/resource/5b8f6f67-2c20-47dd-a40a-dc647fc2ac05/download/gd028_2563_final.csv,CSV
53,อุตรดิตถ์,2563,local_area_record,เมืองอุตรดิตถ์,ท่าเสา,5,21/11/2019,2019-11-21,2020-02-26,2020-02-28,source_situation_dates_known,,,all_agriculture_not_durian_specific,5b8f6f67-2c20-47dd-a40a-dc647fc2ac05,7606,https://catalog.disaster.go.th/dataset/7bdbedaf-f9cd-4c42-893a-0c88ad65b2f5/resource/5b8f6f67-2c20-47dd-a40a-dc647fc2ac05/download/gd028_2563_final.csv,CSV
53,อุตรดิตถ์,2563,local_area_record,เมืองอุตรดิตถ์,ท่าเสา,6,21/11/2019,2019-11-21,2020-02-26,2020-02-28,source_situation_dates_known,,,all_agriculture_not_durian_specific,5b8f6f67-2c20-47dd-a40a-dc647fc2ac05,7607,https://catalog.disaster.go.th/dataset/7bdbedaf-f9cd-4c42-893a-0c88ad65b2f5/resource/5b8f6f67-2c20-47dd-a40a-dc647fc2ac05/download/gd028_2563_final.csv,CSV
53,อุตรดิตถ์,2563,local_area_record,เมืองอุตรดิตถ์,ท่าเสา,7,21/11/2019,2019-11-21,2020-02-26,2020-02-28,source_situation_dates_known,,,all_agriculture_not_durian_specific,5b8f6f67-2c20-47dd-a40a-dc647fc2ac05,7608,https://catalog.disaster.go.th/dataset/7bdbedaf-f9cd-4c42-893a-0c88ad65b2f5/resource/5b8f6f67-2c20-47dd-a40a-dc647fc2ac05/download/gd028_2563_final.csv,CSV
53,อุตรดิตถ์,2563,local_area_record,เมืองอุตรดิตถ์,ท่าเสา,8,21/11/2019,2019-11-21,2020-02-26,2020-02-28,source_situation_dates_known,,,all_agriculture_not_durian_specific,5b8f6f67-2c20-47dd-a40a-dc647fc2ac05,7609,https://catalog.disaster.go.th/dataset/7bdbedaf-f9cd-4c42-893a-0c88ad65b2f5/resource/5b8f6f67-2c20-47dd-a40a-dc647fc2ac05/download/gd028_2563_final.csv,CSV
53,อุตรดิตถ์,2563,local_area_record,เมืองอุตรดิตถ์,ท่าเสา,9,21/11/2019,2019-11-21,2020-02-26,2020-02-28,source_situation_dates_known,,,all_agriculture_not_durian_specific,5b8f6f67-2c20-47dd-a40a-dc647fc2ac05,7610,https://catalog.disaster.go.th/dataset/7bdbedaf-f9cd-4c42-893a-0c88ad65b2f5/resource/5b8f6f67-2c20-47dd-a40a-dc647fc2ac05/download/gd028_2563_final.csv,CSV
53,อุตรดิตถ์,2563,local_area_record,เมืองอุตรดิตถ์,ท่าเสา,10,21/11/2019,2019-11-21,2020-02-26,2020-02-28,source_situation_dates_known,,,all_agriculture_not_durian_specific,5b8f6f67-2c20-47dd-a40a-dc647fc2ac05,7611,https://catalog.disaster.go.th/dataset/7bdbedaf-f9cd-4c42-893a-0c88ad65b2f5/resource/5b8f6f67-2c20-47dd-a40a-dc647fc2ac05/download/gd028_2563_final.csv,CSV
53,อุตรดิตถ์,2563,local_area_record,เมืองอุตรดิตถ์,บ้านด่านนาขาม,1,15/11/2019,2019-11-15,2020-02-26,2020-02-28,source_situation_dates_known,,,all_agriculture_not_durian_specific,5b8f6f67-2c20-47dd-a40a-dc647fc2ac05,7612,https://catalog.disaster.go.th/dataset/7bdbedaf-f9cd-4c42-893a-0c88ad65b2f5/resource/5b8f6f67-2c20-47dd-a40a-dc647fc2ac05/download/gd028_2563_final.csv,CSV
53,อุตรดิตถ์,2563,local_area_record,เมืองอุตรดิตถ์,บ้านด่านนาขาม,2,15/11/2019,2019-11-15,2020-02-26,2020-02-28,source_situation_dates_known,,,all_agriculture_not_durian_specific,5b8f6f67-2c20-47dd-a40a-dc647fc2ac05,7613,https://catalog.disaster.go.th/dataset/7bdbedaf-f9cd-4c42-893a-0c88ad65b2f5/resource/5b8f6f67-2c20-47dd-a40a-dc647fc2ac05/download/gd028_2563_final.csv,CSV
53,อุตรดิตถ์,2563,local_area_record,เมืองอุตรดิตถ์,บ้านด่านนาขาม,3,15/11/2019,2019-11-15,2020-02-26,2020-02-28,source_situation_dates_known,,,all_agriculture_not_durian_specific,5b8f6f67-2c20-47dd-a40a-dc647fc2ac05,7614,https://catalog.disaster.go.th/dataset/7bdbedaf-f9cd-4c42-893a-0c88ad65b2f5/resource/5b8f6f67-2c20-47dd-a40a-dc647fc2ac05/download/gd028_2563_final.csv,CSV
53,อุตรดิตถ์,2563,local_area_record,เมืองอุตรดิตถ์,บ้านด่านนาขาม,4,15/11/2019,2019-11-15,2020-02-26,2020-02-28,source_situation_dates_known,,,all_agriculture_not_durian_specific,5b8f6f67-2c20-47dd-a40a-dc647fc2ac05,7615,https://catalog.disaster.go.th/dataset/7bdbedaf-f9cd-4c42-893a-0c88ad65b2f5/resource/5b8f6f67-2c20-47dd-a40a-dc647fc2ac05/download/gd028_2563_final.csv,CSV
53,อุตรดิตถ์,2563,local_area_record,เมืองอุตรดิตถ์,บ้านด่านนาขาม,5,15/11/2019,2019-11-15,2020-02-26,2020-02-28,source_situation_dates_known,,,all_agriculture_not_durian_specific,5b8f6f67-2c20-47dd-a40a-dc647fc2ac05,7616,https://catalog.disaster.go.th/dataset/7bdbedaf-f9cd-4c42-893a-0c88ad65b2f5/resource/5b8f6f67-2c20-47dd-a40a-dc647fc2ac05/download/gd028_2563_final.csv,CSV
53,อุตรดิตถ์,2563,local_area_record,เมืองอุตรดิตถ์,บ้านด่านนาขาม,6,21/10/2019,2019-10-21,2020-02-26,2020-02-28,source_situation_dates_known,,,all_agriculture_not_durian_specific,5b8f6f67-2c20-47dd-a40a-dc647fc2ac05,7617,https://catalog.disaster.go.th/dataset/7bdbedaf-f9cd-4c42-893a-0c88ad65b2f5/resource/5b8f6f67-2c20-47dd-a40a-dc647fc2ac05/download/gd028_2563_final.csv,CSV
53,อุตรดิตถ์,2563,local_area_record,เมืองอุตรดิตถ์,บ้านด่านนาขาม,7,21/10/2019,2019-10-21,2020-02-26,2020-02-28,source_situation_dates_known,,,all_agriculture_not_durian_specific,5b8f6f67-2c20-47dd-a40a-dc647fc2ac05,7618,https://catalog.disaster.go.th/dataset/7bdbedaf-f9cd-4c42-893a-0c88ad65b2f5/resource/5b8f6f67-2c20-47dd-a40a-dc647fc2ac05/download/gd028_2563_final.csv,CSV
53,อุตรดิตถ์,2563,local_area_record,เมืองอุตรดิตถ์,บ้านด่านนาขาม,8,21/10/2019,2019-10-21,2020-02-26,2020-02-28,source_situation_dates_known,,,all_agriculture_not_durian_specific,5b8f6f67-2c20-47dd-a40a-dc647fc2ac05,7619,https://catalog.disaster.go.th/dataset/7bdbedaf-f9cd-4c42-893a-0c88ad65b2f5/resource/5b8f6f67-2c20-47dd-a40a-dc647fc2ac05/download/gd028_2563_final.csv,CSV
53,อุตรดิตถ์,2563,local_area_record,เมืองอุตรดิตถ์,บ้านด่านนาขาม,9,21/10/2019,2019-10-21,2020-02-26,2020-02-28,source_situation_dates_known,,,all_agriculture_not_durian_specific,5b8f6f67-2c20-47dd-a40a-dc647fc2ac05,7620,https://catalog.disaster.go.th/dataset/7bdbedaf-f9cd-4c42-893a-0c88ad65b2f5/resource/5b8f6f67-2c20-47dd-a40a-dc647fc2ac05/download/gd028_2563_final.csv,CSV
53,อุตรดิตถ์,2563,local_area_record,เมืองอุตรดิตถ์,บ้านด่านนาขาม,10,2/12/2019,2019-12-02,2020-02-26,2020-02-28,source_situation_dates_known,,,all_agriculture_not_durian_specific,5b8f6f67-2c20-47dd-a40a-dc647fc2ac05,7621,https://catalog.disaster.go.th/dataset/7bdbedaf-f9cd-4c42-893a-0c88ad65b2f5/resource/5b8f6f67-2c20-47dd-a40a-dc647fc2ac05/download/gd028_2563_final.csv,CSV
53,อุตรดิตถ์,2563,local_area_record,เมืองอุตรดิตถ์,บ้านด่านนาขาม,11,15/11/2019,2019-11-15,2020-02-26,2020-02-28,source_situation_dates_known,,,all_agriculture_not_durian_specific,5b8f6f67-2c20-47dd-a40a-dc647fc2ac05,7622,https://catalog.disaster.go.th/dataset/7bdbedaf-f9cd-4c42-893a-0c88ad65b2f5/resource/5b8f6f67-2c20-47dd-a40a-dc647fc2ac05/download/gd028_2563_final.csv,CSV
53,อุตรดิตถ์,2563,local_area_record,เมืองอุตรดิตถ์,บ้านด่านนาขาม,13,21/10/2019,2019-10-21,2020-02-26,2020-02-28,source_situation_dates_known,,,all_agriculture_not_durian_specific,5b8f6f67-2c20-47dd-a40a-dc647fc2ac05,7623,https://catalog.disaster.go.th/dataset/7bdbedaf-f9cd-4c42-893a-0c88ad65b2f5/resource/5b8f6f67-2c20-47dd-a40a-dc647fc2ac05/download/gd028_2563_final.csv,CSV
53,อุตรดิตถ์,2563,local_area_record,เมืองอุตรดิตถ์,วังดิน,1,1/11/2019,2019-11-01,2020-02-26,2020-02-28,source_situation_dates_known,,,all_agriculture_not_durian_specific,5b8f6f67-2c20-47dd-a40a-dc647fc2ac05,7624,https://catalog.disaster.go.th/dataset/7bdbedaf-f9cd-4c42-893a-0c88ad65b2f5/resource/5b8f6f67-2c20-47dd-a40a-dc647fc2ac05/download/gd028_2563_final.csv,CSV
53,อุตรดิตถ์,2563,local_area_record,เมืองอุตรดิตถ์,วังดิน,2,1/11/2019,2019-11-01,2020-02-26,2020-02-28,source_situation_dates_known,,,all_agriculture_not_durian_specific,5b8f6f67-2c20-47dd-a40a-dc647fc2ac05,7625,https://catalog.disaster.go.th/dataset/7bdbedaf-f9cd-4c42-893a-0c88ad65b2f5/resource/5b8f6f67-2c20-47dd-a40a-dc647fc2ac05/download/gd028_2563_final.csv,CSV
53,อุตรดิตถ์,2563,local_area_record,เมืองอุตรดิตถ์,วังดิน,3,1/11/2019,2019-11-01,2020-02-26,2020-02-28,source_situation_dates_known,,,all_agriculture_not_durian_specific,5b8f6f67-2c20-47dd-a40a-dc647fc2ac05,7626,https://catalog.disaster.go.th/dataset/7bdbedaf-f9cd-4c42-893a-0c88ad65b2f5/resource/5b8f6f67-2c20-47dd-a40a-dc647fc2ac05/download/gd028_2563_final.csv,CSV
53,อุตรดิตถ์,2563,local_area_record,เมืองอุตรดิตถ์,วังดิน,4,1/11/2019,2019-11-01,2020-02-26,2020-02-28,source_situation_dates_known,,,all_agriculture_not_durian_specific,5b8f6f67-2c20-47dd-a40a-dc647fc2ac05,7627,https://catalog.disaster.go.th/dataset/7bdbedaf-f9cd-4c42-893a-0c88ad65b2f5/resource/5b8f6f67-2c20-47dd-a40a-dc647fc2ac05/download/gd028_2563_final.csv,CSV
53,อุตรดิตถ์,2563,local_area_record,เมืองอุตรดิตถ์,วังดิน,5,1/11/2019,2019-11-01,2020-02-26,2020-02-28,source_situation_dates_known,,,all_agriculture_not_durian_specific,5b8f6f67-2c20-47dd-a40a-dc647fc2ac05,7628,https://catalog.disaster.go.th/dataset/7bdbedaf-f9cd-4c42-893a-0c88ad65b2f5/resource/5b8f6f67-2c20-47dd-a40a-dc647fc2ac05/download/gd028_2563_final.csv,CSV
53,อุตรดิตถ์,2563,local_area_record,เมืองอุตรดิตถ์,วังดิน,6,1/11/2019,2019-11-01,2020-02-26,2020-02-28,source_situation_dates_known,,,all_agriculture_not_durian_specific,5b8f6f67-2c20-47dd-a40a-dc647fc2ac05,7629,https://catalog.disaster.go.th/dataset/7bdbedaf-f9cd-4c42-893a-0c88ad65b2f5/resource/5b8f6f67-2c20-47dd-a40a-dc647fc2ac05/download/gd028_2563_final.csv,CSV
53,อุตรดิตถ์,2563,local_area_record,เมืองอุตรดิตถ์,วังดิน,7,1/11/2019,2019-11-01,2020-02-26,2020-02-28,source_situation_dates_known,,,all_agriculture_not_durian_specific,5b8f6f67-2c20-47dd-a40a-dc647fc2ac05,7630,https://catalog.disaster.go.th/dataset/7bdbedaf-f9cd-4c42-893a-0c88ad65b2f5/resource/5b8f6f67-2c20-47dd-a40a-dc647fc2ac05/download/gd028_2563_final.csv,CSV
53,อุตรดิตถ์,2563,local_area_record,เมืองอุตรดิตถ์,วังดิน,8,1/11/2019,2019-11-01,2020-02-26,2020-02-28,source_situation_dates_known,,,all_agriculture_not_durian_specific,5b8f6f67-2c20-47dd-a40a-dc647fc2ac05,7631,https://catalog.disaster.go.th/dataset/7bdbedaf-f9cd-4c42-893a-0c88ad65b2f5/resource/5b8f6f67-2c20-47dd-a40a-dc647fc2ac05/download/gd028_2563_final.csv,CSV
53,อุตรดิตถ์,2563,local_area_record,เมืองอุตรดิตถ์,วังดิน,9,1/11/2019,2019-11-01,2020-02-26,2020-02-28,source_situation_dates_known,,,all_agriculture_not_durian_specific,5b8f6f67-2c20-47dd-a40a-dc647fc2ac05,7632,https://catalog.disaster.go.th/dataset/7bdbedaf-f9cd-4c42-893a-0c88ad65b2f5/resource/5b8f6f67-2c20-47dd-a40a-dc647fc2ac05/download/gd028_2563_final.csv,CSV
53,อุตรดิตถ์,2563,local_area_record,เมืองอุตรดิตถ์,วังดิน,10,1/11/2019,2019-11-01,2020-02-26,2020-02-28,source_situation_dates_known,,,all_agriculture_not_durian_specific,5b8f6f67-2c20-47dd-a40a-dc647fc2ac05,7633,https://catalog.disaster.go.th/dataset/7bdbedaf-f9cd-4c42-893a-0c88ad65b2f5/resource/5b8f6f67-2c20-47dd-a40a-dc647fc2ac05/download/gd028_2563_final.csv,CSV
53,อุตรดิตถ์,2563,local_area_record,เมืองอุตรดิตถ์,หาดงิ้ว,2,18/11/2019,2019-11-18,2020-02-26,2020-02-28,source_situation_dates_known,,,all_agriculture_not_durian_specific,5b8f6f67-2c20-47dd-a40a-dc647fc2ac05,7634,https://catalog.disaster.go.th/dataset/7bdbedaf-f9cd-4c42-893a-0c88ad65b2f5/resource/5b8f6f67-2c20-47dd-a40a-dc647fc2ac05/download/gd028_2563_final.csv,CSV
53,อุตรดิตถ์,2563,local_area_record,เมืองอุตรดิตถ์,หาดงิ้ว,3,18/11/2019,2019-11-18,2020-02-26,2020-02-28,source_situation_dates_known,,,all_agriculture_not_durian_specific,5b8f6f67-2c20-47dd-a40a-dc647fc2ac05,7635,https://catalog.disaster.go.th/dataset/7bdbedaf-f9cd-4c42-893a-0c88ad65b2f5/resource/5b8f6f67-2c20-47dd-a40a-dc647fc2ac05/download/gd028_2563_final.csv,CSV
53,อุตรดิตถ์,2563,local_area_record,เมืองอุตรดิตถ์,หาดงิ้ว,5,18/11/2019,2019-11-18,2020-02-26,2020-02-28,source_situation_dates_known,,,all_agriculture_not_durian_specific,5b8f6f67-2c20-47dd-a40a-dc647fc2ac05,7636,https://catalog.disaster.go.th/dataset/7bdbedaf-f9cd-4c42-893a-0c88ad65b2f5/resource/5b8f6f67-2c20-47dd-a40a-dc647fc2ac05/download/gd028_2563_final.csv,CSV
53,อุตรดิตถ์,2563,local_area_record,เมืองอุตรดิตถ์,หาดงิ้ว,9,18/11/2019,2019-11-18,2020-02-26,2020-02-28,source_situation_dates_known,,,all_agriculture_not_durian_specific,5b8f6f67-2c20-47dd-a40a-dc647fc2ac05,7637,https://catalog.disaster.go.th/dataset/7bdbedaf-f9cd-4c42-893a-0c88ad65b2f5/resource/5b8f6f67-2c20-47dd-a40a-dc647fc2ac05/download/gd028_2563_final.csv,CSV
53,อุตรดิตถ์,2563,local_area_record,ลับแล,นานกกก,1,1/04/2020,2020-04-01,2020-06-01,2020-06-04,source_situation_dates_known,,,all_agriculture_not_durian_specific,5b8f6f67-2c20-47dd-a40a-dc647fc2ac05,7638,https://catalog.disaster.go.th/dataset/7bdbedaf-f9cd-4c42-893a-0c88ad65b2f5/resource/5b8f6f67-2c20-47dd-a40a-dc647fc2ac05/download/gd028_2563_final.csv,CSV
53,อุตรดิตถ์,2563,local_area_record,ลับแล,นานกกก,2,1/04/2020,2020-04-01,2020-06-01,2020-06-04,source_situation_dates_known,,,all_agriculture_not_durian_specific,5b8f6f67-2c20-47dd-a40a-dc647fc2ac05,7639,https://catalog.disaster.go.th/dataset/7bdbedaf-f9cd-4c42-893a-0c88ad65b2f5/resource/5b8f6f67-2c20-47dd-a40a-dc647fc2ac05/download/gd028_2563_final.csv,CSV
53,อุตรดิตถ์,2563,local_area_record,ลับแล,นานกกก,3,1/04/2020,2020-04-01,2020-06-01,2020-06-04,source_situation_dates_known,,,all_agriculture_not_durian_specific,5b8f6f67-2c20-47dd-a40a-dc647fc2ac05,7640,https://catalog.disaster.go.th/dataset/7bdbedaf-f9cd-4c42-893a-0c88ad65b2f5/resource/5b8f6f67-2c20-47dd-a40a-dc647fc2ac05/download/gd028_2563_final.csv,CSV
53,อุตรดิตถ์,2563,local_area_record,ลับแล,นานกกก,4,1/04/2020,2020-04-01,2020-06-01,2020-06-04,source_situation_dates_known,,,all_agriculture_not_durian_specific,5b8f6f67-2c20-47dd-a40a-dc647fc2ac05,7641,https://catalog.disaster.go.th/dataset/7bdbedaf-f9cd-4c42-893a-0c88ad65b2f5/resource/5b8f6f67-2c20-47dd-a40a-dc647fc2ac05/download/gd028_2563_final.csv,CSV
53,อุตรดิตถ์,2563,local_area_record,ลับแล,นานกกก,5,1/04/2020,2020-04-01,2020-06-01,2020-06-04,source_situation_dates_known,,,all_agriculture_not_durian_specific,5b8f6f67-2c20-47dd-a40a-dc647fc2ac05,7642,https://catalog.disaster.go.th/dataset/7bdbedaf-f9cd-4c42-893a-0c88ad65b2f5/resource/5b8f6f67-2c20-47dd-a40a-dc647fc2ac05/download/gd028_2563_final.csv,CSV
53,อุตรดิตถ์,2563,local_area_record,ลับแล,ฝายหลวง,1,30/04/2020,2020-04-30,2020-06-01,2020-06-04,source_situation_dates_known,,,all_agriculture_not_durian_specific,5b8f6f67-2c20-47dd-a40a-dc647fc2ac05,7643,https://catalog.disaster.go.th/dataset/7bdbedaf-f9cd-4c42-893a-0c88ad65b2f5/resource/5b8f6f67-2c20-47dd-a40a-dc647fc2ac05/download/gd028_2563_final.csv,CSV
53,อุตรดิตถ์,2563,local_area_record,ลับแล,ฝายหลวง,2,30/04/2020,2020-04-30,2020-06-01,2020-06-04,source_situation_dates_known,,,all_agriculture_not_durian_specific,5b8f6f67-2c20-47dd-a40a-dc647fc2ac05,7644,https://catalog.disaster.go.th/dataset/7bdbedaf-f9cd-4c42-893a-0c88ad65b2f5/resource/5b8f6f67-2c20-47dd-a40a-dc647fc2ac05/download/gd028_2563_final.csv,CSV
53,อุตรดิตถ์,2563,local_area_record,ลับแล,ฝายหลวง,3,16/04/2020,2020-04-16,2020-06-01,2020-06-04,source_situation_dates_known,,,all_agriculture_not_durian_specific,5b8f6f67-2c20-47dd-a40a-dc647fc2ac05,7645,https://catalog.disaster.go.th/dataset/7bdbedaf-f9cd-4c42-893a-0c88ad65b2f5/resource/5b8f6f67-2c20-47dd-a40a-dc647fc2ac05/download/gd028_2563_final.csv,CSV
53,อุตรดิตถ์,2563,local_area_record,ลับแล,ฝายหลวง,4,30/04/2020,2020-04-30,2020-06-01,2020-06-04,source_situation_dates_known,,,all_agriculture_not_durian_specific,5b8f6f67-2c20-47dd-a40a-dc647fc2ac05,7646,https://catalog.disaster.go.th/dataset/7bdbedaf-f9cd-4c42-893a-0c88ad65b2f5/resource/5b8f6f67-2c20-47dd-a40a-dc647fc2ac05/download/gd028_2563_final.csv,CSV
53,อุตรดิตถ์,2563,local_area_record,ลับแล,ฝายหลวง,5,23/04/2020,2020-04-23,2020-06-01,2020-06-04,source_situation_dates_known,,,all_agriculture_not_durian_specific,5b8f6f67-2c20-47dd-a40a-dc647fc2ac05,7647,https://catalog.disaster.go.th/dataset/7bdbedaf-f9cd-4c42-893a-0c88ad65b2f5/resource/5b8f6f67-2c20-47dd-a40a-dc647fc2ac05/download/gd028_2563_final.csv,CSV
53,อุตรดิตถ์,2563,local_area_record,ลับแล,ฝายหลวง,6,16/04/2020,2020-04-16,2020-06-01,2020-06-04,source_situation_dates_known,,,all_agriculture_not_durian_specific,5b8f6f67-2c20-47dd-a40a-dc647fc2ac05,7648,https://catalog.disaster.go.th/dataset/7bdbedaf-f9cd-4c42-893a-0c88ad65b2f5/resource/5b8f6f67-2c20-47dd-a40a-dc647fc2ac05/download/gd028_2563_final.csv,CSV
53,อุตรดิตถ์,2563,local_area_record,ลับแล,ฝายหลวง,7,23/04/2020,2020-04-23,2020-06-01,2020-06-04,source_situation_dates_known,,,all_agriculture_not_durian_specific,5b8f6f67-2c20-47dd-a40a-dc647fc2ac05,7649,https://catalog.disaster.go.th/dataset/7bdbedaf-f9cd-4c42-893a-0c88ad65b2f5/resource/5b8f6f67-2c20-47dd-a40a-dc647fc2ac05/download/gd028_2563_final.csv,CSV
53,อุตรดิตถ์,2563,local_area_record,ลับแล,ฝายหลวง,8,30/04/2020,2020-04-30,2020-06-01,2020-06-04,source_situation_dates_known,,,all_agriculture_not_durian_specific,5b8f6f67-2c20-47dd-a40a-dc647fc2ac05,7650,https://catalog.disaster.go.th/dataset/7bdbedaf-f9cd-4c42-893a-0c88ad65b2f5/resource/5b8f6f67-2c20-47dd-a40a-dc647fc2ac05/download/gd028_2563_final.csv,CSV
53,อุตรดิตถ์,2563,local_area_record,ลับแล,ฝายหลวง,9,23/04/2020,2020-04-23,2020-06-01,2020-06-04,source_situation_dates_known,,,all_agriculture_not_durian_specific,5b8f6f67-2c20-47dd-a40a-dc647fc2ac05,7651,https://catalog.disaster.go.th/dataset/7bdbedaf-f9cd-4c42-893a-0c88ad65b2f5/resource/5b8f6f67-2c20-47dd-a40a-dc647fc2ac05/download/gd028_2563_final.csv,CSV
53,อุตรดิตถ์,2563,local_area_record,ลับแล,ฝายหลวง,10,30/04/2020,2020-04-30,2020-06-01,2020-06-04,source_situation_dates_known,,,all_agriculture_not_durian_specific,5b8f6f67-2c20-47dd-a40a-dc647fc2ac05,7652,https://catalog.disaster.go.th/dataset/7bdbedaf-f9cd-4c42-893a-0c88ad65b2f5/resource/5b8f6f67-2c20-47dd-a40a-dc647fc2ac05/download/gd028_2563_final.csv,CSV
53,อุตรดิตถ์,2563,local_area_record,ลับแล,ฝายหลวง,11,30/04/2020,2020-04-30,2020-06-01,2020-06-04,source_situation_dates_known,,,all_agriculture_not_durian_specific,5b8f6f67-2c20-47dd-a40a-dc647fc2ac05,7653,https://catalog.disaster.go.th/dataset/7bdbedaf-f9cd-4c42-893a-0c88ad65b2f5/resource/5b8f6f67-2c20-47dd-a40a-dc647fc2ac05/download/gd028_2563_final.csv,CSV
53,อุตรดิตถ์,2563,local_area_record,ลับแล,แม่พูล,1,16/04/2020,2020-04-16,2020-06-01,2020-06-04,source_situation_dates_known,,,all_agriculture_not_durian_specific,5b8f6f67-2c20-47dd-a40a-dc647fc2ac05,7654,https://catalog.disaster.go.th/dataset/7bdbedaf-f9cd-4c42-893a-0c88ad65b2f5/resource/5b8f6f67-2c20-47dd-a40a-dc647fc2ac05/download/gd028_2563_final.csv,CSV
53,อุตรดิตถ์,2563,local_area_record,ลับแล,แม่พูล,2,16/04/2020,2020-04-16,2020-06-01,2020-06-04,source_situation_dates_known,,,all_agriculture_not_durian_specific,5b8f6f67-2c20-47dd-a40a-dc647fc2ac05,7655,https://catalog.disaster.go.th/dataset/7bdbedaf-f9cd-4c42-893a-0c88ad65b2f5/resource/5b8f6f67-2c20-47dd-a40a-dc647fc2ac05/download/gd028_2563_final.csv,CSV
53,อุตรดิตถ์,2563,local_area_record,ลับแล,แม่พูล,3,16/04/2020,2020-04-16,2020-06-01,2020-06-04,source_situation_dates_known,,,all_agriculture_not_durian_specific,5b8f6f67-2c20-47dd-a40a-dc647fc2ac05,7656,https://catalog.disaster.go.th/dataset/7bdbedaf-f9cd-4c42-893a-0c88ad65b2f5/resource/5b8f6f67-2c20-47dd-a40a-dc647fc2ac05/download/gd028_2563_final.csv,CSV
53,อุตรดิตถ์,2563,local_area_record,ลับแล,แม่พูล,4,1/04/2020,2020-04-01,2020-06-01,2020-06-04,source_situation_dates_known,,,all_agriculture_not_durian_specific,5b8f6f67-2c20-47dd-a40a-dc647fc2ac05,7657,https://catalog.disaster.go.th/dataset/7bdbedaf-f9cd-4c42-893a-0c88ad65b2f5/resource/5b8f6f67-2c20-47dd-a40a-dc647fc2ac05/download/gd028_2563_final.csv,CSV
53,อุตรดิตถ์,2563,local_area_record,ลับแล,แม่พูล,5,1/04/2020,2020-04-01,2020-06-01,2020-06-04,source_situation_dates_known,,,all_agriculture_not_durian_specific,5b8f6f67-2c20-47dd-a40a-dc647fc2ac05,7658,https://catalog.disaster.go.th/dataset/7bdbedaf-f9cd-4c42-893a-0c88ad65b2f5/resource/5b8f6f67-2c20-47dd-a40a-dc647fc2ac05/download/gd028_2563_final.csv,CSV
53,อุตรดิตถ์,2563,local_area_record,ลับแล,แม่พูล,6,1/04/2020,2020-04-01,2020-06-01,2020-06-04,source_situation_dates_known,,,all_agriculture_not_durian_specific,5b8f6f67-2c20-47dd-a40a-dc647fc2ac05,7659,https://catalog.disaster.go.th/dataset/7bdbedaf-f9cd-4c42-893a-0c88ad65b2f5/resource/5b8f6f67-2c20-47dd-a40a-dc647fc2ac05/download/gd028_2563_final.csv,CSV
53,อุตรดิตถ์,2563,local_area_record,ลับแล,แม่พูล,7,1/04/2020,2020-04-01,2020-06-01,2020-06-04,source_situation_dates_known,,,all_agriculture_not_durian_specific,5b8f6f67-2c20-47dd-a40a-dc647fc2ac05,7660,https://catalog.disaster.go.th/dataset/7bdbedaf-f9cd-4c42-893a-0c88ad65b2f5/resource/5b8f6f67-2c20-47dd-a40a-dc647fc2ac05/download/gd028_2563_final.csv,CSV
53,อุตรดิตถ์,2563,local_area_record,ลับแล,แม่พูล,8,1/04/2020,2020-04-01,2020-06-01,2020-06-04,source_situation_dates_known,,,all_agriculture_not_durian_specific,5b8f6f67-2c20-47dd-a40a-dc647fc2ac05,7661,https://catalog.disaster.go.th/dataset/7bdbedaf-f9cd-4c42-893a-0c88ad65b2f5/resource/5b8f6f67-2c20-47dd-a40a-dc647fc2ac05/download/gd028_2563_final.csv,CSV
53,อุตรดิตถ์,2563,local_area_record,ลับแล,แม่พูล,9,1/04/2020,2020-04-01,2020-06-01,2020-06-04,source_situation_dates_known,,,all_agriculture_not_durian_specific,5b8f6f67-2c20-47dd-a40a-dc647fc2ac05,7662,https://catalog.disaster.go.th/dataset/7bdbedaf-f9cd-4c42-893a-0c88ad65b2f5/resource/5b8f6f67-2c20-47dd-a40a-dc647fc2ac05/download/gd028_2563_final.csv,CSV
53,อุตรดิตถ์,2563,local_area_record,ลับแล,แม่พูล,10,1/04/2020,2020-04-01,2020-06-01,2020-06-04,source_situation_dates_known,,,all_agriculture_not_durian_specific,5b8f6f67-2c20-47dd-a40a-dc647fc2ac05,7663,https://catalog.disaster.go.th/dataset/7bdbedaf-f9cd-4c42-893a-0c88ad65b2f5/resource/5b8f6f67-2c20-47dd-a40a-dc647fc2ac05/download/gd028_2563_final.csv,CSV
53,อุตรดิตถ์,2563,local_area_record,ลับแล,แม่พูล,11,1/04/2020,2020-04-01,2020-06-01,2020-06-04,source_situation_dates_known,,,all_agriculture_not_durian_specific,5b8f6f67-2c20-47dd-a40a-dc647fc2ac05,7664,https://catalog.disaster.go.th/dataset/7bdbedaf-f9cd-4c42-893a-0c88ad65b2f5/resource/5b8f6f67-2c20-47dd-a40a-dc647fc2ac05/download/gd028_2563_final.csv,CSV
22,จันทบุรี,2566,local_area_record,เมืองจันทบุรี,คลองนารายณ์,1,7/3/2023,2023-03-07,,2023-03-07,duration_unconfirmed,,,all_agriculture_not_durian_specific,2a62f017-7583-40c2-98cd-f7bac1947b99,52,https://catalog.disaster.go.th/dataset/7bdbedaf-f9cd-4c42-893a-0c88ad65b2f5/resource/2a62f017-7583-40c2-98cd-f7bac1947b99/download/gd028_2566_final.csv,CSV
22,จันทบุรี,2566,local_area_record,เมืองจันทบุรี,คลองนารายณ์,11,7/3/2023,2023-03-07,,2023-03-07,duration_unconfirmed,,,all_agriculture_not_durian_specific,2a62f017-7583-40c2-98cd-f7bac1947b99,53,https://catalog.disaster.go.th/dataset/7bdbedaf-f9cd-4c42-893a-0c88ad65b2f5/resource/2a62f017-7583-40c2-98cd-f7bac1947b99/download/gd028_2566_final.csv,CSV
22,จันทบุรี,2566,local_area_record,เมืองจันทบุรี,คลองนารายณ์,12,7/3/2023,2023-03-07,,2023-03-07,duration_unconfirmed,,,all_agriculture_not_durian_specific,2a62f017-7583-40c2-98cd-f7bac1947b99,54,https://catalog.disaster.go.th/dataset/7bdbedaf-f9cd-4c42-893a-0c88ad65b2f5/resource/2a62f017-7583-40c2-98cd-f7bac1947b99/download/gd028_2566_final.csv,CSV
22,จันทบุรี,2566,local_area_record,เมืองจันทบุรี,คลองนารายณ์,13,7/3/2023,2023-03-07,,2023-03-07,duration_unconfirmed,,,all_agriculture_not_durian_specific,2a62f017-7583-40c2-98cd-f7bac1947b99,55,https://catalog.disaster.go.th/dataset/7bdbedaf-f9cd-4c42-893a-0c88ad65b2f5/resource/2a62f017-7583-40c2-98cd-f7bac1947b99/download/gd028_2566_final.csv,CSV
22,จันทบุรี,2566,local_area_record,เมืองจันทบุรี,คลองนารายณ์,14,7/3/2023,2023-03-07,,2023-03-07,duration_unconfirmed,,,all_agriculture_not_durian_specific,2a62f017-7583-40c2-98cd-f7bac1947b99,56,https://catalog.disaster.go.th/dataset/7bdbedaf-f9cd-4c42-893a-0c88ad65b2f5/resource/2a62f017-7583-40c2-98cd-f7bac1947b99/download/gd028_2566_final.csv,CSV
22,จันทบุรี,2566,local_area_record,เมืองจันทบุรี,คลองนารายณ์,2,7/3/2023,2023-03-07,,2023-03-07,duration_unconfirmed,,,all_agriculture_not_durian_specific,2a62f017-7583-40c2-98cd-f7bac1947b99,57,https://catalog.disaster.go.th/dataset/7bdbedaf-f9cd-4c42-893a-0c88ad65b2f5/resource/2a62f017-7583-40c2-98cd-f7bac1947b99/download/gd028_2566_final.csv,CSV
22,จันทบุรี,2566,local_area_record,เมืองจันทบุรี,คลองนารายณ์,3,7/3/2023,2023-03-07,,2023-03-07,duration_unconfirmed,,,all_agriculture_not_durian_specific,2a62f017-7583-40c2-98cd-f7bac1947b99,58,https://catalog.disaster.go.th/dataset/7bdbedaf-f9cd-4c42-893a-0c88ad65b2f5/resource/2a62f017-7583-40c2-98cd-f7bac1947b99/download/gd028_2566_final.csv,CSV
22,จันทบุรี,2566,local_area_record,เมืองจันทบุรี,คลองนารายณ์,4,7/3/2023,2023-03-07,,2023-03-07,duration_unconfirmed,,,all_agriculture_not_durian_specific,2a62f017-7583-40c2-98cd-f7bac1947b99,59,https://catalog.disaster.go.th/dataset/7bdbedaf-f9cd-4c42-893a-0c88ad65b2f5/resource/2a62f017-7583-40c2-98cd-f7bac1947b99/download/gd028_2566_final.csv,CSV
22,จันทบุรี,2566,local_area_record,เมืองจันทบุรี,พลับพลา,11,7/3/2023,2023-03-07,,2023-03-07,duration_unconfirmed,,,all_agriculture_not_durian_specific,2a62f017-7583-40c2-98cd-f7bac1947b99,60,https://catalog.disaster.go.th/dataset/7bdbedaf-f9cd-4c42-893a-0c88ad65b2f5/resource/2a62f017-7583-40c2-98cd-f7bac1947b99/download/gd028_2566_final.csv,CSV
22,จันทบุรี,2566,local_area_record,เมืองจันทบุรี,พลับพลา,12,7/3/2023,2023-03-07,,2023-03-07,duration_unconfirmed,,,all_agriculture_not_durian_specific,2a62f017-7583-40c2-98cd-f7bac1947b99,61,https://catalog.disaster.go.th/dataset/7bdbedaf-f9cd-4c42-893a-0c88ad65b2f5/resource/2a62f017-7583-40c2-98cd-f7bac1947b99/download/gd028_2566_final.csv,CSV
22,จันทบุรี,2566,local_area_record,เมืองจันทบุรี,พลับพลา,13,7/3/2023,2023-03-07,,2023-03-07,duration_unconfirmed,,,all_agriculture_not_durian_specific,2a62f017-7583-40c2-98cd-f7bac1947b99,62,https://catalog.disaster.go.th/dataset/7bdbedaf-f9cd-4c42-893a-0c88ad65b2f5/resource/2a62f017-7583-40c2-98cd-f7bac1947b99/download/gd028_2566_final.csv,CSV
86,ชุมพร,2566,local_area_record,หลังสวน,ท่ามะพลา,2,22/3/2023,2023-03-22,,2023-07-27,duration_unconfirmed,,3113,all_agriculture_not_durian_specific,2a62f017-7583-40c2-98cd-f7bac1947b99,125,https://catalog.disaster.go.th/dataset/7bdbedaf-f9cd-4c42-893a-0c88ad65b2f5/resource/2a62f017-7583-40c2-98cd-f7bac1947b99/download/gd028_2566_final.csv,CSV
86,ชุมพร,2566,local_area_record,หลังสวน,ท่ามะพลา,6,22/3/2023,2023-03-22,,2023-07-27,duration_unconfirmed,,,all_agriculture_not_durian_specific,2a62f017-7583-40c2-98cd-f7bac1947b99,126,https://catalog.disaster.go.th/dataset/7bdbedaf-f9cd-4c42-893a-0c88ad65b2f5/resource/2a62f017-7583-40c2-98cd-f7bac1947b99/download/gd028_2566_final.csv,CSV
86,ชุมพร,2566,local_area_record,หลังสวน,ท่ามะพลา,9,22/3/2023,2023-03-22,,2023-07-27,duration_unconfirmed,,,all_agriculture_not_durian_specific,2a62f017-7583-40c2-98cd-f7bac1947b99,127,https://catalog.disaster.go.th/dataset/7bdbedaf-f9cd-4c42-893a-0c88ad65b2f5/resource/2a62f017-7583-40c2-98cd-f7bac1947b99/download/gd028_2566_final.csv,CSV
86,ชุมพร,2566,local_area_record,หลังสวน,นาขา,10,22/3/2023,2023-03-22,,2023-07-27,duration_unconfirmed,,,all_agriculture_not_durian_specific,2a62f017-7583-40c2-98cd-f7bac1947b99,128,https://catalog.disaster.go.th/dataset/7bdbedaf-f9cd-4c42-893a-0c88ad65b2f5/resource/2a62f017-7583-40c2-98cd-f7bac1947b99/download/gd028_2566_final.csv,CSV
86,ชุมพร,2566,local_area_record,หลังสวน,นาขา,13,22/3/2023,2023-03-22,,2023-07-27,duration_unconfirmed,,,all_agriculture_not_durian_specific,2a62f017-7583-40c2-98cd-f7bac1947b99,129,https://catalog.disaster.go.th/dataset/7bdbedaf-f9cd-4c42-893a-0c88ad65b2f5/resource/2a62f017-7583-40c2-98cd-f7bac1947b99/download/gd028_2566_final.csv,CSV
86,ชุมพร,2566,local_area_record,หลังสวน,นาพญา,1,22/3/2023,2023-03-22,,2023-07-27,duration_unconfirmed,,,all_agriculture_not_durian_specific,2a62f017-7583-40c2-98cd-f7bac1947b99,130,https://catalog.disaster.go.th/dataset/7bdbedaf-f9cd-4c42-893a-0c88ad65b2f5/resource/2a62f017-7583-40c2-98cd-f7bac1947b99/download/gd028_2566_final.csv,CSV
86,ชุมพร,2566,local_area_record,หลังสวน,นาพญา,10,22/3/2023,2023-03-22,,2023-07-27,duration_unconfirmed,,,all_agriculture_not_durian_specific,2a62f017-7583-40c2-98cd-f7bac1947b99,131,https://catalog.disaster.go.th/dataset/7bdbedaf-f9cd-4c42-893a-0c88ad65b2f5/resource/2a62f017-7583-40c2-98cd-f7bac1947b99/download/gd028_2566_final.csv,CSV
86,ชุมพร,2566,local_area_record,หลังสวน,นาพญา,11,22/3/2023,2023-03-22,,2023-07-27,duration_unconfirmed,,,all_agriculture_not_durian_specific,2a62f017-7583-40c2-98cd-f7bac1947b99,132,https://catalog.disaster.go.th/dataset/7bdbedaf-f9cd-4c42-893a-0c88ad65b2f5/resource/2a62f017-7583-40c2-98cd-f7bac1947b99/download/gd028_2566_final.csv,CSV
86,ชุมพร,2566,local_area_record,หลังสวน,นาพญา,12,22/3/2023,2023-03-22,,2023-07-27,duration_unconfirmed,,,all_agriculture_not_durian_specific,2a62f017-7583-40c2-98cd-f7bac1947b99,133,https://catalog.disaster.go.th/dataset/7bdbedaf-f9cd-4c42-893a-0c88ad65b2f5/resource/2a62f017-7583-40c2-98cd-f7bac1947b99/download/gd028_2566_final.csv,CSV
86,ชุมพร,2566,local_area_record,หลังสวน,นาพญา,13,22/3/2023,2023-03-22,,2023-07-27,duration_unconfirmed,,,all_agriculture_not_durian_specific,2a62f017-7583-40c2-98cd-f7bac1947b99,134,https://catalog.disaster.go.th/dataset/7bdbedaf-f9cd-4c42-893a-0c88ad65b2f5/resource/2a62f017-7583-40c2-98cd-f7bac1947b99/download/gd028_2566_final.csv,CSV
86,ชุมพร,2566,local_area_record,หลังสวน,นาพญา,14,22/3/2023,2023-03-22,,2023-07-27,duration_unconfirmed,,,all_agriculture_not_durian_specific,2a62f017-7583-40c2-98cd-f7bac1947b99,135,https://catalog.disaster.go.th/dataset/7bdbedaf-f9cd-4c42-893a-0c88ad65b2f5/resource/2a62f017-7583-40c2-98cd-f7bac1947b99/download/gd028_2566_final.csv,CSV
86,ชุมพร,2566,local_area_record,หลังสวน,นาพญา,15,22/3/2023,2023-03-22,,2023-07-27,duration_unconfirmed,,,all_agriculture_not_durian_specific,2a62f017-7583-40c2-98cd-f7bac1947b99,136,https://catalog.disaster.go.th/dataset/7bdbedaf-f9cd-4c42-893a-0c88ad65b2f5/resource/2a62f017-7583-40c2-98cd-f7bac1947b99/download/gd028_2566_final.csv,CSV
86,ชุมพร,2566,local_area_record,หลังสวน,นาพญา,16,22/3/2023,2023-03-22,,2023-07-27,duration_unconfirmed,,,all_agriculture_not_durian_specific,2a62f017-7583-40c2-98cd-f7bac1947b99,137,https://catalog.disaster.go.th/dataset/7bdbedaf-f9cd-4c42-893a-0c88ad65b2f5/resource/2a62f017-7583-40c2-98cd-f7bac1947b99/download/gd028_2566_final.csv,CSV
86,ชุมพร,2566,local_area_record,หลังสวน,นาพญา,17,22/3/2023,2023-03-22,,2023-07-27,duration_unconfirmed,,,all_agriculture_not_durian_specific,2a62f017-7583-40c2-98cd-f7bac1947b99,138,https://catalog.disaster.go.th/dataset/7bdbedaf-f9cd-4c42-893a-0c88ad65b2f5/resource/2a62f017-7583-40c2-98cd-f7bac1947b99/download/gd028_2566_final.csv,CSV
86,ชุมพร,2566,local_area_record,หลังสวน,นาพญา,18,22/3/2023,2023-03-22,,2023-07-27,duration_unconfirmed,,,all_agriculture_not_durian_specific,2a62f017-7583-40c2-98cd-f7bac1947b99,139,https://catalog.disaster.go.th/dataset/7bdbedaf-f9cd-4c42-893a-0c88ad65b2f5/resource/2a62f017-7583-40c2-98cd-f7bac1947b99/download/gd028_2566_final.csv,CSV
86,ชุมพร,2566,local_area_record,หลังสวน,นาพญา,19,22/3/2023,2023-03-22,,2023-07-27,duration_unconfirmed,,,all_agriculture_not_durian_specific,2a62f017-7583-40c2-98cd-f7bac1947b99,140,https://catalog.disaster.go.th/dataset/7bdbedaf-f9cd-4c42-893a-0c88ad65b2f5/resource/2a62f017-7583-40c2-98cd-f7bac1947b99/download/gd028_2566_final.csv,CSV
86,ชุมพร,2566,local_area_record,หลังสวน,นาพญา,2,22/3/2023,2023-03-22,,2023-07-27,duration_unconfirmed,,,all_agriculture_not_durian_specific,2a62f017-7583-40c2-98cd-f7bac1947b99,141,https://catalog.disaster.go.th/dataset/7bdbedaf-f9cd-4c42-893a-0c88ad65b2f5/resource/2a62f017-7583-40c2-98cd-f7bac1947b99/download/gd028_2566_final.csv,CSV
86,ชุมพร,2566,local_area_record,หลังสวน,นาพญา,3,22/3/2023,2023-03-22,,2023-07-27,duration_unconfirmed,,,all_agriculture_not_durian_specific,2a62f017-7583-40c2-98cd-f7bac1947b99,142,https://catalog.disaster.go.th/dataset/7bdbedaf-f9cd-4c42-893a-0c88ad65b2f5/resource/2a62f017-7583-40c2-98cd-f7bac1947b99/download/gd028_2566_final.csv,CSV
86,ชุมพร,2566,local_area_record,หลังสวน,นาพญา,4,22/3/2023,2023-03-22,,2023-07-27,duration_unconfirmed,,,all_agriculture_not_durian_specific,2a62f017-7583-40c2-98cd-f7bac1947b99,143,https://catalog.disaster.go.th/dataset/7bdbedaf-f9cd-4c42-893a-0c88ad65b2f5/resource/2a62f017-7583-40c2-98cd-f7bac1947b99/download/gd028_2566_final.csv,CSV
86,ชุมพร,2566,local_area_record,หลังสวน,นาพญา,5,22/3/2023,2023-03-22,,2023-07-27,duration_unconfirmed,,,all_agriculture_not_durian_specific,2a62f017-7583-40c2-98cd-f7bac1947b99,144,https://catalog.disaster.go.th/dataset/7bdbedaf-f9cd-4c42-893a-0c88ad65b2f5/resource/2a62f017-7583-40c2-98cd-f7bac1947b99/download/gd028_2566_final.csv,CSV
86,ชุมพร,2566,local_area_record,หลังสวน,นาพญา,6,22/3/2023,2023-03-22,,2023-07-27,duration_unconfirmed,,,all_agriculture_not_durian_specific,2a62f017-7583-40c2-98cd-f7bac1947b99,145,https://catalog.disaster.go.th/dataset/7bdbedaf-f9cd-4c42-893a-0c88ad65b2f5/resource/2a62f017-7583-40c2-98cd-f7bac1947b99/download/gd028_2566_final.csv,CSV
86,ชุมพร,2566,local_area_record,หลังสวน,นาพญา,7,22/3/2023,2023-03-22,,2023-07-27,duration_unconfirmed,,,all_agriculture_not_durian_specific,2a62f017-7583-40c2-98cd-f7bac1947b99,146,https://catalog.disaster.go.th/dataset/7bdbedaf-f9cd-4c42-893a-0c88ad65b2f5/resource/2a62f017-7583-40c2-98cd-f7bac1947b99/download/gd028_2566_final.csv,CSV
86,ชุมพร,2566,local_area_record,หลังสวน,นาพญา,8,22/3/2023,2023-03-22,,2023-07-27,duration_unconfirmed,,,all_agriculture_not_durian_specific,2a62f017-7583-40c2-98cd-f7bac1947b99,147,https://catalog.disaster.go.th/dataset/7bdbedaf-f9cd-4c42-893a-0c88ad65b2f5/resource/2a62f017-7583-40c2-98cd-f7bac1947b99/download/gd028_2566_final.csv,CSV
86,ชุมพร,2566,local_area_record,หลังสวน,นาพญา,9,22/3/2023,2023-03-22,,2023-07-27,duration_unconfirmed,,,all_agriculture_not_durian_specific,2a62f017-7583-40c2-98cd-f7bac1947b99,148,https://catalog.disaster.go.th/dataset/7bdbedaf-f9cd-4c42-893a-0c88ad65b2f5/resource/2a62f017-7583-40c2-98cd-f7bac1947b99/download/gd028_2566_final.csv,CSV
86,ชุมพร,2566,local_area_record,หลังสวน,บ้านควน,1,22/3/2023,2023-03-22,,2023-07-27,duration_unconfirmed,,,all_agriculture_not_durian_specific,2a62f017-7583-40c2-98cd-f7bac1947b99,149,https://catalog.disaster.go.th/dataset/7bdbedaf-f9cd-4c42-893a-0c88ad65b2f5/resource/2a62f017-7583-40c2-98cd-f7bac1947b99/download/gd028_2566_final.csv,CSV
86,ชุมพร,2566,local_area_record,หลังสวน,บ้านควน,10,22/3/2023,2023-03-22,,2023-07-27,duration_unconfirmed,,,all_agriculture_not_durian_specific,2a62f017-7583-40c2-98cd-f7bac1947b99,150,https://catalog.disaster.go.th/dataset/7bdbedaf-f9cd-4c42-893a-0c88ad65b2f5/resource/2a62f017-7583-40c2-98cd-f7bac1947b99/download/gd028_2566_final.csv,CSV
86,ชุมพร,2566,local_area_record,หลังสวน,บ้านควน,11,22/3/2023,2023-03-22,,2023-07-27,duration_unconfirmed,,,all_agriculture_not_durian_specific,2a62f017-7583-40c2-98cd-f7bac1947b99,151,https://catalog.disaster.go.th/dataset/7bdbedaf-f9cd-4c42-893a-0c88ad65b2f5/resource/2a62f017-7583-40c2-98cd-f7bac1947b99/download/gd028_2566_final.csv,CSV
86,ชุมพร,2566,local_area_record,หลังสวน,บ้านควน,12,22/3/2023,2023-03-22,,2023-07-27,duration_unconfirmed,,,all_agriculture_not_durian_specific,2a62f017-7583-40c2-98cd-f7bac1947b99,152,https://catalog.disaster.go.th/dataset/7bdbedaf-f9cd-4c42-893a-0c88ad65b2f5/resource/2a62f017-7583-40c2-98cd-f7bac1947b99/download/gd028_2566_final.csv,CSV
86,ชุมพร,2566,local_area_record,หลังสวน,บ้านควน,13,22/3/2023,2023-03-22,,2023-07-27,duration_unconfirmed,,,all_agriculture_not_durian_specific,2a62f017-7583-40c2-98cd-f7bac1947b99,153,https://catalog.disaster.go.th/dataset/7bdbedaf-f9cd-4c42-893a-0c88ad65b2f5/resource/2a62f017-7583-40c2-98cd-f7bac1947b99/download/gd028_2566_final.csv,CSV
86,ชุมพร,2566,local_area_record,หลังสวน,บ้านควน,14,22/3/2023,2023-03-22,,2023-07-27,duration_unconfirmed,,,all_agriculture_not_durian_specific,2a62f017-7583-40c2-98cd-f7bac1947b99,154,https://catalog.disaster.go.th/dataset/7bdbedaf-f9cd-4c42-893a-0c88ad65b2f5/resource/2a62f017-7583-40c2-98cd-f7bac1947b99/download/gd028_2566_final.csv,CSV
86,ชุมพร,2566,local_area_record,หลังสวน,บ้านควน,15,22/3/2023,2023-03-22,,2023-07-27,duration_unconfirmed,,,all_agriculture_not_durian_specific,2a62f017-7583-40c2-98cd-f7bac1947b99,155,https://catalog.disaster.go.th/dataset/7bdbedaf-f9cd-4c42-893a-0c88ad65b2f5/resource/2a62f017-7583-40c2-98cd-f7bac1947b99/download/gd028_2566_final.csv,CSV
86,ชุมพร,2566,local_area_record,หลังสวน,บ้านควน,16,22/3/2023,2023-03-22,,2023-07-27,duration_unconfirmed,,,all_agriculture_not_durian_specific,2a62f017-7583-40c2-98cd-f7bac1947b99,156,https://catalog.disaster.go.th/dataset/7bdbedaf-f9cd-4c42-893a-0c88ad65b2f5/resource/2a62f017-7583-40c2-98cd-f7bac1947b99/download/gd028_2566_final.csv,CSV
86,ชุมพร,2566,local_area_record,หลังสวน,บ้านควน,17,22/3/2023,2023-03-22,,2023-07-27,duration_unconfirmed,,,all_agriculture_not_durian_specific,2a62f017-7583-40c2-98cd-f7bac1947b99,157,https://catalog.disaster.go.th/dataset/7bdbedaf-f9cd-4c42-893a-0c88ad65b2f5/resource/2a62f017-7583-40c2-98cd-f7bac1947b99/download/gd028_2566_final.csv,CSV
86,ชุมพร,2566,local_area_record,หลังสวน,บ้านควน,18,22/3/2023,2023-03-22,,2023-07-27,duration_unconfirmed,,,all_agriculture_not_durian_specific,2a62f017-7583-40c2-98cd-f7bac1947b99,158,https://catalog.disaster.go.th/dataset/7bdbedaf-f9cd-4c42-893a-0c88ad65b2f5/resource/2a62f017-7583-40c2-98cd-f7bac1947b99/download/gd028_2566_final.csv,CSV
86,ชุมพร,2566,local_area_record,หลังสวน,บ้านควน,2,22/3/2023,2023-03-22,,2023-07-27,duration_unconfirmed,,,all_agriculture_not_durian_specific,2a62f017-7583-40c2-98cd-f7bac1947b99,159,https://catalog.disaster.go.th/dataset/7bdbedaf-f9cd-4c42-893a-0c88ad65b2f5/resource/2a62f017-7583-40c2-98cd-f7bac1947b99/download/gd028_2566_final.csv,CSV
86,ชุมพร,2566,local_area_record,หลังสวน,บ้านควน,3,22/3/2023,2023-03-22,,2023-07-27,duration_unconfirmed,,,all_agriculture_not_durian_specific,2a62f017-7583-40c2-98cd-f7bac1947b99,160,https://catalog.disaster.go.th/dataset/7bdbedaf-f9cd-4c42-893a-0c88ad65b2f5/resource/2a62f017-7583-40c2-98cd-f7bac1947b99/download/gd028_2566_final.csv,CSV
86,ชุมพร,2566,local_area_record,หลังสวน,บ้านควน,4,22/3/2023,2023-03-22,,2023-07-27,duration_unconfirmed,,,all_agriculture_not_durian_specific,2a62f017-7583-40c2-98cd-f7bac1947b99,161,https://catalog.disaster.go.th/dataset/7bdbedaf-f9cd-4c42-893a-0c88ad65b2f5/resource/2a62f017-7583-40c2-98cd-f7bac1947b99/download/gd028_2566_final.csv,CSV
86,ชุมพร,2566,local_area_record,หลังสวน,บ้านควน,5,22/3/2023,2023-03-22,,2023-07-27,duration_unconfirmed,,,all_agriculture_not_durian_specific,2a62f017-7583-40c2-98cd-f7bac1947b99,162,https://catalog.disaster.go.th/dataset/7bdbedaf-f9cd-4c42-893a-0c88ad65b2f5/resource/2a62f017-7583-40c2-98cd-f7bac1947b99/download/gd028_2566_final.csv,CSV
86,ชุมพร,2566,local_area_record,หลังสวน,บ้านควน,6,22/3/2023,2023-03-22,,2023-07-27,duration_unconfirmed,,,all_agriculture_not_durian_specific,2a62f017-7583-40c2-98cd-f7bac1947b99,163,https://catalog.disaster.go.th/dataset/7bdbedaf-f9cd-4c42-893a-0c88ad65b2f5/resource/2a62f017-7583-40c2-98cd-f7bac1947b99/download/gd028_2566_final.csv,CSV
86,ชุมพร,2566,local_area_record,หลังสวน,บ้านควน,7,22/3/2023,2023-03-22,,2023-07-27,duration_unconfirmed,,,all_agriculture_not_durian_specific,2a62f017-7583-40c2-98cd-f7bac1947b99,164,https://catalog.disaster.go.th/dataset/7bdbedaf-f9cd-4c42-893a-0c88ad65b2f5/resource/2a62f017-7583-40c2-98cd-f7bac1947b99/download/gd028_2566_final.csv,CSV
86,ชุมพร,2566,local_area_record,หลังสวน,บ้านควน,8,22/3/2023,2023-03-22,,2023-07-27,duration_unconfirmed,,,all_agriculture_not_durian_specific,2a62f017-7583-40c2-98cd-f7bac1947b99,165,https://catalog.disaster.go.th/dataset/7bdbedaf-f9cd-4c42-893a-0c88ad65b2f5/resource/2a62f017-7583-40c2-98cd-f7bac1947b99/download/gd028_2566_final.csv,CSV
86,ชุมพร,2566,local_area_record,หลังสวน,บ้านควน,9,22/3/2023,2023-03-22,,2023-07-27,duration_unconfirmed,,,all_agriculture_not_durian_specific,2a62f017-7583-40c2-98cd-f7bac1947b99,166,https://catalog.disaster.go.th/dataset/7bdbedaf-f9cd-4c42-893a-0c88ad65b2f5/resource/2a62f017-7583-40c2-98cd-f7bac1947b99/download/gd028_2566_final.csv,CSV
86,ชุมพร,2566,local_area_record,หลังสวน,บางมะพร้าว,1,22/3/2023,2023-03-22,,2023-07-27,duration_unconfirmed,,,all_agriculture_not_durian_specific,2a62f017-7583-40c2-98cd-f7bac1947b99,167,https://catalog.disaster.go.th/dataset/7bdbedaf-f9cd-4c42-893a-0c88ad65b2f5/resource/2a62f017-7583-40c2-98cd-f7bac1947b99/download/gd028_2566_final.csv,CSV
86,ชุมพร,2566,local_area_record,หลังสวน,บางมะพร้าว,13,22/3/2023,2023-03-22,,2023-07-27,duration_unconfirmed,,,all_agriculture_not_durian_specific,2a62f017-7583-40c2-98cd-f7bac1947b99,168,https://catalog.disaster.go.th/dataset/7bdbedaf-f9cd-4c42-893a-0c88ad65b2f5/resource/2a62f017-7583-40c2-98cd-f7bac1947b99/download/gd028_2566_final.csv,CSV
86,ชุมพร,2566,local_area_record,หลังสวน,บางมะพร้าว,2,22/3/2023,2023-03-22,,2023-07-27,duration_unconfirmed,,,all_agriculture_not_durian_specific,2a62f017-7583-40c2-98cd-f7bac1947b99,169,https://catalog.disaster.go.th/dataset/7bdbedaf-f9cd-4c42-893a-0c88ad65b2f5/resource/2a62f017-7583-40c2-98cd-f7bac1947b99/download/gd028_2566_final.csv,CSV
86,ชุมพร,2566,local_area_record,หลังสวน,บางมะพร้าว,4,22/3/2023,2023-03-22,,2023-07-27,duration_unconfirmed,,,all_agriculture_not_durian_specific,2a62f017-7583-40c2-98cd-f7bac1947b99,170,https://catalog.disaster.go.th/dataset/7bdbedaf-f9cd-4c42-893a-0c88ad65b2f5/resource/2a62f017-7583-40c2-98cd-f7bac1947b99/download/gd028_2566_final.csv,CSV
86,ชุมพร,2566,local_area_record,หลังสวน,บางมะพร้าว,5,22/3/2023,2023-03-22,,2023-07-27,duration_unconfirmed,,,all_agriculture_not_durian_specific,2a62f017-7583-40c2-98cd-f7bac1947b99,171,https://catalog.disaster.go.th/dataset/7bdbedaf-f9cd-4c42-893a-0c88ad65b2f5/resource/2a62f017-7583-40c2-98cd-f7bac1947b99/download/gd028_2566_final.csv,CSV
86,ชุมพร,2566,local_area_record,หลังสวน,บางมะพร้าว,6,22/3/2023,2023-03-22,,2023-07-27,duration_unconfirmed,,,all_agriculture_not_durian_specific,2a62f017-7583-40c2-98cd-f7bac1947b99,172,https://catalog.disaster.go.th/dataset/7bdbedaf-f9cd-4c42-893a-0c88ad65b2f5/resource/2a62f017-7583-40c2-98cd-f7bac1947b99/download/gd028_2566_final.csv,CSV
86,ชุมพร,2566,local_area_record,หลังสวน,บางมะพร้าว,7,22/3/2023,2023-03-22,,2023-07-27,duration_unconfirmed,,,all_agriculture_not_durian_specific,2a62f017-7583-40c2-98cd-f7bac1947b99,173,https://catalog.disaster.go.th/dataset/7bdbedaf-f9cd-4c42-893a-0c88ad65b2f5/resource/2a62f017-7583-40c2-98cd-f7bac1947b99/download/gd028_2566_final.csv,CSV
86,ชุมพร,2566,local_area_record,หลังสวน,บางมะพร้าว,9,22/3/2023,2023-03-22,,2023-07-27,duration_unconfirmed,,,all_agriculture_not_durian_specific,2a62f017-7583-40c2-98cd-f7bac1947b99,174,https://catalog.disaster.go.th/dataset/7bdbedaf-f9cd-4c42-893a-0c88ad65b2f5/resource/2a62f017-7583-40c2-98cd-f7bac1947b99/download/gd028_2566_final.csv,CSV
86,ชุมพร,2566,local_area_record,หลังสวน,ปากน้ำ,2,22/3/2023,2023-03-22,,2023-07-27,duration_unconfirmed,,,all_agriculture_not_durian_specific,2a62f017-7583-40c2-98cd-f7bac1947b99,175,https://catalog.disaster.go.th/dataset/7bdbedaf-f9cd-4c42-893a-0c88ad65b2f5/resource/2a62f017-7583-40c2-98cd-f7bac1947b99/download/gd028_2566_final.csv,CSV
86,ชุมพร,2566,local_area_record,หลังสวน,ปากน้ำ,4,22/3/2023,2023-03-22,,2023-07-27,duration_unconfirmed,,,all_agriculture_not_durian_specific,2a62f017-7583-40c2-98cd-f7bac1947b99,176,https://catalog.disaster.go.th/dataset/7bdbedaf-f9cd-4c42-893a-0c88ad65b2f5/resource/2a62f017-7583-40c2-98cd-f7bac1947b99/download/gd028_2566_final.csv,CSV
86,ชุมพร,2566,local_area_record,หลังสวน,ปากน้ำ,6,22/3/2023,2023-03-22,,2023-07-27,duration_unconfirmed,,,all_agriculture_not_durian_specific,2a62f017-7583-40c2-98cd-f7bac1947b99,177,https://catalog.disaster.go.th/dataset/7bdbedaf-f9cd-4c42-893a-0c88ad65b2f5/resource/2a62f017-7583-40c2-98cd-f7bac1947b99/download/gd028_2566_final.csv,CSV
86,ชุมพร,2566,local_area_record,หลังสวน,วังตะกอ,10,22/3/2023,2023-03-22,,2023-07-27,duration_unconfirmed,,,all_agriculture_not_durian_specific,2a62f017-7583-40c2-98cd-f7bac1947b99,178,https://catalog.disaster.go.th/dataset/7bdbedaf-f9cd-4c42-893a-0c88ad65b2f5/resource/2a62f017-7583-40c2-98cd-f7bac1947b99/download/gd028_2566_final.csv,CSV
86,ชุมพร,2566,local_area_record,หลังสวน,วังตะกอ,11,22/3/2023,2023-03-22,,2023-07-27,duration_unconfirmed,,,all_agriculture_not_durian_specific,2a62f017-7583-40c2-98cd-f7bac1947b99,179,https://catalog.disaster.go.th/dataset/7bdbedaf-f9cd-4c42-893a-0c88ad65b2f5/resource/2a62f017-7583-40c2-98cd-f7bac1947b99/download/gd028_2566_final.csv,CSV
86,ชุมพร,2566,local_area_record,หลังสวน,วังตะกอ,12,22/3/2023,2023-03-22,,2023-07-27,duration_unconfirmed,,,all_agriculture_not_durian_specific,2a62f017-7583-40c2-98cd-f7bac1947b99,180,https://catalog.disaster.go.th/dataset/7bdbedaf-f9cd-4c42-893a-0c88ad65b2f5/resource/2a62f017-7583-40c2-98cd-f7bac1947b99/download/gd028_2566_final.csv,CSV
86,ชุมพร,2566,local_area_record,หลังสวน,วังตะกอ,13,22/3/2023,2023-03-22,,2023-07-27,duration_unconfirmed,,,all_agriculture_not_durian_specific,2a62f017-7583-40c2-98cd-f7bac1947b99,181,https://catalog.disaster.go.th/dataset/7bdbedaf-f9cd-4c42-893a-0c88ad65b2f5/resource/2a62f017-7583-40c2-98cd-f7bac1947b99/download/gd028_2566_final.csv,CSV
86,ชุมพร,2566,local_area_record,หลังสวน,วังตะกอ,5,22/3/2023,2023-03-22,,2023-07-27,duration_unconfirmed,,,all_agriculture_not_durian_specific,2a62f017-7583-40c2-98cd-f7bac1947b99,182,https://catalog.disaster.go.th/dataset/7bdbedaf-f9cd-4c42-893a-0c88ad65b2f5/resource/2a62f017-7583-40c2-98cd-f7bac1947b99/download/gd028_2566_final.csv,CSV
86,ชุมพร,2566,local_area_record,หลังสวน,วังตะกอ,6,22/3/2023,2023-03-22,,2023-07-27,duration_unconfirmed,,,all_agriculture_not_durian_specific,2a62f017-7583-40c2-98cd-f7bac1947b99,183,https://catalog.disaster.go.th/dataset/7bdbedaf-f9cd-4c42-893a-0c88ad65b2f5/resource/2a62f017-7583-40c2-98cd-f7bac1947b99/download/gd028_2566_final.csv,CSV
86,ชุมพร,2566,local_area_record,หลังสวน,วังตะกอ,7,22/3/2023,2023-03-22,,2023-07-27,duration_unconfirmed,,,all_agriculture_not_durian_specific,2a62f017-7583-40c2-98cd-f7bac1947b99,184,https://catalog.disaster.go.th/dataset/7bdbedaf-f9cd-4c42-893a-0c88ad65b2f5/resource/2a62f017-7583-40c2-98cd-f7bac1947b99/download/gd028_2566_final.csv,CSV
86,ชุมพร,2566,local_area_record,หลังสวน,วังตะกอ,8,22/3/2023,2023-03-22,,2023-07-27,duration_unconfirmed,,,all_agriculture_not_durian_specific,2a62f017-7583-40c2-98cd-f7bac1947b99,185,https://catalog.disaster.go.th/dataset/7bdbedaf-f9cd-4c42-893a-0c88ad65b2f5/resource/2a62f017-7583-40c2-98cd-f7bac1947b99/download/gd028_2566_final.csv,CSV
86,ชุมพร,2566,local_area_record,หลังสวน,วังตะกอ,9,22/3/2023,2023-03-22,,2023-07-27,duration_unconfirmed,,,all_agriculture_not_durian_specific,2a62f017-7583-40c2-98cd-f7bac1947b99,186,https://catalog.disaster.go.th/dataset/7bdbedaf-f9cd-4c42-893a-0c88ad65b2f5/resource/2a62f017-7583-40c2-98cd-f7bac1947b99/download/gd028_2566_final.csv,CSV
86,ชุมพร,2566,local_area_record,หลังสวน,หาดยาย,1,22/3/2023,2023-03-22,,2023-07-27,duration_unconfirmed,,,all_agriculture_not_durian_specific,2a62f017-7583-40c2-98cd-f7bac1947b99,187,https://catalog.disaster.go.th/dataset/7bdbedaf-f9cd-4c42-893a-0c88ad65b2f5/resource/2a62f017-7583-40c2-98cd-f7bac1947b99/download/gd028_2566_final.csv,CSV
86,ชุมพร,2566,local_area_record,หลังสวน,หาดยาย,10,22/3/2023,2023-03-22,,2023-07-27,duration_unconfirmed,,,all_agriculture_not_durian_specific,2a62f017-7583-40c2-98cd-f7bac1947b99,188,https://catalog.disaster.go.th/dataset/7bdbedaf-f9cd-4c42-893a-0c88ad65b2f5/resource/2a62f017-7583-40c2-98cd-f7bac1947b99/download/gd028_2566_final.csv,CSV
86,ชุมพร,2566,local_area_record,หลังสวน,หาดยาย,11,22/3/2023,2023-03-22,,2023-07-27,duration_unconfirmed,,,all_agriculture_not_durian_specific,2a62f017-7583-40c2-98cd-f7bac1947b99,189,https://catalog.disaster.go.th/dataset/7bdbedaf-f9cd-4c42-893a-0c88ad65b2f5/resource/2a62f017-7583-40c2-98cd-f7bac1947b99/download/gd028_2566_final.csv,CSV
86,ชุมพร,2566,local_area_record,หลังสวน,หาดยาย,12,22/3/2023,2023-03-22,,2023-07-27,duration_unconfirmed,,,all_agriculture_not_durian_specific,2a62f017-7583-40c2-98cd-f7bac1947b99,190,https://catalog.disaster.go.th/dataset/7bdbedaf-f9cd-4c42-893a-0c88ad65b2f5/resource/2a62f017-7583-40c2-98cd-f7bac1947b99/download/gd028_2566_final.csv,CSV
86,ชุมพร,2566,local_area_record,หลังสวน,หาดยาย,13,22/3/2023,2023-03-22,,2023-07-27,duration_unconfirmed,,,all_agriculture_not_durian_specific,2a62f017-7583-40c2-98cd-f7bac1947b99,191,https://catalog.disaster.go.th/dataset/7bdbedaf-f9cd-4c42-893a-0c88ad65b2f5/resource/2a62f017-7583-40c2-98cd-f7bac1947b99/download/gd028_2566_final.csv,CSV
86,ชุมพร,2566,local_area_record,หลังสวน,หาดยาย,2,22/3/2023,2023-03-22,,2023-07-27,duration_unconfirmed,,,all_agriculture_not_durian_specific,2a62f017-7583-40c2-98cd-f7bac1947b99,192,https://catalog.disaster.go.th/dataset/7bdbedaf-f9cd-4c42-893a-0c88ad65b2f5/resource/2a62f017-7583-40c2-98cd-f7bac1947b99/download/gd028_2566_final.csv,CSV
86,ชุมพร,2566,local_area_record,หลังสวน,หาดยาย,5,22/3/2023,2023-03-22,,2023-07-27,duration_unconfirmed,,,all_agriculture_not_durian_specific,2a62f017-7583-40c2-98cd-f7bac1947b99,193,https://catalog.disaster.go.th/dataset/7bdbedaf-f9cd-4c42-893a-0c88ad65b2f5/resource/2a62f017-7583-40c2-98cd-f7bac1947b99/download/gd028_2566_final.csv,CSV
86,ชุมพร,2566,local_area_record,หลังสวน,หาดยาย,7,22/3/2023,2023-03-22,,2023-07-27,duration_unconfirmed,,,all_agriculture_not_durian_specific,2a62f017-7583-40c2-98cd-f7bac1947b99,194,https://catalog.disaster.go.th/dataset/7bdbedaf-f9cd-4c42-893a-0c88ad65b2f5/resource/2a62f017-7583-40c2-98cd-f7bac1947b99/download/gd028_2566_final.csv,CSV
86,ชุมพร,2566,local_area_record,หลังสวน,หาดยาย,8,22/3/2023,2023-03-22,,2023-07-27,duration_unconfirmed,,,all_agriculture_not_durian_specific,2a62f017-7583-40c2-98cd-f7bac1947b99,195,https://catalog.disaster.go.th/dataset/7bdbedaf-f9cd-4c42-893a-0c88ad65b2f5/resource/2a62f017-7583-40c2-98cd-f7bac1947b99/download/gd028_2566_final.csv,CSV
86,ชุมพร,2566,local_area_record,หลังสวน,หาดยาย,9,22/3/2023,2023-03-22,,2023-07-27,duration_unconfirmed,,,all_agriculture_not_durian_specific,2a62f017-7583-40c2-98cd-f7bac1947b99,196,https://catalog.disaster.go.th/dataset/7bdbedaf-f9cd-4c42-893a-0c88ad65b2f5/resource/2a62f017-7583-40c2-98cd-f7bac1947b99/download/gd028_2566_final.csv,CSV
86,ชุมพร,2566,local_area_record,ท่าแซะ,รับร่อ,1,28/3/2023,2023-03-28,,2023-07-19,duration_unconfirmed,,188981,all_agriculture_not_durian_specific,2a62f017-7583-40c2-98cd-f7bac1947b99,197,https://catalog.disaster.go.th/dataset/7bdbedaf-f9cd-4c42-893a-0c88ad65b2f5/resource/2a62f017-7583-40c2-98cd-f7bac1947b99/download/gd028_2566_final.csv,CSV
86,ชุมพร,2566,local_area_record,ท่าแซะ,รับร่อ,10,28/3/2023,2023-03-28,,2023-06-19,duration_unconfirmed,,,all_agriculture_not_durian_specific,2a62f017-7583-40c2-98cd-f7bac1947b99,198,https://catalog.disaster.go.th/dataset/7bdbedaf-f9cd-4c42-893a-0c88ad65b2f5/resource/2a62f017-7583-40c2-98cd-f7bac1947b99/download/gd028_2566_final.csv,CSV
86,ชุมพร,2566,local_area_record,ท่าแซะ,รับร่อ,11,28/3/2023,2023-03-28,,2023-06-19,duration_unconfirmed,,,all_agriculture_not_durian_specific,2a62f017-7583-40c2-98cd-f7bac1947b99,199,https://catalog.disaster.go.th/dataset/7bdbedaf-f9cd-4c42-893a-0c88ad65b2f5/resource/2a62f017-7583-40c2-98cd-f7bac1947b99/download/gd028_2566_final.csv,CSV
86,ชุมพร,2566,local_area_record,ท่าแซะ,รับร่อ,12,28/3/2023,2023-03-28,,2023-06-19,duration_unconfirmed,,,all_agriculture_not_durian_specific,2a62f017-7583-40c2-98cd-f7bac1947b99,200,https://catalog.disaster.go.th/dataset/7bdbedaf-f9cd-4c42-893a-0c88ad65b2f5/resource/2a62f017-7583-40c2-98cd-f7bac1947b99/download/gd028_2566_final.csv,CSV
86,ชุมพร,2566,local_area_record,ท่าแซะ,รับร่อ,13,28/3/2023,2023-03-28,,2023-06-19,duration_unconfirmed,,,all_agriculture_not_durian_specific,2a62f017-7583-40c2-98cd-f7bac1947b99,201,https://catalog.disaster.go.th/dataset/7bdbedaf-f9cd-4c42-893a-0c88ad65b2f5/resource/2a62f017-7583-40c2-98cd-f7bac1947b99/download/gd028_2566_final.csv,CSV
86,ชุมพร,2566,local_area_record,ท่าแซะ,รับร่อ,14,28/3/2023,2023-03-28,,2023-06-19,duration_unconfirmed,,,all_agriculture_not_durian_specific,2a62f017-7583-40c2-98cd-f7bac1947b99,202,https://catalog.disaster.go.th/dataset/7bdbedaf-f9cd-4c42-893a-0c88ad65b2f5/resource/2a62f017-7583-40c2-98cd-f7bac1947b99/download/gd028_2566_final.csv,CSV
86,ชุมพร,2566,local_area_record,ท่าแซะ,รับร่อ,15,28/3/2023,2023-03-28,,2023-06-19,duration_unconfirmed,,,all_agriculture_not_durian_specific,2a62f017-7583-40c2-98cd-f7bac1947b99,203,https://catalog.disaster.go.th/dataset/7bdbedaf-f9cd-4c42-893a-0c88ad65b2f5/resource/2a62f017-7583-40c2-98cd-f7bac1947b99/download/gd028_2566_final.csv,CSV
86,ชุมพร,2566,local_area_record,ท่าแซะ,รับร่อ,16,28/3/2023,2023-03-28,,2023-06-19,duration_unconfirmed,,,all_agriculture_not_durian_specific,2a62f017-7583-40c2-98cd-f7bac1947b99,204,https://catalog.disaster.go.th/dataset/7bdbedaf-f9cd-4c42-893a-0c88ad65b2f5/resource/2a62f017-7583-40c2-98cd-f7bac1947b99/download/gd028_2566_final.csv,CSV
86,ชุมพร,2566,local_area_record,ท่าแซะ,รับร่อ,17,28/3/2023,2023-03-28,,2023-06-19,duration_unconfirmed,,,all_agriculture_not_durian_specific,2a62f017-7583-40c2-98cd-f7bac1947b99,205,https://catalog.disaster.go.th/dataset/7bdbedaf-f9cd-4c42-893a-0c88ad65b2f5/resource/2a62f017-7583-40c2-98cd-f7bac1947b99/download/gd028_2566_final.csv,CSV
86,ชุมพร,2566,local_area_record,ท่าแซะ,รับร่อ,18,28/3/2023,2023-03-28,,2023-06-19,duration_unconfirmed,,,all_agriculture_not_durian_specific,2a62f017-7583-40c2-98cd-f7bac1947b99,206,https://catalog.disaster.go.th/dataset/7bdbedaf-f9cd-4c42-893a-0c88ad65b2f5/resource/2a62f017-7583-40c2-98cd-f7bac1947b99/download/gd028_2566_final.csv,CSV
86,ชุมพร,2566,local_area_record,ท่าแซะ,รับร่อ,19,28/3/2023,2023-03-28,,2023-06-19,duration_unconfirmed,,,all_agriculture_not_durian_specific,2a62f017-7583-40c2-98cd-f7bac1947b99,207,https://catalog.disaster.go.th/dataset/7bdbedaf-f9cd-4c42-893a-0c88ad65b2f5/resource/2a62f017-7583-40c2-98cd-f7bac1947b99/download/gd028_2566_final.csv,CSV
86,ชุมพร,2566,local_area_record,ท่าแซะ,รับร่อ,2,28/3/2023,2023-03-28,,2023-06-19,duration_unconfirmed,,,all_agriculture_not_durian_specific,2a62f017-7583-40c2-98cd-f7bac1947b99,208,https://catalog.disaster.go.th/dataset/7bdbedaf-f9cd-4c42-893a-0c88ad65b2f5/resource/2a62f017-7583-40c2-98cd-f7bac1947b99/download/gd028_2566_final.csv,CSV
86,ชุมพร,2566,local_area_record,ท่าแซะ,รับร่อ,20,28/3/2023,2023-03-28,,2023-06-19,duration_unconfirmed,,,all_agriculture_not_durian_specific,2a62f017-7583-40c2-98cd-f7bac1947b99,209,https://catalog.disaster.go.th/dataset/7bdbedaf-f9cd-4c42-893a-0c88ad65b2f5/resource/2a62f017-7583-40c2-98cd-f7bac1947b99/download/gd028_2566_final.csv,CSV
86,ชุมพร,2566,local_area_record,ท่าแซะ,รับร่อ,21,28/3/2023,2023-03-28,,2023-06-19,duration_unconfirmed,,,all_agriculture_not_durian_specific,2a62f017-7583-40c2-98cd-f7bac1947b99,210,https://catalog.disaster.go.th/dataset/7bdbedaf-f9cd-4c42-893a-0c88ad65b2f5/resource/2a62f017-7583-40c2-98cd-f7bac1947b99/download/gd028_2566_final.csv,CSV
86,ชุมพร,2566,local_area_record,ท่าแซะ,รับร่อ,22,28/3/2023,2023-03-28,,2023-06-19,duration_unconfirmed,,,all_agriculture_not_durian_specific,2a62f017-7583-40c2-98cd-f7bac1947b99,211,https://catalog.disaster.go.th/dataset/7bdbedaf-f9cd-4c42-893a-0c88ad65b2f5/resource/2a62f017-7583-40c2-98cd-f7bac1947b99/download/gd028_2566_final.csv,CSV
86,ชุมพร,2566,local_area_record,ท่าแซะ,รับร่อ,23,28/3/2023,2023-03-28,,2023-06-19,duration_unconfirmed,,,all_agriculture_not_durian_specific,2a62f017-7583-40c2-98cd-f7bac1947b99,212,https://catalog.disaster.go.th/dataset/7bdbedaf-f9cd-4c42-893a-0c88ad65b2f5/resource/2a62f017-7583-40c2-98cd-f7bac1947b99/download/gd028_2566_final.csv,CSV
86,ชุมพร,2566,local_area_record,ท่าแซะ,รับร่อ,3,28/3/2023,2023-03-28,,2023-06-19,duration_unconfirmed,,,all_agriculture_not_durian_specific,2a62f017-7583-40c2-98cd-f7bac1947b99,213,https://catalog.disaster.go.th/dataset/7bdbedaf-f9cd-4c42-893a-0c88ad65b2f5/resource/2a62f017-7583-40c2-98cd-f7bac1947b99/download/gd028_2566_final.csv,CSV
86,ชุมพร,2566,local_area_record,ท่าแซะ,รับร่อ,4,28/3/2023,2023-03-28,,2023-06-19,duration_unconfirmed,,,all_agriculture_not_durian_specific,2a62f017-7583-40c2-98cd-f7bac1947b99,214,https://catalog.disaster.go.th/dataset/7bdbedaf-f9cd-4c42-893a-0c88ad65b2f5/resource/2a62f017-7583-40c2-98cd-f7bac1947b99/download/gd028_2566_final.csv,CSV
86,ชุมพร,2566,local_area_record,ท่าแซะ,รับร่อ,5,28/3/2023,2023-03-28,,2023-06-19,duration_unconfirmed,,,all_agriculture_not_durian_specific,2a62f017-7583-40c2-98cd-f7bac1947b99,215,https://catalog.disaster.go.th/dataset/7bdbedaf-f9cd-4c42-893a-0c88ad65b2f5/resource/2a62f017-7583-40c2-98cd-f7bac1947b99/download/gd028_2566_final.csv,CSV
86,ชุมพร,2566,local_area_record,ท่าแซะ,รับร่อ,6,28/3/2023,2023-03-28,,2023-06-19,duration_unconfirmed,,,all_agriculture_not_durian_specific,2a62f017-7583-40c2-98cd-f7bac1947b99,216,https://catalog.disaster.go.th/dataset/7bdbedaf-f9cd-4c42-893a-0c88ad65b2f5/resource/2a62f017-7583-40c2-98cd-f7bac1947b99/download/gd028_2566_final.csv,CSV
86,ชุมพร,2566,local_area_record,ท่าแซะ,รับร่อ,7,28/3/2023,2023-03-28,,2023-06-19,duration_unconfirmed,,,all_agriculture_not_durian_specific,2a62f017-7583-40c2-98cd-f7bac1947b99,217,https://catalog.disaster.go.th/dataset/7bdbedaf-f9cd-4c42-893a-0c88ad65b2f5/resource/2a62f017-7583-40c2-98cd-f7bac1947b99/download/gd028_2566_final.csv,CSV
86,ชุมพร,2566,local_area_record,ท่าแซะ,รับร่อ,8,28/3/2023,2023-03-28,,2023-06-19,duration_unconfirmed,,,all_agriculture_not_durian_specific,2a62f017-7583-40c2-98cd-f7bac1947b99,218,https://catalog.disaster.go.th/dataset/7bdbedaf-f9cd-4c42-893a-0c88ad65b2f5/resource/2a62f017-7583-40c2-98cd-f7bac1947b99/download/gd028_2566_final.csv,CSV
86,ชุมพร,2566,local_area_record,ท่าแซะ,รับร่อ,9,28/3/2023,2023-03-28,,2023-06-19,duration_unconfirmed,,,all_agriculture_not_durian_specific,2a62f017-7583-40c2-98cd-f7bac1947b99,219,https://catalog.disaster.go.th/dataset/7bdbedaf-f9cd-4c42-893a-0c88ad65b2f5/resource/2a62f017-7583-40c2-98cd-f7bac1947b99/download/gd028_2566_final.csv,CSV
86,ชุมพร,2566,local_area_record,ท่าแซะ,หินแก้ว,1,1/4/2023,2023-04-01,,2023-06-19,duration_unconfirmed,,250,all_agriculture_not_durian_specific,2a62f017-7583-40c2-98cd-f7bac1947b99,220,https://catalog.disaster.go.th/dataset/7bdbedaf-f9cd-4c42-893a-0c88ad65b2f5/resource/2a62f017-7583-40c2-98cd-f7bac1947b99/download/gd028_2566_final.csv,CSV
86,ชุมพร,2566,local_area_record,ท่าแซะ,หินแก้ว,2,1/4/2023,2023-04-01,,2023-06-19,duration_unconfirmed,,,all_agriculture_not_durian_specific,2a62f017-7583-40c2-98cd-f7bac1947b99,221,https://catalog.disaster.go.th/dataset/7bdbedaf-f9cd-4c42-893a-0c88ad65b2f5/resource/2a62f017-7583-40c2-98cd-f7bac1947b99/download/gd028_2566_final.csv,CSV
86,ชุมพร,2566,local_area_record,ท่าแซะ,หินแก้ว,3,1/4/2023,2023-04-01,,2023-06-19,duration_unconfirmed,,,all_agriculture_not_durian_specific,2a62f017-7583-40c2-98cd-f7bac1947b99,222,https://catalog.disaster.go.th/dataset/7bdbedaf-f9cd-4c42-893a-0c88ad65b2f5/resource/2a62f017-7583-40c2-98cd-f7bac1947b99/download/gd028_2566_final.csv,CSV
86,ชุมพร,2566,local_area_record,ท่าแซะ,หินแก้ว,4,1/4/2023,2023-04-01,,2023-06-19,duration_unconfirmed,,,all_agriculture_not_durian_specific,2a62f017-7583-40c2-98cd-f7bac1947b99,223,https://catalog.disaster.go.th/dataset/7bdbedaf-f9cd-4c42-893a-0c88ad65b2f5/resource/2a62f017-7583-40c2-98cd-f7bac1947b99/download/gd028_2566_final.csv,CSV
86,ชุมพร,2566,local_area_record,ท่าแซะ,หินแก้ว,5,1/4/2023,2023-04-01,,2023-06-19,duration_unconfirmed,,,all_agriculture_not_durian_specific,2a62f017-7583-40c2-98cd-f7bac1947b99,224,https://catalog.disaster.go.th/dataset/7bdbedaf-f9cd-4c42-893a-0c88ad65b2f5/resource/2a62f017-7583-40c2-98cd-f7bac1947b99/download/gd028_2566_final.csv,CSV
86,ชุมพร,2566,local_area_record,ท่าแซะ,หินแก้ว,6,1/4/2023,2023-04-01,,2023-06-19,duration_unconfirmed,,,all_agriculture_not_durian_specific,2a62f017-7583-40c2-98cd-f7bac1947b99,225,https://catalog.disaster.go.th/dataset/7bdbedaf-f9cd-4c42-893a-0c88ad65b2f5/resource/2a62f017-7583-40c2-98cd-f7bac1947b99/download/gd028_2566_final.csv,CSV
86,ชุมพร,2566,local_area_record,ปะทิว,บางสน,1,1/4/2023,2023-04-01,,2023-06-29,duration_unconfirmed,,4220,all_agriculture_not_durian_specific,2a62f017-7583-40c2-98cd-f7bac1947b99,226,https://catalog.disaster.go.th/dataset/7bdbedaf-f9cd-4c42-893a-0c88ad65b2f5/resource/2a62f017-7583-40c2-98cd-f7bac1947b99/download/gd028_2566_final.csv,CSV
86,ชุมพร,2566,local_area_record,ปะทิว,บางสน,2,1/4/2023,2023-04-01,,2023-06-29,duration_unconfirmed,,,all_agriculture_not_durian_specific,2a62f017-7583-40c2-98cd-f7bac1947b99,227,https://catalog.disaster.go.th/dataset/7bdbedaf-f9cd-4c42-893a-0c88ad65b2f5/resource/2a62f017-7583-40c2-98cd-f7bac1947b99/download/gd028_2566_final.csv,CSV
86,ชุมพร,2566,local_area_record,ปะทิว,บางสน,3,1/4/2023,2023-04-01,,2023-06-29,duration_unconfirmed,,,all_agriculture_not_durian_specific,2a62f017-7583-40c2-98cd-f7bac1947b99,228,https://catalog.disaster.go.th/dataset/7bdbedaf-f9cd-4c42-893a-0c88ad65b2f5/resource/2a62f017-7583-40c2-98cd-f7bac1947b99/download/gd028_2566_final.csv,CSV
86,ชุมพร,2566,local_area_record,ปะทิว,บางสน,4,1/4/2023,2023-04-01,,2023-06-29,duration_unconfirmed,,,all_agriculture_not_durian_specific,2a62f017-7583-40c2-98cd-f7bac1947b99,229,https://catalog.disaster.go.th/dataset/7bdbedaf-f9cd-4c42-893a-0c88ad65b2f5/resource/2a62f017-7583-40c2-98cd-f7bac1947b99/download/gd028_2566_final.csv,CSV
86,ชุมพร,2566,local_area_record,ปะทิว,บางสน,5,1/4/2023,2023-04-01,,2023-06-29,duration_unconfirmed,,,all_agriculture_not_durian_specific,2a62f017-7583-40c2-98cd-f7bac1947b99,230,https://catalog.disaster.go.th/dataset/7bdbedaf-f9cd-4c42-893a-0c88ad65b2f5/resource/2a62f017-7583-40c2-98cd-f7bac1947b99/download/gd028_2566_final.csv,CSV
86,ชุมพร,2566,local_area_record,ปะทิว,บางสน,6,1/4/2023,2023-04-01,,2023-06-29,duration_unconfirmed,,,all_agriculture_not_durian_specific,2a62f017-7583-40c2-98cd-f7bac1947b99,231,https://catalog.disaster.go.th/dataset/7bdbedaf-f9cd-4c42-893a-0c88ad65b2f5/resource/2a62f017-7583-40c2-98cd-f7bac1947b99/download/gd028_2566_final.csv,CSV
86,ชุมพร,2566,local_area_record,ปะทิว,บางสน,8,1/4/2023,2023-04-01,,2023-06-29,duration_unconfirmed,,,all_agriculture_not_durian_specific,2a62f017-7583-40c2-98cd-f7bac1947b99,232,https://catalog.disaster.go.th/dataset/7bdbedaf-f9cd-4c42-893a-0c88ad65b2f5/resource/2a62f017-7583-40c2-98cd-f7bac1947b99/download/gd028_2566_final.csv,CSV
86,ชุมพร,2566,local_area_record,ปะทิว,ทะเลทรัพย์,1,1/4/2023,2023-04-01,,2023-06-29,duration_unconfirmed,,,all_agriculture_not_durian_specific,2a62f017-7583-40c2-98cd-f7bac1947b99,233,https://catalog.disaster.go.th/dataset/7bdbedaf-f9cd-4c42-893a-0c88ad65b2f5/resource/2a62f017-7583-40c2-98cd-f7bac1947b99/download/gd028_2566_final.csv,CSV
86,ชุมพร,2566,local_area_record,ปะทิว,ทะเลทรัพย์,2,1/4/2023,2023-04-01,,2023-06-29,duration_unconfirmed,,,all_agriculture_not_durian_specific,2a62f017-7583-40c2-98cd-f7bac1947b99,234,https://catalog.disaster.go.th/dataset/7bdbedaf-f9cd-4c42-893a-0c88ad65b2f5/resource/2a62f017-7583-40c2-98cd-f7bac1947b99/download/gd028_2566_final.csv,CSV
86,ชุมพร,2566,local_area_record,ปะทิว,ทะเลทรัพย์,3,1/4/2023,2023-04-01,,2023-06-29,duration_unconfirmed,,,all_agriculture_not_durian_specific,2a62f017-7583-40c2-98cd-f7bac1947b99,235,https://catalog.disaster.go.th/dataset/7bdbedaf-f9cd-4c42-893a-0c88ad65b2f5/resource/2a62f017-7583-40c2-98cd-f7bac1947b99/download/gd028_2566_final.csv,CSV
86,ชุมพร,2566,local_area_record,ปะทิว,ทะเลทรัพย์,4,1/4/2023,2023-04-01,,2023-06-29,duration_unconfirmed,,,all_agriculture_not_durian_specific,2a62f017-7583-40c2-98cd-f7bac1947b99,236,https://catalog.disaster.go.th/dataset/7bdbedaf-f9cd-4c42-893a-0c88ad65b2f5/resource/2a62f017-7583-40c2-98cd-f7bac1947b99/download/gd028_2566_final.csv,CSV
86,ชุมพร,2566,local_area_record,ปะทิว,ทะเลทรัพย์,5,1/4/2023,2023-04-01,,2023-06-29,duration_unconfirmed,,,all_agriculture_not_durian_specific,2a62f017-7583-40c2-98cd-f7bac1947b99,237,https://catalog.disaster.go.th/dataset/7bdbedaf-f9cd-4c42-893a-0c88ad65b2f5/resource/2a62f017-7583-40c2-98cd-f7bac1947b99/download/gd028_2566_final.csv,CSV
86,ชุมพร,2566,local_area_record,ปะทิว,ทะเลทรัพย์,6,1/4/2023,2023-04-01,,2023-06-29,duration_unconfirmed,,,all_agriculture_not_durian_specific,2a62f017-7583-40c2-98cd-f7bac1947b99,238,https://catalog.disaster.go.th/dataset/7bdbedaf-f9cd-4c42-893a-0c88ad65b2f5/resource/2a62f017-7583-40c2-98cd-f7bac1947b99/download/gd028_2566_final.csv,CSV
86,ชุมพร,2566,local_area_record,ปะทิว,ทะเลทรัพย์,7,1/4/2023,2023-04-01,,2023-06-29,duration_unconfirmed,,,all_agriculture_not_durian_specific,2a62f017-7583-40c2-98cd-f7bac1947b99,239,https://catalog.disaster.go.th/dataset/7bdbedaf-f9cd-4c42-893a-0c88ad65b2f5/resource/2a62f017-7583-40c2-98cd-f7bac1947b99/download/gd028_2566_final.csv,CSV
86,ชุมพร,2566,local_area_record,ปะทิว,ทะเลทรัพย์,8,1/4/2023,2023-04-01,,2023-06-29,duration_unconfirmed,,,all_agriculture_not_durian_specific,2a62f017-7583-40c2-98cd-f7bac1947b99,240,https://catalog.disaster.go.th/dataset/7bdbedaf-f9cd-4c42-893a-0c88ad65b2f5/resource/2a62f017-7583-40c2-98cd-f7bac1947b99/download/gd028_2566_final.csv,CSV
86,ชุมพร,2566,local_area_record,ปะทิว,สะพลี,1,1/4/2023,2023-04-01,,2023-06-29,duration_unconfirmed,,,all_agriculture_not_durian_specific,2a62f017-7583-40c2-98cd-f7bac1947b99,241,https://catalog.disaster.go.th/dataset/7bdbedaf-f9cd-4c42-893a-0c88ad65b2f5/resource/2a62f017-7583-40c2-98cd-f7bac1947b99/download/gd028_2566_final.csv,CSV
86,ชุมพร,2566,local_area_record,ปะทิว,สะพลี,10,1/4/2023,2023-04-01,,2023-06-29,duration_unconfirmed,,,all_agriculture_not_durian_specific,2a62f017-7583-40c2-98cd-f7bac1947b99,242,https://catalog.disaster.go.th/dataset/7bdbedaf-f9cd-4c42-893a-0c88ad65b2f5/resource/2a62f017-7583-40c2-98cd-f7bac1947b99/download/gd028_2566_final.csv,CSV
86,ชุมพร,2566,local_area_record,ปะทิว,สะพลี,11,1/4/2023,2023-04-01,,2023-06-29,duration_unconfirmed,,,all_agriculture_not_durian_specific,2a62f017-7583-40c2-98cd-f7bac1947b99,243,https://catalog.disaster.go.th/dataset/7bdbedaf-f9cd-4c42-893a-0c88ad65b2f5/resource/2a62f017-7583-40c2-98cd-f7bac1947b99/download/gd028_2566_final.csv,CSV
86,ชุมพร,2566,local_area_record,ปะทิว,สะพลี,2,1/4/2023,2023-04-01,,2023-06-29,duration_unconfirmed,,,all_agriculture_not_durian_specific,2a62f017-7583-40c2-98cd-f7bac1947b99,244,https://catalog.disaster.go.th/dataset/7bdbedaf-f9cd-4c42-893a-0c88ad65b2f5/resource/2a62f017-7583-40c2-98cd-f7bac1947b99/download/gd028_2566_final.csv,CSV
86,ชุมพร,2566,local_area_record,ปะทิว,สะพลี,3,1/4/2023,2023-04-01,,2023-06-29,duration_unconfirmed,,,all_agriculture_not_durian_specific,2a62f017-7583-40c2-98cd-f7bac1947b99,245,https://catalog.disaster.go.th/dataset/7bdbedaf-f9cd-4c42-893a-0c88ad65b2f5/resource/2a62f017-7583-40c2-98cd-f7bac1947b99/download/gd028_2566_final.csv,CSV
86,ชุมพร,2566,local_area_record,ปะทิว,สะพลี,4,1/4/2023,2023-04-01,,2023-06-29,duration_unconfirmed,,,all_agriculture_not_durian_specific,2a62f017-7583-40c2-98cd-f7bac1947b99,246,https://catalog.disaster.go.th/dataset/7bdbedaf-f9cd-4c42-893a-0c88ad65b2f5/resource/2a62f017-7583-40c2-98cd-f7bac1947b99/download/gd028_2566_final.csv,CSV
86,ชุมพร,2566,local_area_record,ปะทิว,สะพลี,6,1/4/2023,2023-04-01,,2023-06-29,duration_unconfirmed,,,all_agriculture_not_durian_specific,2a62f017-7583-40c2-98cd-f7bac1947b99,247,https://catalog.disaster.go.th/dataset/7bdbedaf-f9cd-4c42-893a-0c88ad65b2f5/resource/2a62f017-7583-40c2-98cd-f7bac1947b99/download/gd028_2566_final.csv,CSV
86,ชุมพร,2566,local_area_record,ปะทิว,สะพลี,7,1/4/2023,2023-04-01,,2023-06-29,duration_unconfirmed,,,all_agriculture_not_durian_specific,2a62f017-7583-40c2-98cd-f7bac1947b99,248,https://catalog.disaster.go.th/dataset/7bdbedaf-f9cd-4c42-893a-0c88ad65b2f5/resource/2a62f017-7583-40c2-98cd-f7bac1947b99/download/gd028_2566_final.csv,CSV
86,ชุมพร,2566,local_area_record,ปะทิว,สะพลี,8,1/4/2023,2023-04-01,,2023-06-29,duration_unconfirmed,,,all_agriculture_not_durian_specific,2a62f017-7583-40c2-98cd-f7bac1947b99,249,https://catalog.disaster.go.th/dataset/7bdbedaf-f9cd-4c42-893a-0c88ad65b2f5/resource/2a62f017-7583-40c2-98cd-f7bac1947b99/download/gd028_2566_final.csv,CSV
86,ชุมพร,2566,local_area_record,ปะทิว,สะพลี,9,1/4/2023,2023-04-01,,2023-06-29,duration_unconfirmed,,,all_agriculture_not_durian_specific,2a62f017-7583-40c2-98cd-f7bac1947b99,250,https://catalog.disaster.go.th/dataset/7bdbedaf-f9cd-4c42-893a-0c88ad65b2f5/resource/2a62f017-7583-40c2-98cd-f7bac1947b99/download/gd028_2566_final.csv,CSV
86,ชุมพร,2566,local_area_record,ปะทิว,ชุมโค,1,1/4/2023,2023-04-01,,2023-06-29,duration_unconfirmed,,,all_agriculture_not_durian_specific,2a62f017-7583-40c2-98cd-f7bac1947b99,251,https://catalog.disaster.go.th/dataset/7bdbedaf-f9cd-4c42-893a-0c88ad65b2f5/resource/2a62f017-7583-40c2-98cd-f7bac1947b99/download/gd028_2566_final.csv,CSV
86,ชุมพร,2566,local_area_record,ปะทิว,ชุมโค,10,1/4/2023,2023-04-01,,2023-06-29,duration_unconfirmed,,,all_agriculture_not_durian_specific,2a62f017-7583-40c2-98cd-f7bac1947b99,252,https://catalog.disaster.go.th/dataset/7bdbedaf-f9cd-4c42-893a-0c88ad65b2f5/resource/2a62f017-7583-40c2-98cd-f7bac1947b99/download/gd028_2566_final.csv,CSV
86,ชุมพร,2566,local_area_record,ปะทิว,ชุมโค,11,1/4/2023,2023-04-01,,2023-06-29,duration_unconfirmed,,,all_agriculture_not_durian_specific,2a62f017-7583-40c2-98cd-f7bac1947b99,253,https://catalog.disaster.go.th/dataset/7bdbedaf-f9cd-4c42-893a-0c88ad65b2f5/resource/2a62f017-7583-40c2-98cd-f7bac1947b99/download/gd028_2566_final.csv,CSV
86,ชุมพร,2566,local_area_record,ปะทิว,ชุมโค,12,1/4/2023,2023-04-01,,2023-06-29,duration_unconfirmed,,,all_agriculture_not_durian_specific,2a62f017-7583-40c2-98cd-f7bac1947b99,254,https://catalog.disaster.go.th/dataset/7bdbedaf-f9cd-4c42-893a-0c88ad65b2f5/resource/2a62f017-7583-40c2-98cd-f7bac1947b99/download/gd028_2566_final.csv,CSV
86,ชุมพร,2566,local_area_record,ปะทิว,ชุมโค,13,1/4/2023,2023-04-01,,2023-06-29,duration_unconfirmed,,,all_agriculture_not_durian_specific,2a62f017-7583-40c2-98cd-f7bac1947b99,255,https://catalog.disaster.go.th/dataset/7bdbedaf-f9cd-4c42-893a-0c88ad65b2f5/resource/2a62f017-7583-40c2-98cd-f7bac1947b99/download/gd028_2566_final.csv,CSV
86,ชุมพร,2566,local_area_record,ปะทิว,ชุมโค,14,1/4/2023,2023-04-01,,2023-06-29,duration_unconfirmed,,,all_agriculture_not_durian_specific,2a62f017-7583-40c2-98cd-f7bac1947b99,256,https://catalog.disaster.go.th/dataset/7bdbedaf-f9cd-4c42-893a-0c88ad65b2f5/resource/2a62f017-7583-40c2-98cd-f7bac1947b99/download/gd028_2566_final.csv,CSV
86,ชุมพร,2566,local_area_record,ปะทิว,ชุมโค,2,1/4/2023,2023-04-01,,2023-06-29,duration_unconfirmed,,,all_agriculture_not_durian_specific,2a62f017-7583-40c2-98cd-f7bac1947b99,257,https://catalog.disaster.go.th/dataset/7bdbedaf-f9cd-4c42-893a-0c88ad65b2f5/resource/2a62f017-7583-40c2-98cd-f7bac1947b99/download/gd028_2566_final.csv,CSV
86,ชุมพร,2566,local_area_record,ปะทิว,ชุมโค,3,1/4/2023,2023-04-01,,2023-06-29,duration_unconfirmed,,,all_agriculture_not_durian_specific,2a62f017-7583-40c2-98cd-f7bac1947b99,258,https://catalog.disaster.go.th/dataset/7bdbedaf-f9cd-4c42-893a-0c88ad65b2f5/resource/2a62f017-7583-40c2-98cd-f7bac1947b99/download/gd028_2566_final.csv,CSV
86,ชุมพร,2566,local_area_record,ปะทิว,ชุมโค,4,1/4/2023,2023-04-01,,2023-06-29,duration_unconfirmed,,,all_agriculture_not_durian_specific,2a62f017-7583-40c2-98cd-f7bac1947b99,259,https://catalog.disaster.go.th/dataset/7bdbedaf-f9cd-4c42-893a-0c88ad65b2f5/resource/2a62f017-7583-40c2-98cd-f7bac1947b99/download/gd028_2566_final.csv,CSV
86,ชุมพร,2566,local_area_record,ปะทิว,ชุมโค,5,1/4/2023,2023-04-01,,2023-06-29,duration_unconfirmed,,,all_agriculture_not_durian_specific,2a62f017-7583-40c2-98cd-f7bac1947b99,260,https://catalog.disaster.go.th/dataset/7bdbedaf-f9cd-4c42-893a-0c88ad65b2f5/resource/2a62f017-7583-40c2-98cd-f7bac1947b99/download/gd028_2566_final.csv,CSV
86,ชุมพร,2566,local_area_record,ปะทิว,ชุมโค,6,1/4/2023,2023-04-01,,2023-06-29,duration_unconfirmed,,,all_agriculture_not_durian_specific,2a62f017-7583-40c2-98cd-f7bac1947b99,261,https://catalog.disaster.go.th/dataset/7bdbedaf-f9cd-4c42-893a-0c88ad65b2f5/resource/2a62f017-7583-40c2-98cd-f7bac1947b99/download/gd028_2566_final.csv,CSV
86,ชุมพร,2566,local_area_record,ปะทิว,ชุมโค,7,1/4/2023,2023-04-01,,2023-06-29,duration_unconfirmed,,,all_agriculture_not_durian_specific,2a62f017-7583-40c2-98cd-f7bac1947b99,262,https://catalog.disaster.go.th/dataset/7bdbedaf-f9cd-4c42-893a-0c88ad65b2f5/resource/2a62f017-7583-40c2-98cd-f7bac1947b99/download/gd028_2566_final.csv,CSV
86,ชุมพร,2566,local_area_record,ปะทิว,ชุมโค,8,1/4/2023,2023-04-01,,2023-06-29,duration_unconfirmed,,,all_agriculture_not_durian_specific,2a62f017-7583-40c2-98cd-f7bac1947b99,263,https://catalog.disaster.go.th/dataset/7bdbedaf-f9cd-4c42-893a-0c88ad65b2f5/resource/2a62f017-7583-40c2-98cd-f7bac1947b99/download/gd028_2566_final.csv,CSV
86,ชุมพร,2566,local_area_record,ปะทิว,ชุมโค,9,1/4/2023,2023-04-01,,2023-06-29,duration_unconfirmed,,,all_agriculture_not_durian_specific,2a62f017-7583-40c2-98cd-f7bac1947b99,264,https://catalog.disaster.go.th/dataset/7bdbedaf-f9cd-4c42-893a-0c88ad65b2f5/resource/2a62f017-7583-40c2-98cd-f7bac1947b99/download/gd028_2566_final.csv,CSV
86,ชุมพร,2566,local_area_record,ปะทิว,ดอนยาง,1,1/4/2023,2023-04-01,,2023-06-29,duration_unconfirmed,,,all_agriculture_not_durian_specific,2a62f017-7583-40c2-98cd-f7bac1947b99,265,https://catalog.disaster.go.th/dataset/7bdbedaf-f9cd-4c42-893a-0c88ad65b2f5/resource/2a62f017-7583-40c2-98cd-f7bac1947b99/download/gd028_2566_final.csv,CSV
86,ชุมพร,2566,local_area_record,ปะทิว,ดอนยาง,10,1/4/2023,2023-04-01,,2023-06-29,duration_unconfirmed,,,all_agriculture_not_durian_specific,2a62f017-7583-40c2-98cd-f7bac1947b99,266,https://catalog.disaster.go.th/dataset/7bdbedaf-f9cd-4c42-893a-0c88ad65b2f5/resource/2a62f017-7583-40c2-98cd-f7bac1947b99/download/gd028_2566_final.csv,CSV
86,ชุมพร,2566,local_area_record,ปะทิว,ดอนยาง,11,1/4/2023,2023-04-01,,2023-06-29,duration_unconfirmed,,,all_agriculture_not_durian_specific,2a62f017-7583-40c2-98cd-f7bac1947b99,267,https://catalog.disaster.go.th/dataset/7bdbedaf-f9cd-4c42-893a-0c88ad65b2f5/resource/2a62f017-7583-40c2-98cd-f7bac1947b99/download/gd028_2566_final.csv,CSV
86,ชุมพร,2566,local_area_record,ปะทิว,ดอนยาง,12,1/4/2023,2023-04-01,,2023-06-29,duration_unconfirmed,,,all_agriculture_not_durian_specific,2a62f017-7583-40c2-98cd-f7bac1947b99,268,https://catalog.disaster.go.th/dataset/7bdbedaf-f9cd-4c42-893a-0c88ad65b2f5/resource/2a62f017-7583-40c2-98cd-f7bac1947b99/download/gd028_2566_final.csv,CSV
86,ชุมพร,2566,local_area_record,ปะทิว,ดอนยาง,13,1/4/2023,2023-04-01,,2023-06-29,duration_unconfirmed,,,all_agriculture_not_durian_specific,2a62f017-7583-40c2-98cd-f7bac1947b99,269,https://catalog.disaster.go.th/dataset/7bdbedaf-f9cd-4c42-893a-0c88ad65b2f5/resource/2a62f017-7583-40c2-98cd-f7bac1947b99/download/gd028_2566_final.csv,CSV
86,ชุมพร,2566,local_area_record,ปะทิว,ดอนยาง,14,1/4/2023,2023-04-01,,2023-06-29,duration_unconfirmed,,,all_agriculture_not_durian_specific,2a62f017-7583-40c2-98cd-f7bac1947b99,270,https://catalog.disaster.go.th/dataset/7bdbedaf-f9cd-4c42-893a-0c88ad65b2f5/resource/2a62f017-7583-40c2-98cd-f7bac1947b99/download/gd028_2566_final.csv,CSV
86,ชุมพร,2566,local_area_record,ปะทิว,ดอนยาง,15,1/4/2023,2023-04-01,,2023-06-29,duration_unconfirmed,,,all_agriculture_not_durian_specific,2a62f017-7583-40c2-98cd-f7bac1947b99,271,https://catalog.disaster.go.th/dataset/7bdbedaf-f9cd-4c42-893a-0c88ad65b2f5/resource/2a62f017-7583-40c2-98cd-f7bac1947b99/download/gd028_2566_final.csv,CSV
86,ชุมพร,2566,local_area_record,ปะทิว,ดอนยาง,16,1/4/2023,2023-04-01,,2023-06-29,duration_unconfirmed,,,all_agriculture_not_durian_specific,2a62f017-7583-40c2-98cd-f7bac1947b99,272,https://catalog.disaster.go.th/dataset/7bdbedaf-f9cd-4c42-893a-0c88ad65b2f5/resource/2a62f017-7583-40c2-98cd-f7bac1947b99/download/gd028_2566_final.csv,CSV
86,ชุมพร,2566,local_area_record,ปะทิว,ดอนยาง,2,1/4/2023,2023-04-01,,2023-06-29,duration_unconfirmed,,,all_agriculture_not_durian_specific,2a62f017-7583-40c2-98cd-f7bac1947b99,273,https://catalog.disaster.go.th/dataset/7bdbedaf-f9cd-4c42-893a-0c88ad65b2f5/resource/2a62f017-7583-40c2-98cd-f7bac1947b99/download/gd028_2566_final.csv,CSV
86,ชุมพร,2566,local_area_record,ปะทิว,ดอนยาง,3,1/4/2023,2023-04-01,,2023-06-29,duration_unconfirmed,,,all_agriculture_not_durian_specific,2a62f017-7583-40c2-98cd-f7bac1947b99,274,https://catalog.disaster.go.th/dataset/7bdbedaf-f9cd-4c42-893a-0c88ad65b2f5/resource/2a62f017-7583-40c2-98cd-f7bac1947b99/download/gd028_2566_final.csv,CSV
86,ชุมพร,2566,local_area_record,ปะทิว,ดอนยาง,4,1/4/2023,2023-04-01,,2023-06-29,duration_unconfirmed,,,all_agriculture_not_durian_specific,2a62f017-7583-40c2-98cd-f7bac1947b99,275,https://catalog.disaster.go.th/dataset/7bdbedaf-f9cd-4c42-893a-0c88ad65b2f5/resource/2a62f017-7583-40c2-98cd-f7bac1947b99/download/gd028_2566_final.csv,CSV
86,ชุมพร,2566,local_area_record,ปะทิว,ดอนยาง,5,1/4/2023,2023-04-01,,2023-06-29,duration_unconfirmed,,,all_agriculture_not_durian_specific,2a62f017-7583-40c2-98cd-f7bac1947b99,276,https://catalog.disaster.go.th/dataset/7bdbedaf-f9cd-4c42-893a-0c88ad65b2f5/resource/2a62f017-7583-40c2-98cd-f7bac1947b99/download/gd028_2566_final.csv,CSV
86,ชุมพร,2566,local_area_record,ปะทิว,ดอนยาง,6,1/4/2023,2023-04-01,,2023-06-29,duration_unconfirmed,,,all_agriculture_not_durian_specific,2a62f017-7583-40c2-98cd-f7bac1947b99,277,https://catalog.disaster.go.th/dataset/7bdbedaf-f9cd-4c42-893a-0c88ad65b2f5/resource/2a62f017-7583-40c2-98cd-f7bac1947b99/download/gd028_2566_final.csv,CSV
86,ชุมพร,2566,local_area_record,ปะทิว,ดอนยาง,7,1/4/2023,2023-04-01,,2023-06-29,duration_unconfirmed,,,all_agriculture_not_durian_specific,2a62f017-7583-40c2-98cd-f7bac1947b99,278,https://catalog.disaster.go.th/dataset/7bdbedaf-f9cd-4c42-893a-0c88ad65b2f5/resource/2a62f017-7583-40c2-98cd-f7bac1947b99/download/gd028_2566_final.csv,CSV
86,ชุมพร,2566,local_area_record,ปะทิว,ดอนยาง,8,1/4/2023,2023-04-01,,2023-06-29,duration_unconfirmed,,,all_agriculture_not_durian_specific,2a62f017-7583-40c2-98cd-f7bac1947b99,279,https://catalog.disaster.go.th/dataset/7bdbedaf-f9cd-4c42-893a-0c88ad65b2f5/resource/2a62f017-7583-40c2-98cd-f7bac1947b99/download/gd028_2566_final.csv,CSV
86,ชุมพร,2566,local_area_record,ปะทิว,ดอนยาง,9,1/4/2023,2023-04-01,,2023-06-29,duration_unconfirmed,,,all_agriculture_not_durian_specific,2a62f017-7583-40c2-98cd-f7bac1947b99,280,https://catalog.disaster.go.th/dataset/7bdbedaf-f9cd-4c42-893a-0c88ad65b2f5/resource/2a62f017-7583-40c2-98cd-f7bac1947b99/download/gd028_2566_final.csv,CSV
86,ชุมพร,2566,local_area_record,ปะทิว,ปากคลอง,1,1/4/2023,2023-04-01,,2023-06-29,duration_unconfirmed,,,all_agriculture_not_durian_specific,2a62f017-7583-40c2-98cd-f7bac1947b99,281,https://catalog.disaster.go.th/dataset/7bdbedaf-f9cd-4c42-893a-0c88ad65b2f5/resource/2a62f017-7583-40c2-98cd-f7bac1947b99/download/gd028_2566_final.csv,CSV
86,ชุมพร,2566,local_area_record,ปะทิว,ปากคลอง,2,1/4/2023,2023-04-01,,2023-06-29,duration_unconfirmed,,,all_agriculture_not_durian_specific,2a62f017-7583-40c2-98cd-f7bac1947b99,282,https://catalog.disaster.go.th/dataset/7bdbedaf-f9cd-4c42-893a-0c88ad65b2f5/resource/2a62f017-7583-40c2-98cd-f7bac1947b99/download/gd028_2566_final.csv,CSV
86,ชุมพร,2566,local_area_record,ปะทิว,ปากคลอง,3,1/4/2023,2023-04-01,,2023-06-29,duration_unconfirmed,,,all_agriculture_not_durian_specific,2a62f017-7583-40c2-98cd-f7bac1947b99,283,https://catalog.disaster.go.th/dataset/7bdbedaf-f9cd-4c42-893a-0c88ad65b2f5/resource/2a62f017-7583-40c2-98cd-f7bac1947b99/download/gd028_2566_final.csv,CSV
86,ชุมพร,2566,local_area_record,ปะทิว,ปากคลอง,4,1/4/2023,2023-04-01,,2023-06-29,duration_unconfirmed,,,all_agriculture_not_durian_specific,2a62f017-7583-40c2-98cd-f7bac1947b99,284,https://catalog.disaster.go.th/dataset/7bdbedaf-f9cd-4c42-893a-0c88ad65b2f5/resource/2a62f017-7583-40c2-98cd-f7bac1947b99/download/gd028_2566_final.csv,CSV
86,ชุมพร,2566,local_area_record,ปะทิว,ปากคลอง,5,1/4/2023,2023-04-01,,2023-06-29,duration_unconfirmed,,,all_agriculture_not_durian_specific,2a62f017-7583-40c2-98cd-f7bac1947b99,285,https://catalog.disaster.go.th/dataset/7bdbedaf-f9cd-4c42-893a-0c88ad65b2f5/resource/2a62f017-7583-40c2-98cd-f7bac1947b99/download/gd028_2566_final.csv,CSV
86,ชุมพร,2566,local_area_record,ปะทิว,ปากคลอง,6,1/4/2023,2023-04-01,,2023-06-29,duration_unconfirmed,,,all_agriculture_not_durian_specific,2a62f017-7583-40c2-98cd-f7bac1947b99,286,https://catalog.disaster.go.th/dataset/7bdbedaf-f9cd-4c42-893a-0c88ad65b2f5/resource/2a62f017-7583-40c2-98cd-f7bac1947b99/download/gd028_2566_final.csv,CSV
86,ชุมพร,2566,local_area_record,ปะทิว,ปากคลอง,7,1/4/2023,2023-04-01,,2023-06-29,duration_unconfirmed,,,all_agriculture_not_durian_specific,2a62f017-7583-40c2-98cd-f7bac1947b99,287,https://catalog.disaster.go.th/dataset/7bdbedaf-f9cd-4c42-893a-0c88ad65b2f5/resource/2a62f017-7583-40c2-98cd-f7bac1947b99/download/gd028_2566_final.csv,CSV
86,ชุมพร,2566,local_area_record,ปะทิว,เขาไชยราช,1,1/4/2023,2023-04-01,,2023-06-29,duration_unconfirmed,,,all_agriculture_not_durian_specific,2a62f017-7583-40c2-98cd-f7bac1947b99,288,https://catalog.disaster.go.th/dataset/7bdbedaf-f9cd-4c42-893a-0c88ad65b2f5/resource/2a62f017-7583-40c2-98cd-f7bac1947b99/download/gd028_2566_final.csv,CSV
86,ชุมพร,2566,local_area_record,ปะทิว,เขาไชยราช,10,1/4/2023,2023-04-01,,2023-06-29,duration_unconfirmed,,,all_agriculture_not_durian_specific,2a62f017-7583-40c2-98cd-f7bac1947b99,289,https://catalog.disaster.go.th/dataset/7bdbedaf-f9cd-4c42-893a-0c88ad65b2f5/resource/2a62f017-7583-40c2-98cd-f7bac1947b99/download/gd028_2566_final.csv,CSV
86,ชุมพร,2566,local_area_record,ปะทิว,เขาไชยราช,11,1/4/2023,2023-04-01,,2023-06-29,duration_unconfirmed,,,all_agriculture_not_durian_specific,2a62f017-7583-40c2-98cd-f7bac1947b99,290,https://catalog.disaster.go.th/dataset/7bdbedaf-f9cd-4c42-893a-0c88ad65b2f5/resource/2a62f017-7583-40c2-98cd-f7bac1947b99/download/gd028_2566_final.csv,CSV
86,ชุมพร,2566,local_area_record,ปะทิว,เขาไชยราช,2,1/4/2023,2023-04-01,,2023-06-29,duration_unconfirmed,,,all_agriculture_not_durian_specific,2a62f017-7583-40c2-98cd-f7bac1947b99,291,https://catalog.disaster.go.th/dataset/7bdbedaf-f9cd-4c42-893a-0c88ad65b2f5/resource/2a62f017-7583-40c2-98cd-f7bac1947b99/download/gd028_2566_final.csv,CSV
86,ชุมพร,2566,local_area_record,ปะทิว,เขาไชยราช,4,1/4/2023,2023-04-01,,2023-06-29,duration_unconfirmed,,,all_agriculture_not_durian_specific,2a62f017-7583-40c2-98cd-f7bac1947b99,292,https://catalog.disaster.go.th/dataset/7bdbedaf-f9cd-4c42-893a-0c88ad65b2f5/resource/2a62f017-7583-40c2-98cd-f7bac1947b99/download/gd028_2566_final.csv,CSV
86,ชุมพร,2566,local_area_record,ปะทิว,เขาไชยราช,5,1/4/2023,2023-04-01,,2023-06-29,duration_unconfirmed,,,all_agriculture_not_durian_specific,2a62f017-7583-40c2-98cd-f7bac1947b99,293,https://catalog.disaster.go.th/dataset/7bdbedaf-f9cd-4c42-893a-0c88ad65b2f5/resource/2a62f017-7583-40c2-98cd-f7bac1947b99/download/gd028_2566_final.csv,CSV
86,ชุมพร,2566,local_area_record,ปะทิว,เขาไชยราช,6,1/4/2023,2023-04-01,,2023-06-29,duration_unconfirmed,,,all_agriculture_not_durian_specific,2a62f017-7583-40c2-98cd-f7bac1947b99,294,https://catalog.disaster.go.th/dataset/7bdbedaf-f9cd-4c42-893a-0c88ad65b2f5/resource/2a62f017-7583-40c2-98cd-f7bac1947b99/download/gd028_2566_final.csv,CSV
86,ชุมพร,2566,local_area_record,ปะทิว,เขาไชยราช,7,1/4/2023,2023-04-01,,2023-06-29,duration_unconfirmed,,,all_agriculture_not_durian_specific,2a62f017-7583-40c2-98cd-f7bac1947b99,295,https://catalog.disaster.go.th/dataset/7bdbedaf-f9cd-4c42-893a-0c88ad65b2f5/resource/2a62f017-7583-40c2-98cd-f7bac1947b99/download/gd028_2566_final.csv,CSV
86,ชุมพร,2566,local_area_record,ปะทิว,เขาไชยราช,8,1/4/2023,2023-04-01,,2023-06-29,duration_unconfirmed,,,all_agriculture_not_durian_specific,2a62f017-7583-40c2-98cd-f7bac1947b99,296,https://catalog.disaster.go.th/dataset/7bdbedaf-f9cd-4c42-893a-0c88ad65b2f5/resource/2a62f017-7583-40c2-98cd-f7bac1947b99/download/gd028_2566_final.csv,CSV
86,ชุมพร,2566,local_area_record,ปะทิว,เขาไชยราช,9,1/4/2023,2023-04-01,,2023-06-29,duration_unconfirmed,,,all_agriculture_not_durian_specific,2a62f017-7583-40c2-98cd-f7bac1947b99,297,https://catalog.disaster.go.th/dataset/7bdbedaf-f9cd-4c42-893a-0c88ad65b2f5/resource/2a62f017-7583-40c2-98cd-f7bac1947b99/download/gd028_2566_final.csv,CSV
86,ชุมพร,2566,local_area_record,ท่าแซะ,สองพี่น้อง,1,3/4/2023,2023-04-03,,2023-06-19,duration_unconfirmed,,300,all_agriculture_not_durian_specific,2a62f017-7583-40c2-98cd-f7bac1947b99,298,https://catalog.disaster.go.th/dataset/7bdbedaf-f9cd-4c42-893a-0c88ad65b2f5/resource/2a62f017-7583-40c2-98cd-f7bac1947b99/download/gd028_2566_final.csv,CSV
86,ชุมพร,2566,local_area_record,ท่าแซะ,สองพี่น้อง,2,3/4/2023,2023-04-03,,2023-06-19,duration_unconfirmed,,,all_agriculture_not_durian_specific,2a62f017-7583-40c2-98cd-f7bac1947b99,299,https://catalog.disaster.go.th/dataset/7bdbedaf-f9cd-4c42-893a-0c88ad65b2f5/resource/2a62f017-7583-40c2-98cd-f7bac1947b99/download/gd028_2566_final.csv,CSV
86,ชุมพร,2566,local_area_record,ท่าแซะ,สองพี่น้อง,3,3/4/2023,2023-04-03,,2023-06-19,duration_unconfirmed,,,all_agriculture_not_durian_specific,2a62f017-7583-40c2-98cd-f7bac1947b99,300,https://catalog.disaster.go.th/dataset/7bdbedaf-f9cd-4c42-893a-0c88ad65b2f5/resource/2a62f017-7583-40c2-98cd-f7bac1947b99/download/gd028_2566_final.csv,CSV
86,ชุมพร,2566,local_area_record,ท่าแซะ,สองพี่น้อง,4,3/4/2023,2023-04-03,,2023-06-19,duration_unconfirmed,,,all_agriculture_not_durian_specific,2a62f017-7583-40c2-98cd-f7bac1947b99,301,https://catalog.disaster.go.th/dataset/7bdbedaf-f9cd-4c42-893a-0c88ad65b2f5/resource/2a62f017-7583-40c2-98cd-f7bac1947b99/download/gd028_2566_final.csv,CSV
86,ชุมพร,2566,local_area_record,ท่าแซะ,สองพี่น้อง,5,3/4/2023,2023-04-03,,2023-06-19,duration_unconfirmed,,,all_agriculture_not_durian_specific,2a62f017-7583-40c2-98cd-f7bac1947b99,302,https://catalog.disaster.go.th/dataset/7bdbedaf-f9cd-4c42-893a-0c88ad65b2f5/resource/2a62f017-7583-40c2-98cd-f7bac1947b99/download/gd028_2566_final.csv,CSV
86,ชุมพร,2566,local_area_record,ท่าแซะ,สองพี่น้อง,6,3/4/2023,2023-04-03,,2023-06-19,duration_unconfirmed,,,all_agriculture_not_durian_specific,2a62f017-7583-40c2-98cd-f7bac1947b99,303,https://catalog.disaster.go.th/dataset/7bdbedaf-f9cd-4c42-893a-0c88ad65b2f5/resource/2a62f017-7583-40c2-98cd-f7bac1947b99/download/gd028_2566_final.csv,CSV
86,ชุมพร,2566,local_area_record,ท่าแซะ,สองพี่น้อง,7,3/4/2023,2023-04-03,,2023-06-19,duration_unconfirmed,,,all_agriculture_not_durian_specific,2a62f017-7583-40c2-98cd-f7bac1947b99,304,https://catalog.disaster.go.th/dataset/7bdbedaf-f9cd-4c42-893a-0c88ad65b2f5/resource/2a62f017-7583-40c2-98cd-f7bac1947b99/download/gd028_2566_final.csv,CSV
86,ชุมพร,2566,local_area_record,ละแม,ละแม,1,19/4/2023,2023-04-19,,2023-07-27,duration_unconfirmed,,7067,all_agriculture_not_durian_specific,2a62f017-7583-40c2-98cd-f7bac1947b99,305,https://catalog.disaster.go.th/dataset/7bdbedaf-f9cd-4c42-893a-0c88ad65b2f5/resource/2a62f017-7583-40c2-98cd-f7bac1947b99/download/gd028_2566_final.csv,CSV
86,ชุมพร,2566,local_area_record,ละแม,ละแม,10,19/4/2023,2023-04-19,,2023-07-27,duration_unconfirmed,,,all_agriculture_not_durian_specific,2a62f017-7583-40c2-98cd-f7bac1947b99,306,https://catalog.disaster.go.th/dataset/7bdbedaf-f9cd-4c42-893a-0c88ad65b2f5/resource/2a62f017-7583-40c2-98cd-f7bac1947b99/download/gd028_2566_final.csv,CSV
86,ชุมพร,2566,local_area_record,ละแม,ละแม,11,19/4/2023,2023-04-19,,2023-07-27,duration_unconfirmed,,,all_agriculture_not_durian_specific,2a62f017-7583-40c2-98cd-f7bac1947b99,307,https://catalog.disaster.go.th/dataset/7bdbedaf-f9cd-4c42-893a-0c88ad65b2f5/resource/2a62f017-7583-40c2-98cd-f7bac1947b99/download/gd028_2566_final.csv,CSV
86,ชุมพร,2566,local_area_record,ละแม,ละแม,12,19/4/2023,2023-04-19,,2023-07-27,duration_unconfirmed,,,all_agriculture_not_durian_specific,2a62f017-7583-40c2-98cd-f7bac1947b99,308,https://catalog.disaster.go.th/dataset/7bdbedaf-f9cd-4c42-893a-0c88ad65b2f5/resource/2a62f017-7583-40c2-98cd-f7bac1947b99/download/gd028_2566_final.csv,CSV
86,ชุมพร,2566,local_area_record,ละแม,ละแม,13,19/4/2023,2023-04-19,,2023-07-27,duration_unconfirmed,,,all_agriculture_not_durian_specific,2a62f017-7583-40c2-98cd-f7bac1947b99,309,https://catalog.disaster.go.th/dataset/7bdbedaf-f9cd-4c42-893a-0c88ad65b2f5/resource/2a62f017-7583-40c2-98cd-f7bac1947b99/download/gd028_2566_final.csv,CSV
86,ชุมพร,2566,local_area_record,ละแม,ละแม,14,19/4/2023,2023-04-19,,2023-07-27,duration_unconfirmed,,,all_agriculture_not_durian_specific,2a62f017-7583-40c2-98cd-f7bac1947b99,310,https://catalog.disaster.go.th/dataset/7bdbedaf-f9cd-4c42-893a-0c88ad65b2f5/resource/2a62f017-7583-40c2-98cd-f7bac1947b99/download/gd028_2566_final.csv,CSV
86,ชุมพร,2566,local_area_record,ละแม,ละแม,15,19/4/2023,2023-04-19,,2023-07-27,duration_unconfirmed,,,all_agriculture_not_durian_specific,2a62f017-7583-40c2-98cd-f7bac1947b99,311,https://catalog.disaster.go.th/dataset/7bdbedaf-f9cd-4c42-893a-0c88ad65b2f5/resource/2a62f017-7583-40c2-98cd-f7bac1947b99/download/gd028_2566_final.csv,CSV
86,ชุมพร,2566,local_area_record,ละแม,ละแม,16,19/4/2023,2023-04-19,,2023-07-27,duration_unconfirmed,,,all_agriculture_not_durian_specific,2a62f017-7583-40c2-98cd-f7bac1947b99,312,https://catalog.disaster.go.th/dataset/7bdbedaf-f9cd-4c42-893a-0c88ad65b2f5/resource/2a62f017-7583-40c2-98cd-f7bac1947b99/download/gd028_2566_final.csv,CSV
86,ชุมพร,2566,local_area_record,ละแม,ละแม,17,19/4/2023,2023-04-19,,2023-07-27,duration_unconfirmed,,,all_agriculture_not_durian_specific,2a62f017-7583-40c2-98cd-f7bac1947b99,313,https://catalog.disaster.go.th/dataset/7bdbedaf-f9cd-4c42-893a-0c88ad65b2f5/resource/2a62f017-7583-40c2-98cd-f7bac1947b99/download/gd028_2566_final.csv,CSV
86,ชุมพร,2566,local_area_record,ละแม,ละแม,18,19/4/2023,2023-04-19,,2023-07-27,duration_unconfirmed,,,all_agriculture_not_durian_specific,2a62f017-7583-40c2-98cd-f7bac1947b99,314,https://catalog.disaster.go.th/dataset/7bdbedaf-f9cd-4c42-893a-0c88ad65b2f5/resource/2a62f017-7583-40c2-98cd-f7bac1947b99/download/gd028_2566_final.csv,CSV
86,ชุมพร,2566,local_area_record,ละแม,ละแม,19,19/4/2023,2023-04-19,,2023-07-27,duration_unconfirmed,,,all_agriculture_not_durian_specific,2a62f017-7583-40c2-98cd-f7bac1947b99,315,https://catalog.disaster.go.th/dataset/7bdbedaf-f9cd-4c42-893a-0c88ad65b2f5/resource/2a62f017-7583-40c2-98cd-f7bac1947b99/download/gd028_2566_final.csv,CSV
86,ชุมพร,2566,local_area_record,ละแม,ละแม,2,19/4/2023,2023-04-19,,2023-07-27,duration_unconfirmed,,,all_agriculture_not_durian_specific,2a62f017-7583-40c2-98cd-f7bac1947b99,316,https://catalog.disaster.go.th/dataset/7bdbedaf-f9cd-4c42-893a-0c88ad65b2f5/resource/2a62f017-7583-40c2-98cd-f7bac1947b99/download/gd028_2566_final.csv,CSV
86,ชุมพร,2566,local_area_record,ละแม,ละแม,20,19/4/2023,2023-04-19,,2023-07-27,duration_unconfirmed,,,all_agriculture_not_durian_specific,2a62f017-7583-40c2-98cd-f7bac1947b99,317,https://catalog.disaster.go.th/dataset/7bdbedaf-f9cd-4c42-893a-0c88ad65b2f5/resource/2a62f017-7583-40c2-98cd-f7bac1947b99/download/gd028_2566_final.csv,CSV
86,ชุมพร,2566,local_area_record,ละแม,ละแม,3,19/4/2023,2023-04-19,,2023-07-27,duration_unconfirmed,,,all_agriculture_not_durian_specific,2a62f017-7583-40c2-98cd-f7bac1947b99,318,https://catalog.disaster.go.th/dataset/7bdbedaf-f9cd-4c42-893a-0c88ad65b2f5/resource/2a62f017-7583-40c2-98cd-f7bac1947b99/download/gd028_2566_final.csv,CSV
86,ชุมพร,2566,local_area_record,ละแม,ละแม,4,19/4/2023,2023-04-19,,2023-07-27,duration_unconfirmed,,,all_agriculture_not_durian_specific,2a62f017-7583-40c2-98cd-f7bac1947b99,319,https://catalog.disaster.go.th/dataset/7bdbedaf-f9cd-4c42-893a-0c88ad65b2f5/resource/2a62f017-7583-40c2-98cd-f7bac1947b99/download/gd028_2566_final.csv,CSV
86,ชุมพร,2566,local_area_record,ละแม,ละแม,5,19/4/2023,2023-04-19,,2023-07-27,duration_unconfirmed,,,all_agriculture_not_durian_specific,2a62f017-7583-40c2-98cd-f7bac1947b99,320,https://catalog.disaster.go.th/dataset/7bdbedaf-f9cd-4c42-893a-0c88ad65b2f5/resource/2a62f017-7583-40c2-98cd-f7bac1947b99/download/gd028_2566_final.csv,CSV
86,ชุมพร,2566,local_area_record,ละแม,ละแม,6,19/4/2023,2023-04-19,,2023-07-27,duration_unconfirmed,,,all_agriculture_not_durian_specific,2a62f017-7583-40c2-98cd-f7bac1947b99,321,https://catalog.disaster.go.th/dataset/7bdbedaf-f9cd-4c42-893a-0c88ad65b2f5/resource/2a62f017-7583-40c2-98cd-f7bac1947b99/download/gd028_2566_final.csv,CSV
86,ชุมพร,2566,local_area_record,ละแม,ละแม,7,19/4/2023,2023-04-19,,2023-07-27,duration_unconfirmed,,,all_agriculture_not_durian_specific,2a62f017-7583-40c2-98cd-f7bac1947b99,322,https://catalog.disaster.go.th/dataset/7bdbedaf-f9cd-4c42-893a-0c88ad65b2f5/resource/2a62f017-7583-40c2-98cd-f7bac1947b99/download/gd028_2566_final.csv,CSV
86,ชุมพร,2566,local_area_record,ละแม,ละแม,8,19/4/2023,2023-04-19,,2023-07-27,duration_unconfirmed,,,all_agriculture_not_durian_specific,2a62f017-7583-40c2-98cd-f7bac1947b99,323,https://catalog.disaster.go.th/dataset/7bdbedaf-f9cd-4c42-893a-0c88ad65b2f5/resource/2a62f017-7583-40c2-98cd-f7bac1947b99/download/gd028_2566_final.csv,CSV
86,ชุมพร,2566,local_area_record,ละแม,ละแม,9,19/4/2023,2023-04-19,,2023-07-27,duration_unconfirmed,,,all_agriculture_not_durian_specific,2a62f017-7583-40c2-98cd-f7bac1947b99,324,https://catalog.disaster.go.th/dataset/7bdbedaf-f9cd-4c42-893a-0c88ad65b2f5/resource/2a62f017-7583-40c2-98cd-f7bac1947b99/download/gd028_2566_final.csv,CSV
86,ชุมพร,2566,local_area_record,ละแม,ทุ่งหลวง,1,19/4/2023,2023-04-19,,2023-07-27,duration_unconfirmed,,,all_agriculture_not_durian_specific,2a62f017-7583-40c2-98cd-f7bac1947b99,325,https://catalog.disaster.go.th/dataset/7bdbedaf-f9cd-4c42-893a-0c88ad65b2f5/resource/2a62f017-7583-40c2-98cd-f7bac1947b99/download/gd028_2566_final.csv,CSV
86,ชุมพร,2566,local_area_record,ละแม,ทุ่งหลวง,2,19/4/2023,2023-04-19,,2023-07-27,duration_unconfirmed,,,all_agriculture_not_durian_specific,2a62f017-7583-40c2-98cd-f7bac1947b99,326,https://catalog.disaster.go.th/dataset/7bdbedaf-f9cd-4c42-893a-0c88ad65b2f5/resource/2a62f017-7583-40c2-98cd-f7bac1947b99/download/gd028_2566_final.csv,CSV
86,ชุมพร,2566,local_area_record,ละแม,ทุ่งหลวง,3,19/4/2023,2023-04-19,,2023-07-27,duration_unconfirmed,,,all_agriculture_not_durian_specific,2a62f017-7583-40c2-98cd-f7bac1947b99,327,https://catalog.disaster.go.th/dataset/7bdbedaf-f9cd-4c42-893a-0c88ad65b2f5/resource/2a62f017-7583-40c2-98cd-f7bac1947b99/download/gd028_2566_final.csv,CSV
86,ชุมพร,2566,local_area_record,ละแม,ทุ่งหลวง,4,19/4/2023,2023-04-19,,2023-07-27,duration_unconfirmed,,,all_agriculture_not_durian_specific,2a62f017-7583-40c2-98cd-f7bac1947b99,328,https://catalog.disaster.go.th/dataset/7bdbedaf-f9cd-4c42-893a-0c88ad65b2f5/resource/2a62f017-7583-40c2-98cd-f7bac1947b99/download/gd028_2566_final.csv,CSV
86,ชุมพร,2566,local_area_record,ละแม,ทุ่งหลวง,5,19/4/2023,2023-04-19,,2023-07-27,duration_unconfirmed,,,all_agriculture_not_durian_specific,2a62f017-7583-40c2-98cd-f7bac1947b99,329,https://catalog.disaster.go.th/dataset/7bdbedaf-f9cd-4c42-893a-0c88ad65b2f5/resource/2a62f017-7583-40c2-98cd-f7bac1947b99/download/gd028_2566_final.csv,CSV
86,ชุมพร,2566,local_area_record,ละแม,ทุ่งหลวง,6,19/4/2023,2023-04-19,,2023-07-27,duration_unconfirmed,,,all_agriculture_not_durian_specific,2a62f017-7583-40c2-98cd-f7bac1947b99,330,https://catalog.disaster.go.th/dataset/7bdbedaf-f9cd-4c42-893a-0c88ad65b2f5/resource/2a62f017-7583-40c2-98cd-f7bac1947b99/download/gd028_2566_final.csv,CSV
86,ชุมพร,2566,local_area_record,ละแม,ทุ่งหลวง,7,19/4/2023,2023-04-19,,2023-07-27,duration_unconfirmed,,,all_agriculture_not_durian_specific,2a62f017-7583-40c2-98cd-f7bac1947b99,331,https://catalog.disaster.go.th/dataset/7bdbedaf-f9cd-4c42-893a-0c88ad65b2f5/resource/2a62f017-7583-40c2-98cd-f7bac1947b99/download/gd028_2566_final.csv,CSV
86,ชุมพร,2566,local_area_record,ละแม,ทุ่งหลวง,8,19/4/2023,2023-04-19,,2023-07-27,duration_unconfirmed,,,all_agriculture_not_durian_specific,2a62f017-7583-40c2-98cd-f7bac1947b99,332,https://catalog.disaster.go.th/dataset/7bdbedaf-f9cd-4c42-893a-0c88ad65b2f5/resource/2a62f017-7583-40c2-98cd-f7bac1947b99/download/gd028_2566_final.csv,CSV
86,ชุมพร,2566,local_area_record,ละแม,ทุ่งหลวง,9,19/4/2023,2023-04-19,,2023-07-27,duration_unconfirmed,,,all_agriculture_not_durian_specific,2a62f017-7583-40c2-98cd-f7bac1947b99,333,https://catalog.disaster.go.th/dataset/7bdbedaf-f9cd-4c42-893a-0c88ad65b2f5/resource/2a62f017-7583-40c2-98cd-f7bac1947b99/download/gd028_2566_final.csv,CSV
86,ชุมพร,2566,local_area_record,ละแม,สวนแตง,1,19/4/2023,2023-04-19,,2023-07-27,duration_unconfirmed,,,all_agriculture_not_durian_specific,2a62f017-7583-40c2-98cd-f7bac1947b99,334,https://catalog.disaster.go.th/dataset/7bdbedaf-f9cd-4c42-893a-0c88ad65b2f5/resource/2a62f017-7583-40c2-98cd-f7bac1947b99/download/gd028_2566_final.csv,CSV
86,ชุมพร,2566,local_area_record,ละแม,สวนแตง,10,19/4/2023,2023-04-19,,2023-07-27,duration_unconfirmed,,,all_agriculture_not_durian_specific,2a62f017-7583-40c2-98cd-f7bac1947b99,335,https://catalog.disaster.go.th/dataset/7bdbedaf-f9cd-4c42-893a-0c88ad65b2f5/resource/2a62f017-7583-40c2-98cd-f7bac1947b99/download/gd028_2566_final.csv,CSV
86,ชุมพร,2566,local_area_record,ละแม,สวนแตง,2,19/4/2023,2023-04-19,,2023-07-27,duration_unconfirmed,,,all_agriculture_not_durian_specific,2a62f017-7583-40c2-98cd-f7bac1947b99,336,https://catalog.disaster.go.th/dataset/7bdbedaf-f9cd-4c42-893a-0c88ad65b2f5/resource/2a62f017-7583-40c2-98cd-f7bac1947b99/download/gd028_2566_final.csv,CSV
86,ชุมพร,2566,local_area_record,ละแม,สวนแตง,3,19/4/2023,2023-04-19,,2023-07-27,duration_unconfirmed,,,all_agriculture_not_durian_specific,2a62f017-7583-40c2-98cd-f7bac1947b99,337,https://catalog.disaster.go.th/dataset/7bdbedaf-f9cd-4c42-893a-0c88ad65b2f5/resource/2a62f017-7583-40c2-98cd-f7bac1947b99/download/gd028_2566_final.csv,CSV
86,ชุมพร,2566,local_area_record,ละแม,สวนแตง,4,19/4/2023,2023-04-19,,2023-07-27,duration_unconfirmed,,,all_agriculture_not_durian_specific,2a62f017-7583-40c2-98cd-f7bac1947b99,338,https://catalog.disaster.go.th/dataset/7bdbedaf-f9cd-4c42-893a-0c88ad65b2f5/resource/2a62f017-7583-40c2-98cd-f7bac1947b99/download/gd028_2566_final.csv,CSV
86,ชุมพร,2566,local_area_record,ละแม,สวนแตง,5,19/4/2023,2023-04-19,,2023-07-27,duration_unconfirmed,,,all_agriculture_not_durian_specific,2a62f017-7583-40c2-98cd-f7bac1947b99,339,https://catalog.disaster.go.th/dataset/7bdbedaf-f9cd-4c42-893a-0c88ad65b2f5/resource/2a62f017-7583-40c2-98cd-f7bac1947b99/download/gd028_2566_final.csv,CSV
86,ชุมพร,2566,local_area_record,ละแม,สวนแตง,6,19/4/2023,2023-04-19,,2023-07-27,duration_unconfirmed,,,all_agriculture_not_durian_specific,2a62f017-7583-40c2-98cd-f7bac1947b99,340,https://catalog.disaster.go.th/dataset/7bdbedaf-f9cd-4c42-893a-0c88ad65b2f5/resource/2a62f017-7583-40c2-98cd-f7bac1947b99/download/gd028_2566_final.csv,CSV
86,ชุมพร,2566,local_area_record,ละแม,สวนแตง,7,19/4/2023,2023-04-19,,2023-07-27,duration_unconfirmed,,,all_agriculture_not_durian_specific,2a62f017-7583-40c2-98cd-f7bac1947b99,341,https://catalog.disaster.go.th/dataset/7bdbedaf-f9cd-4c42-893a-0c88ad65b2f5/resource/2a62f017-7583-40c2-98cd-f7bac1947b99/download/gd028_2566_final.csv,CSV
86,ชุมพร,2566,local_area_record,ละแม,สวนแตง,8,19/4/2023,2023-04-19,,2023-07-27,duration_unconfirmed,,,all_agriculture_not_durian_specific,2a62f017-7583-40c2-98cd-f7bac1947b99,342,https://catalog.disaster.go.th/dataset/7bdbedaf-f9cd-4c42-893a-0c88ad65b2f5/resource/2a62f017-7583-40c2-98cd-f7bac1947b99/download/gd028_2566_final.csv,CSV
86,ชุมพร,2566,local_area_record,ละแม,สวนแตง,9,19/4/2023,2023-04-19,,2023-07-27,duration_unconfirmed,,,all_agriculture_not_durian_specific,2a62f017-7583-40c2-98cd-f7bac1947b99,343,https://catalog.disaster.go.th/dataset/7bdbedaf-f9cd-4c42-893a-0c88ad65b2f5/resource/2a62f017-7583-40c2-98cd-f7bac1947b99/download/gd028_2566_final.csv,CSV
86,ชุมพร,2566,local_area_record,ละแม,ทุ่งคาวัด,1,19/4/2023,2023-04-19,,2023-07-27,duration_unconfirmed,,,all_agriculture_not_durian_specific,2a62f017-7583-40c2-98cd-f7bac1947b99,344,https://catalog.disaster.go.th/dataset/7bdbedaf-f9cd-4c42-893a-0c88ad65b2f5/resource/2a62f017-7583-40c2-98cd-f7bac1947b99/download/gd028_2566_final.csv,CSV
86,ชุมพร,2566,local_area_record,ละแม,ทุ่งคาวัด,2,19/4/2023,2023-04-19,,2023-07-27,duration_unconfirmed,,,all_agriculture_not_durian_specific,2a62f017-7583-40c2-98cd-f7bac1947b99,345,https://catalog.disaster.go.th/dataset/7bdbedaf-f9cd-4c42-893a-0c88ad65b2f5/resource/2a62f017-7583-40c2-98cd-f7bac1947b99/download/gd028_2566_final.csv,CSV
86,ชุมพร,2566,local_area_record,ละแม,ทุ่งคาวัด,3,19/4/2023,2023-04-19,,2023-07-27,duration_unconfirmed,,,all_agriculture_not_durian_specific,2a62f017-7583-40c2-98cd-f7bac1947b99,346,https://catalog.disaster.go.th/dataset/7bdbedaf-f9cd-4c42-893a-0c88ad65b2f5/resource/2a62f017-7583-40c2-98cd-f7bac1947b99/download/gd028_2566_final.csv,CSV
86,ชุมพร,2566,local_area_record,ละแม,ทุ่งคาวัด,4,19/4/2023,2023-04-19,,2023-07-27,duration_unconfirmed,,,all_agriculture_not_durian_specific,2a62f017-7583-40c2-98cd-f7bac1947b99,347,https://catalog.disaster.go.th/dataset/7bdbedaf-f9cd-4c42-893a-0c88ad65b2f5/resource/2a62f017-7583-40c2-98cd-f7bac1947b99/download/gd028_2566_final.csv,CSV
86,ชุมพร,2566,local_area_record,ละแม,ทุ่งคาวัด,5,19/4/2023,2023-04-19,,2023-07-27,duration_unconfirmed,,,all_agriculture_not_durian_specific,2a62f017-7583-40c2-98cd-f7bac1947b99,348,https://catalog.disaster.go.th/dataset/7bdbedaf-f9cd-4c42-893a-0c88ad65b2f5/resource/2a62f017-7583-40c2-98cd-f7bac1947b99/download/gd028_2566_final.csv,CSV
86,ชุมพร,2566,local_area_record,ละแม,ทุ่งคาวัด,6,19/4/2023,2023-04-19,,2023-07-27,duration_unconfirmed,,,all_agriculture_not_durian_specific,2a62f017-7583-40c2-98cd-f7bac1947b99,349,https://catalog.disaster.go.th/dataset/7bdbedaf-f9cd-4c42-893a-0c88ad65b2f5/resource/2a62f017-7583-40c2-98cd-f7bac1947b99/download/gd028_2566_final.csv,CSV
86,ชุมพร,2566,local_area_record,ละแม,ทุ่งคาวัด,7,19/4/2023,2023-04-19,,2023-07-27,duration_unconfirmed,,,all_agriculture_not_durian_specific,2a62f017-7583-40c2-98cd-f7bac1947b99,350,https://catalog.disaster.go.th/dataset/7bdbedaf-f9cd-4c42-893a-0c88ad65b2f5/resource/2a62f017-7583-40c2-98cd-f7bac1947b99/download/gd028_2566_final.csv,CSV
86,ชุมพร,2566,local_area_record,ละแม,ทุ่งคาวัด,8,19/4/2023,2023-04-19,,2023-07-27,duration_unconfirmed,,,all_agriculture_not_durian_specific,2a62f017-7583-40c2-98cd-f7bac1947b99,351,https://catalog.disaster.go.th/dataset/7bdbedaf-f9cd-4c42-893a-0c88ad65b2f5/resource/2a62f017-7583-40c2-98cd-f7bac1947b99/download/gd028_2566_final.csv,CSV
86,ชุมพร,2566,local_area_record,เมืองชุมพร,ปากน้ำ,10,24/4/2023,2023-04-24,,2023-06-28,duration_unconfirmed,,1386,all_agriculture_not_durian_specific,2a62f017-7583-40c2-98cd-f7bac1947b99,352,https://catalog.disaster.go.th/dataset/7bdbedaf-f9cd-4c42-893a-0c88ad65b2f5/resource/2a62f017-7583-40c2-98cd-f7bac1947b99/download/gd028_2566_final.csv,CSV
86,ชุมพร,2566,local_area_record,เมืองชุมพร,ปากน้ำ,4,24/4/2023,2023-04-24,,2023-06-28,duration_unconfirmed,,,all_agriculture_not_durian_specific,2a62f017-7583-40c2-98cd-f7bac1947b99,353,https://catalog.disaster.go.th/dataset/7bdbedaf-f9cd-4c42-893a-0c88ad65b2f5/resource/2a62f017-7583-40c2-98cd-f7bac1947b99/download/gd028_2566_final.csv,CSV
86,ชุมพร,2566,local_area_record,เมืองชุมพร,ปากน้ำ,5,24/4/2023,2023-04-24,,2023-06-28,duration_unconfirmed,,,all_agriculture_not_durian_specific,2a62f017-7583-40c2-98cd-f7bac1947b99,354,https://catalog.disaster.go.th/dataset/7bdbedaf-f9cd-4c42-893a-0c88ad65b2f5/resource/2a62f017-7583-40c2-98cd-f7bac1947b99/download/gd028_2566_final.csv,CSV
86,ชุมพร,2566,local_area_record,เมืองชุมพร,ปากน้ำ,6,24/4/2023,2023-04-24,,2023-06-28,duration_unconfirmed,,,all_agriculture_not_durian_specific,2a62f017-7583-40c2-98cd-f7bac1947b99,355,https://catalog.disaster.go.th/dataset/7bdbedaf-f9cd-4c42-893a-0c88ad65b2f5/resource/2a62f017-7583-40c2-98cd-f7bac1947b99/download/gd028_2566_final.csv,CSV
86,ชุมพร,2566,local_area_record,เมืองชุมพร,ปากน้ำ,7,24/4/2023,2023-04-24,,2023-06-28,duration_unconfirmed,,,all_agriculture_not_durian_specific,2a62f017-7583-40c2-98cd-f7bac1947b99,356,https://catalog.disaster.go.th/dataset/7bdbedaf-f9cd-4c42-893a-0c88ad65b2f5/resource/2a62f017-7583-40c2-98cd-f7bac1947b99/download/gd028_2566_final.csv,CSV
86,ชุมพร,2566,local_area_record,เมืองชุมพร,ปากน้ำ,8,24/4/2023,2023-04-24,,2023-06-28,duration_unconfirmed,,,all_agriculture_not_durian_specific,2a62f017-7583-40c2-98cd-f7bac1947b99,357,https://catalog.disaster.go.th/dataset/7bdbedaf-f9cd-4c42-893a-0c88ad65b2f5/resource/2a62f017-7583-40c2-98cd-f7bac1947b99/download/gd028_2566_final.csv,CSV
86,ชุมพร,2566,local_area_record,เมืองชุมพร,ท่ายาง,1,24/4/2023,2023-04-24,,2023-06-28,duration_unconfirmed,,,all_agriculture_not_durian_specific,2a62f017-7583-40c2-98cd-f7bac1947b99,358,https://catalog.disaster.go.th/dataset/7bdbedaf-f9cd-4c42-893a-0c88ad65b2f5/resource/2a62f017-7583-40c2-98cd-f7bac1947b99/download/gd028_2566_final.csv,CSV
86,ชุมพร,2566,local_area_record,เมืองชุมพร,ท่ายาง,2,24/4/2023,2023-04-24,,2023-06-28,duration_unconfirmed,,,all_agriculture_not_durian_specific,2a62f017-7583-40c2-98cd-f7bac1947b99,359,https://catalog.disaster.go.th/dataset/7bdbedaf-f9cd-4c42-893a-0c88ad65b2f5/resource/2a62f017-7583-40c2-98cd-f7bac1947b99/download/gd028_2566_final.csv,CSV
86,ชุมพร,2566,local_area_record,เมืองชุมพร,ท่ายาง,6,24/4/2023,2023-04-24,,2023-06-28,duration_unconfirmed,,,all_agriculture_not_durian_specific,2a62f017-7583-40c2-98cd-f7bac1947b99,360,https://catalog.disaster.go.th/dataset/7bdbedaf-f9cd-4c42-893a-0c88ad65b2f5/resource/2a62f017-7583-40c2-98cd-f7bac1947b99/download/gd028_2566_final.csv,CSV
86,ชุมพร,2566,local_area_record,เมืองชุมพร,ท่ายาง,7,24/4/2023,2023-04-24,,2023-06-28,duration_unconfirmed,,,all_agriculture_not_durian_specific,2a62f017-7583-40c2-98cd-f7bac1947b99,361,https://catalog.disaster.go.th/dataset/7bdbedaf-f9cd-4c42-893a-0c88ad65b2f5/resource/2a62f017-7583-40c2-98cd-f7bac1947b99/download/gd028_2566_final.csv,CSV
86,ชุมพร,2566,local_area_record,เมืองชุมพร,ท่ายาง,9,24/4/2023,2023-04-24,,2023-06-28,duration_unconfirmed,,,all_agriculture_not_durian_specific,2a62f017-7583-40c2-98cd-f7bac1947b99,362,https://catalog.disaster.go.th/dataset/7bdbedaf-f9cd-4c42-893a-0c88ad65b2f5/resource/2a62f017-7583-40c2-98cd-f7bac1947b99/download/gd028_2566_final.csv,CSV
86,ชุมพร,2566,local_area_record,เมืองชุมพร,บางหมาก,1,24/4/2023,2023-04-24,,2023-06-28,duration_unconfirmed,,,all_agriculture_not_durian_specific,2a62f017-7583-40c2-98cd-f7bac1947b99,363,https://catalog.disaster.go.th/dataset/7bdbedaf-f9cd-4c42-893a-0c88ad65b2f5/resource/2a62f017-7583-40c2-98cd-f7bac1947b99/download/gd028_2566_final.csv,CSV
86,ชุมพร,2566,local_area_record,เมืองชุมพร,บางหมาก,10,24/4/2023,2023-04-24,,2023-06-28,duration_unconfirmed,,,all_agriculture_not_durian_specific,2a62f017-7583-40c2-98cd-f7bac1947b99,364,https://catalog.disaster.go.th/dataset/7bdbedaf-f9cd-4c42-893a-0c88ad65b2f5/resource/2a62f017-7583-40c2-98cd-f7bac1947b99/download/gd028_2566_final.csv,CSV
86,ชุมพร,2566,local_area_record,เมืองชุมพร,บางหมาก,11,24/4/2023,2023-04-24,,2023-06-28,duration_unconfirmed,,,all_agriculture_not_durian_specific,2a62f017-7583-40c2-98cd-f7bac1947b99,365,https://catalog.disaster.go.th/dataset/7bdbedaf-f9cd-4c42-893a-0c88ad65b2f5/resource/2a62f017-7583-40c2-98cd-f7bac1947b99/download/gd028_2566_final.csv,CSV
86,ชุมพร,2566,local_area_record,เมืองชุมพร,บางหมาก,12,24/4/2023,2023-04-24,,2023-06-28,duration_unconfirmed,,,all_agriculture_not_durian_specific,2a62f017-7583-40c2-98cd-f7bac1947b99,366,https://catalog.disaster.go.th/dataset/7bdbedaf-f9cd-4c42-893a-0c88ad65b2f5/resource/2a62f017-7583-40c2-98cd-f7bac1947b99/download/gd028_2566_final.csv,CSV
86,ชุมพร,2566,local_area_record,เมืองชุมพร,บางหมาก,2,24/4/2023,2023-04-24,,2023-06-28,duration_unconfirmed,,,all_agriculture_not_durian_specific,2a62f017-7583-40c2-98cd-f7bac1947b99,367,https://catalog.disaster.go.th/dataset/7bdbedaf-f9cd-4c42-893a-0c88ad65b2f5/resource/2a62f017-7583-40c2-98cd-f7bac1947b99/download/gd028_2566_final.csv,CSV
86,ชุมพร,2566,local_area_record,เมืองชุมพร,บางหมาก,3,24/4/2023,2023-04-24,,2023-06-28,duration_unconfirmed,,,all_agriculture_not_durian_specific,2a62f017-7583-40c2-98cd-f7bac1947b99,368,https://catalog.disaster.go.th/dataset/7bdbedaf-f9cd-4c42-893a-0c88ad65b2f5/resource/2a62f017-7583-40c2-98cd-f7bac1947b99/download/gd028_2566_final.csv,CSV
86,ชุมพร,2566,local_area_record,เมืองชุมพร,บางหมาก,4,24/4/2023,2023-04-24,,2023-06-28,duration_unconfirmed,,,all_agriculture_not_durian_specific,2a62f017-7583-40c2-98cd-f7bac1947b99,369,https://catalog.disaster.go.th/dataset/7bdbedaf-f9cd-4c42-893a-0c88ad65b2f5/resource/2a62f017-7583-40c2-98cd-f7bac1947b99/download/gd028_2566_final.csv,CSV
86,ชุมพร,2566,local_area_record,เมืองชุมพร,บางหมาก,5,24/4/2023,2023-04-24,,2023-06-28,duration_unconfirmed,,,all_agriculture_not_durian_specific,2a62f017-7583-40c2-98cd-f7bac1947b99,370,https://catalog.disaster.go.th/dataset/7bdbedaf-f9cd-4c42-893a-0c88ad65b2f5/resource/2a62f017-7583-40c2-98cd-f7bac1947b99/download/gd028_2566_final.csv,CSV
86,ชุมพร,2566,local_area_record,เมืองชุมพร,บางหมาก,6,24/4/2023,2023-04-24,,2023-06-28,duration_unconfirmed,,,all_agriculture_not_durian_specific,2a62f017-7583-40c2-98cd-f7bac1947b99,371,https://catalog.disaster.go.th/dataset/7bdbedaf-f9cd-4c42-893a-0c88ad65b2f5/resource/2a62f017-7583-40c2-98cd-f7bac1947b99/download/gd028_2566_final.csv,CSV
86,ชุมพร,2566,local_area_record,เมืองชุมพร,บางหมาก,7,24/4/2023,2023-04-24,,2023-06-28,duration_unconfirmed,,,all_agriculture_not_durian_specific,2a62f017-7583-40c2-98cd-f7bac1947b99,372,https://catalog.disaster.go.th/dataset/7bdbedaf-f9cd-4c42-893a-0c88ad65b2f5/resource/2a62f017-7583-40c2-98cd-f7bac1947b99/download/gd028_2566_final.csv,CSV
86,ชุมพร,2566,local_area_record,เมืองชุมพร,บางหมาก,8,24/4/2023,2023-04-24,,2023-06-28,duration_unconfirmed,,,all_agriculture_not_durian_specific,2a62f017-7583-40c2-98cd-f7bac1947b99,373,https://catalog.disaster.go.th/dataset/7bdbedaf-f9cd-4c42-893a-0c88ad65b2f5/resource/2a62f017-7583-40c2-98cd-f7bac1947b99/download/gd028_2566_final.csv,CSV
86,ชุมพร,2566,local_area_record,เมืองชุมพร,บางหมาก,9,24/4/2023,2023-04-24,,2023-06-28,duration_unconfirmed,,,all_agriculture_not_durian_specific,2a62f017-7583-40c2-98cd-f7bac1947b99,374,https://catalog.disaster.go.th/dataset/7bdbedaf-f9cd-4c42-893a-0c88ad65b2f5/resource/2a62f017-7583-40c2-98cd-f7bac1947b99/download/gd028_2566_final.csv,CSV
86,ชุมพร,2566,local_area_record,เมืองชุมพร,นาทุ่ง,1,24/4/2023,2023-04-24,,2023-06-28,duration_unconfirmed,,,all_agriculture_not_durian_specific,2a62f017-7583-40c2-98cd-f7bac1947b99,375,https://catalog.disaster.go.th/dataset/7bdbedaf-f9cd-4c42-893a-0c88ad65b2f5/resource/2a62f017-7583-40c2-98cd-f7bac1947b99/download/gd028_2566_final.csv,CSV
86,ชุมพร,2566,local_area_record,เมืองชุมพร,นาทุ่ง,2,24/4/2023,2023-04-24,,2023-06-28,duration_unconfirmed,,,all_agriculture_not_durian_specific,2a62f017-7583-40c2-98cd-f7bac1947b99,376,https://catalog.disaster.go.th/dataset/7bdbedaf-f9cd-4c42-893a-0c88ad65b2f5/resource/2a62f017-7583-40c2-98cd-f7bac1947b99/download/gd028_2566_final.csv,CSV
86,ชุมพร,2566,local_area_record,เมืองชุมพร,นาทุ่ง,3,24/4/2023,2023-04-24,,2023-06-28,duration_unconfirmed,,,all_agriculture_not_durian_specific,2a62f017-7583-40c2-98cd-f7bac1947b99,377,https://catalog.disaster.go.th/dataset/7bdbedaf-f9cd-4c42-893a-0c88ad65b2f5/resource/2a62f017-7583-40c2-98cd-f7bac1947b99/download/gd028_2566_final.csv,CSV
86,ชุมพร,2566,local_area_record,เมืองชุมพร,นาทุ่ง,4,24/4/2023,2023-04-24,,2023-06-28,duration_unconfirmed,,,all_agriculture_not_durian_specific,2a62f017-7583-40c2-98cd-f7bac1947b99,378,https://catalog.disaster.go.th/dataset/7bdbedaf-f9cd-4c42-893a-0c88ad65b2f5/resource/2a62f017-7583-40c2-98cd-f7bac1947b99/download/gd028_2566_final.csv,CSV
86,ชุมพร,2566,local_area_record,เมืองชุมพร,นาทุ่ง,5,24/4/2023,2023-04-24,,2023-06-28,duration_unconfirmed,,,all_agriculture_not_durian_specific,2a62f017-7583-40c2-98cd-f7bac1947b99,379,https://catalog.disaster.go.th/dataset/7bdbedaf-f9cd-4c42-893a-0c88ad65b2f5/resource/2a62f017-7583-40c2-98cd-f7bac1947b99/download/gd028_2566_final.csv,CSV
86,ชุมพร,2566,local_area_record,เมืองชุมพร,นาทุ่ง,6,24/4/2023,2023-04-24,,2023-06-28,duration_unconfirmed,,,all_agriculture_not_durian_specific,2a62f017-7583-40c2-98cd-f7bac1947b99,380,https://catalog.disaster.go.th/dataset/7bdbedaf-f9cd-4c42-893a-0c88ad65b2f5/resource/2a62f017-7583-40c2-98cd-f7bac1947b99/download/gd028_2566_final.csv,CSV
86,ชุมพร,2566,local_area_record,เมืองชุมพร,นาทุ่ง,7,24/4/2023,2023-04-24,,2023-06-28,duration_unconfirmed,,,all_agriculture_not_durian_specific,2a62f017-7583-40c2-98cd-f7bac1947b99,381,https://catalog.disaster.go.th/dataset/7bdbedaf-f9cd-4c42-893a-0c88ad65b2f5/resource/2a62f017-7583-40c2-98cd-f7bac1947b99/download/gd028_2566_final.csv,CSV
86,ชุมพร,2566,local_area_record,เมืองชุมพร,นาชะอัง,1,24/4/2023,2023-04-24,,2023-06-28,duration_unconfirmed,,,all_agriculture_not_durian_specific,2a62f017-7583-40c2-98cd-f7bac1947b99,382,https://catalog.disaster.go.th/dataset/7bdbedaf-f9cd-4c42-893a-0c88ad65b2f5/resource/2a62f017-7583-40c2-98cd-f7bac1947b99/download/gd028_2566_final.csv,CSV
86,ชุมพร,2566,local_area_record,เมืองชุมพร,นาชะอัง,2,24/4/2023,2023-04-24,,2023-06-28,duration_unconfirmed,,,all_agriculture_not_durian_specific,2a62f017-7583-40c2-98cd-f7bac1947b99,383,https://catalog.disaster.go.th/dataset/7bdbedaf-f9cd-4c42-893a-0c88ad65b2f5/resource/2a62f017-7583-40c2-98cd-f7bac1947b99/download/gd028_2566_final.csv,CSV
86,ชุมพร,2566,local_area_record,เมืองชุมพร,นาชะอัง,3,24/4/2023,2023-04-24,,2023-06-28,duration_unconfirmed,,,all_agriculture_not_durian_specific,2a62f017-7583-40c2-98cd-f7bac1947b99,384,https://catalog.disaster.go.th/dataset/7bdbedaf-f9cd-4c42-893a-0c88ad65b2f5/resource/2a62f017-7583-40c2-98cd-f7bac1947b99/download/gd028_2566_final.csv,CSV
86,ชุมพร,2566,local_area_record,เมืองชุมพร,นาชะอัง,4,24/4/2023,2023-04-24,,2023-06-28,duration_unconfirmed,,,all_agriculture_not_durian_specific,2a62f017-7583-40c2-98cd-f7bac1947b99,385,https://catalog.disaster.go.th/dataset/7bdbedaf-f9cd-4c42-893a-0c88ad65b2f5/resource/2a62f017-7583-40c2-98cd-f7bac1947b99/download/gd028_2566_final.csv,CSV
86,ชุมพร,2566,local_area_record,เมืองชุมพร,นาชะอัง,5,24/4/2023,2023-04-24,,2023-06-28,duration_unconfirmed,,,all_agriculture_not_durian_specific,2a62f017-7583-40c2-98cd-f7bac1947b99,386,https://catalog.disaster.go.th/dataset/7bdbedaf-f9cd-4c42-893a-0c88ad65b2f5/resource/2a62f017-7583-40c2-98cd-f7bac1947b99/download/gd028_2566_final.csv,CSV
86,ชุมพร,2566,local_area_record,เมืองชุมพร,นาชะอัง,6,24/4/2023,2023-04-24,,2023-06-28,duration_unconfirmed,,,all_agriculture_not_durian_specific,2a62f017-7583-40c2-98cd-f7bac1947b99,387,https://catalog.disaster.go.th/dataset/7bdbedaf-f9cd-4c42-893a-0c88ad65b2f5/resource/2a62f017-7583-40c2-98cd-f7bac1947b99/download/gd028_2566_final.csv,CSV
86,ชุมพร,2566,local_area_record,เมืองชุมพร,นาชะอัง,7,24/4/2023,2023-04-24,,2023-06-28,duration_unconfirmed,,,all_agriculture_not_durian_specific,2a62f017-7583-40c2-98cd-f7bac1947b99,388,https://catalog.disaster.go.th/dataset/7bdbedaf-f9cd-4c42-893a-0c88ad65b2f5/resource/2a62f017-7583-40c2-98cd-f7bac1947b99/download/gd028_2566_final.csv,CSV
86,ชุมพร,2566,local_area_record,เมืองชุมพร,นาชะอัง,8,24/4/2023,2023-04-24,,2023-06-28,duration_unconfirmed,,,all_agriculture_not_durian_specific,2a62f017-7583-40c2-98cd-f7bac1947b99,389,https://catalog.disaster.go.th/dataset/7bdbedaf-f9cd-4c42-893a-0c88ad65b2f5/resource/2a62f017-7583-40c2-98cd-f7bac1947b99/download/gd028_2566_final.csv,CSV
86,ชุมพร,2566,local_area_record,เมืองชุมพร,นาชะอัง,9,24/4/2023,2023-04-24,,2023-06-28,duration_unconfirmed,,,all_agriculture_not_durian_specific,2a62f017-7583-40c2-98cd-f7bac1947b99,390,https://catalog.disaster.go.th/dataset/7bdbedaf-f9cd-4c42-893a-0c88ad65b2f5/resource/2a62f017-7583-40c2-98cd-f7bac1947b99/download/gd028_2566_final.csv,CSV
86,ชุมพร,2566,local_area_record,เมืองชุมพร,ตากแดด,1,24/4/2023,2023-04-24,,2023-06-28,duration_unconfirmed,,,all_agriculture_not_durian_specific,2a62f017-7583-40c2-98cd-f7bac1947b99,391,https://catalog.disaster.go.th/dataset/7bdbedaf-f9cd-4c42-893a-0c88ad65b2f5/resource/2a62f017-7583-40c2-98cd-f7bac1947b99/download/gd028_2566_final.csv,CSV
86,ชุมพร,2566,local_area_record,เมืองชุมพร,ตากแดด,2,24/4/2023,2023-04-24,,2023-06-28,duration_unconfirmed,,,all_agriculture_not_durian_specific,2a62f017-7583-40c2-98cd-f7bac1947b99,392,https://catalog.disaster.go.th/dataset/7bdbedaf-f9cd-4c42-893a-0c88ad65b2f5/resource/2a62f017-7583-40c2-98cd-f7bac1947b99/download/gd028_2566_final.csv,CSV
86,ชุมพร,2566,local_area_record,เมืองชุมพร,ตากแดด,3,24/4/2023,2023-04-24,,2023-06-28,duration_unconfirmed,,,all_agriculture_not_durian_specific,2a62f017-7583-40c2-98cd-f7bac1947b99,393,https://catalog.disaster.go.th/dataset/7bdbedaf-f9cd-4c42-893a-0c88ad65b2f5/resource/2a62f017-7583-40c2-98cd-f7bac1947b99/download/gd028_2566_final.csv,CSV
86,ชุมพร,2566,local_area_record,เมืองชุมพร,ตากแดด,4,24/4/2023,2023-04-24,,2023-06-28,duration_unconfirmed,,,all_agriculture_not_durian_specific,2a62f017-7583-40c2-98cd-f7bac1947b99,394,https://catalog.disaster.go.th/dataset/7bdbedaf-f9cd-4c42-893a-0c88ad65b2f5/resource/2a62f017-7583-40c2-98cd-f7bac1947b99/download/gd028_2566_final.csv,CSV
86,ชุมพร,2566,local_area_record,เมืองชุมพร,ตากแดด,5,24/4/2023,2023-04-24,,2023-06-28,duration_unconfirmed,,,all_agriculture_not_durian_specific,2a62f017-7583-40c2-98cd-f7bac1947b99,395,https://catalog.disaster.go.th/dataset/7bdbedaf-f9cd-4c42-893a-0c88ad65b2f5/resource/2a62f017-7583-40c2-98cd-f7bac1947b99/download/gd028_2566_final.csv,CSV
86,ชุมพร,2566,local_area_record,เมืองชุมพร,ตากแดด,6,24/4/2023,2023-04-24,,2023-06-28,duration_unconfirmed,,,all_agriculture_not_durian_specific,2a62f017-7583-40c2-98cd-f7bac1947b99,396,https://catalog.disaster.go.th/dataset/7bdbedaf-f9cd-4c42-893a-0c88ad65b2f5/resource/2a62f017-7583-40c2-98cd-f7bac1947b99/download/gd028_2566_final.csv,CSV
86,ชุมพร,2566,local_area_record,เมืองชุมพร,ตากแดด,7,24/4/2023,2023-04-24,,2023-06-28,duration_unconfirmed,,,all_agriculture_not_durian_specific,2a62f017-7583-40c2-98cd-f7bac1947b99,397,https://catalog.disaster.go.th/dataset/7bdbedaf-f9cd-4c42-893a-0c88ad65b2f5/resource/2a62f017-7583-40c2-98cd-f7bac1947b99/download/gd028_2566_final.csv,CSV
86,ชุมพร,2566,local_area_record,เมืองชุมพร,ตากแดด,8,24/4/2023,2023-04-24,,2023-06-28,duration_unconfirmed,,,all_agriculture_not_durian_specific,2a62f017-7583-40c2-98cd-f7bac1947b99,398,https://catalog.disaster.go.th/dataset/7bdbedaf-f9cd-4c42-893a-0c88ad65b2f5/resource/2a62f017-7583-40c2-98cd-f7bac1947b99/download/gd028_2566_final.csv,CSV
86,ชุมพร,2566,local_area_record,เมืองชุมพร,ตากแดด,9,24/4/2023,2023-04-24,,2023-06-28,duration_unconfirmed,,,all_agriculture_not_durian_specific,2a62f017-7583-40c2-98cd-f7bac1947b99,399,https://catalog.disaster.go.th/dataset/7bdbedaf-f9cd-4c42-893a-0c88ad65b2f5/resource/2a62f017-7583-40c2-98cd-f7bac1947b99/download/gd028_2566_final.csv,CSV
86,ชุมพร,2566,local_area_record,เมืองชุมพร,บางลึก,1,24/4/2023,2023-04-24,,2023-06-28,duration_unconfirmed,,,all_agriculture_not_durian_specific,2a62f017-7583-40c2-98cd-f7bac1947b99,400,https://catalog.disaster.go.th/dataset/7bdbedaf-f9cd-4c42-893a-0c88ad65b2f5/resource/2a62f017-7583-40c2-98cd-f7bac1947b99/download/gd028_2566_final.csv,CSV
86,ชุมพร,2566,local_area_record,เมืองชุมพร,บางลึก,10,24/4/2023,2023-04-24,,2023-06-28,duration_unconfirmed,,,all_agriculture_not_durian_specific,2a62f017-7583-40c2-98cd-f7bac1947b99,401,https://catalog.disaster.go.th/dataset/7bdbedaf-f9cd-4c42-893a-0c88ad65b2f5/resource/2a62f017-7583-40c2-98cd-f7bac1947b99/download/gd028_2566_final.csv,CSV
86,ชุมพร,2566,local_area_record,เมืองชุมพร,บางลึก,11,24/4/2023,2023-04-24,,2023-06-28,duration_unconfirmed,,,all_agriculture_not_durian_specific,2a62f017-7583-40c2-98cd-f7bac1947b99,402,https://catalog.disaster.go.th/dataset/7bdbedaf-f9cd-4c42-893a-0c88ad65b2f5/resource/2a62f017-7583-40c2-98cd-f7bac1947b99/download/gd028_2566_final.csv,CSV
86,ชุมพร,2566,local_area_record,เมืองชุมพร,บางลึก,12,24/4/2023,2023-04-24,,2023-06-28,duration_unconfirmed,,,all_agriculture_not_durian_specific,2a62f017-7583-40c2-98cd-f7bac1947b99,403,https://catalog.disaster.go.th/dataset/7bdbedaf-f9cd-4c42-893a-0c88ad65b2f5/resource/2a62f017-7583-40c2-98cd-f7bac1947b99/download/gd028_2566_final.csv,CSV
86,ชุมพร,2566,local_area_record,เมืองชุมพร,บางลึก,2,24/4/2023,2023-04-24,,2023-06-28,duration_unconfirmed,,,all_agriculture_not_durian_specific,2a62f017-7583-40c2-98cd-f7bac1947b99,404,https://catalog.disaster.go.th/dataset/7bdbedaf-f9cd-4c42-893a-0c88ad65b2f5/resource/2a62f017-7583-40c2-98cd-f7bac1947b99/download/gd028_2566_final.csv,CSV
86,ชุมพร,2566,local_area_record,เมืองชุมพร,บางลึก,3,24/4/2023,2023-04-24,,2023-06-28,duration_unconfirmed,,,all_agriculture_not_durian_specific,2a62f017-7583-40c2-98cd-f7bac1947b99,405,https://catalog.disaster.go.th/dataset/7bdbedaf-f9cd-4c42-893a-0c88ad65b2f5/resource/2a62f017-7583-40c2-98cd-f7bac1947b99/download/gd028_2566_final.csv,CSV
86,ชุมพร,2566,local_area_record,เมืองชุมพร,บางลึก,4,24/4/2023,2023-04-24,,2023-06-28,duration_unconfirmed,,,all_agriculture_not_durian_specific,2a62f017-7583-40c2-98cd-f7bac1947b99,406,https://catalog.disaster.go.th/dataset/7bdbedaf-f9cd-4c42-893a-0c88ad65b2f5/resource/2a62f017-7583-40c2-98cd-f7bac1947b99/download/gd028_2566_final.csv,CSV
86,ชุมพร,2566,local_area_record,เมืองชุมพร,บางลึก,5,24/4/2023,2023-04-24,,2023-06-28,duration_unconfirmed,,,all_agriculture_not_durian_specific,2a62f017-7583-40c2-98cd-f7bac1947b99,407,https://catalog.disaster.go.th/dataset/7bdbedaf-f9cd-4c42-893a-0c88ad65b2f5/resource/2a62f017-7583-40c2-98cd-f7bac1947b99/download/gd028_2566_final.csv,CSV
86,ชุมพร,2566,local_area_record,เมืองชุมพร,บางลึก,6,24/4/2023,2023-04-24,,2023-06-28,duration_unconfirmed,,,all_agriculture_not_durian_specific,2a62f017-7583-40c2-98cd-f7bac1947b99,408,https://catalog.disaster.go.th/dataset/7bdbedaf-f9cd-4c42-893a-0c88ad65b2f5/resource/2a62f017-7583-40c2-98cd-f7bac1947b99/download/gd028_2566_final.csv,CSV
86,ชุมพร,2566,local_area_record,เมืองชุมพร,บางลึก,7,24/4/2023,2023-04-24,,2023-06-28,duration_unconfirmed,,,all_agriculture_not_durian_specific,2a62f017-7583-40c2-98cd-f7bac1947b99,409,https://catalog.disaster.go.th/dataset/7bdbedaf-f9cd-4c42-893a-0c88ad65b2f5/resource/2a62f017-7583-40c2-98cd-f7bac1947b99/download/gd028_2566_final.csv,CSV
86,ชุมพร,2566,local_area_record,เมืองชุมพร,บางลึก,8,24/4/2023,2023-04-24,,2023-06-28,duration_unconfirmed,,,all_agriculture_not_durian_specific,2a62f017-7583-40c2-98cd-f7bac1947b99,410,https://catalog.disaster.go.th/dataset/7bdbedaf-f9cd-4c42-893a-0c88ad65b2f5/resource/2a62f017-7583-40c2-98cd-f7bac1947b99/download/gd028_2566_final.csv,CSV
86,ชุมพร,2566,local_area_record,เมืองชุมพร,บางลึก,9,24/4/2023,2023-04-24,,2023-06-28,duration_unconfirmed,,,all_agriculture_not_durian_specific,2a62f017-7583-40c2-98cd-f7bac1947b99,411,https://catalog.disaster.go.th/dataset/7bdbedaf-f9cd-4c42-893a-0c88ad65b2f5/resource/2a62f017-7583-40c2-98cd-f7bac1947b99/download/gd028_2566_final.csv,CSV
86,ชุมพร,2566,local_area_record,เมืองชุมพร,หาดพันไกร,1,24/4/2023,2023-04-24,,2023-06-28,duration_unconfirmed,,,all_agriculture_not_durian_specific,2a62f017-7583-40c2-98cd-f7bac1947b99,412,https://catalog.disaster.go.th/dataset/7bdbedaf-f9cd-4c42-893a-0c88ad65b2f5/resource/2a62f017-7583-40c2-98cd-f7bac1947b99/download/gd028_2566_final.csv,CSV
86,ชุมพร,2566,local_area_record,เมืองชุมพร,หาดพันไกร,10,24/4/2023,2023-04-24,,2023-06-28,duration_unconfirmed,,,all_agriculture_not_durian_specific,2a62f017-7583-40c2-98cd-f7bac1947b99,413,https://catalog.disaster.go.th/dataset/7bdbedaf-f9cd-4c42-893a-0c88ad65b2f5/resource/2a62f017-7583-40c2-98cd-f7bac1947b99/download/gd028_2566_final.csv,CSV
86,ชุมพร,2566,local_area_record,เมืองชุมพร,หาดพันไกร,11,24/4/2023,2023-04-24,,2023-06-28,duration_unconfirmed,,,all_agriculture_not_durian_specific,2a62f017-7583-40c2-98cd-f7bac1947b99,414,https://catalog.disaster.go.th/dataset/7bdbedaf-f9cd-4c42-893a-0c88ad65b2f5/resource/2a62f017-7583-40c2-98cd-f7bac1947b99/download/gd028_2566_final.csv,CSV
86,ชุมพร,2566,local_area_record,เมืองชุมพร,หาดพันไกร,12,24/4/2023,2023-04-24,,2023-06-28,duration_unconfirmed,,,all_agriculture_not_durian_specific,2a62f017-7583-40c2-98cd-f7bac1947b99,415,https://catalog.disaster.go.th/dataset/7bdbedaf-f9cd-4c42-893a-0c88ad65b2f5/resource/2a62f017-7583-40c2-98cd-f7bac1947b99/download/gd028_2566_final.csv,CSV
86,ชุมพร,2566,local_area_record,เมืองชุมพร,หาดพันไกร,2,24/4/2023,2023-04-24,,2023-06-28,duration_unconfirmed,,,all_agriculture_not_durian_specific,2a62f017-7583-40c2-98cd-f7bac1947b99,416,https://catalog.disaster.go.th/dataset/7bdbedaf-f9cd-4c42-893a-0c88ad65b2f5/resource/2a62f017-7583-40c2-98cd-f7bac1947b99/download/gd028_2566_final.csv,CSV
86,ชุมพร,2566,local_area_record,เมืองชุมพร,หาดพันไกร,3,24/4/2023,2023-04-24,,2023-06-28,duration_unconfirmed,,,all_agriculture_not_durian_specific,2a62f017-7583-40c2-98cd-f7bac1947b99,417,https://catalog.disaster.go.th/dataset/7bdbedaf-f9cd-4c42-893a-0c88ad65b2f5/resource/2a62f017-7583-40c2-98cd-f7bac1947b99/download/gd028_2566_final.csv,CSV
86,ชุมพร,2566,local_area_record,เมืองชุมพร,หาดพันไกร,4,24/4/2023,2023-04-24,,2023-06-28,duration_unconfirmed,,,all_agriculture_not_durian_specific,2a62f017-7583-40c2-98cd-f7bac1947b99,418,https://catalog.disaster.go.th/dataset/7bdbedaf-f9cd-4c42-893a-0c88ad65b2f5/resource/2a62f017-7583-40c2-98cd-f7bac1947b99/download/gd028_2566_final.csv,CSV
86,ชุมพร,2566,local_area_record,เมืองชุมพร,หาดพันไกร,5,24/4/2023,2023-04-24,,2023-06-28,duration_unconfirmed,,,all_agriculture_not_durian_specific,2a62f017-7583-40c2-98cd-f7bac1947b99,419,https://catalog.disaster.go.th/dataset/7bdbedaf-f9cd-4c42-893a-0c88ad65b2f5/resource/2a62f017-7583-40c2-98cd-f7bac1947b99/download/gd028_2566_final.csv,CSV
86,ชุมพร,2566,local_area_record,เมืองชุมพร,หาดพันไกร,6,24/4/2023,2023-04-24,,2023-06-28,duration_unconfirmed,,,all_agriculture_not_durian_specific,2a62f017-7583-40c2-98cd-f7bac1947b99,420,https://catalog.disaster.go.th/dataset/7bdbedaf-f9cd-4c42-893a-0c88ad65b2f5/resource/2a62f017-7583-40c2-98cd-f7bac1947b99/download/gd028_2566_final.csv,CSV
86,ชุมพร,2566,local_area_record,เมืองชุมพร,หาดพันไกร,7,24/4/2023,2023-04-24,,2023-06-28,duration_unconfirmed,,,all_agriculture_not_durian_specific,2a62f017-7583-40c2-98cd-f7bac1947b99,421,https://catalog.disaster.go.th/dataset/7bdbedaf-f9cd-4c42-893a-0c88ad65b2f5/resource/2a62f017-7583-40c2-98cd-f7bac1947b99/download/gd028_2566_final.csv,CSV
86,ชุมพร,2566,local_area_record,เมืองชุมพร,หาดพันไกร,8,24/4/2023,2023-04-24,,2023-06-28,duration_unconfirmed,,,all_agriculture_not_durian_specific,2a62f017-7583-40c2-98cd-f7bac1947b99,422,https://catalog.disaster.go.th/dataset/7bdbedaf-f9cd-4c42-893a-0c88ad65b2f5/resource/2a62f017-7583-40c2-98cd-f7bac1947b99/download/gd028_2566_final.csv,CSV
86,ชุมพร,2566,local_area_record,เมืองชุมพร,หาดพันไกร,9,24/4/2023,2023-04-24,,2023-06-28,duration_unconfirmed,,,all_agriculture_not_durian_specific,2a62f017-7583-40c2-98cd-f7bac1947b99,423,https://catalog.disaster.go.th/dataset/7bdbedaf-f9cd-4c42-893a-0c88ad65b2f5/resource/2a62f017-7583-40c2-98cd-f7bac1947b99/download/gd028_2566_final.csv,CSV
86,ชุมพร,2566,local_area_record,เมืองชุมพร,วังไผ่,1,24/4/2023,2023-04-24,,2023-06-28,duration_unconfirmed,,,all_agriculture_not_durian_specific,2a62f017-7583-40c2-98cd-f7bac1947b99,424,https://catalog.disaster.go.th/dataset/7bdbedaf-f9cd-4c42-893a-0c88ad65b2f5/resource/2a62f017-7583-40c2-98cd-f7bac1947b99/download/gd028_2566_final.csv,CSV
86,ชุมพร,2566,local_area_record,เมืองชุมพร,วังไผ่,10,24/4/2023,2023-04-24,,2023-06-28,duration_unconfirmed,,,all_agriculture_not_durian_specific,2a62f017-7583-40c2-98cd-f7bac1947b99,425,https://catalog.disaster.go.th/dataset/7bdbedaf-f9cd-4c42-893a-0c88ad65b2f5/resource/2a62f017-7583-40c2-98cd-f7bac1947b99/download/gd028_2566_final.csv,CSV
86,ชุมพร,2566,local_area_record,เมืองชุมพร,วังไผ่,12,24/4/2023,2023-04-24,,2023-06-28,duration_unconfirmed,,,all_agriculture_not_durian_specific,2a62f017-7583-40c2-98cd-f7bac1947b99,426,https://catalog.disaster.go.th/dataset/7bdbedaf-f9cd-4c42-893a-0c88ad65b2f5/resource/2a62f017-7583-40c2-98cd-f7bac1947b99/download/gd028_2566_final.csv,CSV
86,ชุมพร,2566,local_area_record,เมืองชุมพร,วังไผ่,13,24/4/2023,2023-04-24,,2023-06-28,duration_unconfirmed,,,all_agriculture_not_durian_specific,2a62f017-7583-40c2-98cd-f7bac1947b99,427,https://catalog.disaster.go.th/dataset/7bdbedaf-f9cd-4c42-893a-0c88ad65b2f5/resource/2a62f017-7583-40c2-98cd-f7bac1947b99/download/gd028_2566_final.csv,CSV
86,ชุมพร,2566,local_area_record,เมืองชุมพร,วังไผ่,4,24/4/2023,2023-04-24,,2023-06-28,duration_unconfirmed,,,all_agriculture_not_durian_specific,2a62f017-7583-40c2-98cd-f7bac1947b99,428,https://catalog.disaster.go.th/dataset/7bdbedaf-f9cd-4c42-893a-0c88ad65b2f5/resource/2a62f017-7583-40c2-98cd-f7bac1947b99/download/gd028_2566_final.csv,CSV
86,ชุมพร,2566,local_area_record,เมืองชุมพร,วังไผ่,5,24/4/2023,2023-04-24,,2023-06-28,duration_unconfirmed,,,all_agriculture_not_durian_specific,2a62f017-7583-40c2-98cd-f7bac1947b99,429,https://catalog.disaster.go.th/dataset/7bdbedaf-f9cd-4c42-893a-0c88ad65b2f5/resource/2a62f017-7583-40c2-98cd-f7bac1947b99/download/gd028_2566_final.csv,CSV
86,ชุมพร,2566,local_area_record,เมืองชุมพร,วังไผ่,6,24/4/2023,2023-04-24,,2023-06-28,duration_unconfirmed,,,all_agriculture_not_durian_specific,2a62f017-7583-40c2-98cd-f7bac1947b99,430,https://catalog.disaster.go.th/dataset/7bdbedaf-f9cd-4c42-893a-0c88ad65b2f5/resource/2a62f017-7583-40c2-98cd-f7bac1947b99/download/gd028_2566_final.csv,CSV
86,ชุมพร,2566,local_area_record,เมืองชุมพร,วังไผ่,8,24/4/2023,2023-04-24,,2023-06-28,duration_unconfirmed,,,all_agriculture_not_durian_specific,2a62f017-7583-40c2-98cd-f7bac1947b99,431,https://catalog.disaster.go.th/dataset/7bdbedaf-f9cd-4c42-893a-0c88ad65b2f5/resource/2a62f017-7583-40c2-98cd-f7bac1947b99/download/gd028_2566_final.csv,CSV
86,ชุมพร,2566,local_area_record,เมืองชุมพร,วังไผ่,9,24/4/2023,2023-04-24,,2023-06-28,duration_unconfirmed,,,all_agriculture_not_durian_specific,2a62f017-7583-40c2-98cd-f7bac1947b99,432,https://catalog.disaster.go.th/dataset/7bdbedaf-f9cd-4c42-893a-0c88ad65b2f5/resource/2a62f017-7583-40c2-98cd-f7bac1947b99/download/gd028_2566_final.csv,CSV
86,ชุมพร,2566,local_area_record,เมืองชุมพร,วังใหม่,1,24/4/2023,2023-04-24,,2023-06-28,duration_unconfirmed,,,all_agriculture_not_durian_specific,2a62f017-7583-40c2-98cd-f7bac1947b99,433,https://catalog.disaster.go.th/dataset/7bdbedaf-f9cd-4c42-893a-0c88ad65b2f5/resource/2a62f017-7583-40c2-98cd-f7bac1947b99/download/gd028_2566_final.csv,CSV
86,ชุมพร,2566,local_area_record,เมืองชุมพร,วังใหม่,2,24/4/2023,2023-04-24,,2023-06-28,duration_unconfirmed,,,all_agriculture_not_durian_specific,2a62f017-7583-40c2-98cd-f7bac1947b99,434,https://catalog.disaster.go.th/dataset/7bdbedaf-f9cd-4c42-893a-0c88ad65b2f5/resource/2a62f017-7583-40c2-98cd-f7bac1947b99/download/gd028_2566_final.csv,CSV
86,ชุมพร,2566,local_area_record,เมืองชุมพร,วังใหม่,3,24/4/2023,2023-04-24,,2023-06-28,duration_unconfirmed,,,all_agriculture_not_durian_specific,2a62f017-7583-40c2-98cd-f7bac1947b99,435,https://catalog.disaster.go.th/dataset/7bdbedaf-f9cd-4c42-893a-0c88ad65b2f5/resource/2a62f017-7583-40c2-98cd-f7bac1947b99/download/gd028_2566_final.csv,CSV
86,ชุมพร,2566,local_area_record,เมืองชุมพร,วังใหม่,4,24/4/2023,2023-04-24,,2023-06-28,duration_unconfirmed,,,all_agriculture_not_durian_specific,2a62f017-7583-40c2-98cd-f7bac1947b99,436,https://catalog.disaster.go.th/dataset/7bdbedaf-f9cd-4c42-893a-0c88ad65b2f5/resource/2a62f017-7583-40c2-98cd-f7bac1947b99/download/gd028_2566_final.csv,CSV
86,ชุมพร,2566,local_area_record,เมืองชุมพร,วังใหม่,5,24/4/2023,2023-04-24,,2023-06-28,duration_unconfirmed,,,all_agriculture_not_durian_specific,2a62f017-7583-40c2-98cd-f7bac1947b99,437,https://catalog.disaster.go.th/dataset/7bdbedaf-f9cd-4c42-893a-0c88ad65b2f5/resource/2a62f017-7583-40c2-98cd-f7bac1947b99/download/gd028_2566_final.csv,CSV
86,ชุมพร,2566,local_area_record,เมืองชุมพร,วังใหม่,6,24/4/2023,2023-04-24,,2023-06-28,duration_unconfirmed,,,all_agriculture_not_durian_specific,2a62f017-7583-40c2-98cd-f7bac1947b99,438,https://catalog.disaster.go.th/dataset/7bdbedaf-f9cd-4c42-893a-0c88ad65b2f5/resource/2a62f017-7583-40c2-98cd-f7bac1947b99/download/gd028_2566_final.csv,CSV
86,ชุมพร,2566,local_area_record,เมืองชุมพร,วังใหม่,7,24/4/2023,2023-04-24,,2023-06-28,duration_unconfirmed,,,all_agriculture_not_durian_specific,2a62f017-7583-40c2-98cd-f7bac1947b99,439,https://catalog.disaster.go.th/dataset/7bdbedaf-f9cd-4c42-893a-0c88ad65b2f5/resource/2a62f017-7583-40c2-98cd-f7bac1947b99/download/gd028_2566_final.csv,CSV
86,ชุมพร,2566,local_area_record,เมืองชุมพร,วังใหม่,8,24/4/2023,2023-04-24,,2023-06-28,duration_unconfirmed,,,all_agriculture_not_durian_specific,2a62f017-7583-40c2-98cd-f7bac1947b99,440,https://catalog.disaster.go.th/dataset/7bdbedaf-f9cd-4c42-893a-0c88ad65b2f5/resource/2a62f017-7583-40c2-98cd-f7bac1947b99/download/gd028_2566_final.csv,CSV
86,ชุมพร,2566,local_area_record,เมืองชุมพร,วังใหม่,9,24/4/2023,2023-04-24,,2023-06-28,duration_unconfirmed,,,all_agriculture_not_durian_specific,2a62f017-7583-40c2-98cd-f7bac1947b99,441,https://catalog.disaster.go.th/dataset/7bdbedaf-f9cd-4c42-893a-0c88ad65b2f5/resource/2a62f017-7583-40c2-98cd-f7bac1947b99/download/gd028_2566_final.csv,CSV
86,ชุมพร,2566,local_area_record,เมืองชุมพร,บ้านนา,1,24/4/2023,2023-04-24,,2023-06-28,duration_unconfirmed,,,all_agriculture_not_durian_specific,2a62f017-7583-40c2-98cd-f7bac1947b99,442,https://catalog.disaster.go.th/dataset/7bdbedaf-f9cd-4c42-893a-0c88ad65b2f5/resource/2a62f017-7583-40c2-98cd-f7bac1947b99/download/gd028_2566_final.csv,CSV
86,ชุมพร,2566,local_area_record,เมืองชุมพร,บ้านนา,10,24/4/2023,2023-04-24,,2023-06-28,duration_unconfirmed,,,all_agriculture_not_durian_specific,2a62f017-7583-40c2-98cd-f7bac1947b99,443,https://catalog.disaster.go.th/dataset/7bdbedaf-f9cd-4c42-893a-0c88ad65b2f5/resource/2a62f017-7583-40c2-98cd-f7bac1947b99/download/gd028_2566_final.csv,CSV
86,ชุมพร,2566,local_area_record,เมืองชุมพร,บ้านนา,11,24/4/2023,2023-04-24,,2023-06-28,duration_unconfirmed,,,all_agriculture_not_durian_specific,2a62f017-7583-40c2-98cd-f7bac1947b99,444,https://catalog.disaster.go.th/dataset/7bdbedaf-f9cd-4c42-893a-0c88ad65b2f5/resource/2a62f017-7583-40c2-98cd-f7bac1947b99/download/gd028_2566_final.csv,CSV
86,ชุมพร,2566,local_area_record,เมืองชุมพร,บ้านนา,12,24/4/2023,2023-04-24,,2023-06-28,duration_unconfirmed,,,all_agriculture_not_durian_specific,2a62f017-7583-40c2-98cd-f7bac1947b99,445,https://catalog.disaster.go.th/dataset/7bdbedaf-f9cd-4c42-893a-0c88ad65b2f5/resource/2a62f017-7583-40c2-98cd-f7bac1947b99/download/gd028_2566_final.csv,CSV
86,ชุมพร,2566,local_area_record,เมืองชุมพร,บ้านนา,13,24/4/2023,2023-04-24,,2023-06-28,duration_unconfirmed,,,all_agriculture_not_durian_specific,2a62f017-7583-40c2-98cd-f7bac1947b99,446,https://catalog.disaster.go.th/dataset/7bdbedaf-f9cd-4c42-893a-0c88ad65b2f5/resource/2a62f017-7583-40c2-98cd-f7bac1947b99/download/gd028_2566_final.csv,CSV
86,ชุมพร,2566,local_area_record,เมืองชุมพร,บ้านนา,2,24/4/2023,2023-04-24,,2023-06-28,duration_unconfirmed,,,all_agriculture_not_durian_specific,2a62f017-7583-40c2-98cd-f7bac1947b99,447,https://catalog.disaster.go.th/dataset/7bdbedaf-f9cd-4c42-893a-0c88ad65b2f5/resource/2a62f017-7583-40c2-98cd-f7bac1947b99/download/gd028_2566_final.csv,CSV
86,ชุมพร,2566,local_area_record,เมืองชุมพร,บ้านนา,3,24/4/2023,2023-04-24,,2023-06-28,duration_unconfirmed,,,all_agriculture_not_durian_specific,2a62f017-7583-40c2-98cd-f7bac1947b99,448,https://catalog.disaster.go.th/dataset/7bdbedaf-f9cd-4c42-893a-0c88ad65b2f5/resource/2a62f017-7583-40c2-98cd-f7bac1947b99/download/gd028_2566_final.csv,CSV
86,ชุมพร,2566,local_area_record,เมืองชุมพร,บ้านนา,4,24/4/2023,2023-04-24,,2023-06-28,duration_unconfirmed,,,all_agriculture_not_durian_specific,2a62f017-7583-40c2-98cd-f7bac1947b99,449,https://catalog.disaster.go.th/dataset/7bdbedaf-f9cd-4c42-893a-0c88ad65b2f5/resource/2a62f017-7583-40c2-98cd-f7bac1947b99/download/gd028_2566_final.csv,CSV
86,ชุมพร,2566,local_area_record,เมืองชุมพร,บ้านนา,5,24/4/2023,2023-04-24,,2023-06-28,duration_unconfirmed,,,all_agriculture_not_durian_specific,2a62f017-7583-40c2-98cd-f7bac1947b99,450,https://catalog.disaster.go.th/dataset/7bdbedaf-f9cd-4c42-893a-0c88ad65b2f5/resource/2a62f017-7583-40c2-98cd-f7bac1947b99/download/gd028_2566_final.csv,CSV
86,ชุมพร,2566,local_area_record,เมืองชุมพร,บ้านนา,6,24/4/2023,2023-04-24,,2023-06-28,duration_unconfirmed,,,all_agriculture_not_durian_specific,2a62f017-7583-40c2-98cd-f7bac1947b99,451,https://catalog.disaster.go.th/dataset/7bdbedaf-f9cd-4c42-893a-0c88ad65b2f5/resource/2a62f017-7583-40c2-98cd-f7bac1947b99/download/gd028_2566_final.csv,CSV
86,ชุมพร,2566,local_area_record,เมืองชุมพร,บ้านนา,7,24/4/2023,2023-04-24,,2023-06-28,duration_unconfirmed,,,all_agriculture_not_durian_specific,2a62f017-7583-40c2-98cd-f7bac1947b99,452,https://catalog.disaster.go.th/dataset/7bdbedaf-f9cd-4c42-893a-0c88ad65b2f5/resource/2a62f017-7583-40c2-98cd-f7bac1947b99/download/gd028_2566_final.csv,CSV
86,ชุมพร,2566,local_area_record,เมืองชุมพร,บ้านนา,8,24/4/2023,2023-04-24,,2023-06-28,duration_unconfirmed,,,all_agriculture_not_durian_specific,2a62f017-7583-40c2-98cd-f7bac1947b99,453,https://catalog.disaster.go.th/dataset/7bdbedaf-f9cd-4c42-893a-0c88ad65b2f5/resource/2a62f017-7583-40c2-98cd-f7bac1947b99/download/gd028_2566_final.csv,CSV
86,ชุมพร,2566,local_area_record,เมืองชุมพร,บ้านนา,9,24/4/2023,2023-04-24,,2023-06-28,duration_unconfirmed,,,all_agriculture_not_durian_specific,2a62f017-7583-40c2-98cd-f7bac1947b99,454,https://catalog.disaster.go.th/dataset/7bdbedaf-f9cd-4c42-893a-0c88ad65b2f5/resource/2a62f017-7583-40c2-98cd-f7bac1947b99/download/gd028_2566_final.csv,CSV
86,ชุมพร,2566,local_area_record,เมืองชุมพร,ขุนกระทิง,1,24/4/2023,2023-04-24,,2023-06-28,duration_unconfirmed,,,all_agriculture_not_durian_specific,2a62f017-7583-40c2-98cd-f7bac1947b99,455,https://catalog.disaster.go.th/dataset/7bdbedaf-f9cd-4c42-893a-0c88ad65b2f5/resource/2a62f017-7583-40c2-98cd-f7bac1947b99/download/gd028_2566_final.csv,CSV
86,ชุมพร,2566,local_area_record,เมืองชุมพร,ขุนกระทิง,2,24/4/2023,2023-04-24,,2023-06-28,duration_unconfirmed,,,all_agriculture_not_durian_specific,2a62f017-7583-40c2-98cd-f7bac1947b99,456,https://catalog.disaster.go.th/dataset/7bdbedaf-f9cd-4c42-893a-0c88ad65b2f5/resource/2a62f017-7583-40c2-98cd-f7bac1947b99/download/gd028_2566_final.csv,CSV
86,ชุมพร,2566,local_area_record,เมืองชุมพร,ขุนกระทิง,3,24/4/2023,2023-04-24,,2023-06-28,duration_unconfirmed,,,all_agriculture_not_durian_specific,2a62f017-7583-40c2-98cd-f7bac1947b99,457,https://catalog.disaster.go.th/dataset/7bdbedaf-f9cd-4c42-893a-0c88ad65b2f5/resource/2a62f017-7583-40c2-98cd-f7bac1947b99/download/gd028_2566_final.csv,CSV
86,ชุมพร,2566,local_area_record,เมืองชุมพร,ขุนกระทิง,4,24/4/2023,2023-04-24,,2023-06-28,duration_unconfirmed,,,all_agriculture_not_durian_specific,2a62f017-7583-40c2-98cd-f7bac1947b99,458,https://catalog.disaster.go.th/dataset/7bdbedaf-f9cd-4c42-893a-0c88ad65b2f5/resource/2a62f017-7583-40c2-98cd-f7bac1947b99/download/gd028_2566_final.csv,CSV
86,ชุมพร,2566,local_area_record,เมืองชุมพร,ขุนกระทิง,5,24/4/2023,2023-04-24,,2023-06-28,duration_unconfirmed,,,all_agriculture_not_durian_specific,2a62f017-7583-40c2-98cd-f7bac1947b99,459,https://catalog.disaster.go.th/dataset/7bdbedaf-f9cd-4c42-893a-0c88ad65b2f5/resource/2a62f017-7583-40c2-98cd-f7bac1947b99/download/gd028_2566_final.csv,CSV
86,ชุมพร,2566,local_area_record,เมืองชุมพร,ขุนกระทิง,6,24/4/2023,2023-04-24,,2023-06-28,duration_unconfirmed,,,all_agriculture_not_durian_specific,2a62f017-7583-40c2-98cd-f7bac1947b99,460,https://catalog.disaster.go.th/dataset/7bdbedaf-f9cd-4c42-893a-0c88ad65b2f5/resource/2a62f017-7583-40c2-98cd-f7bac1947b99/download/gd028_2566_final.csv,CSV
86,ชุมพร,2566,local_area_record,เมืองชุมพร,ขุนกระทิง,7,24/4/2023,2023-04-24,,2023-06-28,duration_unconfirmed,,,all_agriculture_not_durian_specific,2a62f017-7583-40c2-98cd-f7bac1947b99,461,https://catalog.disaster.go.th/dataset/7bdbedaf-f9cd-4c42-893a-0c88ad65b2f5/resource/2a62f017-7583-40c2-98cd-f7bac1947b99/download/gd028_2566_final.csv,CSV
86,ชุมพร,2566,local_area_record,เมืองชุมพร,ขุนกระทิง,8,24/4/2023,2023-04-24,,2023-06-28,duration_unconfirmed,,,all_agriculture_not_durian_specific,2a62f017-7583-40c2-98cd-f7bac1947b99,462,https://catalog.disaster.go.th/dataset/7bdbedaf-f9cd-4c42-893a-0c88ad65b2f5/resource/2a62f017-7583-40c2-98cd-f7bac1947b99/download/gd028_2566_final.csv,CSV
86,ชุมพร,2566,local_area_record,เมืองชุมพร,ทุ่งคา,1,24/4/2023,2023-04-24,,2023-06-28,duration_unconfirmed,,,all_agriculture_not_durian_specific,2a62f017-7583-40c2-98cd-f7bac1947b99,463,https://catalog.disaster.go.th/dataset/7bdbedaf-f9cd-4c42-893a-0c88ad65b2f5/resource/2a62f017-7583-40c2-98cd-f7bac1947b99/download/gd028_2566_final.csv,CSV
86,ชุมพร,2566,local_area_record,เมืองชุมพร,ทุ่งคา,10,24/4/2023,2023-04-24,,2023-06-28,duration_unconfirmed,,,all_agriculture_not_durian_specific,2a62f017-7583-40c2-98cd-f7bac1947b99,464,https://catalog.disaster.go.th/dataset/7bdbedaf-f9cd-4c42-893a-0c88ad65b2f5/resource/2a62f017-7583-40c2-98cd-f7bac1947b99/download/gd028_2566_final.csv,CSV
86,ชุมพร,2566,local_area_record,เมืองชุมพร,ทุ่งคา,11,24/4/2023,2023-04-24,,2023-06-28,duration_unconfirmed,,,all_agriculture_not_durian_specific,2a62f017-7583-40c2-98cd-f7bac1947b99,465,https://catalog.disaster.go.th/dataset/7bdbedaf-f9cd-4c42-893a-0c88ad65b2f5/resource/2a62f017-7583-40c2-98cd-f7bac1947b99/download/gd028_2566_final.csv,CSV
86,ชุมพร,2566,local_area_record,เมืองชุมพร,ทุ่งคา,2,24/4/2023,2023-04-24,,2023-06-28,duration_unconfirmed,,,all_agriculture_not_durian_specific,2a62f017-7583-40c2-98cd-f7bac1947b99,466,https://catalog.disaster.go.th/dataset/7bdbedaf-f9cd-4c42-893a-0c88ad65b2f5/resource/2a62f017-7583-40c2-98cd-f7bac1947b99/download/gd028_2566_final.csv,CSV
86,ชุมพร,2566,local_area_record,เมืองชุมพร,ทุ่งคา,3,24/4/2023,2023-04-24,,2023-06-28,duration_unconfirmed,,,all_agriculture_not_durian_specific,2a62f017-7583-40c2-98cd-f7bac1947b99,467,https://catalog.disaster.go.th/dataset/7bdbedaf-f9cd-4c42-893a-0c88ad65b2f5/resource/2a62f017-7583-40c2-98cd-f7bac1947b99/download/gd028_2566_final.csv,CSV
86,ชุมพร,2566,local_area_record,เมืองชุมพร,ทุ่งคา,4,24/4/2023,2023-04-24,,2023-06-28,duration_unconfirmed,,,all_agriculture_not_durian_specific,2a62f017-7583-40c2-98cd-f7bac1947b99,468,https://catalog.disaster.go.th/dataset/7bdbedaf-f9cd-4c42-893a-0c88ad65b2f5/resource/2a62f017-7583-40c2-98cd-f7bac1947b99/download/gd028_2566_final.csv,CSV
86,ชุมพร,2566,local_area_record,เมืองชุมพร,ทุ่งคา,5,24/4/2023,2023-04-24,,2023-06-28,duration_unconfirmed,,,all_agriculture_not_durian_specific,2a62f017-7583-40c2-98cd-f7bac1947b99,469,https://catalog.disaster.go.th/dataset/7bdbedaf-f9cd-4c42-893a-0c88ad65b2f5/resource/2a62f017-7583-40c2-98cd-f7bac1947b99/download/gd028_2566_final.csv,CSV
86,ชุมพร,2566,local_area_record,เมืองชุมพร,ทุ่งคา,6,24/4/2023,2023-04-24,,2023-06-28,duration_unconfirmed,,,all_agriculture_not_durian_specific,2a62f017-7583-40c2-98cd-f7bac1947b99,470,https://catalog.disaster.go.th/dataset/7bdbedaf-f9cd-4c42-893a-0c88ad65b2f5/resource/2a62f017-7583-40c2-98cd-f7bac1947b99/download/gd028_2566_final.csv,CSV
86,ชุมพร,2566,local_area_record,เมืองชุมพร,ทุ่งคา,7,24/4/2023,2023-04-24,,2023-06-28,duration_unconfirmed,,,all_agriculture_not_durian_specific,2a62f017-7583-40c2-98cd-f7bac1947b99,471,https://catalog.disaster.go.th/dataset/7bdbedaf-f9cd-4c42-893a-0c88ad65b2f5/resource/2a62f017-7583-40c2-98cd-f7bac1947b99/download/gd028_2566_final.csv,CSV
86,ชุมพร,2566,local_area_record,เมืองชุมพร,ทุ่งคา,8,24/4/2023,2023-04-24,,2023-06-28,duration_unconfirmed,,,all_agriculture_not_durian_specific,2a62f017-7583-40c2-98cd-f7bac1947b99,472,https://catalog.disaster.go.th/dataset/7bdbedaf-f9cd-4c42-893a-0c88ad65b2f5/resource/2a62f017-7583-40c2-98cd-f7bac1947b99/download/gd028_2566_final.csv,CSV
86,ชุมพร,2566,local_area_record,เมืองชุมพร,ทุ่งคา,9,24/4/2023,2023-04-24,,2023-06-28,duration_unconfirmed,,,all_agriculture_not_durian_specific,2a62f017-7583-40c2-98cd-f7bac1947b99,473,https://catalog.disaster.go.th/dataset/7bdbedaf-f9cd-4c42-893a-0c88ad65b2f5/resource/2a62f017-7583-40c2-98cd-f7bac1947b99/download/gd028_2566_final.csv,CSV
86,ชุมพร,2566,local_area_record,เมืองชุมพร,วิสัยเหนือ,1,24/4/2023,2023-04-24,,2023-06-28,duration_unconfirmed,,,all_agriculture_not_durian_specific,2a62f017-7583-40c2-98cd-f7bac1947b99,474,https://catalog.disaster.go.th/dataset/7bdbedaf-f9cd-4c42-893a-0c88ad65b2f5/resource/2a62f017-7583-40c2-98cd-f7bac1947b99/download/gd028_2566_final.csv,CSV
86,ชุมพร,2566,local_area_record,เมืองชุมพร,วิสัยเหนือ,10,24/4/2023,2023-04-24,,2023-06-28,duration_unconfirmed,,,all_agriculture_not_durian_specific,2a62f017-7583-40c2-98cd-f7bac1947b99,475,https://catalog.disaster.go.th/dataset/7bdbedaf-f9cd-4c42-893a-0c88ad65b2f5/resource/2a62f017-7583-40c2-98cd-f7bac1947b99/download/gd028_2566_final.csv,CSV
86,ชุมพร,2566,local_area_record,เมืองชุมพร,วิสัยเหนือ,11,24/4/2023,2023-04-24,,2023-06-28,duration_unconfirmed,,,all_agriculture_not_durian_specific,2a62f017-7583-40c2-98cd-f7bac1947b99,476,https://catalog.disaster.go.th/dataset/7bdbedaf-f9cd-4c42-893a-0c88ad65b2f5/resource/2a62f017-7583-40c2-98cd-f7bac1947b99/download/gd028_2566_final.csv,CSV
86,ชุมพร,2566,local_area_record,เมืองชุมพร,วิสัยเหนือ,12,24/4/2023,2023-04-24,,2023-06-28,duration_unconfirmed,,,all_agriculture_not_durian_specific,2a62f017-7583-40c2-98cd-f7bac1947b99,477,https://catalog.disaster.go.th/dataset/7bdbedaf-f9cd-4c42-893a-0c88ad65b2f5/resource/2a62f017-7583-40c2-98cd-f7bac1947b99/download/gd028_2566_final.csv,CSV
86,ชุมพร,2566,local_area_record,เมืองชุมพร,วิสัยเหนือ,2,24/4/2023,2023-04-24,,2023-06-28,duration_unconfirmed,,,all_agriculture_not_durian_specific,2a62f017-7583-40c2-98cd-f7bac1947b99,478,https://catalog.disaster.go.th/dataset/7bdbedaf-f9cd-4c42-893a-0c88ad65b2f5/resource/2a62f017-7583-40c2-98cd-f7bac1947b99/download/gd028_2566_final.csv,CSV
86,ชุมพร,2566,local_area_record,เมืองชุมพร,วิสัยเหนือ,3,24/4/2023,2023-04-24,,2023-06-28,duration_unconfirmed,,,all_agriculture_not_durian_specific,2a62f017-7583-40c2-98cd-f7bac1947b99,479,https://catalog.disaster.go.th/dataset/7bdbedaf-f9cd-4c42-893a-0c88ad65b2f5/resource/2a62f017-7583-40c2-98cd-f7bac1947b99/download/gd028_2566_final.csv,CSV
86,ชุมพร,2566,local_area_record,เมืองชุมพร,วิสัยเหนือ,4,24/4/2023,2023-04-24,,2023-06-28,duration_unconfirmed,,,all_agriculture_not_durian_specific,2a62f017-7583-40c2-98cd-f7bac1947b99,480,https://catalog.disaster.go.th/dataset/7bdbedaf-f9cd-4c42-893a-0c88ad65b2f5/resource/2a62f017-7583-40c2-98cd-f7bac1947b99/download/gd028_2566_final.csv,CSV
86,ชุมพร,2566,local_area_record,เมืองชุมพร,วิสัยเหนือ,5,24/4/2023,2023-04-24,,2023-06-28,duration_unconfirmed,,,all_agriculture_not_durian_specific,2a62f017-7583-40c2-98cd-f7bac1947b99,481,https://catalog.disaster.go.th/dataset/7bdbedaf-f9cd-4c42-893a-0c88ad65b2f5/resource/2a62f017-7583-40c2-98cd-f7bac1947b99/download/gd028_2566_final.csv,CSV
86,ชุมพร,2566,local_area_record,เมืองชุมพร,วิสัยเหนือ,6,24/4/2023,2023-04-24,,2023-06-28,duration_unconfirmed,,,all_agriculture_not_durian_specific,2a62f017-7583-40c2-98cd-f7bac1947b99,482,https://catalog.disaster.go.th/dataset/7bdbedaf-f9cd-4c42-893a-0c88ad65b2f5/resource/2a62f017-7583-40c2-98cd-f7bac1947b99/download/gd028_2566_final.csv,CSV
86,ชุมพร,2566,local_area_record,เมืองชุมพร,วิสัยเหนือ,7,24/4/2023,2023-04-24,,2023-06-28,duration_unconfirmed,,,all_agriculture_not_durian_specific,2a62f017-7583-40c2-98cd-f7bac1947b99,483,https://catalog.disaster.go.th/dataset/7bdbedaf-f9cd-4c42-893a-0c88ad65b2f5/resource/2a62f017-7583-40c2-98cd-f7bac1947b99/download/gd028_2566_final.csv,CSV
86,ชุมพร,2566,local_area_record,เมืองชุมพร,วิสัยเหนือ,8,24/4/2023,2023-04-24,,2023-06-28,duration_unconfirmed,,,all_agriculture_not_durian_specific,2a62f017-7583-40c2-98cd-f7bac1947b99,484,https://catalog.disaster.go.th/dataset/7bdbedaf-f9cd-4c42-893a-0c88ad65b2f5/resource/2a62f017-7583-40c2-98cd-f7bac1947b99/download/gd028_2566_final.csv,CSV
86,ชุมพร,2566,local_area_record,เมืองชุมพร,วิสัยเหนือ,9,24/4/2023,2023-04-24,,2023-06-28,duration_unconfirmed,,,all_agriculture_not_durian_specific,2a62f017-7583-40c2-98cd-f7bac1947b99,485,https://catalog.disaster.go.th/dataset/7bdbedaf-f9cd-4c42-893a-0c88ad65b2f5/resource/2a62f017-7583-40c2-98cd-f7bac1947b99/download/gd028_2566_final.csv,CSV
86,ชุมพร,2566,local_area_record,เมืองชุมพร,หาดทรายรี,1,24/4/2023,2023-04-24,,2023-06-28,duration_unconfirmed,,,all_agriculture_not_durian_specific,2a62f017-7583-40c2-98cd-f7bac1947b99,486,https://catalog.disaster.go.th/dataset/7bdbedaf-f9cd-4c42-893a-0c88ad65b2f5/resource/2a62f017-7583-40c2-98cd-f7bac1947b99/download/gd028_2566_final.csv,CSV
86,ชุมพร,2566,local_area_record,เมืองชุมพร,หาดทรายรี,2,24/4/2023,2023-04-24,,2023-06-28,duration_unconfirmed,,,all_agriculture_not_durian_specific,2a62f017-7583-40c2-98cd-f7bac1947b99,487,https://catalog.disaster.go.th/dataset/7bdbedaf-f9cd-4c42-893a-0c88ad65b2f5/resource/2a62f017-7583-40c2-98cd-f7bac1947b99/download/gd028_2566_final.csv,CSV
86,ชุมพร,2566,local_area_record,เมืองชุมพร,หาดทรายรี,3,24/4/2023,2023-04-24,,2023-06-28,duration_unconfirmed,,,all_agriculture_not_durian_specific,2a62f017-7583-40c2-98cd-f7bac1947b99,488,https://catalog.disaster.go.th/dataset/7bdbedaf-f9cd-4c42-893a-0c88ad65b2f5/resource/2a62f017-7583-40c2-98cd-f7bac1947b99/download/gd028_2566_final.csv,CSV
86,ชุมพร,2566,local_area_record,เมืองชุมพร,หาดทรายรี,4,24/4/2023,2023-04-24,,2023-06-28,duration_unconfirmed,,,all_agriculture_not_durian_specific,2a62f017-7583-40c2-98cd-f7bac1947b99,489,https://catalog.disaster.go.th/dataset/7bdbedaf-f9cd-4c42-893a-0c88ad65b2f5/resource/2a62f017-7583-40c2-98cd-f7bac1947b99/download/gd028_2566_final.csv,CSV
86,ชุมพร,2566,local_area_record,เมืองชุมพร,หาดทรายรี,5,24/4/2023,2023-04-24,,2023-06-28,duration_unconfirmed,,,all_agriculture_not_durian_specific,2a62f017-7583-40c2-98cd-f7bac1947b99,490,https://catalog.disaster.go.th/dataset/7bdbedaf-f9cd-4c42-893a-0c88ad65b2f5/resource/2a62f017-7583-40c2-98cd-f7bac1947b99/download/gd028_2566_final.csv,CSV
86,ชุมพร,2566,local_area_record,เมืองชุมพร,หาดทรายรี,6,24/4/2023,2023-04-24,,2023-06-28,duration_unconfirmed,,,all_agriculture_not_durian_specific,2a62f017-7583-40c2-98cd-f7bac1947b99,491,https://catalog.disaster.go.th/dataset/7bdbedaf-f9cd-4c42-893a-0c88ad65b2f5/resource/2a62f017-7583-40c2-98cd-f7bac1947b99/download/gd028_2566_final.csv,CSV
86,ชุมพร,2566,local_area_record,เมืองชุมพร,หาดทรายรี,7,24/4/2023,2023-04-24,,2023-06-28,duration_unconfirmed,,,all_agriculture_not_durian_specific,2a62f017-7583-40c2-98cd-f7bac1947b99,492,https://catalog.disaster.go.th/dataset/7bdbedaf-f9cd-4c42-893a-0c88ad65b2f5/resource/2a62f017-7583-40c2-98cd-f7bac1947b99/download/gd028_2566_final.csv,CSV
86,ชุมพร,2566,local_area_record,เมืองชุมพร,ถ้ำสิงห์,1,24/4/2023,2023-04-24,,2023-06-28,duration_unconfirmed,,,all_agriculture_not_durian_specific,2a62f017-7583-40c2-98cd-f7bac1947b99,493,https://catalog.disaster.go.th/dataset/7bdbedaf-f9cd-4c42-893a-0c88ad65b2f5/resource/2a62f017-7583-40c2-98cd-f7bac1947b99/download/gd028_2566_final.csv,CSV
86,ชุมพร,2566,local_area_record,เมืองชุมพร,ถ้ำสิงห์,2,24/4/2023,2023-04-24,,2023-06-28,duration_unconfirmed,,,all_agriculture_not_durian_specific,2a62f017-7583-40c2-98cd-f7bac1947b99,494,https://catalog.disaster.go.th/dataset/7bdbedaf-f9cd-4c42-893a-0c88ad65b2f5/resource/2a62f017-7583-40c2-98cd-f7bac1947b99/download/gd028_2566_final.csv,CSV
86,ชุมพร,2566,local_area_record,เมืองชุมพร,ถ้ำสิงห์,3,24/4/2023,2023-04-24,,2023-06-28,duration_unconfirmed,,,all_agriculture_not_durian_specific,2a62f017-7583-40c2-98cd-f7bac1947b99,495,https://catalog.disaster.go.th/dataset/7bdbedaf-f9cd-4c42-893a-0c88ad65b2f5/resource/2a62f017-7583-40c2-98cd-f7bac1947b99/download/gd028_2566_final.csv,CSV
86,ชุมพร,2566,local_area_record,เมืองชุมพร,ถ้ำสิงห์,4,24/4/2023,2023-04-24,,2023-06-28,duration_unconfirmed,,,all_agriculture_not_durian_specific,2a62f017-7583-40c2-98cd-f7bac1947b99,496,https://catalog.disaster.go.th/dataset/7bdbedaf-f9cd-4c42-893a-0c88ad65b2f5/resource/2a62f017-7583-40c2-98cd-f7bac1947b99/download/gd028_2566_final.csv,CSV
86,ชุมพร,2566,local_area_record,เมืองชุมพร,ถ้ำสิงห์,5,24/4/2023,2023-04-24,,2023-06-28,duration_unconfirmed,,,all_agriculture_not_durian_specific,2a62f017-7583-40c2-98cd-f7bac1947b99,497,https://catalog.disaster.go.th/dataset/7bdbedaf-f9cd-4c42-893a-0c88ad65b2f5/resource/2a62f017-7583-40c2-98cd-f7bac1947b99/download/gd028_2566_final.csv,CSV
86,ชุมพร,2566,local_area_record,เมืองชุมพร,ถ้ำสิงห์,6,24/4/2023,2023-04-24,,2023-06-28,duration_unconfirmed,,,all_agriculture_not_durian_specific,2a62f017-7583-40c2-98cd-f7bac1947b99,498,https://catalog.disaster.go.th/dataset/7bdbedaf-f9cd-4c42-893a-0c88ad65b2f5/resource/2a62f017-7583-40c2-98cd-f7bac1947b99/download/gd028_2566_final.csv,CSV
86,ชุมพร,2566,local_area_record,ท่าแซะ,ท่าแซะ,1,25/4/2023,2023-04-25,,2023-06-19,duration_unconfirmed,,1355,all_agriculture_not_durian_specific,2a62f017-7583-40c2-98cd-f7bac1947b99,499,https://catalog.disaster.go.th/dataset/7bdbedaf-f9cd-4c42-893a-0c88ad65b2f5/resource/2a62f017-7583-40c2-98cd-f7bac1947b99/download/gd028_2566_final.csv,CSV
86,ชุมพร,2566,local_area_record,ท่าแซะ,ท่าแซะ,10,25/4/2023,2023-04-25,,2023-06-19,duration_unconfirmed,,,all_agriculture_not_durian_specific,2a62f017-7583-40c2-98cd-f7bac1947b99,500,https://catalog.disaster.go.th/dataset/7bdbedaf-f9cd-4c42-893a-0c88ad65b2f5/resource/2a62f017-7583-40c2-98cd-f7bac1947b99/download/gd028_2566_final.csv,CSV
86,ชุมพร,2566,local_area_record,ท่าแซะ,ท่าแซะ,11,25/4/2023,2023-04-25,,2023-06-19,duration_unconfirmed,,,all_agriculture_not_durian_specific,2a62f017-7583-40c2-98cd-f7bac1947b99,501,https://catalog.disaster.go.th/dataset/7bdbedaf-f9cd-4c42-893a-0c88ad65b2f5/resource/2a62f017-7583-40c2-98cd-f7bac1947b99/download/gd028_2566_final.csv,CSV
86,ชุมพร,2566,local_area_record,ท่าแซะ,ท่าแซะ,12,25/4/2023,2023-04-25,,2023-06-19,duration_unconfirmed,,,all_agriculture_not_durian_specific,2a62f017-7583-40c2-98cd-f7bac1947b99,502,https://catalog.disaster.go.th/dataset/7bdbedaf-f9cd-4c42-893a-0c88ad65b2f5/resource/2a62f017-7583-40c2-98cd-f7bac1947b99/download/gd028_2566_final.csv,CSV
86,ชุมพร,2566,local_area_record,ท่าแซะ,ท่าแซะ,13,25/4/2023,2023-04-25,,2023-06-19,duration_unconfirmed,,,all_agriculture_not_durian_specific,2a62f017-7583-40c2-98cd-f7bac1947b99,503,https://catalog.disaster.go.th/dataset/7bdbedaf-f9cd-4c42-893a-0c88ad65b2f5/resource/2a62f017-7583-40c2-98cd-f7bac1947b99/download/gd028_2566_final.csv,CSV
86,ชุมพร,2566,local_area_record,ท่าแซะ,ท่าแซะ,14,25/4/2023,2023-04-25,,2023-06-19,duration_unconfirmed,,,all_agriculture_not_durian_specific,2a62f017-7583-40c2-98cd-f7bac1947b99,504,https://catalog.disaster.go.th/dataset/7bdbedaf-f9cd-4c42-893a-0c88ad65b2f5/resource/2a62f017-7583-40c2-98cd-f7bac1947b99/download/gd028_2566_final.csv,CSV
86,ชุมพร,2566,local_area_record,ท่าแซะ,ท่าแซะ,15,25/4/2023,2023-04-25,,2023-06-19,duration_unconfirmed,,,all_agriculture_not_durian_specific,2a62f017-7583-40c2-98cd-f7bac1947b99,505,https://catalog.disaster.go.th/dataset/7bdbedaf-f9cd-4c42-893a-0c88ad65b2f5/resource/2a62f017-7583-40c2-98cd-f7bac1947b99/download/gd028_2566_final.csv,CSV
86,ชุมพร,2566,local_area_record,ท่าแซะ,ท่าแซะ,16,25/4/2023,2023-04-25,,2023-06-19,duration_unconfirmed,,,all_agriculture_not_durian_specific,2a62f017-7583-40c2-98cd-f7bac1947b99,506,https://catalog.disaster.go.th/dataset/7bdbedaf-f9cd-4c42-893a-0c88ad65b2f5/resource/2a62f017-7583-40c2-98cd-f7bac1947b99/download/gd028_2566_final.csv,CSV
86,ชุมพร,2566,local_area_record,ท่าแซะ,ท่าแซะ,17,25/4/2023,2023-04-25,,2023-06-19,duration_unconfirmed,,,all_agriculture_not_durian_specific,2a62f017-7583-40c2-98cd-f7bac1947b99,507,https://catalog.disaster.go.th/dataset/7bdbedaf-f9cd-4c42-893a-0c88ad65b2f5/resource/2a62f017-7583-40c2-98cd-f7bac1947b99/download/gd028_2566_final.csv,CSV
86,ชุมพร,2566,local_area_record,ท่าแซะ,ท่าแซะ,18,25/4/2023,2023-04-25,,2023-06-19,duration_unconfirmed,,,all_agriculture_not_durian_specific,2a62f017-7583-40c2-98cd-f7bac1947b99,508,https://catalog.disaster.go.th/dataset/7bdbedaf-f9cd-4c42-893a-0c88ad65b2f5/resource/2a62f017-7583-40c2-98cd-f7bac1947b99/download/gd028_2566_final.csv,CSV
86,ชุมพร,2566,local_area_record,ท่าแซะ,ท่าแซะ,2,25/4/2023,2023-04-25,,2023-06-19,duration_unconfirmed,,,all_agriculture_not_durian_specific,2a62f017-7583-40c2-98cd-f7bac1947b99,509,https://catalog.disaster.go.th/dataset/7bdbedaf-f9cd-4c42-893a-0c88ad65b2f5/resource/2a62f017-7583-40c2-98cd-f7bac1947b99/download/gd028_2566_final.csv,CSV
86,ชุมพร,2566,local_area_record,ท่าแซะ,ท่าแซะ,3,25/4/2023,2023-04-25,,2023-06-19,duration_unconfirmed,,,all_agriculture_not_durian_specific,2a62f017-7583-40c2-98cd-f7bac1947b99,510,https://catalog.disaster.go.th/dataset/7bdbedaf-f9cd-4c42-893a-0c88ad65b2f5/resource/2a62f017-7583-40c2-98cd-f7bac1947b99/download/gd028_2566_final.csv,CSV
86,ชุมพร,2566,local_area_record,ท่าแซะ,ท่าแซะ,4,25/4/2023,2023-04-25,,2023-06-19,duration_unconfirmed,,,all_agriculture_not_durian_specific,2a62f017-7583-40c2-98cd-f7bac1947b99,511,https://catalog.disaster.go.th/dataset/7bdbedaf-f9cd-4c42-893a-0c88ad65b2f5/resource/2a62f017-7583-40c2-98cd-f7bac1947b99/download/gd028_2566_final.csv,CSV
86,ชุมพร,2566,local_area_record,ท่าแซะ,ท่าแซะ,5,25/4/2023,2023-04-25,,2023-06-19,duration_unconfirmed,,,all_agriculture_not_durian_specific,2a62f017-7583-40c2-98cd-f7bac1947b99,512,https://catalog.disaster.go.th/dataset/7bdbedaf-f9cd-4c42-893a-0c88ad65b2f5/resource/2a62f017-7583-40c2-98cd-f7bac1947b99/download/gd028_2566_final.csv,CSV
86,ชุมพร,2566,local_area_record,ท่าแซะ,ท่าแซะ,6,25/4/2023,2023-04-25,,2023-06-19,duration_unconfirmed,,,all_agriculture_not_durian_specific,2a62f017-7583-40c2-98cd-f7bac1947b99,513,https://catalog.disaster.go.th/dataset/7bdbedaf-f9cd-4c42-893a-0c88ad65b2f5/resource/2a62f017-7583-40c2-98cd-f7bac1947b99/download/gd028_2566_final.csv,CSV
86,ชุมพร,2566,local_area_record,ท่าแซะ,ท่าแซะ,7,25/4/2023,2023-04-25,,2023-06-19,duration_unconfirmed,,,all_agriculture_not_durian_specific,2a62f017-7583-40c2-98cd-f7bac1947b99,514,https://catalog.disaster.go.th/dataset/7bdbedaf-f9cd-4c42-893a-0c88ad65b2f5/resource/2a62f017-7583-40c2-98cd-f7bac1947b99/download/gd028_2566_final.csv,CSV
86,ชุมพร,2566,local_area_record,ท่าแซะ,ท่าแซะ,8,25/4/2023,2023-04-25,,2023-06-19,duration_unconfirmed,,,all_agriculture_not_durian_specific,2a62f017-7583-40c2-98cd-f7bac1947b99,515,https://catalog.disaster.go.th/dataset/7bdbedaf-f9cd-4c42-893a-0c88ad65b2f5/resource/2a62f017-7583-40c2-98cd-f7bac1947b99/download/gd028_2566_final.csv,CSV
86,ชุมพร,2566,local_area_record,ท่าแซะ,ท่าแซะ,9,25/4/2023,2023-04-25,,2023-06-19,duration_unconfirmed,,,all_agriculture_not_durian_specific,2a62f017-7583-40c2-98cd-f7bac1947b99,516,https://catalog.disaster.go.th/dataset/7bdbedaf-f9cd-4c42-893a-0c88ad65b2f5/resource/2a62f017-7583-40c2-98cd-f7bac1947b99/download/gd028_2566_final.csv,CSV
86,ชุมพร,2566,local_area_record,ท่าแซะ,สลุย,1,1/5/2023,2023-05-01,,2023-06-19,duration_unconfirmed,,810,all_agriculture_not_durian_specific,2a62f017-7583-40c2-98cd-f7bac1947b99,517,https://catalog.disaster.go.th/dataset/7bdbedaf-f9cd-4c42-893a-0c88ad65b2f5/resource/2a62f017-7583-40c2-98cd-f7bac1947b99/download/gd028_2566_final.csv,CSV
86,ชุมพร,2566,local_area_record,ท่าแซะ,สลุย,2,1/5/2023,2023-05-01,,2023-06-19,duration_unconfirmed,,,all_agriculture_not_durian_specific,2a62f017-7583-40c2-98cd-f7bac1947b99,518,https://catalog.disaster.go.th/dataset/7bdbedaf-f9cd-4c42-893a-0c88ad65b2f5/resource/2a62f017-7583-40c2-98cd-f7bac1947b99/download/gd028_2566_final.csv,CSV
86,ชุมพร,2566,local_area_record,ท่าแซะ,สลุย,3,1/5/2023,2023-05-01,,2023-06-19,duration_unconfirmed,,,all_agriculture_not_durian_specific,2a62f017-7583-40c2-98cd-f7bac1947b99,519,https://catalog.disaster.go.th/dataset/7bdbedaf-f9cd-4c42-893a-0c88ad65b2f5/resource/2a62f017-7583-40c2-98cd-f7bac1947b99/download/gd028_2566_final.csv,CSV
86,ชุมพร,2566,local_area_record,ท่าแซะ,สลุย,4,1/5/2023,2023-05-01,,2023-06-19,duration_unconfirmed,,,all_agriculture_not_durian_specific,2a62f017-7583-40c2-98cd-f7bac1947b99,520,https://catalog.disaster.go.th/dataset/7bdbedaf-f9cd-4c42-893a-0c88ad65b2f5/resource/2a62f017-7583-40c2-98cd-f7bac1947b99/download/gd028_2566_final.csv,CSV
86,ชุมพร,2566,local_area_record,ท่าแซะ,สลุย,5,1/5/2023,2023-05-01,,2023-06-19,duration_unconfirmed,,,all_agriculture_not_durian_specific,2a62f017-7583-40c2-98cd-f7bac1947b99,521,https://catalog.disaster.go.th/dataset/7bdbedaf-f9cd-4c42-893a-0c88ad65b2f5/resource/2a62f017-7583-40c2-98cd-f7bac1947b99/download/gd028_2566_final.csv,CSV
86,ชุมพร,2566,local_area_record,ท่าแซะ,สลุย,6,1/5/2023,2023-05-01,,2023-06-19,duration_unconfirmed,,,all_agriculture_not_durian_specific,2a62f017-7583-40c2-98cd-f7bac1947b99,522,https://catalog.disaster.go.th/dataset/7bdbedaf-f9cd-4c42-893a-0c88ad65b2f5/resource/2a62f017-7583-40c2-98cd-f7bac1947b99/download/gd028_2566_final.csv,CSV
86,ชุมพร,2566,local_area_record,ท่าแซะ,สลุย,7,1/5/2023,2023-05-01,,2023-06-19,duration_unconfirmed,,,all_agriculture_not_durian_specific,2a62f017-7583-40c2-98cd-f7bac1947b99,523,https://catalog.disaster.go.th/dataset/7bdbedaf-f9cd-4c42-893a-0c88ad65b2f5/resource/2a62f017-7583-40c2-98cd-f7bac1947b99/download/gd028_2566_final.csv,CSV
86,ชุมพร,2566,local_area_record,ท่าแซะ,สลุย,8,1/5/2023,2023-05-01,,2023-06-19,duration_unconfirmed,,,all_agriculture_not_durian_specific,2a62f017-7583-40c2-98cd-f7bac1947b99,524,https://catalog.disaster.go.th/dataset/7bdbedaf-f9cd-4c42-893a-0c88ad65b2f5/resource/2a62f017-7583-40c2-98cd-f7bac1947b99/download/gd028_2566_final.csv,CSV
86,ชุมพร,2566,local_area_record,ท่าแซะ,หงษ์เจริญ,1,1/5/2023,2023-05-01,,2023-06-19,duration_unconfirmed,,1750,all_agriculture_not_durian_specific,2a62f017-7583-40c2-98cd-f7bac1947b99,525,https://catalog.disaster.go.th/dataset/7bdbedaf-f9cd-4c42-893a-0c88ad65b2f5/resource/2a62f017-7583-40c2-98cd-f7bac1947b99/download/gd028_2566_final.csv,CSV
86,ชุมพร,2566,local_area_record,ท่าแซะ,หงษ์เจริญ,10,1/5/2023,2023-05-01,,2023-06-19,duration_unconfirmed,,,all_agriculture_not_durian_specific,2a62f017-7583-40c2-98cd-f7bac1947b99,526,https://catalog.disaster.go.th/dataset/7bdbedaf-f9cd-4c42-893a-0c88ad65b2f5/resource/2a62f017-7583-40c2-98cd-f7bac1947b99/download/gd028_2566_final.csv,CSV
86,ชุมพร,2566,local_area_record,ท่าแซะ,หงษ์เจริญ,11,1/5/2023,2023-05-01,,2023-06-19,duration_unconfirmed,,,all_agriculture_not_durian_specific,2a62f017-7583-40c2-98cd-f7bac1947b99,527,https://catalog.disaster.go.th/dataset/7bdbedaf-f9cd-4c42-893a-0c88ad65b2f5/resource/2a62f017-7583-40c2-98cd-f7bac1947b99/download/gd028_2566_final.csv,CSV
86,ชุมพร,2566,local_area_record,ท่าแซะ,หงษ์เจริญ,12,1/5/2023,2023-05-01,,2023-06-19,duration_unconfirmed,,,all_agriculture_not_durian_specific,2a62f017-7583-40c2-98cd-f7bac1947b99,528,https://catalog.disaster.go.th/dataset/7bdbedaf-f9cd-4c42-893a-0c88ad65b2f5/resource/2a62f017-7583-40c2-98cd-f7bac1947b99/download/gd028_2566_final.csv,CSV
86,ชุมพร,2566,local_area_record,ท่าแซะ,หงษ์เจริญ,13,1/5/2023,2023-05-01,,2023-06-19,duration_unconfirmed,,,all_agriculture_not_durian_specific,2a62f017-7583-40c2-98cd-f7bac1947b99,529,https://catalog.disaster.go.th/dataset/7bdbedaf-f9cd-4c42-893a-0c88ad65b2f5/resource/2a62f017-7583-40c2-98cd-f7bac1947b99/download/gd028_2566_final.csv,CSV
86,ชุมพร,2566,local_area_record,ท่าแซะ,หงษ์เจริญ,14,1/5/2023,2023-05-01,,2023-06-19,duration_unconfirmed,,,all_agriculture_not_durian_specific,2a62f017-7583-40c2-98cd-f7bac1947b99,530,https://catalog.disaster.go.th/dataset/7bdbedaf-f9cd-4c42-893a-0c88ad65b2f5/resource/2a62f017-7583-40c2-98cd-f7bac1947b99/download/gd028_2566_final.csv,CSV
86,ชุมพร,2566,local_area_record,ท่าแซะ,หงษ์เจริญ,2,1/5/2023,2023-05-01,,2023-06-19,duration_unconfirmed,,,all_agriculture_not_durian_specific,2a62f017-7583-40c2-98cd-f7bac1947b99,531,https://catalog.disaster.go.th/dataset/7bdbedaf-f9cd-4c42-893a-0c88ad65b2f5/resource/2a62f017-7583-40c2-98cd-f7bac1947b99/download/gd028_2566_final.csv,CSV
86,ชุมพร,2566,local_area_record,ท่าแซะ,หงษ์เจริญ,3,1/5/2023,2023-05-01,,2023-06-19,duration_unconfirmed,,,all_agriculture_not_durian_specific,2a62f017-7583-40c2-98cd-f7bac1947b99,532,https://catalog.disaster.go.th/dataset/7bdbedaf-f9cd-4c42-893a-0c88ad65b2f5/resource/2a62f017-7583-40c2-98cd-f7bac1947b99/download/gd028_2566_final.csv,CSV
86,ชุมพร,2566,local_area_record,ท่าแซะ,หงษ์เจริญ,4,1/5/2023,2023-05-01,,2023-06-19,duration_unconfirmed,,,all_agriculture_not_durian_specific,2a62f017-7583-40c2-98cd-f7bac1947b99,533,https://catalog.disaster.go.th/dataset/7bdbedaf-f9cd-4c42-893a-0c88ad65b2f5/resource/2a62f017-7583-40c2-98cd-f7bac1947b99/download/gd028_2566_final.csv,CSV
86,ชุมพร,2566,local_area_record,ท่าแซะ,หงษ์เจริญ,5,1/5/2023,2023-05-01,,2023-06-19,duration_unconfirmed,,,all_agriculture_not_durian_specific,2a62f017-7583-40c2-98cd-f7bac1947b99,534,https://catalog.disaster.go.th/dataset/7bdbedaf-f9cd-4c42-893a-0c88ad65b2f5/resource/2a62f017-7583-40c2-98cd-f7bac1947b99/download/gd028_2566_final.csv,CSV
86,ชุมพร,2566,local_area_record,ท่าแซะ,หงษ์เจริญ,6,1/5/2023,2023-05-01,,2023-06-19,duration_unconfirmed,,,all_agriculture_not_durian_specific,2a62f017-7583-40c2-98cd-f7bac1947b99,535,https://catalog.disaster.go.th/dataset/7bdbedaf-f9cd-4c42-893a-0c88ad65b2f5/resource/2a62f017-7583-40c2-98cd-f7bac1947b99/download/gd028_2566_final.csv,CSV
86,ชุมพร,2566,local_area_record,ท่าแซะ,หงษ์เจริญ,7,1/5/2023,2023-05-01,,2023-06-19,duration_unconfirmed,,,all_agriculture_not_durian_specific,2a62f017-7583-40c2-98cd-f7bac1947b99,536,https://catalog.disaster.go.th/dataset/7bdbedaf-f9cd-4c42-893a-0c88ad65b2f5/resource/2a62f017-7583-40c2-98cd-f7bac1947b99/download/gd028_2566_final.csv,CSV
86,ชุมพร,2566,local_area_record,ท่าแซะ,หงษ์เจริญ,8,1/5/2023,2023-05-01,,2023-06-19,duration_unconfirmed,,,all_agriculture_not_durian_specific,2a62f017-7583-40c2-98cd-f7bac1947b99,537,https://catalog.disaster.go.th/dataset/7bdbedaf-f9cd-4c42-893a-0c88ad65b2f5/resource/2a62f017-7583-40c2-98cd-f7bac1947b99/download/gd028_2566_final.csv,CSV
86,ชุมพร,2566,local_area_record,ท่าแซะ,หงษ์เจริญ,9,1/5/2023,2023-05-01,,2023-06-19,duration_unconfirmed,,,all_agriculture_not_durian_specific,2a62f017-7583-40c2-98cd-f7bac1947b99,538,https://catalog.disaster.go.th/dataset/7bdbedaf-f9cd-4c42-893a-0c88ad65b2f5/resource/2a62f017-7583-40c2-98cd-f7bac1947b99/download/gd028_2566_final.csv,CSV
86,ชุมพร,2566,local_area_record,ปะทิว,สะพลี,5,1/5/2023,2023-05-01,,2023-07-27,duration_unconfirmed,,600,all_agriculture_not_durian_specific,2a62f017-7583-40c2-98cd-f7bac1947b99,539,https://catalog.disaster.go.th/dataset/7bdbedaf-f9cd-4c42-893a-0c88ad65b2f5/resource/2a62f017-7583-40c2-98cd-f7bac1947b99/download/gd028_2566_final.csv,CSV
86,ชุมพร,2566,local_area_record,ปะทิว,เขาไชยราช,3,1/5/2023,2023-05-01,,2023-07-27,duration_unconfirmed,,,all_agriculture_not_durian_specific,2a62f017-7583-40c2-98cd-f7bac1947b99,540,https://catalog.disaster.go.th/dataset/7bdbedaf-f9cd-4c42-893a-0c88ad65b2f5/resource/2a62f017-7583-40c2-98cd-f7bac1947b99/download/gd028_2566_final.csv,CSV
86,ชุมพร,2566,local_area_record,หลังสวน,นาขา,1,1/5/2023,2023-05-01,,2023-07-27,duration_unconfirmed,,772,all_agriculture_not_durian_specific,2a62f017-7583-40c2-98cd-f7bac1947b99,541,https://catalog.disaster.go.th/dataset/7bdbedaf-f9cd-4c42-893a-0c88ad65b2f5/resource/2a62f017-7583-40c2-98cd-f7bac1947b99/download/gd028_2566_final.csv,CSV
86,ชุมพร,2566,local_area_record,หลังสวน,นาขา,12,1/5/2023,2023-05-01,,2023-07-27,duration_unconfirmed,,,all_agriculture_not_durian_specific,2a62f017-7583-40c2-98cd-f7bac1947b99,542,https://catalog.disaster.go.th/dataset/7bdbedaf-f9cd-4c42-893a-0c88ad65b2f5/resource/2a62f017-7583-40c2-98cd-f7bac1947b99/download/gd028_2566_final.csv,CSV
86,ชุมพร,2566,local_area_record,หลังสวน,นาขา,3,1/5/2023,2023-05-01,,2023-07-27,duration_unconfirmed,,,all_agriculture_not_durian_specific,2a62f017-7583-40c2-98cd-f7bac1947b99,543,https://catalog.disaster.go.th/dataset/7bdbedaf-f9cd-4c42-893a-0c88ad65b2f5/resource/2a62f017-7583-40c2-98cd-f7bac1947b99/download/gd028_2566_final.csv,CSV
86,ชุมพร,2566,local_area_record,หลังสวน,นาขา,8,1/5/2023,2023-05-01,,2023-07-27,duration_unconfirmed,,,all_agriculture_not_durian_specific,2a62f017-7583-40c2-98cd-f7bac1947b99,544,https://catalog.disaster.go.th/dataset/7bdbedaf-f9cd-4c42-893a-0c88ad65b2f5/resource/2a62f017-7583-40c2-98cd-f7bac1947b99/download/gd028_2566_final.csv,CSV
86,ชุมพร,2566,local_area_record,หลังสวน,บางน้ำจืด,13,1/5/2023,2023-05-01,,2023-07-27,duration_unconfirmed,,,all_agriculture_not_durian_specific,2a62f017-7583-40c2-98cd-f7bac1947b99,545,https://catalog.disaster.go.th/dataset/7bdbedaf-f9cd-4c42-893a-0c88ad65b2f5/resource/2a62f017-7583-40c2-98cd-f7bac1947b99/download/gd028_2566_final.csv,CSV
86,ชุมพร,2566,local_area_record,หลังสวน,บางน้ำจืด,2,1/5/2023,2023-05-01,,2023-07-27,duration_unconfirmed,,,all_agriculture_not_durian_specific,2a62f017-7583-40c2-98cd-f7bac1947b99,546,https://catalog.disaster.go.th/dataset/7bdbedaf-f9cd-4c42-893a-0c88ad65b2f5/resource/2a62f017-7583-40c2-98cd-f7bac1947b99/download/gd028_2566_final.csv,CSV
86,ชุมพร,2566,local_area_record,หลังสวน,บางน้ำจืด,3,1/5/2023,2023-05-01,,2023-07-27,duration_unconfirmed,,,all_agriculture_not_durian_specific,2a62f017-7583-40c2-98cd-f7bac1947b99,547,https://catalog.disaster.go.th/dataset/7bdbedaf-f9cd-4c42-893a-0c88ad65b2f5/resource/2a62f017-7583-40c2-98cd-f7bac1947b99/download/gd028_2566_final.csv,CSV
86,ชุมพร,2566,local_area_record,หลังสวน,บางน้ำจืด,4,1/5/2023,2023-05-01,,2023-07-27,duration_unconfirmed,,,all_agriculture_not_durian_specific,2a62f017-7583-40c2-98cd-f7bac1947b99,548,https://catalog.disaster.go.th/dataset/7bdbedaf-f9cd-4c42-893a-0c88ad65b2f5/resource/2a62f017-7583-40c2-98cd-f7bac1947b99/download/gd028_2566_final.csv,CSV
86,ชุมพร,2566,local_area_record,หลังสวน,บางน้ำจืด,8,1/5/2023,2023-05-01,,2023-07-27,duration_unconfirmed,,,all_agriculture_not_durian_specific,2a62f017-7583-40c2-98cd-f7bac1947b99,549,https://catalog.disaster.go.th/dataset/7bdbedaf-f9cd-4c42-893a-0c88ad65b2f5/resource/2a62f017-7583-40c2-98cd-f7bac1947b99/download/gd028_2566_final.csv,CSV
86,ชุมพร,2566,local_area_record,หลังสวน,บางน้ำจืด,9,1/5/2023,2023-05-01,,2023-07-27,duration_unconfirmed,,,all_agriculture_not_durian_specific,2a62f017-7583-40c2-98cd-f7bac1947b99,550,https://catalog.disaster.go.th/dataset/7bdbedaf-f9cd-4c42-893a-0c88ad65b2f5/resource/2a62f017-7583-40c2-98cd-f7bac1947b99/download/gd028_2566_final.csv,CSV
86,ชุมพร,2566,local_area_record,หลังสวน,วังตะกอ,1,1/5/2023,2023-05-01,,2023-07-27,duration_unconfirmed,,,all_agriculture_not_durian_specific,2a62f017-7583-40c2-98cd-f7bac1947b99,551,https://catalog.disaster.go.th/dataset/7bdbedaf-f9cd-4c42-893a-0c88ad65b2f5/resource/2a62f017-7583-40c2-98cd-f7bac1947b99/download/gd028_2566_final.csv,CSV
86,ชุมพร,2566,local_area_record,หลังสวน,วังตะกอ,2,1/5/2023,2023-05-01,,2023-07-27,duration_unconfirmed,,,all_agriculture_not_durian_specific,2a62f017-7583-40c2-98cd-f7bac1947b99,552,https://catalog.disaster.go.th/dataset/7bdbedaf-f9cd-4c42-893a-0c88ad65b2f5/resource/2a62f017-7583-40c2-98cd-f7bac1947b99/download/gd028_2566_final.csv,CSV
86,ชุมพร,2566,local_area_record,หลังสวน,วังตะกอ,3,1/5/2023,2023-05-01,,2023-07-27,duration_unconfirmed,,,all_agriculture_not_durian_specific,2a62f017-7583-40c2-98cd-f7bac1947b99,553,https://catalog.disaster.go.th/dataset/7bdbedaf-f9cd-4c42-893a-0c88ad65b2f5/resource/2a62f017-7583-40c2-98cd-f7bac1947b99/download/gd028_2566_final.csv,CSV
86,ชุมพร,2566,local_area_record,หลังสวน,วังตะกอ,4,1/5/2023,2023-05-01,,2023-07-27,duration_unconfirmed,,,all_agriculture_not_durian_specific,2a62f017-7583-40c2-98cd-f7bac1947b99,554,https://catalog.disaster.go.th/dataset/7bdbedaf-f9cd-4c42-893a-0c88ad65b2f5/resource/2a62f017-7583-40c2-98cd-f7bac1947b99/download/gd028_2566_final.csv,CSV
86,ชุมพร,2566,local_area_record,หลังสวน,หาดยาย,3,1/5/2023,2023-05-01,,2023-07-27,duration_unconfirmed,,,all_agriculture_not_durian_specific,2a62f017-7583-40c2-98cd-f7bac1947b99,555,https://catalog.disaster.go.th/dataset/7bdbedaf-f9cd-4c42-893a-0c88ad65b2f5/resource/2a62f017-7583-40c2-98cd-f7bac1947b99/download/gd028_2566_final.csv,CSV
86,ชุมพร,2566,local_area_record,หลังสวน,หาดยาย,4,1/5/2023,2023-05-01,,2023-07-27,duration_unconfirmed,,,all_agriculture_not_durian_specific,2a62f017-7583-40c2-98cd-f7bac1947b99,556,https://catalog.disaster.go.th/dataset/7bdbedaf-f9cd-4c42-893a-0c88ad65b2f5/resource/2a62f017-7583-40c2-98cd-f7bac1947b99/download/gd028_2566_final.csv,CSV
86,ชุมพร,2566,local_area_record,หลังสวน,หาดยาย,6,1/5/2023,2023-05-01,,2023-07-27,duration_unconfirmed,,,all_agriculture_not_durian_specific,2a62f017-7583-40c2-98cd-f7bac1947b99,557,https://catalog.disaster.go.th/dataset/7bdbedaf-f9cd-4c42-893a-0c88ad65b2f5/resource/2a62f017-7583-40c2-98cd-f7bac1947b99/download/gd028_2566_final.csv,CSV
86,ชุมพร,2566,local_area_record,พะโต๊ะ,พะโต๊ะ,1,22/5/2023,2023-05-22,,2023-06-12,duration_unconfirmed,,,all_agriculture_not_durian_specific,2a62f017-7583-40c2-98cd-f7bac1947b99,558,https://catalog.disaster.go.th/dataset/7bdbedaf-f9cd-4c42-893a-0c88ad65b2f5/resource/2a62f017-7583-40c2-98cd-f7bac1947b99/download/gd028_2566_final.csv,CSV
86,ชุมพร,2566,local_area_record,พะโต๊ะ,พะโต๊ะ,10,22/5/2023,2023-05-22,,2023-06-12,duration_unconfirmed,,,all_agriculture_not_durian_specific,2a62f017-7583-40c2-98cd-f7bac1947b99,559,https://catalog.disaster.go.th/dataset/7bdbedaf-f9cd-4c42-893a-0c88ad65b2f5/resource/2a62f017-7583-40c2-98cd-f7bac1947b99/download/gd028_2566_final.csv,CSV
86,ชุมพร,2566,local_area_record,พะโต๊ะ,พะโต๊ะ,11,22/5/2023,2023-05-22,,2023-06-12,duration_unconfirmed,,,all_agriculture_not_durian_specific,2a62f017-7583-40c2-98cd-f7bac1947b99,560,https://catalog.disaster.go.th/dataset/7bdbedaf-f9cd-4c42-893a-0c88ad65b2f5/resource/2a62f017-7583-40c2-98cd-f7bac1947b99/download/gd028_2566_final.csv,CSV
86,ชุมพร,2566,local_area_record,พะโต๊ะ,พะโต๊ะ,12,22/5/2023,2023-05-22,,2023-06-12,duration_unconfirmed,,,all_agriculture_not_durian_specific,2a62f017-7583-40c2-98cd-f7bac1947b99,561,https://catalog.disaster.go.th/dataset/7bdbedaf-f9cd-4c42-893a-0c88ad65b2f5/resource/2a62f017-7583-40c2-98cd-f7bac1947b99/download/gd028_2566_final.csv,CSV
86,ชุมพร,2566,local_area_record,พะโต๊ะ,พะโต๊ะ,13,22/5/2023,2023-05-22,,2023-06-12,duration_unconfirmed,,,all_agriculture_not_durian_specific,2a62f017-7583-40c2-98cd-f7bac1947b99,562,https://catalog.disaster.go.th/dataset/7bdbedaf-f9cd-4c42-893a-0c88ad65b2f5/resource/2a62f017-7583-40c2-98cd-f7bac1947b99/download/gd028_2566_final.csv,CSV
86,ชุมพร,2566,local_area_record,พะโต๊ะ,พะโต๊ะ,14,22/5/2023,2023-05-22,,2023-06-12,duration_unconfirmed,,,all_agriculture_not_durian_specific,2a62f017-7583-40c2-98cd-f7bac1947b99,563,https://catalog.disaster.go.th/dataset/7bdbedaf-f9cd-4c42-893a-0c88ad65b2f5/resource/2a62f017-7583-40c2-98cd-f7bac1947b99/download/gd028_2566_final.csv,CSV
86,ชุมพร,2566,local_area_record,พะโต๊ะ,พะโต๊ะ,15,22/5/2023,2023-05-22,,2023-06-12,duration_unconfirmed,,,all_agriculture_not_durian_specific,2a62f017-7583-40c2-98cd-f7bac1947b99,564,https://catalog.disaster.go.th/dataset/7bdbedaf-f9cd-4c42-893a-0c88ad65b2f5/resource/2a62f017-7583-40c2-98cd-f7bac1947b99/download/gd028_2566_final.csv,CSV
86,ชุมพร,2566,local_area_record,พะโต๊ะ,พะโต๊ะ,16,22/5/2023,2023-05-22,,2023-06-12,duration_unconfirmed,,,all_agriculture_not_durian_specific,2a62f017-7583-40c2-98cd-f7bac1947b99,565,https://catalog.disaster.go.th/dataset/7bdbedaf-f9cd-4c42-893a-0c88ad65b2f5/resource/2a62f017-7583-40c2-98cd-f7bac1947b99/download/gd028_2566_final.csv,CSV
86,ชุมพร,2566,local_area_record,พะโต๊ะ,พะโต๊ะ,17,22/5/2023,2023-05-22,,2023-06-12,duration_unconfirmed,,,all_agriculture_not_durian_specific,2a62f017-7583-40c2-98cd-f7bac1947b99,566,https://catalog.disaster.go.th/dataset/7bdbedaf-f9cd-4c42-893a-0c88ad65b2f5/resource/2a62f017-7583-40c2-98cd-f7bac1947b99/download/gd028_2566_final.csv,CSV
86,ชุมพร,2566,local_area_record,พะโต๊ะ,พะโต๊ะ,18,22/5/2023,2023-05-22,,2023-06-12,duration_unconfirmed,,,all_agriculture_not_durian_specific,2a62f017-7583-40c2-98cd-f7bac1947b99,567,https://catalog.disaster.go.th/dataset/7bdbedaf-f9cd-4c42-893a-0c88ad65b2f5/resource/2a62f017-7583-40c2-98cd-f7bac1947b99/download/gd028_2566_final.csv,CSV
86,ชุมพร,2566,local_area_record,พะโต๊ะ,พะโต๊ะ,19,22/5/2023,2023-05-22,,2023-06-12,duration_unconfirmed,,,all_agriculture_not_durian_specific,2a62f017-7583-40c2-98cd-f7bac1947b99,568,https://catalog.disaster.go.th/dataset/7bdbedaf-f9cd-4c42-893a-0c88ad65b2f5/resource/2a62f017-7583-40c2-98cd-f7bac1947b99/download/gd028_2566_final.csv,CSV
86,ชุมพร,2566,local_area_record,พะโต๊ะ,พะโต๊ะ,2,22/5/2023,2023-05-22,,2023-06-12,duration_unconfirmed,,,all_agriculture_not_durian_specific,2a62f017-7583-40c2-98cd-f7bac1947b99,569,https://catalog.disaster.go.th/dataset/7bdbedaf-f9cd-4c42-893a-0c88ad65b2f5/resource/2a62f017-7583-40c2-98cd-f7bac1947b99/download/gd028_2566_final.csv,CSV
86,ชุมพร,2566,local_area_record,พะโต๊ะ,พะโต๊ะ,3,22/5/2023,2023-05-22,,2023-06-12,duration_unconfirmed,,,all_agriculture_not_durian_specific,2a62f017-7583-40c2-98cd-f7bac1947b99,570,https://catalog.disaster.go.th/dataset/7bdbedaf-f9cd-4c42-893a-0c88ad65b2f5/resource/2a62f017-7583-40c2-98cd-f7bac1947b99/download/gd028_2566_final.csv,CSV
86,ชุมพร,2566,local_area_record,พะโต๊ะ,พะโต๊ะ,4,22/5/2023,2023-05-22,,2023-06-12,duration_unconfirmed,,,all_agriculture_not_durian_specific,2a62f017-7583-40c2-98cd-f7bac1947b99,571,https://catalog.disaster.go.th/dataset/7bdbedaf-f9cd-4c42-893a-0c88ad65b2f5/resource/2a62f017-7583-40c2-98cd-f7bac1947b99/download/gd028_2566_final.csv,CSV
86,ชุมพร,2566,local_area_record,พะโต๊ะ,พะโต๊ะ,5,22/5/2023,2023-05-22,,2023-06-12,duration_unconfirmed,,,all_agriculture_not_durian_specific,2a62f017-7583-40c2-98cd-f7bac1947b99,572,https://catalog.disaster.go.th/dataset/7bdbedaf-f9cd-4c42-893a-0c88ad65b2f5/resource/2a62f017-7583-40c2-98cd-f7bac1947b99/download/gd028_2566_final.csv,CSV
86,ชุมพร,2566,local_area_record,พะโต๊ะ,พะโต๊ะ,6,22/5/2023,2023-05-22,,2023-06-12,duration_unconfirmed,,,all_agriculture_not_durian_specific,2a62f017-7583-40c2-98cd-f7bac1947b99,573,https://catalog.disaster.go.th/dataset/7bdbedaf-f9cd-4c42-893a-0c88ad65b2f5/resource/2a62f017-7583-40c2-98cd-f7bac1947b99/download/gd028_2566_final.csv,CSV
86,ชุมพร,2566,local_area_record,พะโต๊ะ,พะโต๊ะ,7,22/5/2023,2023-05-22,,2023-06-12,duration_unconfirmed,,,all_agriculture_not_durian_specific,2a62f017-7583-40c2-98cd-f7bac1947b99,574,https://catalog.disaster.go.th/dataset/7bdbedaf-f9cd-4c42-893a-0c88ad65b2f5/resource/2a62f017-7583-40c2-98cd-f7bac1947b99/download/gd028_2566_final.csv,CSV
86,ชุมพร,2566,local_area_record,พะโต๊ะ,พะโต๊ะ,8,22/5/2023,2023-05-22,,2023-06-12,duration_unconfirmed,,,all_agriculture_not_durian_specific,2a62f017-7583-40c2-98cd-f7bac1947b99,575,https://catalog.disaster.go.th/dataset/7bdbedaf-f9cd-4c42-893a-0c88ad65b2f5/resource/2a62f017-7583-40c2-98cd-f7bac1947b99/download/gd028_2566_final.csv,CSV
86,ชุมพร,2566,local_area_record,พะโต๊ะ,พะโต๊ะ,9,22/5/2023,2023-05-22,,2023-06-12,duration_unconfirmed,,,all_agriculture_not_durian_specific,2a62f017-7583-40c2-98cd-f7bac1947b99,576,https://catalog.disaster.go.th/dataset/7bdbedaf-f9cd-4c42-893a-0c88ad65b2f5/resource/2a62f017-7583-40c2-98cd-f7bac1947b99/download/gd028_2566_final.csv,CSV
86,ชุมพร,2566,local_area_record,พะโต๊ะ,ปากทรง,1,22/5/2023,2023-05-22,,2023-06-12,duration_unconfirmed,,,all_agriculture_not_durian_specific,2a62f017-7583-40c2-98cd-f7bac1947b99,577,https://catalog.disaster.go.th/dataset/7bdbedaf-f9cd-4c42-893a-0c88ad65b2f5/resource/2a62f017-7583-40c2-98cd-f7bac1947b99/download/gd028_2566_final.csv,CSV
86,ชุมพร,2566,local_area_record,พะโต๊ะ,ปากทรง,2,22/5/2023,2023-05-22,,2023-06-12,duration_unconfirmed,,,all_agriculture_not_durian_specific,2a62f017-7583-40c2-98cd-f7bac1947b99,578,https://catalog.disaster.go.th/dataset/7bdbedaf-f9cd-4c42-893a-0c88ad65b2f5/resource/2a62f017-7583-40c2-98cd-f7bac1947b99/download/gd028_2566_final.csv,CSV
86,ชุมพร,2566,local_area_record,พะโต๊ะ,ปากทรง,3,22/5/2023,2023-05-22,,2023-06-12,duration_unconfirmed,,,all_agriculture_not_durian_specific,2a62f017-7583-40c2-98cd-f7bac1947b99,579,https://catalog.disaster.go.th/dataset/7bdbedaf-f9cd-4c42-893a-0c88ad65b2f5/resource/2a62f017-7583-40c2-98cd-f7bac1947b99/download/gd028_2566_final.csv,CSV
86,ชุมพร,2566,local_area_record,พะโต๊ะ,ปากทรง,4,22/5/2023,2023-05-22,,2023-06-12,duration_unconfirmed,,,all_agriculture_not_durian_specific,2a62f017-7583-40c2-98cd-f7bac1947b99,580,https://catalog.disaster.go.th/dataset/7bdbedaf-f9cd-4c42-893a-0c88ad65b2f5/resource/2a62f017-7583-40c2-98cd-f7bac1947b99/download/gd028_2566_final.csv,CSV
86,ชุมพร,2566,local_area_record,พะโต๊ะ,ปากทรง,5,22/5/2023,2023-05-22,,2023-06-12,duration_unconfirmed,,,all_agriculture_not_durian_specific,2a62f017-7583-40c2-98cd-f7bac1947b99,581,https://catalog.disaster.go.th/dataset/7bdbedaf-f9cd-4c42-893a-0c88ad65b2f5/resource/2a62f017-7583-40c2-98cd-f7bac1947b99/download/gd028_2566_final.csv,CSV
86,ชุมพร,2566,local_area_record,พะโต๊ะ,ปากทรง,6,22/5/2023,2023-05-22,,2023-06-12,duration_unconfirmed,,,all_agriculture_not_durian_specific,2a62f017-7583-40c2-98cd-f7bac1947b99,582,https://catalog.disaster.go.th/dataset/7bdbedaf-f9cd-4c42-893a-0c88ad65b2f5/resource/2a62f017-7583-40c2-98cd-f7bac1947b99/download/gd028_2566_final.csv,CSV
86,ชุมพร,2566,local_area_record,พะโต๊ะ,ปากทรง,7,22/5/2023,2023-05-22,,2023-06-12,duration_unconfirmed,,,all_agriculture_not_durian_specific,2a62f017-7583-40c2-98cd-f7bac1947b99,583,https://catalog.disaster.go.th/dataset/7bdbedaf-f9cd-4c42-893a-0c88ad65b2f5/resource/2a62f017-7583-40c2-98cd-f7bac1947b99/download/gd028_2566_final.csv,CSV
86,ชุมพร,2566,local_area_record,พะโต๊ะ,ปากทรง,8,22/5/2023,2023-05-22,,2023-06-12,duration_unconfirmed,,,all_agriculture_not_durian_specific,2a62f017-7583-40c2-98cd-f7bac1947b99,584,https://catalog.disaster.go.th/dataset/7bdbedaf-f9cd-4c42-893a-0c88ad65b2f5/resource/2a62f017-7583-40c2-98cd-f7bac1947b99/download/gd028_2566_final.csv,CSV
86,ชุมพร,2566,local_area_record,พะโต๊ะ,ปากทรง,9,22/5/2023,2023-05-22,,2023-06-12,duration_unconfirmed,,,all_agriculture_not_durian_specific,2a62f017-7583-40c2-98cd-f7bac1947b99,585,https://catalog.disaster.go.th/dataset/7bdbedaf-f9cd-4c42-893a-0c88ad65b2f5/resource/2a62f017-7583-40c2-98cd-f7bac1947b99/download/gd028_2566_final.csv,CSV
86,ชุมพร,2566,local_area_record,พะโต๊ะ,ปังหวาน,1,22/5/2023,2023-05-22,,2023-06-12,duration_unconfirmed,,,all_agriculture_not_durian_specific,2a62f017-7583-40c2-98cd-f7bac1947b99,586,https://catalog.disaster.go.th/dataset/7bdbedaf-f9cd-4c42-893a-0c88ad65b2f5/resource/2a62f017-7583-40c2-98cd-f7bac1947b99/download/gd028_2566_final.csv,CSV
86,ชุมพร,2566,local_area_record,พะโต๊ะ,ปังหวาน,2,22/5/2023,2023-05-22,,2023-06-12,duration_unconfirmed,,,all_agriculture_not_durian_specific,2a62f017-7583-40c2-98cd-f7bac1947b99,587,https://catalog.disaster.go.th/dataset/7bdbedaf-f9cd-4c42-893a-0c88ad65b2f5/resource/2a62f017-7583-40c2-98cd-f7bac1947b99/download/gd028_2566_final.csv,CSV
86,ชุมพร,2566,local_area_record,พะโต๊ะ,ปังหวาน,3,22/5/2023,2023-05-22,,2023-06-12,duration_unconfirmed,,,all_agriculture_not_durian_specific,2a62f017-7583-40c2-98cd-f7bac1947b99,588,https://catalog.disaster.go.th/dataset/7bdbedaf-f9cd-4c42-893a-0c88ad65b2f5/resource/2a62f017-7583-40c2-98cd-f7bac1947b99/download/gd028_2566_final.csv,CSV
86,ชุมพร,2566,local_area_record,พะโต๊ะ,ปังหวาน,4,22/5/2023,2023-05-22,,2023-06-12,duration_unconfirmed,,,all_agriculture_not_durian_specific,2a62f017-7583-40c2-98cd-f7bac1947b99,589,https://catalog.disaster.go.th/dataset/7bdbedaf-f9cd-4c42-893a-0c88ad65b2f5/resource/2a62f017-7583-40c2-98cd-f7bac1947b99/download/gd028_2566_final.csv,CSV
86,ชุมพร,2566,local_area_record,พะโต๊ะ,ปังหวาน,5,22/5/2023,2023-05-22,,2023-06-12,duration_unconfirmed,,,all_agriculture_not_durian_specific,2a62f017-7583-40c2-98cd-f7bac1947b99,590,https://catalog.disaster.go.th/dataset/7bdbedaf-f9cd-4c42-893a-0c88ad65b2f5/resource/2a62f017-7583-40c2-98cd-f7bac1947b99/download/gd028_2566_final.csv,CSV
86,ชุมพร,2566,local_area_record,พะโต๊ะ,ปังหวาน,6,22/5/2023,2023-05-22,,2023-06-12,duration_unconfirmed,,,all_agriculture_not_durian_specific,2a62f017-7583-40c2-98cd-f7bac1947b99,591,https://catalog.disaster.go.th/dataset/7bdbedaf-f9cd-4c42-893a-0c88ad65b2f5/resource/2a62f017-7583-40c2-98cd-f7bac1947b99/download/gd028_2566_final.csv,CSV
86,ชุมพร,2566,local_area_record,พะโต๊ะ,ปังหวาน,7,22/5/2023,2023-05-22,,2023-06-12,duration_unconfirmed,,,all_agriculture_not_durian_specific,2a62f017-7583-40c2-98cd-f7bac1947b99,592,https://catalog.disaster.go.th/dataset/7bdbedaf-f9cd-4c42-893a-0c88ad65b2f5/resource/2a62f017-7583-40c2-98cd-f7bac1947b99/download/gd028_2566_final.csv,CSV
86,ชุมพร,2566,local_area_record,พะโต๊ะ,ปังหวาน,8,22/5/2023,2023-05-22,,2023-06-12,duration_unconfirmed,,,all_agriculture_not_durian_specific,2a62f017-7583-40c2-98cd-f7bac1947b99,593,https://catalog.disaster.go.th/dataset/7bdbedaf-f9cd-4c42-893a-0c88ad65b2f5/resource/2a62f017-7583-40c2-98cd-f7bac1947b99/download/gd028_2566_final.csv,CSV
86,ชุมพร,2566,local_area_record,พะโต๊ะ,ปังหวาน,9,22/5/2023,2023-05-22,,2023-06-12,duration_unconfirmed,,,all_agriculture_not_durian_specific,2a62f017-7583-40c2-98cd-f7bac1947b99,594,https://catalog.disaster.go.th/dataset/7bdbedaf-f9cd-4c42-893a-0c88ad65b2f5/resource/2a62f017-7583-40c2-98cd-f7bac1947b99/download/gd028_2566_final.csv,CSV
86,ชุมพร,2566,local_area_record,พะโต๊ะ,พระรักษ์,1,22/5/2023,2023-05-22,,2023-06-12,duration_unconfirmed,,,all_agriculture_not_durian_specific,2a62f017-7583-40c2-98cd-f7bac1947b99,595,https://catalog.disaster.go.th/dataset/7bdbedaf-f9cd-4c42-893a-0c88ad65b2f5/resource/2a62f017-7583-40c2-98cd-f7bac1947b99/download/gd028_2566_final.csv,CSV
86,ชุมพร,2566,local_area_record,พะโต๊ะ,พระรักษ์,2,22/5/2023,2023-05-22,,2023-06-12,duration_unconfirmed,,,all_agriculture_not_durian_specific,2a62f017-7583-40c2-98cd-f7bac1947b99,596,https://catalog.disaster.go.th/dataset/7bdbedaf-f9cd-4c42-893a-0c88ad65b2f5/resource/2a62f017-7583-40c2-98cd-f7bac1947b99/download/gd028_2566_final.csv,CSV
86,ชุมพร,2566,local_area_record,พะโต๊ะ,พระรักษ์,3,22/5/2023,2023-05-22,,2023-06-12,duration_unconfirmed,,,all_agriculture_not_durian_specific,2a62f017-7583-40c2-98cd-f7bac1947b99,597,https://catalog.disaster.go.th/dataset/7bdbedaf-f9cd-4c42-893a-0c88ad65b2f5/resource/2a62f017-7583-40c2-98cd-f7bac1947b99/download/gd028_2566_final.csv,CSV
86,ชุมพร,2566,local_area_record,พะโต๊ะ,พระรักษ์,4,22/5/2023,2023-05-22,,2023-06-12,duration_unconfirmed,,,all_agriculture_not_durian_specific,2a62f017-7583-40c2-98cd-f7bac1947b99,598,https://catalog.disaster.go.th/dataset/7bdbedaf-f9cd-4c42-893a-0c88ad65b2f5/resource/2a62f017-7583-40c2-98cd-f7bac1947b99/download/gd028_2566_final.csv,CSV
86,ชุมพร,2566,local_area_record,พะโต๊ะ,พระรักษ์,5,22/5/2023,2023-05-22,,2023-06-12,duration_unconfirmed,,,all_agriculture_not_durian_specific,2a62f017-7583-40c2-98cd-f7bac1947b99,599,https://catalog.disaster.go.th/dataset/7bdbedaf-f9cd-4c42-893a-0c88ad65b2f5/resource/2a62f017-7583-40c2-98cd-f7bac1947b99/download/gd028_2566_final.csv,CSV
86,ชุมพร,2566,local_area_record,พะโต๊ะ,พระรักษ์,6,22/5/2023,2023-05-22,,2023-06-12,duration_unconfirmed,,,all_agriculture_not_durian_specific,2a62f017-7583-40c2-98cd-f7bac1947b99,600,https://catalog.disaster.go.th/dataset/7bdbedaf-f9cd-4c42-893a-0c88ad65b2f5/resource/2a62f017-7583-40c2-98cd-f7bac1947b99/download/gd028_2566_final.csv,CSV
86,ชุมพร,2566,local_area_record,พะโต๊ะ,พระรักษ์,7,22/5/2023,2023-05-22,,2023-06-12,duration_unconfirmed,,,all_agriculture_not_durian_specific,2a62f017-7583-40c2-98cd-f7bac1947b99,601,https://catalog.disaster.go.th/dataset/7bdbedaf-f9cd-4c42-893a-0c88ad65b2f5/resource/2a62f017-7583-40c2-98cd-f7bac1947b99/download/gd028_2566_final.csv,CSV
86,ชุมพร,2566,local_area_record,พะโต๊ะ,พระรักษ์,8,22/5/2023,2023-05-22,,2023-06-12,duration_unconfirmed,,,all_agriculture_not_durian_specific,2a62f017-7583-40c2-98cd-f7bac1947b99,602,https://catalog.disaster.go.th/dataset/7bdbedaf-f9cd-4c42-893a-0c88ad65b2f5/resource/2a62f017-7583-40c2-98cd-f7bac1947b99/download/gd028_2566_final.csv,CSV
86,ชุมพร,2566,local_area_record,พะโต๊ะ,พระรักษ์,9,22/5/2023,2023-05-22,,2023-06-12,duration_unconfirmed,,,all_agriculture_not_durian_specific,2a62f017-7583-40c2-98cd-f7bac1947b99,603,https://catalog.disaster.go.th/dataset/7bdbedaf-f9cd-4c42-893a-0c88ad65b2f5/resource/2a62f017-7583-40c2-98cd-f7bac1947b99/download/gd028_2566_final.csv,CSV
86,ชุมพร,2566,local_area_record,สวี,นาโพธิ์,1,24/5/2023,2023-05-24,,2023-06-30,duration_unconfirmed,,33628,all_agriculture_not_durian_specific,2a62f017-7583-40c2-98cd-f7bac1947b99,604,https://catalog.disaster.go.th/dataset/7bdbedaf-f9cd-4c42-893a-0c88ad65b2f5/resource/2a62f017-7583-40c2-98cd-f7bac1947b99/download/gd028_2566_final.csv,CSV
86,ชุมพร,2566,local_area_record,สวี,นาโพธิ์,2,24/5/2023,2023-05-24,,2023-06-30,duration_unconfirmed,,,all_agriculture_not_durian_specific,2a62f017-7583-40c2-98cd-f7bac1947b99,605,https://catalog.disaster.go.th/dataset/7bdbedaf-f9cd-4c42-893a-0c88ad65b2f5/resource/2a62f017-7583-40c2-98cd-f7bac1947b99/download/gd028_2566_final.csv,CSV
86,ชุมพร,2566,local_area_record,สวี,นาโพธิ์,3,24/5/2023,2023-05-24,,2023-06-30,duration_unconfirmed,,,all_agriculture_not_durian_specific,2a62f017-7583-40c2-98cd-f7bac1947b99,606,https://catalog.disaster.go.th/dataset/7bdbedaf-f9cd-4c42-893a-0c88ad65b2f5/resource/2a62f017-7583-40c2-98cd-f7bac1947b99/download/gd028_2566_final.csv,CSV
86,ชุมพร,2566,local_area_record,สวี,นาโพธิ์,4,24/5/2023,2023-05-24,,2023-06-30,duration_unconfirmed,,,all_agriculture_not_durian_specific,2a62f017-7583-40c2-98cd-f7bac1947b99,607,https://catalog.disaster.go.th/dataset/7bdbedaf-f9cd-4c42-893a-0c88ad65b2f5/resource/2a62f017-7583-40c2-98cd-f7bac1947b99/download/gd028_2566_final.csv,CSV
86,ชุมพร,2566,local_area_record,สวี,นาโพธิ์,5,24/5/2023,2023-05-24,,2023-06-30,duration_unconfirmed,,,all_agriculture_not_durian_specific,2a62f017-7583-40c2-98cd-f7bac1947b99,608,https://catalog.disaster.go.th/dataset/7bdbedaf-f9cd-4c42-893a-0c88ad65b2f5/resource/2a62f017-7583-40c2-98cd-f7bac1947b99/download/gd028_2566_final.csv,CSV
86,ชุมพร,2566,local_area_record,สวี,นาโพธิ์,6,24/5/2023,2023-05-24,,2023-06-30,duration_unconfirmed,,,all_agriculture_not_durian_specific,2a62f017-7583-40c2-98cd-f7bac1947b99,609,https://catalog.disaster.go.th/dataset/7bdbedaf-f9cd-4c42-893a-0c88ad65b2f5/resource/2a62f017-7583-40c2-98cd-f7bac1947b99/download/gd028_2566_final.csv,CSV
86,ชุมพร,2566,local_area_record,สวี,นาโพธิ์,7,24/5/2023,2023-05-24,,2023-06-30,duration_unconfirmed,,,all_agriculture_not_durian_specific,2a62f017-7583-40c2-98cd-f7bac1947b99,610,https://catalog.disaster.go.th/dataset/7bdbedaf-f9cd-4c42-893a-0c88ad65b2f5/resource/2a62f017-7583-40c2-98cd-f7bac1947b99/download/gd028_2566_final.csv,CSV
86,ชุมพร,2566,local_area_record,สวี,นาโพธิ์,8,24/5/2023,2023-05-24,,2023-06-30,duration_unconfirmed,,,all_agriculture_not_durian_specific,2a62f017-7583-40c2-98cd-f7bac1947b99,611,https://catalog.disaster.go.th/dataset/7bdbedaf-f9cd-4c42-893a-0c88ad65b2f5/resource/2a62f017-7583-40c2-98cd-f7bac1947b99/download/gd028_2566_final.csv,CSV
86,ชุมพร,2566,local_area_record,สวี,สวี,1,24/5/2023,2023-05-24,,2023-06-30,duration_unconfirmed,,,all_agriculture_not_durian_specific,2a62f017-7583-40c2-98cd-f7bac1947b99,612,https://catalog.disaster.go.th/dataset/7bdbedaf-f9cd-4c42-893a-0c88ad65b2f5/resource/2a62f017-7583-40c2-98cd-f7bac1947b99/download/gd028_2566_final.csv,CSV
86,ชุมพร,2566,local_area_record,สวี,สวี,2,24/5/2023,2023-05-24,,2023-06-30,duration_unconfirmed,,,all_agriculture_not_durian_specific,2a62f017-7583-40c2-98cd-f7bac1947b99,613,https://catalog.disaster.go.th/dataset/7bdbedaf-f9cd-4c42-893a-0c88ad65b2f5/resource/2a62f017-7583-40c2-98cd-f7bac1947b99/download/gd028_2566_final.csv,CSV
86,ชุมพร,2566,local_area_record,สวี,สวี,3,24/5/2023,2023-05-24,,2023-06-30,duration_unconfirmed,,,all_agriculture_not_durian_specific,2a62f017-7583-40c2-98cd-f7bac1947b99,614,https://catalog.disaster.go.th/dataset/7bdbedaf-f9cd-4c42-893a-0c88ad65b2f5/resource/2a62f017-7583-40c2-98cd-f7bac1947b99/download/gd028_2566_final.csv,CSV
86,ชุมพร,2566,local_area_record,สวี,สวี,4,24/5/2023,2023-05-24,,2023-06-30,duration_unconfirmed,,,all_agriculture_not_durian_specific,2a62f017-7583-40c2-98cd-f7bac1947b99,615,https://catalog.disaster.go.th/dataset/7bdbedaf-f9cd-4c42-893a-0c88ad65b2f5/resource/2a62f017-7583-40c2-98cd-f7bac1947b99/download/gd028_2566_final.csv,CSV
86,ชุมพร,2566,local_area_record,สวี,ทุ่งระยะ,1,24/5/2023,2023-05-24,,2023-06-30,duration_unconfirmed,,,all_agriculture_not_durian_specific,2a62f017-7583-40c2-98cd-f7bac1947b99,616,https://catalog.disaster.go.th/dataset/7bdbedaf-f9cd-4c42-893a-0c88ad65b2f5/resource/2a62f017-7583-40c2-98cd-f7bac1947b99/download/gd028_2566_final.csv,CSV
86,ชุมพร,2566,local_area_record,สวี,ทุ่งระยะ,10,24/5/2023,2023-05-24,,2023-06-30,duration_unconfirmed,,,all_agriculture_not_durian_specific,2a62f017-7583-40c2-98cd-f7bac1947b99,617,https://catalog.disaster.go.th/dataset/7bdbedaf-f9cd-4c42-893a-0c88ad65b2f5/resource/2a62f017-7583-40c2-98cd-f7bac1947b99/download/gd028_2566_final.csv,CSV
86,ชุมพร,2566,local_area_record,สวี,ทุ่งระยะ,11,24/5/2023,2023-05-24,,2023-06-30,duration_unconfirmed,,,all_agriculture_not_durian_specific,2a62f017-7583-40c2-98cd-f7bac1947b99,618,https://catalog.disaster.go.th/dataset/7bdbedaf-f9cd-4c42-893a-0c88ad65b2f5/resource/2a62f017-7583-40c2-98cd-f7bac1947b99/download/gd028_2566_final.csv,CSV
86,ชุมพร,2566,local_area_record,สวี,ทุ่งระยะ,2,24/5/2023,2023-05-24,,2023-06-30,duration_unconfirmed,,,all_agriculture_not_durian_specific,2a62f017-7583-40c2-98cd-f7bac1947b99,619,https://catalog.disaster.go.th/dataset/7bdbedaf-f9cd-4c42-893a-0c88ad65b2f5/resource/2a62f017-7583-40c2-98cd-f7bac1947b99/download/gd028_2566_final.csv,CSV
86,ชุมพร,2566,local_area_record,สวี,ทุ่งระยะ,3,24/5/2023,2023-05-24,,2023-06-30,duration_unconfirmed,,,all_agriculture_not_durian_specific,2a62f017-7583-40c2-98cd-f7bac1947b99,620,https://catalog.disaster.go.th/dataset/7bdbedaf-f9cd-4c42-893a-0c88ad65b2f5/resource/2a62f017-7583-40c2-98cd-f7bac1947b99/download/gd028_2566_final.csv,CSV
86,ชุมพร,2566,local_area_record,สวี,ทุ่งระยะ,4,24/5/2023,2023-05-24,,2023-06-30,duration_unconfirmed,,,all_agriculture_not_durian_specific,2a62f017-7583-40c2-98cd-f7bac1947b99,621,https://catalog.disaster.go.th/dataset/7bdbedaf-f9cd-4c42-893a-0c88ad65b2f5/resource/2a62f017-7583-40c2-98cd-f7bac1947b99/download/gd028_2566_final.csv,CSV
86,ชุมพร,2566,local_area_record,สวี,ทุ่งระยะ,5,24/5/2023,2023-05-24,,2023-06-30,duration_unconfirmed,,,all_agriculture_not_durian_specific,2a62f017-7583-40c2-98cd-f7bac1947b99,622,https://catalog.disaster.go.th/dataset/7bdbedaf-f9cd-4c42-893a-0c88ad65b2f5/resource/2a62f017-7583-40c2-98cd-f7bac1947b99/download/gd028_2566_final.csv,CSV
86,ชุมพร,2566,local_area_record,สวี,ทุ่งระยะ,6,24/5/2023,2023-05-24,,2023-06-30,duration_unconfirmed,,,all_agriculture_not_durian_specific,2a62f017-7583-40c2-98cd-f7bac1947b99,623,https://catalog.disaster.go.th/dataset/7bdbedaf-f9cd-4c42-893a-0c88ad65b2f5/resource/2a62f017-7583-40c2-98cd-f7bac1947b99/download/gd028_2566_final.csv,CSV
86,ชุมพร,2566,local_area_record,สวี,ทุ่งระยะ,7,24/5/2023,2023-05-24,,2023-06-30,duration_unconfirmed,,,all_agriculture_not_durian_specific,2a62f017-7583-40c2-98cd-f7bac1947b99,624,https://catalog.disaster.go.th/dataset/7bdbedaf-f9cd-4c42-893a-0c88ad65b2f5/resource/2a62f017-7583-40c2-98cd-f7bac1947b99/download/gd028_2566_final.csv,CSV
86,ชุมพร,2566,local_area_record,สวี,ทุ่งระยะ,8,24/5/2023,2023-05-24,,2023-06-30,duration_unconfirmed,,,all_agriculture_not_durian_specific,2a62f017-7583-40c2-98cd-f7bac1947b99,625,https://catalog.disaster.go.th/dataset/7bdbedaf-f9cd-4c42-893a-0c88ad65b2f5/resource/2a62f017-7583-40c2-98cd-f7bac1947b99/download/gd028_2566_final.csv,CSV
86,ชุมพร,2566,local_area_record,สวี,ทุ่งระยะ,9,24/5/2023,2023-05-24,,2023-06-30,duration_unconfirmed,,,all_agriculture_not_durian_specific,2a62f017-7583-40c2-98cd-f7bac1947b99,626,https://catalog.disaster.go.th/dataset/7bdbedaf-f9cd-4c42-893a-0c88ad65b2f5/resource/2a62f017-7583-40c2-98cd-f7bac1947b99/download/gd028_2566_final.csv,CSV
86,ชุมพร,2566,local_area_record,สวี,ท่าหิน,1,24/5/2023,2023-05-24,,2023-06-30,duration_unconfirmed,,,all_agriculture_not_durian_specific,2a62f017-7583-40c2-98cd-f7bac1947b99,627,https://catalog.disaster.go.th/dataset/7bdbedaf-f9cd-4c42-893a-0c88ad65b2f5/resource/2a62f017-7583-40c2-98cd-f7bac1947b99/download/gd028_2566_final.csv,CSV
86,ชุมพร,2566,local_area_record,สวี,ท่าหิน,10,24/5/2023,2023-05-24,,2023-06-30,duration_unconfirmed,,,all_agriculture_not_durian_specific,2a62f017-7583-40c2-98cd-f7bac1947b99,628,https://catalog.disaster.go.th/dataset/7bdbedaf-f9cd-4c42-893a-0c88ad65b2f5/resource/2a62f017-7583-40c2-98cd-f7bac1947b99/download/gd028_2566_final.csv,CSV
86,ชุมพร,2566,local_area_record,สวี,ท่าหิน,2,24/5/2023,2023-05-24,,2023-06-30,duration_unconfirmed,,,all_agriculture_not_durian_specific,2a62f017-7583-40c2-98cd-f7bac1947b99,629,https://catalog.disaster.go.th/dataset/7bdbedaf-f9cd-4c42-893a-0c88ad65b2f5/resource/2a62f017-7583-40c2-98cd-f7bac1947b99/download/gd028_2566_final.csv,CSV
86,ชุมพร,2566,local_area_record,สวี,ท่าหิน,3,24/5/2023,2023-05-24,,2023-06-30,duration_unconfirmed,,,all_agriculture_not_durian_specific,2a62f017-7583-40c2-98cd-f7bac1947b99,630,https://catalog.disaster.go.th/dataset/7bdbedaf-f9cd-4c42-893a-0c88ad65b2f5/resource/2a62f017-7583-40c2-98cd-f7bac1947b99/download/gd028_2566_final.csv,CSV
86,ชุมพร,2566,local_area_record,สวี,ท่าหิน,4,24/5/2023,2023-05-24,,2023-06-30,duration_unconfirmed,,,all_agriculture_not_durian_specific,2a62f017-7583-40c2-98cd-f7bac1947b99,631,https://catalog.disaster.go.th/dataset/7bdbedaf-f9cd-4c42-893a-0c88ad65b2f5/resource/2a62f017-7583-40c2-98cd-f7bac1947b99/download/gd028_2566_final.csv,CSV
86,ชุมพร,2566,local_area_record,สวี,ท่าหิน,5,24/5/2023,2023-05-24,,2023-06-30,duration_unconfirmed,,,all_agriculture_not_durian_specific,2a62f017-7583-40c2-98cd-f7bac1947b99,632,https://catalog.disaster.go.th/dataset/7bdbedaf-f9cd-4c42-893a-0c88ad65b2f5/resource/2a62f017-7583-40c2-98cd-f7bac1947b99/download/gd028_2566_final.csv,CSV
86,ชุมพร,2566,local_area_record,สวี,ท่าหิน,6,24/5/2023,2023-05-24,,2023-06-30,duration_unconfirmed,,,all_agriculture_not_durian_specific,2a62f017-7583-40c2-98cd-f7bac1947b99,633,https://catalog.disaster.go.th/dataset/7bdbedaf-f9cd-4c42-893a-0c88ad65b2f5/resource/2a62f017-7583-40c2-98cd-f7bac1947b99/download/gd028_2566_final.csv,CSV
86,ชุมพร,2566,local_area_record,สวี,ท่าหิน,7,24/5/2023,2023-05-24,,2023-06-30,duration_unconfirmed,,,all_agriculture_not_durian_specific,2a62f017-7583-40c2-98cd-f7bac1947b99,634,https://catalog.disaster.go.th/dataset/7bdbedaf-f9cd-4c42-893a-0c88ad65b2f5/resource/2a62f017-7583-40c2-98cd-f7bac1947b99/download/gd028_2566_final.csv,CSV
86,ชุมพร,2566,local_area_record,สวี,ท่าหิน,8,24/5/2023,2023-05-24,,2023-06-30,duration_unconfirmed,,,all_agriculture_not_durian_specific,2a62f017-7583-40c2-98cd-f7bac1947b99,635,https://catalog.disaster.go.th/dataset/7bdbedaf-f9cd-4c42-893a-0c88ad65b2f5/resource/2a62f017-7583-40c2-98cd-f7bac1947b99/download/gd028_2566_final.csv,CSV
86,ชุมพร,2566,local_area_record,สวี,ท่าหิน,9,24/5/2023,2023-05-24,,2023-06-30,duration_unconfirmed,,,all_agriculture_not_durian_specific,2a62f017-7583-40c2-98cd-f7bac1947b99,636,https://catalog.disaster.go.th/dataset/7bdbedaf-f9cd-4c42-893a-0c88ad65b2f5/resource/2a62f017-7583-40c2-98cd-f7bac1947b99/download/gd028_2566_final.csv,CSV
86,ชุมพร,2566,local_area_record,สวี,ปากแพรก,1,24/5/2023,2023-05-24,,2023-06-30,duration_unconfirmed,,,all_agriculture_not_durian_specific,2a62f017-7583-40c2-98cd-f7bac1947b99,637,https://catalog.disaster.go.th/dataset/7bdbedaf-f9cd-4c42-893a-0c88ad65b2f5/resource/2a62f017-7583-40c2-98cd-f7bac1947b99/download/gd028_2566_final.csv,CSV
86,ชุมพร,2566,local_area_record,สวี,ปากแพรก,2,24/5/2023,2023-05-24,,2023-06-30,duration_unconfirmed,,,all_agriculture_not_durian_specific,2a62f017-7583-40c2-98cd-f7bac1947b99,638,https://catalog.disaster.go.th/dataset/7bdbedaf-f9cd-4c42-893a-0c88ad65b2f5/resource/2a62f017-7583-40c2-98cd-f7bac1947b99/download/gd028_2566_final.csv,CSV
86,ชุมพร,2566,local_area_record,สวี,ปากแพรก,3,24/5/2023,2023-05-24,,2023-06-30,duration_unconfirmed,,,all_agriculture_not_durian_specific,2a62f017-7583-40c2-98cd-f7bac1947b99,639,https://catalog.disaster.go.th/dataset/7bdbedaf-f9cd-4c42-893a-0c88ad65b2f5/resource/2a62f017-7583-40c2-98cd-f7bac1947b99/download/gd028_2566_final.csv,CSV
86,ชุมพร,2566,local_area_record,สวี,ปากแพรก,4,24/5/2023,2023-05-24,,2023-06-30,duration_unconfirmed,,,all_agriculture_not_durian_specific,2a62f017-7583-40c2-98cd-f7bac1947b99,640,https://catalog.disaster.go.th/dataset/7bdbedaf-f9cd-4c42-893a-0c88ad65b2f5/resource/2a62f017-7583-40c2-98cd-f7bac1947b99/download/gd028_2566_final.csv,CSV
86,ชุมพร,2566,local_area_record,สวี,ปากแพรก,5,24/5/2023,2023-05-24,,2023-06-30,duration_unconfirmed,,,all_agriculture_not_durian_specific,2a62f017-7583-40c2-98cd-f7bac1947b99,641,https://catalog.disaster.go.th/dataset/7bdbedaf-f9cd-4c42-893a-0c88ad65b2f5/resource/2a62f017-7583-40c2-98cd-f7bac1947b99/download/gd028_2566_final.csv,CSV
86,ชุมพร,2566,local_area_record,สวี,ปากแพรก,6,24/5/2023,2023-05-24,,2023-06-30,duration_unconfirmed,,,all_agriculture_not_durian_specific,2a62f017-7583-40c2-98cd-f7bac1947b99,642,https://catalog.disaster.go.th/dataset/7bdbedaf-f9cd-4c42-893a-0c88ad65b2f5/resource/2a62f017-7583-40c2-98cd-f7bac1947b99/download/gd028_2566_final.csv,CSV
86,ชุมพร,2566,local_area_record,สวี,ด่านสวี,1,24/5/2023,2023-05-24,,2023-06-30,duration_unconfirmed,,,all_agriculture_not_durian_specific,2a62f017-7583-40c2-98cd-f7bac1947b99,643,https://catalog.disaster.go.th/dataset/7bdbedaf-f9cd-4c42-893a-0c88ad65b2f5/resource/2a62f017-7583-40c2-98cd-f7bac1947b99/download/gd028_2566_final.csv,CSV
86,ชุมพร,2566,local_area_record,สวี,ด่านสวี,10,24/5/2023,2023-05-24,,2023-06-30,duration_unconfirmed,,,all_agriculture_not_durian_specific,2a62f017-7583-40c2-98cd-f7bac1947b99,644,https://catalog.disaster.go.th/dataset/7bdbedaf-f9cd-4c42-893a-0c88ad65b2f5/resource/2a62f017-7583-40c2-98cd-f7bac1947b99/download/gd028_2566_final.csv,CSV
86,ชุมพร,2566,local_area_record,สวี,ด่านสวี,11,24/5/2023,2023-05-24,,2023-06-30,duration_unconfirmed,,,all_agriculture_not_durian_specific,2a62f017-7583-40c2-98cd-f7bac1947b99,645,https://catalog.disaster.go.th/dataset/7bdbedaf-f9cd-4c42-893a-0c88ad65b2f5/resource/2a62f017-7583-40c2-98cd-f7bac1947b99/download/gd028_2566_final.csv,CSV
86,ชุมพร,2566,local_area_record,สวี,ด่านสวี,2,24/5/2023,2023-05-24,,2023-06-30,duration_unconfirmed,,,all_agriculture_not_durian_specific,2a62f017-7583-40c2-98cd-f7bac1947b99,646,https://catalog.disaster.go.th/dataset/7bdbedaf-f9cd-4c42-893a-0c88ad65b2f5/resource/2a62f017-7583-40c2-98cd-f7bac1947b99/download/gd028_2566_final.csv,CSV
86,ชุมพร,2566,local_area_record,สวี,ด่านสวี,3,24/5/2023,2023-05-24,,2023-06-30,duration_unconfirmed,,,all_agriculture_not_durian_specific,2a62f017-7583-40c2-98cd-f7bac1947b99,647,https://catalog.disaster.go.th/dataset/7bdbedaf-f9cd-4c42-893a-0c88ad65b2f5/resource/2a62f017-7583-40c2-98cd-f7bac1947b99/download/gd028_2566_final.csv,CSV
86,ชุมพร,2566,local_area_record,สวี,ด่านสวี,4,24/5/2023,2023-05-24,,2023-06-30,duration_unconfirmed,,,all_agriculture_not_durian_specific,2a62f017-7583-40c2-98cd-f7bac1947b99,648,https://catalog.disaster.go.th/dataset/7bdbedaf-f9cd-4c42-893a-0c88ad65b2f5/resource/2a62f017-7583-40c2-98cd-f7bac1947b99/download/gd028_2566_final.csv,CSV
86,ชุมพร,2566,local_area_record,สวี,ด่านสวี,5,24/5/2023,2023-05-24,,2023-06-30,duration_unconfirmed,,,all_agriculture_not_durian_specific,2a62f017-7583-40c2-98cd-f7bac1947b99,649,https://catalog.disaster.go.th/dataset/7bdbedaf-f9cd-4c42-893a-0c88ad65b2f5/resource/2a62f017-7583-40c2-98cd-f7bac1947b99/download/gd028_2566_final.csv,CSV
86,ชุมพร,2566,local_area_record,สวี,ด่านสวี,6,24/5/2023,2023-05-24,,2023-06-30,duration_unconfirmed,,,all_agriculture_not_durian_specific,2a62f017-7583-40c2-98cd-f7bac1947b99,650,https://catalog.disaster.go.th/dataset/7bdbedaf-f9cd-4c42-893a-0c88ad65b2f5/resource/2a62f017-7583-40c2-98cd-f7bac1947b99/download/gd028_2566_final.csv,CSV
86,ชุมพร,2566,local_area_record,สวี,ด่านสวี,7,24/5/2023,2023-05-24,,2023-06-30,duration_unconfirmed,,,all_agriculture_not_durian_specific,2a62f017-7583-40c2-98cd-f7bac1947b99,651,https://catalog.disaster.go.th/dataset/7bdbedaf-f9cd-4c42-893a-0c88ad65b2f5/resource/2a62f017-7583-40c2-98cd-f7bac1947b99/download/gd028_2566_final.csv,CSV
86,ชุมพร,2566,local_area_record,สวี,ด่านสวี,8,24/5/2023,2023-05-24,,2023-06-30,duration_unconfirmed,,,all_agriculture_not_durian_specific,2a62f017-7583-40c2-98cd-f7bac1947b99,652,https://catalog.disaster.go.th/dataset/7bdbedaf-f9cd-4c42-893a-0c88ad65b2f5/resource/2a62f017-7583-40c2-98cd-f7bac1947b99/download/gd028_2566_final.csv,CSV
86,ชุมพร,2566,local_area_record,สวี,ด่านสวี,9,24/5/2023,2023-05-24,,2023-06-30,duration_unconfirmed,,,all_agriculture_not_durian_specific,2a62f017-7583-40c2-98cd-f7bac1947b99,653,https://catalog.disaster.go.th/dataset/7bdbedaf-f9cd-4c42-893a-0c88ad65b2f5/resource/2a62f017-7583-40c2-98cd-f7bac1947b99/download/gd028_2566_final.csv,CSV
86,ชุมพร,2566,local_area_record,สวี,ครน,1,24/5/2023,2023-05-24,,2023-06-30,duration_unconfirmed,,,all_agriculture_not_durian_specific,2a62f017-7583-40c2-98cd-f7bac1947b99,654,https://catalog.disaster.go.th/dataset/7bdbedaf-f9cd-4c42-893a-0c88ad65b2f5/resource/2a62f017-7583-40c2-98cd-f7bac1947b99/download/gd028_2566_final.csv,CSV
86,ชุมพร,2566,local_area_record,สวี,ครน,10,24/5/2023,2023-05-24,,2023-06-30,duration_unconfirmed,,,all_agriculture_not_durian_specific,2a62f017-7583-40c2-98cd-f7bac1947b99,655,https://catalog.disaster.go.th/dataset/7bdbedaf-f9cd-4c42-893a-0c88ad65b2f5/resource/2a62f017-7583-40c2-98cd-f7bac1947b99/download/gd028_2566_final.csv,CSV
86,ชุมพร,2566,local_area_record,สวี,ครน,11,24/5/2023,2023-05-24,,2023-06-30,duration_unconfirmed,,,all_agriculture_not_durian_specific,2a62f017-7583-40c2-98cd-f7bac1947b99,656,https://catalog.disaster.go.th/dataset/7bdbedaf-f9cd-4c42-893a-0c88ad65b2f5/resource/2a62f017-7583-40c2-98cd-f7bac1947b99/download/gd028_2566_final.csv,CSV
86,ชุมพร,2566,local_area_record,สวี,ครน,12,24/5/2023,2023-05-24,,2023-06-30,duration_unconfirmed,,,all_agriculture_not_durian_specific,2a62f017-7583-40c2-98cd-f7bac1947b99,657,https://catalog.disaster.go.th/dataset/7bdbedaf-f9cd-4c42-893a-0c88ad65b2f5/resource/2a62f017-7583-40c2-98cd-f7bac1947b99/download/gd028_2566_final.csv,CSV
86,ชุมพร,2566,local_area_record,สวี,ครน,13,24/5/2023,2023-05-24,,2023-06-30,duration_unconfirmed,,,all_agriculture_not_durian_specific,2a62f017-7583-40c2-98cd-f7bac1947b99,658,https://catalog.disaster.go.th/dataset/7bdbedaf-f9cd-4c42-893a-0c88ad65b2f5/resource/2a62f017-7583-40c2-98cd-f7bac1947b99/download/gd028_2566_final.csv,CSV
86,ชุมพร,2566,local_area_record,สวี,ครน,14,24/5/2023,2023-05-24,,2023-06-30,duration_unconfirmed,,,all_agriculture_not_durian_specific,2a62f017-7583-40c2-98cd-f7bac1947b99,659,https://catalog.disaster.go.th/dataset/7bdbedaf-f9cd-4c42-893a-0c88ad65b2f5/resource/2a62f017-7583-40c2-98cd-f7bac1947b99/download/gd028_2566_final.csv,CSV
86,ชุมพร,2566,local_area_record,สวี,ครน,2,24/5/2023,2023-05-24,,2023-06-30,duration_unconfirmed,,,all_agriculture_not_durian_specific,2a62f017-7583-40c2-98cd-f7bac1947b99,660,https://catalog.disaster.go.th/dataset/7bdbedaf-f9cd-4c42-893a-0c88ad65b2f5/resource/2a62f017-7583-40c2-98cd-f7bac1947b99/download/gd028_2566_final.csv,CSV
86,ชุมพร,2566,local_area_record,สวี,ครน,3,24/5/2023,2023-05-24,,2023-06-30,duration_unconfirmed,,,all_agriculture_not_durian_specific,2a62f017-7583-40c2-98cd-f7bac1947b99,661,https://catalog.disaster.go.th/dataset/7bdbedaf-f9cd-4c42-893a-0c88ad65b2f5/resource/2a62f017-7583-40c2-98cd-f7bac1947b99/download/gd028_2566_final.csv,CSV
86,ชุมพร,2566,local_area_record,สวี,ครน,4,24/5/2023,2023-05-24,,2023-06-30,duration_unconfirmed,,,all_agriculture_not_durian_specific,2a62f017-7583-40c2-98cd-f7bac1947b99,662,https://catalog.disaster.go.th/dataset/7bdbedaf-f9cd-4c42-893a-0c88ad65b2f5/resource/2a62f017-7583-40c2-98cd-f7bac1947b99/download/gd028_2566_final.csv,CSV
86,ชุมพร,2566,local_area_record,สวี,ครน,5,24/5/2023,2023-05-24,,2023-06-30,duration_unconfirmed,,,all_agriculture_not_durian_specific,2a62f017-7583-40c2-98cd-f7bac1947b99,663,https://catalog.disaster.go.th/dataset/7bdbedaf-f9cd-4c42-893a-0c88ad65b2f5/resource/2a62f017-7583-40c2-98cd-f7bac1947b99/download/gd028_2566_final.csv,CSV
86,ชุมพร,2566,local_area_record,สวี,ครน,6,24/5/2023,2023-05-24,,2023-06-30,duration_unconfirmed,,,all_agriculture_not_durian_specific,2a62f017-7583-40c2-98cd-f7bac1947b99,664,https://catalog.disaster.go.th/dataset/7bdbedaf-f9cd-4c42-893a-0c88ad65b2f5/resource/2a62f017-7583-40c2-98cd-f7bac1947b99/download/gd028_2566_final.csv,CSV
86,ชุมพร,2566,local_area_record,สวี,ครน,7,24/5/2023,2023-05-24,,2023-06-30,duration_unconfirmed,,,all_agriculture_not_durian_specific,2a62f017-7583-40c2-98cd-f7bac1947b99,665,https://catalog.disaster.go.th/dataset/7bdbedaf-f9cd-4c42-893a-0c88ad65b2f5/resource/2a62f017-7583-40c2-98cd-f7bac1947b99/download/gd028_2566_final.csv,CSV
86,ชุมพร,2566,local_area_record,สวี,ครน,8,24/5/2023,2023-05-24,,2023-06-30,duration_unconfirmed,,,all_agriculture_not_durian_specific,2a62f017-7583-40c2-98cd-f7bac1947b99,666,https://catalog.disaster.go.th/dataset/7bdbedaf-f9cd-4c42-893a-0c88ad65b2f5/resource/2a62f017-7583-40c2-98cd-f7bac1947b99/download/gd028_2566_final.csv,CSV
86,ชุมพร,2566,local_area_record,สวี,ครน,9,24/5/2023,2023-05-24,,2023-06-30,duration_unconfirmed,,,all_agriculture_not_durian_specific,2a62f017-7583-40c2-98cd-f7bac1947b99,667,https://catalog.disaster.go.th/dataset/7bdbedaf-f9cd-4c42-893a-0c88ad65b2f5/resource/2a62f017-7583-40c2-98cd-f7bac1947b99/download/gd028_2566_final.csv,CSV
86,ชุมพร,2566,local_area_record,สวี,วิสัยใต้,1,24/5/2023,2023-05-24,,2023-06-30,duration_unconfirmed,,,all_agriculture_not_durian_specific,2a62f017-7583-40c2-98cd-f7bac1947b99,668,https://catalog.disaster.go.th/dataset/7bdbedaf-f9cd-4c42-893a-0c88ad65b2f5/resource/2a62f017-7583-40c2-98cd-f7bac1947b99/download/gd028_2566_final.csv,CSV
86,ชุมพร,2566,local_area_record,สวี,วิสัยใต้,10,24/5/2023,2023-05-24,,2023-06-30,duration_unconfirmed,,,all_agriculture_not_durian_specific,2a62f017-7583-40c2-98cd-f7bac1947b99,669,https://catalog.disaster.go.th/dataset/7bdbedaf-f9cd-4c42-893a-0c88ad65b2f5/resource/2a62f017-7583-40c2-98cd-f7bac1947b99/download/gd028_2566_final.csv,CSV
86,ชุมพร,2566,local_area_record,สวี,วิสัยใต้,3,24/5/2023,2023-05-24,,2023-06-30,duration_unconfirmed,,,all_agriculture_not_durian_specific,2a62f017-7583-40c2-98cd-f7bac1947b99,670,https://catalog.disaster.go.th/dataset/7bdbedaf-f9cd-4c42-893a-0c88ad65b2f5/resource/2a62f017-7583-40c2-98cd-f7bac1947b99/download/gd028_2566_final.csv,CSV
86,ชุมพร,2566,local_area_record,สวี,วิสัยใต้,4,24/5/2023,2023-05-24,,2023-06-30,duration_unconfirmed,,,all_agriculture_not_durian_specific,2a62f017-7583-40c2-98cd-f7bac1947b99,671,https://catalog.disaster.go.th/dataset/7bdbedaf-f9cd-4c42-893a-0c88ad65b2f5/resource/2a62f017-7583-40c2-98cd-f7bac1947b99/download/gd028_2566_final.csv,CSV
86,ชุมพร,2566,local_area_record,สวี,วิสัยใต้,5,24/5/2023,2023-05-24,,2023-06-30,duration_unconfirmed,,,all_agriculture_not_durian_specific,2a62f017-7583-40c2-98cd-f7bac1947b99,672,https://catalog.disaster.go.th/dataset/7bdbedaf-f9cd-4c42-893a-0c88ad65b2f5/resource/2a62f017-7583-40c2-98cd-f7bac1947b99/download/gd028_2566_final.csv,CSV
86,ชุมพร,2566,local_area_record,สวี,วิสัยใต้,6,24/5/2023,2023-05-24,,2023-06-30,duration_unconfirmed,,,all_agriculture_not_durian_specific,2a62f017-7583-40c2-98cd-f7bac1947b99,673,https://catalog.disaster.go.th/dataset/7bdbedaf-f9cd-4c42-893a-0c88ad65b2f5/resource/2a62f017-7583-40c2-98cd-f7bac1947b99/download/gd028_2566_final.csv,CSV
86,ชุมพร,2566,local_area_record,สวี,วิสัยใต้,7,24/5/2023,2023-05-24,,2023-06-30,duration_unconfirmed,,,all_agriculture_not_durian_specific,2a62f017-7583-40c2-98cd-f7bac1947b99,674,https://catalog.disaster.go.th/dataset/7bdbedaf-f9cd-4c42-893a-0c88ad65b2f5/resource/2a62f017-7583-40c2-98cd-f7bac1947b99/download/gd028_2566_final.csv,CSV
86,ชุมพร,2566,local_area_record,สวี,วิสัยใต้,8,24/5/2023,2023-05-24,,2023-06-30,duration_unconfirmed,,,all_agriculture_not_durian_specific,2a62f017-7583-40c2-98cd-f7bac1947b99,675,https://catalog.disaster.go.th/dataset/7bdbedaf-f9cd-4c42-893a-0c88ad65b2f5/resource/2a62f017-7583-40c2-98cd-f7bac1947b99/download/gd028_2566_final.csv,CSV
86,ชุมพร,2566,local_area_record,สวี,วิสัยใต้,9,24/5/2023,2023-05-24,,2023-06-30,duration_unconfirmed,,,all_agriculture_not_durian_specific,2a62f017-7583-40c2-98cd-f7bac1947b99,676,https://catalog.disaster.go.th/dataset/7bdbedaf-f9cd-4c42-893a-0c88ad65b2f5/resource/2a62f017-7583-40c2-98cd-f7bac1947b99/download/gd028_2566_final.csv,CSV
86,ชุมพร,2566,local_area_record,สวี,นาสัก,1,24/5/2023,2023-05-24,,2023-06-30,duration_unconfirmed,,,all_agriculture_not_durian_specific,2a62f017-7583-40c2-98cd-f7bac1947b99,677,https://catalog.disaster.go.th/dataset/7bdbedaf-f9cd-4c42-893a-0c88ad65b2f5/resource/2a62f017-7583-40c2-98cd-f7bac1947b99/download/gd028_2566_final.csv,CSV
86,ชุมพร,2566,local_area_record,สวี,นาสัก,10,24/5/2023,2023-05-24,,2023-06-30,duration_unconfirmed,,,all_agriculture_not_durian_specific,2a62f017-7583-40c2-98cd-f7bac1947b99,678,https://catalog.disaster.go.th/dataset/7bdbedaf-f9cd-4c42-893a-0c88ad65b2f5/resource/2a62f017-7583-40c2-98cd-f7bac1947b99/download/gd028_2566_final.csv,CSV
86,ชุมพร,2566,local_area_record,สวี,นาสัก,11,24/5/2023,2023-05-24,,2023-06-30,duration_unconfirmed,,,all_agriculture_not_durian_specific,2a62f017-7583-40c2-98cd-f7bac1947b99,679,https://catalog.disaster.go.th/dataset/7bdbedaf-f9cd-4c42-893a-0c88ad65b2f5/resource/2a62f017-7583-40c2-98cd-f7bac1947b99/download/gd028_2566_final.csv,CSV
86,ชุมพร,2566,local_area_record,สวี,นาสัก,12,24/5/2023,2023-05-24,,2023-06-30,duration_unconfirmed,,,all_agriculture_not_durian_specific,2a62f017-7583-40c2-98cd-f7bac1947b99,680,https://catalog.disaster.go.th/dataset/7bdbedaf-f9cd-4c42-893a-0c88ad65b2f5/resource/2a62f017-7583-40c2-98cd-f7bac1947b99/download/gd028_2566_final.csv,CSV
86,ชุมพร,2566,local_area_record,สวี,นาสัก,13,24/5/2023,2023-05-24,,2023-06-30,duration_unconfirmed,,,all_agriculture_not_durian_specific,2a62f017-7583-40c2-98cd-f7bac1947b99,681,https://catalog.disaster.go.th/dataset/7bdbedaf-f9cd-4c42-893a-0c88ad65b2f5/resource/2a62f017-7583-40c2-98cd-f7bac1947b99/download/gd028_2566_final.csv,CSV
86,ชุมพร,2566,local_area_record,สวี,นาสัก,14,24/5/2023,2023-05-24,,2023-06-30,duration_unconfirmed,,,all_agriculture_not_durian_specific,2a62f017-7583-40c2-98cd-f7bac1947b99,682,https://catalog.disaster.go.th/dataset/7bdbedaf-f9cd-4c42-893a-0c88ad65b2f5/resource/2a62f017-7583-40c2-98cd-f7bac1947b99/download/gd028_2566_final.csv,CSV
86,ชุมพร,2566,local_area_record,สวี,นาสัก,15,24/5/2023,2023-05-24,,2023-06-30,duration_unconfirmed,,,all_agriculture_not_durian_specific,2a62f017-7583-40c2-98cd-f7bac1947b99,683,https://catalog.disaster.go.th/dataset/7bdbedaf-f9cd-4c42-893a-0c88ad65b2f5/resource/2a62f017-7583-40c2-98cd-f7bac1947b99/download/gd028_2566_final.csv,CSV
86,ชุมพร,2566,local_area_record,สวี,นาสัก,16,24/5/2023,2023-05-24,,2023-06-30,duration_unconfirmed,,,all_agriculture_not_durian_specific,2a62f017-7583-40c2-98cd-f7bac1947b99,684,https://catalog.disaster.go.th/dataset/7bdbedaf-f9cd-4c42-893a-0c88ad65b2f5/resource/2a62f017-7583-40c2-98cd-f7bac1947b99/download/gd028_2566_final.csv,CSV
86,ชุมพร,2566,local_area_record,สวี,นาสัก,17,24/5/2023,2023-05-24,,2023-06-30,duration_unconfirmed,,,all_agriculture_not_durian_specific,2a62f017-7583-40c2-98cd-f7bac1947b99,685,https://catalog.disaster.go.th/dataset/7bdbedaf-f9cd-4c42-893a-0c88ad65b2f5/resource/2a62f017-7583-40c2-98cd-f7bac1947b99/download/gd028_2566_final.csv,CSV
86,ชุมพร,2566,local_area_record,สวี,นาสัก,18,24/5/2023,2023-05-24,,2023-06-30,duration_unconfirmed,,,all_agriculture_not_durian_specific,2a62f017-7583-40c2-98cd-f7bac1947b99,686,https://catalog.disaster.go.th/dataset/7bdbedaf-f9cd-4c42-893a-0c88ad65b2f5/resource/2a62f017-7583-40c2-98cd-f7bac1947b99/download/gd028_2566_final.csv,CSV
86,ชุมพร,2566,local_area_record,สวี,นาสัก,19,24/5/2023,2023-05-24,,2023-06-30,duration_unconfirmed,,,all_agriculture_not_durian_specific,2a62f017-7583-40c2-98cd-f7bac1947b99,687,https://catalog.disaster.go.th/dataset/7bdbedaf-f9cd-4c42-893a-0c88ad65b2f5/resource/2a62f017-7583-40c2-98cd-f7bac1947b99/download/gd028_2566_final.csv,CSV
86,ชุมพร,2566,local_area_record,สวี,นาสัก,2,24/5/2023,2023-05-24,,2023-06-30,duration_unconfirmed,,,all_agriculture_not_durian_specific,2a62f017-7583-40c2-98cd-f7bac1947b99,688,https://catalog.disaster.go.th/dataset/7bdbedaf-f9cd-4c42-893a-0c88ad65b2f5/resource/2a62f017-7583-40c2-98cd-f7bac1947b99/download/gd028_2566_final.csv,CSV
86,ชุมพร,2566,local_area_record,สวี,นาสัก,3,24/5/2023,2023-05-24,,2023-06-30,duration_unconfirmed,,,all_agriculture_not_durian_specific,2a62f017-7583-40c2-98cd-f7bac1947b99,689,https://catalog.disaster.go.th/dataset/7bdbedaf-f9cd-4c42-893a-0c88ad65b2f5/resource/2a62f017-7583-40c2-98cd-f7bac1947b99/download/gd028_2566_final.csv,CSV
86,ชุมพร,2566,local_area_record,สวี,นาสัก,4,24/5/2023,2023-05-24,,2023-06-30,duration_unconfirmed,,,all_agriculture_not_durian_specific,2a62f017-7583-40c2-98cd-f7bac1947b99,690,https://catalog.disaster.go.th/dataset/7bdbedaf-f9cd-4c42-893a-0c88ad65b2f5/resource/2a62f017-7583-40c2-98cd-f7bac1947b99/download/gd028_2566_final.csv,CSV
86,ชุมพร,2566,local_area_record,สวี,นาสัก,5,24/5/2023,2023-05-24,,2023-06-30,duration_unconfirmed,,,all_agriculture_not_durian_specific,2a62f017-7583-40c2-98cd-f7bac1947b99,691,https://catalog.disaster.go.th/dataset/7bdbedaf-f9cd-4c42-893a-0c88ad65b2f5/resource/2a62f017-7583-40c2-98cd-f7bac1947b99/download/gd028_2566_final.csv,CSV
86,ชุมพร,2566,local_area_record,สวี,นาสัก,6,24/5/2023,2023-05-24,,2023-06-30,duration_unconfirmed,,,all_agriculture_not_durian_specific,2a62f017-7583-40c2-98cd-f7bac1947b99,692,https://catalog.disaster.go.th/dataset/7bdbedaf-f9cd-4c42-893a-0c88ad65b2f5/resource/2a62f017-7583-40c2-98cd-f7bac1947b99/download/gd028_2566_final.csv,CSV
86,ชุมพร,2566,local_area_record,สวี,นาสัก,7,24/5/2023,2023-05-24,,2023-06-30,duration_unconfirmed,,,all_agriculture_not_durian_specific,2a62f017-7583-40c2-98cd-f7bac1947b99,693,https://catalog.disaster.go.th/dataset/7bdbedaf-f9cd-4c42-893a-0c88ad65b2f5/resource/2a62f017-7583-40c2-98cd-f7bac1947b99/download/gd028_2566_final.csv,CSV
86,ชุมพร,2566,local_area_record,สวี,นาสัก,8,24/5/2023,2023-05-24,,2023-06-30,duration_unconfirmed,,,all_agriculture_not_durian_specific,2a62f017-7583-40c2-98cd-f7bac1947b99,694,https://catalog.disaster.go.th/dataset/7bdbedaf-f9cd-4c42-893a-0c88ad65b2f5/resource/2a62f017-7583-40c2-98cd-f7bac1947b99/download/gd028_2566_final.csv,CSV
86,ชุมพร,2566,local_area_record,สวี,นาสัก,9,24/5/2023,2023-05-24,,2023-06-30,duration_unconfirmed,,,all_agriculture_not_durian_specific,2a62f017-7583-40c2-98cd-f7bac1947b99,695,https://catalog.disaster.go.th/dataset/7bdbedaf-f9cd-4c42-893a-0c88ad65b2f5/resource/2a62f017-7583-40c2-98cd-f7bac1947b99/download/gd028_2566_final.csv,CSV
86,ชุมพร,2566,local_area_record,สวี,เขาทะลุ,1,24/5/2023,2023-05-24,,2023-06-30,duration_unconfirmed,,,all_agriculture_not_durian_specific,2a62f017-7583-40c2-98cd-f7bac1947b99,696,https://catalog.disaster.go.th/dataset/7bdbedaf-f9cd-4c42-893a-0c88ad65b2f5/resource/2a62f017-7583-40c2-98cd-f7bac1947b99/download/gd028_2566_final.csv,CSV
86,ชุมพร,2566,local_area_record,สวี,เขาทะลุ,10,24/5/2023,2023-05-24,,2023-06-30,duration_unconfirmed,,,all_agriculture_not_durian_specific,2a62f017-7583-40c2-98cd-f7bac1947b99,697,https://catalog.disaster.go.th/dataset/7bdbedaf-f9cd-4c42-893a-0c88ad65b2f5/resource/2a62f017-7583-40c2-98cd-f7bac1947b99/download/gd028_2566_final.csv,CSV
86,ชุมพร,2566,local_area_record,สวี,เขาทะลุ,11,24/5/2023,2023-05-24,,2023-06-30,duration_unconfirmed,,,all_agriculture_not_durian_specific,2a62f017-7583-40c2-98cd-f7bac1947b99,698,https://catalog.disaster.go.th/dataset/7bdbedaf-f9cd-4c42-893a-0c88ad65b2f5/resource/2a62f017-7583-40c2-98cd-f7bac1947b99/download/gd028_2566_final.csv,CSV
86,ชุมพร,2566,local_area_record,สวี,เขาทะลุ,2,24/5/2023,2023-05-24,,2023-06-30,duration_unconfirmed,,,all_agriculture_not_durian_specific,2a62f017-7583-40c2-98cd-f7bac1947b99,699,https://catalog.disaster.go.th/dataset/7bdbedaf-f9cd-4c42-893a-0c88ad65b2f5/resource/2a62f017-7583-40c2-98cd-f7bac1947b99/download/gd028_2566_final.csv,CSV
86,ชุมพร,2566,local_area_record,สวี,เขาทะลุ,3,24/5/2023,2023-05-24,,2023-06-30,duration_unconfirmed,,,all_agriculture_not_durian_specific,2a62f017-7583-40c2-98cd-f7bac1947b99,700,https://catalog.disaster.go.th/dataset/7bdbedaf-f9cd-4c42-893a-0c88ad65b2f5/resource/2a62f017-7583-40c2-98cd-f7bac1947b99/download/gd028_2566_final.csv,CSV
86,ชุมพร,2566,local_area_record,สวี,เขาทะลุ,4,24/5/2023,2023-05-24,,2023-06-30,duration_unconfirmed,,,all_agriculture_not_durian_specific,2a62f017-7583-40c2-98cd-f7bac1947b99,701,https://catalog.disaster.go.th/dataset/7bdbedaf-f9cd-4c42-893a-0c88ad65b2f5/resource/2a62f017-7583-40c2-98cd-f7bac1947b99/download/gd028_2566_final.csv,CSV
86,ชุมพร,2566,local_area_record,สวี,เขาทะลุ,5,24/5/2023,2023-05-24,,2023-06-30,duration_unconfirmed,,,all_agriculture_not_durian_specific,2a62f017-7583-40c2-98cd-f7bac1947b99,702,https://catalog.disaster.go.th/dataset/7bdbedaf-f9cd-4c42-893a-0c88ad65b2f5/resource/2a62f017-7583-40c2-98cd-f7bac1947b99/download/gd028_2566_final.csv,CSV
86,ชุมพร,2566,local_area_record,สวี,เขาทะลุ,6,24/5/2023,2023-05-24,,2023-06-30,duration_unconfirmed,,,all_agriculture_not_durian_specific,2a62f017-7583-40c2-98cd-f7bac1947b99,703,https://catalog.disaster.go.th/dataset/7bdbedaf-f9cd-4c42-893a-0c88ad65b2f5/resource/2a62f017-7583-40c2-98cd-f7bac1947b99/download/gd028_2566_final.csv,CSV
86,ชุมพร,2566,local_area_record,สวี,เขาทะลุ,7,24/5/2023,2023-05-24,,2023-06-30,duration_unconfirmed,,,all_agriculture_not_durian_specific,2a62f017-7583-40c2-98cd-f7bac1947b99,704,https://catalog.disaster.go.th/dataset/7bdbedaf-f9cd-4c42-893a-0c88ad65b2f5/resource/2a62f017-7583-40c2-98cd-f7bac1947b99/download/gd028_2566_final.csv,CSV
86,ชุมพร,2566,local_area_record,สวี,เขาทะลุ,8,24/5/2023,2023-05-24,,2023-06-30,duration_unconfirmed,,,all_agriculture_not_durian_specific,2a62f017-7583-40c2-98cd-f7bac1947b99,705,https://catalog.disaster.go.th/dataset/7bdbedaf-f9cd-4c42-893a-0c88ad65b2f5/resource/2a62f017-7583-40c2-98cd-f7bac1947b99/download/gd028_2566_final.csv,CSV
86,ชุมพร,2566,local_area_record,สวี,เขาทะลุ,9,24/5/2023,2023-05-24,,2023-06-30,duration_unconfirmed,,,all_agriculture_not_durian_specific,2a62f017-7583-40c2-98cd-f7bac1947b99,706,https://catalog.disaster.go.th/dataset/7bdbedaf-f9cd-4c42-893a-0c88ad65b2f5/resource/2a62f017-7583-40c2-98cd-f7bac1947b99/download/gd028_2566_final.csv,CSV
86,ชุมพร,2566,local_area_record,สวี,เขาค่าย,1,24/5/2023,2023-05-24,,2023-06-30,duration_unconfirmed,,,all_agriculture_not_durian_specific,2a62f017-7583-40c2-98cd-f7bac1947b99,707,https://catalog.disaster.go.th/dataset/7bdbedaf-f9cd-4c42-893a-0c88ad65b2f5/resource/2a62f017-7583-40c2-98cd-f7bac1947b99/download/gd028_2566_final.csv,CSV
86,ชุมพร,2566,local_area_record,สวี,เขาค่าย,10,24/5/2023,2023-05-24,,2023-06-30,duration_unconfirmed,,,all_agriculture_not_durian_specific,2a62f017-7583-40c2-98cd-f7bac1947b99,708,https://catalog.disaster.go.th/dataset/7bdbedaf-f9cd-4c42-893a-0c88ad65b2f5/resource/2a62f017-7583-40c2-98cd-f7bac1947b99/download/gd028_2566_final.csv,CSV
86,ชุมพร,2566,local_area_record,สวี,เขาค่าย,11,24/5/2023,2023-05-24,,2023-06-30,duration_unconfirmed,,,all_agriculture_not_durian_specific,2a62f017-7583-40c2-98cd-f7bac1947b99,709,https://catalog.disaster.go.th/dataset/7bdbedaf-f9cd-4c42-893a-0c88ad65b2f5/resource/2a62f017-7583-40c2-98cd-f7bac1947b99/download/gd028_2566_final.csv,CSV
86,ชุมพร,2566,local_area_record,สวี,เขาค่าย,12,24/5/2023,2023-05-24,,2023-06-30,duration_unconfirmed,,,all_agriculture_not_durian_specific,2a62f017-7583-40c2-98cd-f7bac1947b99,710,https://catalog.disaster.go.th/dataset/7bdbedaf-f9cd-4c42-893a-0c88ad65b2f5/resource/2a62f017-7583-40c2-98cd-f7bac1947b99/download/gd028_2566_final.csv,CSV
86,ชุมพร,2566,local_area_record,สวี,เขาค่าย,2,24/5/2023,2023-05-24,,2023-06-30,duration_unconfirmed,,,all_agriculture_not_durian_specific,2a62f017-7583-40c2-98cd-f7bac1947b99,711,https://catalog.disaster.go.th/dataset/7bdbedaf-f9cd-4c42-893a-0c88ad65b2f5/resource/2a62f017-7583-40c2-98cd-f7bac1947b99/download/gd028_2566_final.csv,CSV
86,ชุมพร,2566,local_area_record,สวี,เขาค่าย,3,24/5/2023,2023-05-24,,2023-06-30,duration_unconfirmed,,,all_agriculture_not_durian_specific,2a62f017-7583-40c2-98cd-f7bac1947b99,712,https://catalog.disaster.go.th/dataset/7bdbedaf-f9cd-4c42-893a-0c88ad65b2f5/resource/2a62f017-7583-40c2-98cd-f7bac1947b99/download/gd028_2566_final.csv,CSV
86,ชุมพร,2566,local_area_record,สวี,เขาค่าย,4,24/5/2023,2023-05-24,,2023-06-30,duration_unconfirmed,,,all_agriculture_not_durian_specific,2a62f017-7583-40c2-98cd-f7bac1947b99,713,https://catalog.disaster.go.th/dataset/7bdbedaf-f9cd-4c42-893a-0c88ad65b2f5/resource/2a62f017-7583-40c2-98cd-f7bac1947b99/download/gd028_2566_final.csv,CSV
86,ชุมพร,2566,local_area_record,สวี,เขาค่าย,5,24/5/2023,2023-05-24,,2023-06-30,duration_unconfirmed,,,all_agriculture_not_durian_specific,2a62f017-7583-40c2-98cd-f7bac1947b99,714,https://catalog.disaster.go.th/dataset/7bdbedaf-f9cd-4c42-893a-0c88ad65b2f5/resource/2a62f017-7583-40c2-98cd-f7bac1947b99/download/gd028_2566_final.csv,CSV
86,ชุมพร,2566,local_area_record,สวี,เขาค่าย,6,24/5/2023,2023-05-24,,2023-06-30,duration_unconfirmed,,,all_agriculture_not_durian_specific,2a62f017-7583-40c2-98cd-f7bac1947b99,715,https://catalog.disaster.go.th/dataset/7bdbedaf-f9cd-4c42-893a-0c88ad65b2f5/resource/2a62f017-7583-40c2-98cd-f7bac1947b99/download/gd028_2566_final.csv,CSV
86,ชุมพร,2566,local_area_record,สวี,เขาค่าย,7,24/5/2023,2023-05-24,,2023-06-30,duration_unconfirmed,,,all_agriculture_not_durian_specific,2a62f017-7583-40c2-98cd-f7bac1947b99,716,https://catalog.disaster.go.th/dataset/7bdbedaf-f9cd-4c42-893a-0c88ad65b2f5/resource/2a62f017-7583-40c2-98cd-f7bac1947b99/download/gd028_2566_final.csv,CSV
86,ชุมพร,2566,local_area_record,สวี,เขาค่าย,8,24/5/2023,2023-05-24,,2023-06-30,duration_unconfirmed,,,all_agriculture_not_durian_specific,2a62f017-7583-40c2-98cd-f7bac1947b99,717,https://catalog.disaster.go.th/dataset/7bdbedaf-f9cd-4c42-893a-0c88ad65b2f5/resource/2a62f017-7583-40c2-98cd-f7bac1947b99/download/gd028_2566_final.csv,CSV
86,ชุมพร,2566,local_area_record,สวี,เขาค่าย,9,24/5/2023,2023-05-24,,2023-06-30,duration_unconfirmed,,,all_agriculture_not_durian_specific,2a62f017-7583-40c2-98cd-f7bac1947b99,718,https://catalog.disaster.go.th/dataset/7bdbedaf-f9cd-4c42-893a-0c88ad65b2f5/resource/2a62f017-7583-40c2-98cd-f7bac1947b99/download/gd028_2566_final.csv,CSV
86,ชุมพร,2566,local_area_record,ทุ่งตะโก,ปากตะโก,1,29/5/2023,2023-05-29,,2023-07-03,duration_unconfirmed,,12500,all_agriculture_not_durian_specific,2a62f017-7583-40c2-98cd-f7bac1947b99,719,https://catalog.disaster.go.th/dataset/7bdbedaf-f9cd-4c42-893a-0c88ad65b2f5/resource/2a62f017-7583-40c2-98cd-f7bac1947b99/download/gd028_2566_final.csv,CSV
86,ชุมพร,2566,local_area_record,ทุ่งตะโก,ปากตะโก,2,29/5/2023,2023-05-29,,2023-07-03,duration_unconfirmed,,,all_agriculture_not_durian_specific,2a62f017-7583-40c2-98cd-f7bac1947b99,720,https://catalog.disaster.go.th/dataset/7bdbedaf-f9cd-4c42-893a-0c88ad65b2f5/resource/2a62f017-7583-40c2-98cd-f7bac1947b99/download/gd028_2566_final.csv,CSV
86,ชุมพร,2566,local_area_record,ทุ่งตะโก,ปากตะโก,3,29/5/2023,2023-05-29,,2023-07-03,duration_unconfirmed,,,all_agriculture_not_durian_specific,2a62f017-7583-40c2-98cd-f7bac1947b99,721,https://catalog.disaster.go.th/dataset/7bdbedaf-f9cd-4c42-893a-0c88ad65b2f5/resource/2a62f017-7583-40c2-98cd-f7bac1947b99/download/gd028_2566_final.csv,CSV
86,ชุมพร,2566,local_area_record,ทุ่งตะโก,ปากตะโก,4,29/5/2023,2023-05-29,,2023-07-03,duration_unconfirmed,,,all_agriculture_not_durian_specific,2a62f017-7583-40c2-98cd-f7bac1947b99,722,https://catalog.disaster.go.th/dataset/7bdbedaf-f9cd-4c42-893a-0c88ad65b2f5/resource/2a62f017-7583-40c2-98cd-f7bac1947b99/download/gd028_2566_final.csv,CSV
86,ชุมพร,2566,local_area_record,ทุ่งตะโก,ปากตะโก,5,29/5/2023,2023-05-29,,2023-07-03,duration_unconfirmed,,,all_agriculture_not_durian_specific,2a62f017-7583-40c2-98cd-f7bac1947b99,723,https://catalog.disaster.go.th/dataset/7bdbedaf-f9cd-4c42-893a-0c88ad65b2f5/resource/2a62f017-7583-40c2-98cd-f7bac1947b99/download/gd028_2566_final.csv,CSV
86,ชุมพร,2566,local_area_record,ทุ่งตะโก,ทุ่งตะไคร,1,29/5/2023,2023-05-29,,2023-07-03,duration_unconfirmed,,,all_agriculture_not_durian_specific,2a62f017-7583-40c2-98cd-f7bac1947b99,724,https://catalog.disaster.go.th/dataset/7bdbedaf-f9cd-4c42-893a-0c88ad65b2f5/resource/2a62f017-7583-40c2-98cd-f7bac1947b99/download/gd028_2566_final.csv,CSV
86,ชุมพร,2566,local_area_record,ทุ่งตะโก,ทุ่งตะไคร,2,29/5/2023,2023-05-29,,2023-07-03,duration_unconfirmed,,,all_agriculture_not_durian_specific,2a62f017-7583-40c2-98cd-f7bac1947b99,725,https://catalog.disaster.go.th/dataset/7bdbedaf-f9cd-4c42-893a-0c88ad65b2f5/resource/2a62f017-7583-40c2-98cd-f7bac1947b99/download/gd028_2566_final.csv,CSV
86,ชุมพร,2566,local_area_record,ทุ่งตะโก,ทุ่งตะไคร,3,29/5/2023,2023-05-29,,2023-07-03,duration_unconfirmed,,,all_agriculture_not_durian_specific,2a62f017-7583-40c2-98cd-f7bac1947b99,726,https://catalog.disaster.go.th/dataset/7bdbedaf-f9cd-4c42-893a-0c88ad65b2f5/resource/2a62f017-7583-40c2-98cd-f7bac1947b99/download/gd028_2566_final.csv,CSV
86,ชุมพร,2566,local_area_record,ทุ่งตะโก,ทุ่งตะไคร,4,29/5/2023,2023-05-29,,2023-07-03,duration_unconfirmed,,,all_agriculture_not_durian_specific,2a62f017-7583-40c2-98cd-f7bac1947b99,727,https://catalog.disaster.go.th/dataset/7bdbedaf-f9cd-4c42-893a-0c88ad65b2f5/resource/2a62f017-7583-40c2-98cd-f7bac1947b99/download/gd028_2566_final.csv,CSV
86,ชุมพร,2566,local_area_record,ทุ่งตะโก,ทุ่งตะไคร,5,29/5/2023,2023-05-29,,2023-07-03,duration_unconfirmed,,,all_agriculture_not_durian_specific,2a62f017-7583-40c2-98cd-f7bac1947b99,728,https://catalog.disaster.go.th/dataset/7bdbedaf-f9cd-4c42-893a-0c88ad65b2f5/resource/2a62f017-7583-40c2-98cd-f7bac1947b99/download/gd028_2566_final.csv,CSV
86,ชุมพร,2566,local_area_record,ทุ่งตะโก,ทุ่งตะไคร,6,29/5/2023,2023-05-29,,2023-07-03,duration_unconfirmed,,,all_agriculture_not_durian_specific,2a62f017-7583-40c2-98cd-f7bac1947b99,729,https://catalog.disaster.go.th/dataset/7bdbedaf-f9cd-4c42-893a-0c88ad65b2f5/resource/2a62f017-7583-40c2-98cd-f7bac1947b99/download/gd028_2566_final.csv,CSV
86,ชุมพร,2566,local_area_record,ทุ่งตะโก,ทุ่งตะไคร,7,29/5/2023,2023-05-29,,2023-07-03,duration_unconfirmed,,,all_agriculture_not_durian_specific,2a62f017-7583-40c2-98cd-f7bac1947b99,730,https://catalog.disaster.go.th/dataset/7bdbedaf-f9cd-4c42-893a-0c88ad65b2f5/resource/2a62f017-7583-40c2-98cd-f7bac1947b99/download/gd028_2566_final.csv,CSV
86,ชุมพร,2566,local_area_record,ทุ่งตะโก,ทุ่งตะไคร,8,29/5/2023,2023-05-29,,2023-07-03,duration_unconfirmed,,,all_agriculture_not_durian_specific,2a62f017-7583-40c2-98cd-f7bac1947b99,731,https://catalog.disaster.go.th/dataset/7bdbedaf-f9cd-4c42-893a-0c88ad65b2f5/resource/2a62f017-7583-40c2-98cd-f7bac1947b99/download/gd028_2566_final.csv,CSV
86,ชุมพร,2566,local_area_record,ทุ่งตะโก,ตะโก,1,29/5/2023,2023-05-29,,2023-07-03,duration_unconfirmed,,,all_agriculture_not_durian_specific,2a62f017-7583-40c2-98cd-f7bac1947b99,732,https://catalog.disaster.go.th/dataset/7bdbedaf-f9cd-4c42-893a-0c88ad65b2f5/resource/2a62f017-7583-40c2-98cd-f7bac1947b99/download/gd028_2566_final.csv,CSV
86,ชุมพร,2566,local_area_record,ทุ่งตะโก,ตะโก,10,29/5/2023,2023-05-29,,2023-07-03,duration_unconfirmed,,,all_agriculture_not_durian_specific,2a62f017-7583-40c2-98cd-f7bac1947b99,733,https://catalog.disaster.go.th/dataset/7bdbedaf-f9cd-4c42-893a-0c88ad65b2f5/resource/2a62f017-7583-40c2-98cd-f7bac1947b99/download/gd028_2566_final.csv,CSV
86,ชุมพร,2566,local_area_record,ทุ่งตะโก,ตะโก,11,29/5/2023,2023-05-29,,2023-07-03,duration_unconfirmed,,,all_agriculture_not_durian_specific,2a62f017-7583-40c2-98cd-f7bac1947b99,734,https://catalog.disaster.go.th/dataset/7bdbedaf-f9cd-4c42-893a-0c88ad65b2f5/resource/2a62f017-7583-40c2-98cd-f7bac1947b99/download/gd028_2566_final.csv,CSV
86,ชุมพร,2566,local_area_record,ทุ่งตะโก,ตะโก,12,29/5/2023,2023-05-29,,2023-07-03,duration_unconfirmed,,,all_agriculture_not_durian_specific,2a62f017-7583-40c2-98cd-f7bac1947b99,735,https://catalog.disaster.go.th/dataset/7bdbedaf-f9cd-4c42-893a-0c88ad65b2f5/resource/2a62f017-7583-40c2-98cd-f7bac1947b99/download/gd028_2566_final.csv,CSV
86,ชุมพร,2566,local_area_record,ทุ่งตะโก,ตะโก,13,29/5/2023,2023-05-29,,2023-07-03,duration_unconfirmed,,,all_agriculture_not_durian_specific,2a62f017-7583-40c2-98cd-f7bac1947b99,736,https://catalog.disaster.go.th/dataset/7bdbedaf-f9cd-4c42-893a-0c88ad65b2f5/resource/2a62f017-7583-40c2-98cd-f7bac1947b99/download/gd028_2566_final.csv,CSV
86,ชุมพร,2566,local_area_record,ทุ่งตะโก,ตะโก,14,29/5/2023,2023-05-29,,2023-07-03,duration_unconfirmed,,,all_agriculture_not_durian_specific,2a62f017-7583-40c2-98cd-f7bac1947b99,737,https://catalog.disaster.go.th/dataset/7bdbedaf-f9cd-4c42-893a-0c88ad65b2f5/resource/2a62f017-7583-40c2-98cd-f7bac1947b99/download/gd028_2566_final.csv,CSV
86,ชุมพร,2566,local_area_record,ทุ่งตะโก,ตะโก,2,29/5/2023,2023-05-29,,2023-07-03,duration_unconfirmed,,,all_agriculture_not_durian_specific,2a62f017-7583-40c2-98cd-f7bac1947b99,738,https://catalog.disaster.go.th/dataset/7bdbedaf-f9cd-4c42-893a-0c88ad65b2f5/resource/2a62f017-7583-40c2-98cd-f7bac1947b99/download/gd028_2566_final.csv,CSV
86,ชุมพร,2566,local_area_record,ทุ่งตะโก,ตะโก,3,29/5/2023,2023-05-29,,2023-07-03,duration_unconfirmed,,,all_agriculture_not_durian_specific,2a62f017-7583-40c2-98cd-f7bac1947b99,739,https://catalog.disaster.go.th/dataset/7bdbedaf-f9cd-4c42-893a-0c88ad65b2f5/resource/2a62f017-7583-40c2-98cd-f7bac1947b99/download/gd028_2566_final.csv,CSV
86,ชุมพร,2566,local_area_record,ทุ่งตะโก,ตะโก,4,29/5/2023,2023-05-29,,2023-07-03,duration_unconfirmed,,,all_agriculture_not_durian_specific,2a62f017-7583-40c2-98cd-f7bac1947b99,740,https://catalog.disaster.go.th/dataset/7bdbedaf-f9cd-4c42-893a-0c88ad65b2f5/resource/2a62f017-7583-40c2-98cd-f7bac1947b99/download/gd028_2566_final.csv,CSV
86,ชุมพร,2566,local_area_record,ทุ่งตะโก,ตะโก,5,29/5/2023,2023-05-29,,2023-07-03,duration_unconfirmed,,,all_agriculture_not_durian_specific,2a62f017-7583-40c2-98cd-f7bac1947b99,741,https://catalog.disaster.go.th/dataset/7bdbedaf-f9cd-4c42-893a-0c88ad65b2f5/resource/2a62f017-7583-40c2-98cd-f7bac1947b99/download/gd028_2566_final.csv,CSV
86,ชุมพร,2566,local_area_record,ทุ่งตะโก,ตะโก,6,29/5/2023,2023-05-29,,2023-07-03,duration_unconfirmed,,,all_agriculture_not_durian_specific,2a62f017-7583-40c2-98cd-f7bac1947b99,742,https://catalog.disaster.go.th/dataset/7bdbedaf-f9cd-4c42-893a-0c88ad65b2f5/resource/2a62f017-7583-40c2-98cd-f7bac1947b99/download/gd028_2566_final.csv,CSV
86,ชุมพร,2566,local_area_record,ทุ่งตะโก,ตะโก,7,29/5/2023,2023-05-29,,2023-07-03,duration_unconfirmed,,,all_agriculture_not_durian_specific,2a62f017-7583-40c2-98cd-f7bac1947b99,743,https://catalog.disaster.go.th/dataset/7bdbedaf-f9cd-4c42-893a-0c88ad65b2f5/resource/2a62f017-7583-40c2-98cd-f7bac1947b99/download/gd028_2566_final.csv,CSV
86,ชุมพร,2566,local_area_record,ทุ่งตะโก,ตะโก,8,29/5/2023,2023-05-29,,2023-07-03,duration_unconfirmed,,,all_agriculture_not_durian_specific,2a62f017-7583-40c2-98cd-f7bac1947b99,744,https://catalog.disaster.go.th/dataset/7bdbedaf-f9cd-4c42-893a-0c88ad65b2f5/resource/2a62f017-7583-40c2-98cd-f7bac1947b99/download/gd028_2566_final.csv,CSV
86,ชุมพร,2566,local_area_record,ทุ่งตะโก,ตะโก,9,29/5/2023,2023-05-29,,2023-07-03,duration_unconfirmed,,,all_agriculture_not_durian_specific,2a62f017-7583-40c2-98cd-f7bac1947b99,745,https://catalog.disaster.go.th/dataset/7bdbedaf-f9cd-4c42-893a-0c88ad65b2f5/resource/2a62f017-7583-40c2-98cd-f7bac1947b99/download/gd028_2566_final.csv,CSV
86,ชุมพร,2566,local_area_record,ทุ่งตะโก,ช่องไม้แก้ว,1,29/5/2023,2023-05-29,,2023-07-03,duration_unconfirmed,,,all_agriculture_not_durian_specific,2a62f017-7583-40c2-98cd-f7bac1947b99,746,https://catalog.disaster.go.th/dataset/7bdbedaf-f9cd-4c42-893a-0c88ad65b2f5/resource/2a62f017-7583-40c2-98cd-f7bac1947b99/download/gd028_2566_final.csv,CSV
86,ชุมพร,2566,local_area_record,ทุ่งตะโก,ช่องไม้แก้ว,2,29/5/2023,2023-05-29,,2023-07-03,duration_unconfirmed,,,all_agriculture_not_durian_specific,2a62f017-7583-40c2-98cd-f7bac1947b99,747,https://catalog.disaster.go.th/dataset/7bdbedaf-f9cd-4c42-893a-0c88ad65b2f5/resource/2a62f017-7583-40c2-98cd-f7bac1947b99/download/gd028_2566_final.csv,CSV
86,ชุมพร,2566,local_area_record,ทุ่งตะโก,ช่องไม้แก้ว,3,29/5/2023,2023-05-29,,2023-07-03,duration_unconfirmed,,,all_agriculture_not_durian_specific,2a62f017-7583-40c2-98cd-f7bac1947b99,748,https://catalog.disaster.go.th/dataset/7bdbedaf-f9cd-4c42-893a-0c88ad65b2f5/resource/2a62f017-7583-40c2-98cd-f7bac1947b99/download/gd028_2566_final.csv,CSV
86,ชุมพร,2566,local_area_record,ทุ่งตะโก,ช่องไม้แก้ว,4,29/5/2023,2023-05-29,,2023-07-03,duration_unconfirmed,,,all_agriculture_not_durian_specific,2a62f017-7583-40c2-98cd-f7bac1947b99,749,https://catalog.disaster.go.th/dataset/7bdbedaf-f9cd-4c42-893a-0c88ad65b2f5/resource/2a62f017-7583-40c2-98cd-f7bac1947b99/download/gd028_2566_final.csv,CSV
86,ชุมพร,2566,local_area_record,ทุ่งตะโก,ช่องไม้แก้ว,5,29/5/2023,2023-05-29,,2023-07-03,duration_unconfirmed,,,all_agriculture_not_durian_specific,2a62f017-7583-40c2-98cd-f7bac1947b99,750,https://catalog.disaster.go.th/dataset/7bdbedaf-f9cd-4c42-893a-0c88ad65b2f5/resource/2a62f017-7583-40c2-98cd-f7bac1947b99/download/gd028_2566_final.csv,CSV
86,ชุมพร,2566,local_area_record,ทุ่งตะโก,ช่องไม้แก้ว,6,29/5/2023,2023-05-29,,2023-07-03,duration_unconfirmed,,,all_agriculture_not_durian_specific,2a62f017-7583-40c2-98cd-f7bac1947b99,751,https://catalog.disaster.go.th/dataset/7bdbedaf-f9cd-4c42-893a-0c88ad65b2f5/resource/2a62f017-7583-40c2-98cd-f7bac1947b99/download/gd028_2566_final.csv,CSV
86,ชุมพร,2566,local_area_record,ทุ่งตะโก,ช่องไม้แก้ว,7,29/5/2023,2023-05-29,,2023-07-03,duration_unconfirmed,,,all_agriculture_not_durian_specific,2a62f017-7583-40c2-98cd-f7bac1947b99,752,https://catalog.disaster.go.th/dataset/7bdbedaf-f9cd-4c42-893a-0c88ad65b2f5/resource/2a62f017-7583-40c2-98cd-f7bac1947b99/download/gd028_2566_final.csv,CSV
86,ชุมพร,2566,local_area_record,ทุ่งตะโก,ช่องไม้แก้ว,8,29/5/2023,2023-05-29,,2023-07-03,duration_unconfirmed,,,all_agriculture_not_durian_specific,2a62f017-7583-40c2-98cd-f7bac1947b99,753,https://catalog.disaster.go.th/dataset/7bdbedaf-f9cd-4c42-893a-0c88ad65b2f5/resource/2a62f017-7583-40c2-98cd-f7bac1947b99/download/gd028_2566_final.csv,CSV
86,ชุมพร,2566,local_area_record,สวี,วิสัยใต้,2,1/6/2023,2023-06-01,,2023-06-30,duration_unconfirmed,,60,all_agriculture_not_durian_specific,2a62f017-7583-40c2-98cd-f7bac1947b99,754,https://catalog.disaster.go.th/dataset/7bdbedaf-f9cd-4c42-893a-0c88ad65b2f5/resource/2a62f017-7583-40c2-98cd-f7bac1947b99/download/gd028_2566_final.csv,CSV
53,อุตรดิตถ์,2566,local_area_record,ฟากท่า,ฟากท่า,1,20/4/2023,2023-04-20,,2023-05-26,duration_unconfirmed,,,all_agriculture_not_durian_specific,2a62f017-7583-40c2-98cd-f7bac1947b99,1705,https://catalog.disaster.go.th/dataset/7bdbedaf-f9cd-4c42-893a-0c88ad65b2f5/resource/2a62f017-7583-40c2-98cd-f7bac1947b99/download/gd028_2566_final.csv,CSV
53,อุตรดิตถ์,2566,local_area_record,ฟากท่า,ฟากท่า,10,20/4/2023,2023-04-20,,2023-05-26,duration_unconfirmed,,,all_agriculture_not_durian_specific,2a62f017-7583-40c2-98cd-f7bac1947b99,1706,https://catalog.disaster.go.th/dataset/7bdbedaf-f9cd-4c42-893a-0c88ad65b2f5/resource/2a62f017-7583-40c2-98cd-f7bac1947b99/download/gd028_2566_final.csv,CSV
53,อุตรดิตถ์,2566,local_area_record,ฟากท่า,ฟากท่า,11,20/4/2023,2023-04-20,,2023-05-26,duration_unconfirmed,,,all_agriculture_not_durian_specific,2a62f017-7583-40c2-98cd-f7bac1947b99,1707,https://catalog.disaster.go.th/dataset/7bdbedaf-f9cd-4c42-893a-0c88ad65b2f5/resource/2a62f017-7583-40c2-98cd-f7bac1947b99/download/gd028_2566_final.csv,CSV
53,อุตรดิตถ์,2566,local_area_record,ฟากท่า,ฟากท่า,2,20/4/2023,2023-04-20,,2023-05-26,duration_unconfirmed,,,all_agriculture_not_durian_specific,2a62f017-7583-40c2-98cd-f7bac1947b99,1708,https://catalog.disaster.go.th/dataset/7bdbedaf-f9cd-4c42-893a-0c88ad65b2f5/resource/2a62f017-7583-40c2-98cd-f7bac1947b99/download/gd028_2566_final.csv,CSV
53,อุตรดิตถ์,2566,local_area_record,ฟากท่า,ฟากท่า,3,20/4/2023,2023-04-20,,2023-05-26,duration_unconfirmed,,,all_agriculture_not_durian_specific,2a62f017-7583-40c2-98cd-f7bac1947b99,1709,https://catalog.disaster.go.th/dataset/7bdbedaf-f9cd-4c42-893a-0c88ad65b2f5/resource/2a62f017-7583-40c2-98cd-f7bac1947b99/download/gd028_2566_final.csv,CSV
53,อุตรดิตถ์,2566,local_area_record,ฟากท่า,ฟากท่า,4,20/4/2023,2023-04-20,,2023-05-26,duration_unconfirmed,,,all_agriculture_not_durian_specific,2a62f017-7583-40c2-98cd-f7bac1947b99,1710,https://catalog.disaster.go.th/dataset/7bdbedaf-f9cd-4c42-893a-0c88ad65b2f5/resource/2a62f017-7583-40c2-98cd-f7bac1947b99/download/gd028_2566_final.csv,CSV
53,อุตรดิตถ์,2566,local_area_record,ฟากท่า,ฟากท่า,5,20/4/2023,2023-04-20,,2023-05-26,duration_unconfirmed,,,all_agriculture_not_durian_specific,2a62f017-7583-40c2-98cd-f7bac1947b99,1711,https://catalog.disaster.go.th/dataset/7bdbedaf-f9cd-4c42-893a-0c88ad65b2f5/resource/2a62f017-7583-40c2-98cd-f7bac1947b99/download/gd028_2566_final.csv,CSV
53,อุตรดิตถ์,2566,local_area_record,ฟากท่า,ฟากท่า,6,20/4/2023,2023-04-20,,2023-05-26,duration_unconfirmed,,,all_agriculture_not_durian_specific,2a62f017-7583-40c2-98cd-f7bac1947b99,1712,https://catalog.disaster.go.th/dataset/7bdbedaf-f9cd-4c42-893a-0c88ad65b2f5/resource/2a62f017-7583-40c2-98cd-f7bac1947b99/download/gd028_2566_final.csv,CSV
53,อุตรดิตถ์,2566,local_area_record,ฟากท่า,ฟากท่า,7,20/4/2023,2023-04-20,,2023-05-26,duration_unconfirmed,,,all_agriculture_not_durian_specific,2a62f017-7583-40c2-98cd-f7bac1947b99,1713,https://catalog.disaster.go.th/dataset/7bdbedaf-f9cd-4c42-893a-0c88ad65b2f5/resource/2a62f017-7583-40c2-98cd-f7bac1947b99/download/gd028_2566_final.csv,CSV
53,อุตรดิตถ์,2566,local_area_record,ฟากท่า,ฟากท่า,8,20/4/2023,2023-04-20,,2023-05-26,duration_unconfirmed,,,all_agriculture_not_durian_specific,2a62f017-7583-40c2-98cd-f7bac1947b99,1714,https://catalog.disaster.go.th/dataset/7bdbedaf-f9cd-4c42-893a-0c88ad65b2f5/resource/2a62f017-7583-40c2-98cd-f7bac1947b99/download/gd028_2566_final.csv,CSV
53,อุตรดิตถ์,2566,local_area_record,ฟากท่า,ฟากท่า,9,20/4/2023,2023-04-20,,2023-05-26,duration_unconfirmed,,,all_agriculture_not_durian_specific,2a62f017-7583-40c2-98cd-f7bac1947b99,1715,https://catalog.disaster.go.th/dataset/7bdbedaf-f9cd-4c42-893a-0c88ad65b2f5/resource/2a62f017-7583-40c2-98cd-f7bac1947b99/download/gd028_2566_final.csv,CSV
53,อุตรดิตถ์,2566,local_area_record,ฟากท่า,สองคอน,1,20/4/2023,2023-04-20,,2023-05-26,duration_unconfirmed,,,all_agriculture_not_durian_specific,2a62f017-7583-40c2-98cd-f7bac1947b99,1716,https://catalog.disaster.go.th/dataset/7bdbedaf-f9cd-4c42-893a-0c88ad65b2f5/resource/2a62f017-7583-40c2-98cd-f7bac1947b99/download/gd028_2566_final.csv,CSV
53,อุตรดิตถ์,2566,local_area_record,ฟากท่า,สองคอน,2,20/4/2023,2023-04-20,,2023-05-26,duration_unconfirmed,,,all_agriculture_not_durian_specific,2a62f017-7583-40c2-98cd-f7bac1947b99,1717,https://catalog.disaster.go.th/dataset/7bdbedaf-f9cd-4c42-893a-0c88ad65b2f5/resource/2a62f017-7583-40c2-98cd-f7bac1947b99/download/gd028_2566_final.csv,CSV
53,อุตรดิตถ์,2566,local_area_record,ฟากท่า,สองคอน,3,20/4/2023,2023-04-20,,2023-05-26,duration_unconfirmed,,,all_agriculture_not_durian_specific,2a62f017-7583-40c2-98cd-f7bac1947b99,1718,https://catalog.disaster.go.th/dataset/7bdbedaf-f9cd-4c42-893a-0c88ad65b2f5/resource/2a62f017-7583-40c2-98cd-f7bac1947b99/download/gd028_2566_final.csv,CSV
53,อุตรดิตถ์,2566,local_area_record,ฟากท่า,สองคอน,4,20/4/2023,2023-04-20,,2023-05-26,duration_unconfirmed,,,all_agriculture_not_durian_specific,2a62f017-7583-40c2-98cd-f7bac1947b99,1719,https://catalog.disaster.go.th/dataset/7bdbedaf-f9cd-4c42-893a-0c88ad65b2f5/resource/2a62f017-7583-40c2-98cd-f7bac1947b99/download/gd028_2566_final.csv,CSV
53,อุตรดิตถ์,2566,local_area_record,ฟากท่า,สองคอน,5,20/4/2023,2023-04-20,,2023-05-26,duration_unconfirmed,,,all_agriculture_not_durian_specific,2a62f017-7583-40c2-98cd-f7bac1947b99,1720,https://catalog.disaster.go.th/dataset/7bdbedaf-f9cd-4c42-893a-0c88ad65b2f5/resource/2a62f017-7583-40c2-98cd-f7bac1947b99/download/gd028_2566_final.csv,CSV
53,อุตรดิตถ์,2566,local_area_record,ฟากท่า,สองคอน,6,20/4/2023,2023-04-20,,2023-05-26,duration_unconfirmed,,,all_agriculture_not_durian_specific,2a62f017-7583-40c2-98cd-f7bac1947b99,1721,https://catalog.disaster.go.th/dataset/7bdbedaf-f9cd-4c42-893a-0c88ad65b2f5/resource/2a62f017-7583-40c2-98cd-f7bac1947b99/download/gd028_2566_final.csv,CSV
53,อุตรดิตถ์,2566,local_area_record,ฟากท่า,สองคอน,7,20/4/2023,2023-04-20,,2023-05-26,duration_unconfirmed,,,all_agriculture_not_durian_specific,2a62f017-7583-40c2-98cd-f7bac1947b99,1722,https://catalog.disaster.go.th/dataset/7bdbedaf-f9cd-4c42-893a-0c88ad65b2f5/resource/2a62f017-7583-40c2-98cd-f7bac1947b99/download/gd028_2566_final.csv,CSV
53,อุตรดิตถ์,2566,local_area_record,ฟากท่า,สองคอน,8,20/4/2023,2023-04-20,,2023-05-26,duration_unconfirmed,,,all_agriculture_not_durian_specific,2a62f017-7583-40c2-98cd-f7bac1947b99,1723,https://catalog.disaster.go.th/dataset/7bdbedaf-f9cd-4c42-893a-0c88ad65b2f5/resource/2a62f017-7583-40c2-98cd-f7bac1947b99/download/gd028_2566_final.csv,CSV
53,อุตรดิตถ์,2566,local_area_record,ฟากท่า,สองคอน,9,20/4/2023,2023-04-20,,2023-05-26,duration_unconfirmed,,,all_agriculture_not_durian_specific,2a62f017-7583-40c2-98cd-f7bac1947b99,1724,https://catalog.disaster.go.th/dataset/7bdbedaf-f9cd-4c42-893a-0c88ad65b2f5/resource/2a62f017-7583-40c2-98cd-f7bac1947b99/download/gd028_2566_final.csv,CSV
53,อุตรดิตถ์,2566,local_area_record,ฟากท่า,บ้านเสี้ยว,1,20/4/2023,2023-04-20,,2023-05-26,duration_unconfirmed,,,all_agriculture_not_durian_specific,2a62f017-7583-40c2-98cd-f7bac1947b99,1725,https://catalog.disaster.go.th/dataset/7bdbedaf-f9cd-4c42-893a-0c88ad65b2f5/resource/2a62f017-7583-40c2-98cd-f7bac1947b99/download/gd028_2566_final.csv,CSV
53,อุตรดิตถ์,2566,local_area_record,ฟากท่า,บ้านเสี้ยว,2,20/4/2023,2023-04-20,,2023-05-26,duration_unconfirmed,,,all_agriculture_not_durian_specific,2a62f017-7583-40c2-98cd-f7bac1947b99,1726,https://catalog.disaster.go.th/dataset/7bdbedaf-f9cd-4c42-893a-0c88ad65b2f5/resource/2a62f017-7583-40c2-98cd-f7bac1947b99/download/gd028_2566_final.csv,CSV
53,อุตรดิตถ์,2566,local_area_record,ฟากท่า,บ้านเสี้ยว,3,20/4/2023,2023-04-20,,2023-05-26,duration_unconfirmed,,,all_agriculture_not_durian_specific,2a62f017-7583-40c2-98cd-f7bac1947b99,1727,https://catalog.disaster.go.th/dataset/7bdbedaf-f9cd-4c42-893a-0c88ad65b2f5/resource/2a62f017-7583-40c2-98cd-f7bac1947b99/download/gd028_2566_final.csv,CSV
53,อุตรดิตถ์,2566,local_area_record,ฟากท่า,บ้านเสี้ยว,4,20/4/2023,2023-04-20,,2023-05-26,duration_unconfirmed,,,all_agriculture_not_durian_specific,2a62f017-7583-40c2-98cd-f7bac1947b99,1728,https://catalog.disaster.go.th/dataset/7bdbedaf-f9cd-4c42-893a-0c88ad65b2f5/resource/2a62f017-7583-40c2-98cd-f7bac1947b99/download/gd028_2566_final.csv,CSV
53,อุตรดิตถ์,2566,local_area_record,ฟากท่า,บ้านเสี้ยว,5,20/4/2023,2023-04-20,,2023-05-26,duration_unconfirmed,,,all_agriculture_not_durian_specific,2a62f017-7583-40c2-98cd-f7bac1947b99,1729,https://catalog.disaster.go.th/dataset/7bdbedaf-f9cd-4c42-893a-0c88ad65b2f5/resource/2a62f017-7583-40c2-98cd-f7bac1947b99/download/gd028_2566_final.csv,CSV
53,อุตรดิตถ์,2566,local_area_record,ฟากท่า,บ้านเสี้ยว,6,20/4/2023,2023-04-20,,2023-05-26,duration_unconfirmed,,,all_agriculture_not_durian_specific,2a62f017-7583-40c2-98cd-f7bac1947b99,1730,https://catalog.disaster.go.th/dataset/7bdbedaf-f9cd-4c42-893a-0c88ad65b2f5/resource/2a62f017-7583-40c2-98cd-f7bac1947b99/download/gd028_2566_final.csv,CSV
53,อุตรดิตถ์,2566,local_area_record,ฟากท่า,สองห้อง,1,20/4/2023,2023-04-20,,2023-05-26,duration_unconfirmed,,,all_agriculture_not_durian_specific,2a62f017-7583-40c2-98cd-f7bac1947b99,1731,https://catalog.disaster.go.th/dataset/7bdbedaf-f9cd-4c42-893a-0c88ad65b2f5/resource/2a62f017-7583-40c2-98cd-f7bac1947b99/download/gd028_2566_final.csv,CSV
53,อุตรดิตถ์,2566,local_area_record,ฟากท่า,สองห้อง,2,20/4/2023,2023-04-20,,2023-05-26,duration_unconfirmed,,,all_agriculture_not_durian_specific,2a62f017-7583-40c2-98cd-f7bac1947b99,1732,https://catalog.disaster.go.th/dataset/7bdbedaf-f9cd-4c42-893a-0c88ad65b2f5/resource/2a62f017-7583-40c2-98cd-f7bac1947b99/download/gd028_2566_final.csv,CSV
53,อุตรดิตถ์,2566,local_area_record,ฟากท่า,สองห้อง,3,20/4/2023,2023-04-20,,2023-05-26,duration_unconfirmed,,,all_agriculture_not_durian_specific,2a62f017-7583-40c2-98cd-f7bac1947b99,1733,https://catalog.disaster.go.th/dataset/7bdbedaf-f9cd-4c42-893a-0c88ad65b2f5/resource/2a62f017-7583-40c2-98cd-f7bac1947b99/download/gd028_2566_final.csv,CSV
53,อุตรดิตถ์,2566,local_area_record,ฟากท่า,สองห้อง,4,20/4/2023,2023-04-20,,2023-05-26,duration_unconfirmed,,,all_agriculture_not_durian_specific,2a62f017-7583-40c2-98cd-f7bac1947b99,1734,https://catalog.disaster.go.th/dataset/7bdbedaf-f9cd-4c42-893a-0c88ad65b2f5/resource/2a62f017-7583-40c2-98cd-f7bac1947b99/download/gd028_2566_final.csv,CSV
53,อุตรดิตถ์,2566,local_area_record,ฟากท่า,สองห้อง,5,20/4/2023,2023-04-20,,2023-05-26,duration_unconfirmed,,,all_agriculture_not_durian_specific,2a62f017-7583-40c2-98cd-f7bac1947b99,1735,https://catalog.disaster.go.th/dataset/7bdbedaf-f9cd-4c42-893a-0c88ad65b2f5/resource/2a62f017-7583-40c2-98cd-f7bac1947b99/download/gd028_2566_final.csv,CSV
53,อุตรดิตถ์,2566,local_area_record,ท่าปลา,นางพญา,1,21/4/2023,2023-04-21,,2023-07-07,duration_unconfirmed,,514,all_agriculture_not_durian_specific,2a62f017-7583-40c2-98cd-f7bac1947b99,1736,https://catalog.disaster.go.th/dataset/7bdbedaf-f9cd-4c42-893a-0c88ad65b2f5/resource/2a62f017-7583-40c2-98cd-f7bac1947b99/download/gd028_2566_final.csv,CSV
53,อุตรดิตถ์,2566,local_area_record,ท่าปลา,นางพญา,2,21/4/2023,2023-04-21,,2023-07-07,duration_unconfirmed,,,all_agriculture_not_durian_specific,2a62f017-7583-40c2-98cd-f7bac1947b99,1737,https://catalog.disaster.go.th/dataset/7bdbedaf-f9cd-4c42-893a-0c88ad65b2f5/resource/2a62f017-7583-40c2-98cd-f7bac1947b99/download/gd028_2566_final.csv,CSV
53,อุตรดิตถ์,2566,local_area_record,ท่าปลา,นางพญา,3,21/4/2023,2023-04-21,,2023-07-07,duration_unconfirmed,,,all_agriculture_not_durian_specific,2a62f017-7583-40c2-98cd-f7bac1947b99,1738,https://catalog.disaster.go.th/dataset/7bdbedaf-f9cd-4c42-893a-0c88ad65b2f5/resource/2a62f017-7583-40c2-98cd-f7bac1947b99/download/gd028_2566_final.csv,CSV
53,อุตรดิตถ์,2566,local_area_record,ท่าปลา,นางพญา,4,21/4/2023,2023-04-21,,2023-07-07,duration_unconfirmed,,,all_agriculture_not_durian_specific,2a62f017-7583-40c2-98cd-f7bac1947b99,1739,https://catalog.disaster.go.th/dataset/7bdbedaf-f9cd-4c42-893a-0c88ad65b2f5/resource/2a62f017-7583-40c2-98cd-f7bac1947b99/download/gd028_2566_final.csv,CSV
53,อุตรดิตถ์,2566,local_area_record,ท่าปลา,นางพญา,5,21/4/2023,2023-04-21,,2023-07-07,duration_unconfirmed,,,all_agriculture_not_durian_specific,2a62f017-7583-40c2-98cd-f7bac1947b99,1740,https://catalog.disaster.go.th/dataset/7bdbedaf-f9cd-4c42-893a-0c88ad65b2f5/resource/2a62f017-7583-40c2-98cd-f7bac1947b99/download/gd028_2566_final.csv,CSV
53,อุตรดิตถ์,2566,local_area_record,ท่าปลา,นางพญา,6,21/4/2023,2023-04-21,,2023-07-07,duration_unconfirmed,,,all_agriculture_not_durian_specific,2a62f017-7583-40c2-98cd-f7bac1947b99,1741,https://catalog.disaster.go.th/dataset/7bdbedaf-f9cd-4c42-893a-0c88ad65b2f5/resource/2a62f017-7583-40c2-98cd-f7bac1947b99/download/gd028_2566_final.csv,CSV
53,อุตรดิตถ์,2566,local_area_record,เมืองอุตรดิตถ์,หาดกรวด,2,9/8/2023,2023-08-09,,2023-10-11,duration_unconfirmed,,1151,all_agriculture_not_durian_specific,2a62f017-7583-40c2-98cd-f7bac1947b99,1742,https://catalog.disaster.go.th/dataset/7bdbedaf-f9cd-4c42-893a-0c88ad65b2f5/resource/2a62f017-7583-40c2-98cd-f7bac1947b99/download/gd028_2566_final.csv,CSV
53,อุตรดิตถ์,2566,local_area_record,เมืองอุตรดิตถ์,หาดกรวด,3,9/8/2023,2023-08-09,,2023-10-11,duration_unconfirmed,,,all_agriculture_not_durian_specific,2a62f017-7583-40c2-98cd-f7bac1947b99,1743,https://catalog.disaster.go.th/dataset/7bdbedaf-f9cd-4c42-893a-0c88ad65b2f5/resource/2a62f017-7583-40c2-98cd-f7bac1947b99/download/gd028_2566_final.csv,CSV
53,อุตรดิตถ์,2566,local_area_record,เมืองอุตรดิตถ์,หาดกรวด,4,9/8/2023,2023-08-09,,2023-10-11,duration_unconfirmed,,,all_agriculture_not_durian_specific,2a62f017-7583-40c2-98cd-f7bac1947b99,1744,https://catalog.disaster.go.th/dataset/7bdbedaf-f9cd-4c42-893a-0c88ad65b2f5/resource/2a62f017-7583-40c2-98cd-f7bac1947b99/download/gd028_2566_final.csv,CSV
53,อุตรดิตถ์,2566,local_area_record,เมืองอุตรดิตถ์,หาดกรวด,5,9/8/2023,2023-08-09,,2023-10-11,duration_unconfirmed,,,all_agriculture_not_durian_specific,2a62f017-7583-40c2-98cd-f7bac1947b99,1745,https://catalog.disaster.go.th/dataset/7bdbedaf-f9cd-4c42-893a-0c88ad65b2f5/resource/2a62f017-7583-40c2-98cd-f7bac1947b99/download/gd028_2566_final.csv,CSV
53,อุตรดิตถ์,2566,local_area_record,เมืองอุตรดิตถ์,หาดกรวด,6,9/8/2023,2023-08-09,,2023-10-11,duration_unconfirmed,,,all_agriculture_not_durian_specific,2a62f017-7583-40c2-98cd-f7bac1947b99,1746,https://catalog.disaster.go.th/dataset/7bdbedaf-f9cd-4c42-893a-0c88ad65b2f5/resource/2a62f017-7583-40c2-98cd-f7bac1947b99/download/gd028_2566_final.csv,CSV
53,อุตรดิตถ์,2566,local_area_record,เมืองอุตรดิตถ์,หาดกรวด,7,9/8/2023,2023-08-09,,2023-10-11,duration_unconfirmed,,,all_agriculture_not_durian_specific,2a62f017-7583-40c2-98cd-f7bac1947b99,1747,https://catalog.disaster.go.th/dataset/7bdbedaf-f9cd-4c42-893a-0c88ad65b2f5/resource/2a62f017-7583-40c2-98cd-f7bac1947b99/download/gd028_2566_final.csv,CSV
53,อุตรดิตถ์,2566,local_area_record,เมืองอุตรดิตถ์,หาดกรวด,8,9/8/2023,2023-08-09,,2023-10-11,duration_unconfirmed,,,all_agriculture_not_durian_specific,2a62f017-7583-40c2-98cd-f7bac1947b99,1748,https://catalog.disaster.go.th/dataset/7bdbedaf-f9cd-4c42-893a-0c88ad65b2f5/resource/2a62f017-7583-40c2-98cd-f7bac1947b99/download/gd028_2566_final.csv,CSV
53,อุตรดิตถ์,2566,local_area_record,เมืองอุตรดิตถ์,หาดกรวด,9,9/8/2023,2023-08-09,,2023-10-11,duration_unconfirmed,,,all_agriculture_not_durian_specific,2a62f017-7583-40c2-98cd-f7bac1947b99,1749,https://catalog.disaster.go.th/dataset/7bdbedaf-f9cd-4c42-893a-0c88ad65b2f5/resource/2a62f017-7583-40c2-98cd-f7bac1947b99/download/gd028_2566_final.csv,CSV
53,อุตรดิตถ์,2566,local_area_record,ตรอน,วังแดง,11,9/8/2023,2023-08-09,,2023-10-11,duration_unconfirmed,,,all_agriculture_not_durian_specific,2a62f017-7583-40c2-98cd-f7bac1947b99,1750,https://catalog.disaster.go.th/dataset/7bdbedaf-f9cd-4c42-893a-0c88ad65b2f5/resource/2a62f017-7583-40c2-98cd-f7bac1947b99/download/gd028_2566_final.csv,CSV
53,อุตรดิตถ์,2566,local_area_record,ตรอน,วังแดง,3,9/8/2023,2023-08-09,,2023-10-11,duration_unconfirmed,,2323,all_agriculture_not_durian_specific,2a62f017-7583-40c2-98cd-f7bac1947b99,1751,https://catalog.disaster.go.th/dataset/7bdbedaf-f9cd-4c42-893a-0c88ad65b2f5/resource/2a62f017-7583-40c2-98cd-f7bac1947b99/download/gd028_2566_final.csv,CSV
53,อุตรดิตถ์,2566,local_area_record,ตรอน,วังแดง,6,9/8/2023,2023-08-09,,2023-10-11,duration_unconfirmed,,,all_agriculture_not_durian_specific,2a62f017-7583-40c2-98cd-f7bac1947b99,1752,https://catalog.disaster.go.th/dataset/7bdbedaf-f9cd-4c42-893a-0c88ad65b2f5/resource/2a62f017-7583-40c2-98cd-f7bac1947b99/download/gd028_2566_final.csv,CSV
53,อุตรดิตถ์,2566,local_area_record,ตรอน,วังแดง,7,9/8/2023,2023-08-09,,2023-10-11,duration_unconfirmed,,,all_agriculture_not_durian_specific,2a62f017-7583-40c2-98cd-f7bac1947b99,1753,https://catalog.disaster.go.th/dataset/7bdbedaf-f9cd-4c42-893a-0c88ad65b2f5/resource/2a62f017-7583-40c2-98cd-f7bac1947b99/download/gd028_2566_final.csv,CSV
53,อุตรดิตถ์,2566,local_area_record,ตรอน,วังแดง,8,9/8/2023,2023-08-09,,2023-10-11,duration_unconfirmed,,,all_agriculture_not_durian_specific,2a62f017-7583-40c2-98cd-f7bac1947b99,1754,https://catalog.disaster.go.th/dataset/7bdbedaf-f9cd-4c42-893a-0c88ad65b2f5/resource/2a62f017-7583-40c2-98cd-f7bac1947b99/download/gd028_2566_final.csv,CSV
53,อุตรดิตถ์,2566,local_area_record,ตรอน,น้ำอ่าง,1,9/8/2023,2023-08-09,,2023-10-11,duration_unconfirmed,,,all_agriculture_not_durian_specific,2a62f017-7583-40c2-98cd-f7bac1947b99,1755,https://catalog.disaster.go.th/dataset/7bdbedaf-f9cd-4c42-893a-0c88ad65b2f5/resource/2a62f017-7583-40c2-98cd-f7bac1947b99/download/gd028_2566_final.csv,CSV
53,อุตรดิตถ์,2566,local_area_record,ตรอน,น้ำอ่าง,10,9/8/2023,2023-08-09,,2023-10-11,duration_unconfirmed,,,all_agriculture_not_durian_specific,2a62f017-7583-40c2-98cd-f7bac1947b99,1756,https://catalog.disaster.go.th/dataset/7bdbedaf-f9cd-4c42-893a-0c88ad65b2f5/resource/2a62f017-7583-40c2-98cd-f7bac1947b99/download/gd028_2566_final.csv,CSV
53,อุตรดิตถ์,2566,local_area_record,ตรอน,น้ำอ่าง,2,9/8/2023,2023-08-09,,2023-10-11,duration_unconfirmed,,,all_agriculture_not_durian_specific,2a62f017-7583-40c2-98cd-f7bac1947b99,1757,https://catalog.disaster.go.th/dataset/7bdbedaf-f9cd-4c42-893a-0c88ad65b2f5/resource/2a62f017-7583-40c2-98cd-f7bac1947b99/download/gd028_2566_final.csv,CSV
53,อุตรดิตถ์,2566,local_area_record,ตรอน,น้ำอ่าง,4,9/8/2023,2023-08-09,,2023-10-11,duration_unconfirmed,,,all_agriculture_not_durian_specific,2a62f017-7583-40c2-98cd-f7bac1947b99,1758,https://catalog.disaster.go.th/dataset/7bdbedaf-f9cd-4c42-893a-0c88ad65b2f5/resource/2a62f017-7583-40c2-98cd-f7bac1947b99/download/gd028_2566_final.csv,CSV
53,อุตรดิตถ์,2566,local_area_record,ตรอน,น้ำอ่าง,5,9/8/2023,2023-08-09,,2023-10-11,duration_unconfirmed,,,all_agriculture_not_durian_specific,2a62f017-7583-40c2-98cd-f7bac1947b99,1759,https://catalog.disaster.go.th/dataset/7bdbedaf-f9cd-4c42-893a-0c88ad65b2f5/resource/2a62f017-7583-40c2-98cd-f7bac1947b99/download/gd028_2566_final.csv,CSV
53,อุตรดิตถ์,2566,local_area_record,ตรอน,น้ำอ่าง,6,9/8/2023,2023-08-09,,2023-10-11,duration_unconfirmed,,,all_agriculture_not_durian_specific,2a62f017-7583-40c2-98cd-f7bac1947b99,1760,https://catalog.disaster.go.th/dataset/7bdbedaf-f9cd-4c42-893a-0c88ad65b2f5/resource/2a62f017-7583-40c2-98cd-f7bac1947b99/download/gd028_2566_final.csv,CSV
53,อุตรดิตถ์,2566,local_area_record,ตรอน,น้ำอ่าง,7,9/8/2023,2023-08-09,,2023-10-11,duration_unconfirmed,,,all_agriculture_not_durian_specific,2a62f017-7583-40c2-98cd-f7bac1947b99,1761,https://catalog.disaster.go.th/dataset/7bdbedaf-f9cd-4c42-893a-0c88ad65b2f5/resource/2a62f017-7583-40c2-98cd-f7bac1947b99/download/gd028_2566_final.csv,CSV
53,อุตรดิตถ์,2566,local_area_record,ตรอน,น้ำอ่าง,9,9/8/2023,2023-08-09,,2023-10-11,duration_unconfirmed,,,all_agriculture_not_durian_specific,2a62f017-7583-40c2-98cd-f7bac1947b99,1762,https://catalog.disaster.go.th/dataset/7bdbedaf-f9cd-4c42-893a-0c88ad65b2f5/resource/2a62f017-7583-40c2-98cd-f7bac1947b99/download/gd028_2566_final.csv,CSV
53,อุตรดิตถ์,2566,local_area_record,ตรอน,ข่อยสูง,1,9/8/2023,2023-08-09,,2023-10-11,duration_unconfirmed,,,all_agriculture_not_durian_specific,2a62f017-7583-40c2-98cd-f7bac1947b99,1763,https://catalog.disaster.go.th/dataset/7bdbedaf-f9cd-4c42-893a-0c88ad65b2f5/resource/2a62f017-7583-40c2-98cd-f7bac1947b99/download/gd028_2566_final.csv,CSV
53,อุตรดิตถ์,2566,local_area_record,ตรอน,ข่อยสูง,2,9/8/2023,2023-08-09,,2023-10-11,duration_unconfirmed,,,all_agriculture_not_durian_specific,2a62f017-7583-40c2-98cd-f7bac1947b99,1764,https://catalog.disaster.go.th/dataset/7bdbedaf-f9cd-4c42-893a-0c88ad65b2f5/resource/2a62f017-7583-40c2-98cd-f7bac1947b99/download/gd028_2566_final.csv,CSV
53,อุตรดิตถ์,2566,local_area_record,ตรอน,ข่อยสูง,3,9/8/2023,2023-08-09,,2023-10-11,duration_unconfirmed,,,all_agriculture_not_durian_specific,2a62f017-7583-40c2-98cd-f7bac1947b99,1765,https://catalog.disaster.go.th/dataset/7bdbedaf-f9cd-4c42-893a-0c88ad65b2f5/resource/2a62f017-7583-40c2-98cd-f7bac1947b99/download/gd028_2566_final.csv,CSV
53,อุตรดิตถ์,2566,local_area_record,ตรอน,ข่อยสูง,4,9/8/2023,2023-08-09,,2023-10-11,duration_unconfirmed,,,all_agriculture_not_durian_specific,2a62f017-7583-40c2-98cd-f7bac1947b99,1766,https://catalog.disaster.go.th/dataset/7bdbedaf-f9cd-4c42-893a-0c88ad65b2f5/resource/2a62f017-7583-40c2-98cd-f7bac1947b99/download/gd028_2566_final.csv,CSV
53,อุตรดิตถ์,2566,local_area_record,ตรอน,ข่อยสูง,5,9/8/2023,2023-08-09,,2023-10-11,duration_unconfirmed,,,all_agriculture_not_durian_specific,2a62f017-7583-40c2-98cd-f7bac1947b99,1767,https://catalog.disaster.go.th/dataset/7bdbedaf-f9cd-4c42-893a-0c88ad65b2f5/resource/2a62f017-7583-40c2-98cd-f7bac1947b99/download/gd028_2566_final.csv,CSV
53,อุตรดิตถ์,2566,local_area_record,ตรอน,ข่อยสูง,6,9/8/2023,2023-08-09,,2023-10-11,duration_unconfirmed,,,all_agriculture_not_durian_specific,2a62f017-7583-40c2-98cd-f7bac1947b99,1768,https://catalog.disaster.go.th/dataset/7bdbedaf-f9cd-4c42-893a-0c88ad65b2f5/resource/2a62f017-7583-40c2-98cd-f7bac1947b99/download/gd028_2566_final.csv,CSV
53,อุตรดิตถ์,2566,local_area_record,ตรอน,ข่อยสูง,7,9/8/2023,2023-08-09,,2023-10-11,duration_unconfirmed,,,all_agriculture_not_durian_specific,2a62f017-7583-40c2-98cd-f7bac1947b99,1769,https://catalog.disaster.go.th/dataset/7bdbedaf-f9cd-4c42-893a-0c88ad65b2f5/resource/2a62f017-7583-40c2-98cd-f7bac1947b99/download/gd028_2566_final.csv,CSV
53,อุตรดิตถ์,2566,local_area_record,ตรอน,ข่อยสูง,8,9/8/2023,2023-08-09,,2023-10-11,duration_unconfirmed,,,all_agriculture_not_durian_specific,2a62f017-7583-40c2-98cd-f7bac1947b99,1770,https://catalog.disaster.go.th/dataset/7bdbedaf-f9cd-4c42-893a-0c88ad65b2f5/resource/2a62f017-7583-40c2-98cd-f7bac1947b99/download/gd028_2566_final.csv,CSV
53,อุตรดิตถ์,2566,local_area_record,น้ำปาด,แสนตอ,3,9/8/2023,2023-08-09,,2023-10-11,duration_unconfirmed,,2194,all_agriculture_not_durian_specific,2a62f017-7583-40c2-98cd-f7bac1947b99,1771,https://catalog.disaster.go.th/dataset/7bdbedaf-f9cd-4c42-893a-0c88ad65b2f5/resource/2a62f017-7583-40c2-98cd-f7bac1947b99/download/gd028_2566_final.csv,CSV
53,อุตรดิตถ์,2566,local_area_record,น้ำปาด,แสนตอ,5,9/8/2023,2023-08-09,,2023-10-11,duration_unconfirmed,,,all_agriculture_not_durian_specific,2a62f017-7583-40c2-98cd-f7bac1947b99,1772,https://catalog.disaster.go.th/dataset/7bdbedaf-f9cd-4c42-893a-0c88ad65b2f5/resource/2a62f017-7583-40c2-98cd-f7bac1947b99/download/gd028_2566_final.csv,CSV
53,อุตรดิตถ์,2566,local_area_record,น้ำปาด,น้ำไคร้,1,9/8/2023,2023-08-09,,2023-10-11,duration_unconfirmed,,,all_agriculture_not_durian_specific,2a62f017-7583-40c2-98cd-f7bac1947b99,1773,https://catalog.disaster.go.th/dataset/7bdbedaf-f9cd-4c42-893a-0c88ad65b2f5/resource/2a62f017-7583-40c2-98cd-f7bac1947b99/download/gd028_2566_final.csv,CSV
53,อุตรดิตถ์,2566,local_area_record,น้ำปาด,น้ำไคร้,2,9/8/2023,2023-08-09,,2023-10-11,duration_unconfirmed,,,all_agriculture_not_durian_specific,2a62f017-7583-40c2-98cd-f7bac1947b99,1774,https://catalog.disaster.go.th/dataset/7bdbedaf-f9cd-4c42-893a-0c88ad65b2f5/resource/2a62f017-7583-40c2-98cd-f7bac1947b99/download/gd028_2566_final.csv,CSV
53,อุตรดิตถ์,2566,local_area_record,น้ำปาด,น้ำไคร้,3,9/8/2023,2023-08-09,,2023-10-11,duration_unconfirmed,,,all_agriculture_not_durian_specific,2a62f017-7583-40c2-98cd-f7bac1947b99,1775,https://catalog.disaster.go.th/dataset/7bdbedaf-f9cd-4c42-893a-0c88ad65b2f5/resource/2a62f017-7583-40c2-98cd-f7bac1947b99/download/gd028_2566_final.csv,CSV
53,อุตรดิตถ์,2566,local_area_record,น้ำปาด,น้ำไคร้,4,9/8/2023,2023-08-09,,2023-10-11,duration_unconfirmed,,,all_agriculture_not_durian_specific,2a62f017-7583-40c2-98cd-f7bac1947b99,1776,https://catalog.disaster.go.th/dataset/7bdbedaf-f9cd-4c42-893a-0c88ad65b2f5/resource/2a62f017-7583-40c2-98cd-f7bac1947b99/download/gd028_2566_final.csv,CSV
53,อุตรดิตถ์,2566,local_area_record,น้ำปาด,น้ำไคร้,5,9/8/2023,2023-08-09,,2023-10-11,duration_unconfirmed,,,all_agriculture_not_durian_specific,2a62f017-7583-40c2-98cd-f7bac1947b99,1777,https://catalog.disaster.go.th/dataset/7bdbedaf-f9cd-4c42-893a-0c88ad65b2f5/resource/2a62f017-7583-40c2-98cd-f7bac1947b99/download/gd028_2566_final.csv,CSV
53,อุตรดิตถ์,2566,local_area_record,น้ำปาด,น้ำไคร้,6,9/8/2023,2023-08-09,,2023-10-11,duration_unconfirmed,,,all_agriculture_not_durian_specific,2a62f017-7583-40c2-98cd-f7bac1947b99,1778,https://catalog.disaster.go.th/dataset/7bdbedaf-f9cd-4c42-893a-0c88ad65b2f5/resource/2a62f017-7583-40c2-98cd-f7bac1947b99/download/gd028_2566_final.csv,CSV
53,อุตรดิตถ์,2566,local_area_record,น้ำปาด,น้ำไคร้,7,9/8/2023,2023-08-09,,2023-10-11,duration_unconfirmed,,,all_agriculture_not_durian_specific,2a62f017-7583-40c2-98cd-f7bac1947b99,1779,https://catalog.disaster.go.th/dataset/7bdbedaf-f9cd-4c42-893a-0c88ad65b2f5/resource/2a62f017-7583-40c2-98cd-f7bac1947b99/download/gd028_2566_final.csv,CSV
53,อุตรดิตถ์,2566,local_area_record,น้ำปาด,น้ำไคร้,8,9/8/2023,2023-08-09,,2023-10-11,duration_unconfirmed,,,all_agriculture_not_durian_specific,2a62f017-7583-40c2-98cd-f7bac1947b99,1780,https://catalog.disaster.go.th/dataset/7bdbedaf-f9cd-4c42-893a-0c88ad65b2f5/resource/2a62f017-7583-40c2-98cd-f7bac1947b99/download/gd028_2566_final.csv,CSV
53,อุตรดิตถ์,2566,local_area_record,น้ำปาด,น้ำไคร้,9,9/8/2023,2023-08-09,,2023-10-11,duration_unconfirmed,,,all_agriculture_not_durian_specific,2a62f017-7583-40c2-98cd-f7bac1947b99,1781,https://catalog.disaster.go.th/dataset/7bdbedaf-f9cd-4c42-893a-0c88ad65b2f5/resource/2a62f017-7583-40c2-98cd-f7bac1947b99/download/gd028_2566_final.csv,CSV
53,อุตรดิตถ์,2566,local_area_record,น้ำปาด,ท่าแฝก,1,9/8/2023,2023-08-09,,2023-10-11,duration_unconfirmed,,,all_agriculture_not_durian_specific,2a62f017-7583-40c2-98cd-f7bac1947b99,1782,https://catalog.disaster.go.th/dataset/7bdbedaf-f9cd-4c42-893a-0c88ad65b2f5/resource/2a62f017-7583-40c2-98cd-f7bac1947b99/download/gd028_2566_final.csv,CSV
53,อุตรดิตถ์,2566,local_area_record,น้ำปาด,ท่าแฝก,3,9/8/2023,2023-08-09,,2023-10-11,duration_unconfirmed,,,all_agriculture_not_durian_specific,2a62f017-7583-40c2-98cd-f7bac1947b99,1783,https://catalog.disaster.go.th/dataset/7bdbedaf-f9cd-4c42-893a-0c88ad65b2f5/resource/2a62f017-7583-40c2-98cd-f7bac1947b99/download/gd028_2566_final.csv,CSV
53,อุตรดิตถ์,2566,local_area_record,พิชัย,นาอิน,1,9/8/2023,2023-08-09,,2023-10-11,duration_unconfirmed,,,all_agriculture_not_durian_specific,2a62f017-7583-40c2-98cd-f7bac1947b99,1784,https://catalog.disaster.go.th/dataset/7bdbedaf-f9cd-4c42-893a-0c88ad65b2f5/resource/2a62f017-7583-40c2-98cd-f7bac1947b99/download/gd028_2566_final.csv,CSV
53,อุตรดิตถ์,2566,local_area_record,พิชัย,นาอิน,2,9/8/2023,2023-08-09,,2023-10-11,duration_unconfirmed,,,all_agriculture_not_durian_specific,2a62f017-7583-40c2-98cd-f7bac1947b99,1785,https://catalog.disaster.go.th/dataset/7bdbedaf-f9cd-4c42-893a-0c88ad65b2f5/resource/2a62f017-7583-40c2-98cd-f7bac1947b99/download/gd028_2566_final.csv,CSV
53,อุตรดิตถ์,2566,local_area_record,พิชัย,นาอิน,3,9/8/2023,2023-08-09,,2023-10-11,duration_unconfirmed,,,all_agriculture_not_durian_specific,2a62f017-7583-40c2-98cd-f7bac1947b99,1786,https://catalog.disaster.go.th/dataset/7bdbedaf-f9cd-4c42-893a-0c88ad65b2f5/resource/2a62f017-7583-40c2-98cd-f7bac1947b99/download/gd028_2566_final.csv,CSV
53,อุตรดิตถ์,2566,local_area_record,พิชัย,นาอิน,4,9/8/2023,2023-08-09,,2023-10-11,duration_unconfirmed,,,all_agriculture_not_durian_specific,2a62f017-7583-40c2-98cd-f7bac1947b99,1787,https://catalog.disaster.go.th/dataset/7bdbedaf-f9cd-4c42-893a-0c88ad65b2f5/resource/2a62f017-7583-40c2-98cd-f7bac1947b99/download/gd028_2566_final.csv,CSV
53,อุตรดิตถ์,2566,local_area_record,พิชัย,นาอิน,5,9/8/2023,2023-08-09,,2023-10-11,duration_unconfirmed,,,all_agriculture_not_durian_specific,2a62f017-7583-40c2-98cd-f7bac1947b99,1788,https://catalog.disaster.go.th/dataset/7bdbedaf-f9cd-4c42-893a-0c88ad65b2f5/resource/2a62f017-7583-40c2-98cd-f7bac1947b99/download/gd028_2566_final.csv,CSV
53,อุตรดิตถ์,2566,local_area_record,พิชัย,นาอิน,6,9/8/2023,2023-08-09,,2023-10-11,duration_unconfirmed,,,all_agriculture_not_durian_specific,2a62f017-7583-40c2-98cd-f7bac1947b99,1789,https://catalog.disaster.go.th/dataset/7bdbedaf-f9cd-4c42-893a-0c88ad65b2f5/resource/2a62f017-7583-40c2-98cd-f7bac1947b99/download/gd028_2566_final.csv,CSV
53,อุตรดิตถ์,2566,local_area_record,พิชัย,นาอิน,7,9/8/2023,2023-08-09,,2023-10-11,duration_unconfirmed,,,all_agriculture_not_durian_specific,2a62f017-7583-40c2-98cd-f7bac1947b99,1790,https://catalog.disaster.go.th/dataset/7bdbedaf-f9cd-4c42-893a-0c88ad65b2f5/resource/2a62f017-7583-40c2-98cd-f7bac1947b99/download/gd028_2566_final.csv,CSV
53,อุตรดิตถ์,2566,local_area_record,พิชัย,นายาง,1,9/8/2023,2023-08-09,,2023-10-11,duration_unconfirmed,,43670,all_agriculture_not_durian_specific,2a62f017-7583-40c2-98cd-f7bac1947b99,1791,https://catalog.disaster.go.th/dataset/7bdbedaf-f9cd-4c42-893a-0c88ad65b2f5/resource/2a62f017-7583-40c2-98cd-f7bac1947b99/download/gd028_2566_final.csv,CSV
53,อุตรดิตถ์,2566,local_area_record,พิชัย,นายาง,2,9/8/2023,2023-08-09,,2023-10-11,duration_unconfirmed,,,all_agriculture_not_durian_specific,2a62f017-7583-40c2-98cd-f7bac1947b99,1792,https://catalog.disaster.go.th/dataset/7bdbedaf-f9cd-4c42-893a-0c88ad65b2f5/resource/2a62f017-7583-40c2-98cd-f7bac1947b99/download/gd028_2566_final.csv,CSV
53,อุตรดิตถ์,2566,local_area_record,พิชัย,นายาง,3,9/8/2023,2023-08-09,,2023-10-11,duration_unconfirmed,,,all_agriculture_not_durian_specific,2a62f017-7583-40c2-98cd-f7bac1947b99,1793,https://catalog.disaster.go.th/dataset/7bdbedaf-f9cd-4c42-893a-0c88ad65b2f5/resource/2a62f017-7583-40c2-98cd-f7bac1947b99/download/gd028_2566_final.csv,CSV
53,อุตรดิตถ์,2566,local_area_record,พิชัย,นายาง,4,9/8/2023,2023-08-09,,2023-10-11,duration_unconfirmed,,,all_agriculture_not_durian_specific,2a62f017-7583-40c2-98cd-f7bac1947b99,1794,https://catalog.disaster.go.th/dataset/7bdbedaf-f9cd-4c42-893a-0c88ad65b2f5/resource/2a62f017-7583-40c2-98cd-f7bac1947b99/download/gd028_2566_final.csv,CSV
53,อุตรดิตถ์,2566,local_area_record,พิชัย,นายาง,5,9/8/2023,2023-08-09,,2023-10-11,duration_unconfirmed,,,all_agriculture_not_durian_specific,2a62f017-7583-40c2-98cd-f7bac1947b99,1795,https://catalog.disaster.go.th/dataset/7bdbedaf-f9cd-4c42-893a-0c88ad65b2f5/resource/2a62f017-7583-40c2-98cd-f7bac1947b99/download/gd028_2566_final.csv,CSV
53,อุตรดิตถ์,2566,local_area_record,พิชัย,นายาง,6,9/8/2023,2023-08-09,,2023-10-11,duration_unconfirmed,,,all_agriculture_not_durian_specific,2a62f017-7583-40c2-98cd-f7bac1947b99,1796,https://catalog.disaster.go.th/dataset/7bdbedaf-f9cd-4c42-893a-0c88ad65b2f5/resource/2a62f017-7583-40c2-98cd-f7bac1947b99/download/gd028_2566_final.csv,CSV
53,อุตรดิตถ์,2566,local_area_record,พิชัย,นายาง,7,9/8/2023,2023-08-09,,2023-10-11,duration_unconfirmed,,,all_agriculture_not_durian_specific,2a62f017-7583-40c2-98cd-f7bac1947b99,1797,https://catalog.disaster.go.th/dataset/7bdbedaf-f9cd-4c42-893a-0c88ad65b2f5/resource/2a62f017-7583-40c2-98cd-f7bac1947b99/download/gd028_2566_final.csv,CSV
53,อุตรดิตถ์,2566,local_area_record,ลับแล,ฝายหลวง,4,9/8/2023,2023-08-09,,2023-10-11,duration_unconfirmed,,56.3,all_agriculture_not_durian_specific,2a62f017-7583-40c2-98cd-f7bac1947b99,1798,https://catalog.disaster.go.th/dataset/7bdbedaf-f9cd-4c42-893a-0c88ad65b2f5/resource/2a62f017-7583-40c2-98cd-f7bac1947b99/download/gd028_2566_final.csv,CSV
53,อุตรดิตถ์,2566,local_area_record,ทองแสนขัน,ผักขวง,1,9/8/2023,2023-08-09,,2023-10-11,duration_unconfirmed,,,all_agriculture_not_durian_specific,2a62f017-7583-40c2-98cd-f7bac1947b99,1799,https://catalog.disaster.go.th/dataset/7bdbedaf-f9cd-4c42-893a-0c88ad65b2f5/resource/2a62f017-7583-40c2-98cd-f7bac1947b99/download/gd028_2566_final.csv,CSV
53,อุตรดิตถ์,2566,local_area_record,ทองแสนขัน,ผักขวง,10,9/8/2023,2023-08-09,,2023-10-11,duration_unconfirmed,,,all_agriculture_not_durian_specific,2a62f017-7583-40c2-98cd-f7bac1947b99,1800,https://catalog.disaster.go.th/dataset/7bdbedaf-f9cd-4c42-893a-0c88ad65b2f5/resource/2a62f017-7583-40c2-98cd-f7bac1947b99/download/gd028_2566_final.csv,CSV
53,อุตรดิตถ์,2566,local_area_record,ทองแสนขัน,ผักขวง,11,9/8/2023,2023-08-09,,2023-10-11,duration_unconfirmed,,,all_agriculture_not_durian_specific,2a62f017-7583-40c2-98cd-f7bac1947b99,1801,https://catalog.disaster.go.th/dataset/7bdbedaf-f9cd-4c42-893a-0c88ad65b2f5/resource/2a62f017-7583-40c2-98cd-f7bac1947b99/download/gd028_2566_final.csv,CSV
53,อุตรดิตถ์,2566,local_area_record,ทองแสนขัน,ผักขวง,12,9/8/2023,2023-08-09,,2023-10-11,duration_unconfirmed,,,all_agriculture_not_durian_specific,2a62f017-7583-40c2-98cd-f7bac1947b99,1802,https://catalog.disaster.go.th/dataset/7bdbedaf-f9cd-4c42-893a-0c88ad65b2f5/resource/2a62f017-7583-40c2-98cd-f7bac1947b99/download/gd028_2566_final.csv,CSV
53,อุตรดิตถ์,2566,local_area_record,ทองแสนขัน,ผักขวง,13,9/8/2023,2023-08-09,,2023-10-11,duration_unconfirmed,,,all_agriculture_not_durian_specific,2a62f017-7583-40c2-98cd-f7bac1947b99,1803,https://catalog.disaster.go.th/dataset/7bdbedaf-f9cd-4c42-893a-0c88ad65b2f5/resource/2a62f017-7583-40c2-98cd-f7bac1947b99/download/gd028_2566_final.csv,CSV
53,อุตรดิตถ์,2566,local_area_record,ทองแสนขัน,ผักขวง,14,9/8/2023,2023-08-09,,2023-10-11,duration_unconfirmed,,,all_agriculture_not_durian_specific,2a62f017-7583-40c2-98cd-f7bac1947b99,1804,https://catalog.disaster.go.th/dataset/7bdbedaf-f9cd-4c42-893a-0c88ad65b2f5/resource/2a62f017-7583-40c2-98cd-f7bac1947b99/download/gd028_2566_final.csv,CSV
53,อุตรดิตถ์,2566,local_area_record,ทองแสนขัน,ผักขวง,15,9/8/2023,2023-08-09,,2023-10-11,duration_unconfirmed,,,all_agriculture_not_durian_specific,2a62f017-7583-40c2-98cd-f7bac1947b99,1805,https://catalog.disaster.go.th/dataset/7bdbedaf-f9cd-4c42-893a-0c88ad65b2f5/resource/2a62f017-7583-40c2-98cd-f7bac1947b99/download/gd028_2566_final.csv,CSV
53,อุตรดิตถ์,2566,local_area_record,ทองแสนขัน,ผักขวง,16,9/8/2023,2023-08-09,,2023-10-11,duration_unconfirmed,,,all_agriculture_not_durian_specific,2a62f017-7583-40c2-98cd-f7bac1947b99,1806,https://catalog.disaster.go.th/dataset/7bdbedaf-f9cd-4c42-893a-0c88ad65b2f5/resource/2a62f017-7583-40c2-98cd-f7bac1947b99/download/gd028_2566_final.csv,CSV
53,อุตรดิตถ์,2566,local_area_record,ทองแสนขัน,ผักขวง,2,9/8/2023,2023-08-09,,2023-10-11,duration_unconfirmed,,,all_agriculture_not_durian_specific,2a62f017-7583-40c2-98cd-f7bac1947b99,1807,https://catalog.disaster.go.th/dataset/7bdbedaf-f9cd-4c42-893a-0c88ad65b2f5/resource/2a62f017-7583-40c2-98cd-f7bac1947b99/download/gd028_2566_final.csv,CSV
53,อุตรดิตถ์,2566,local_area_record,ทองแสนขัน,ผักขวง,3,9/8/2023,2023-08-09,,2023-10-11,duration_unconfirmed,,,all_agriculture_not_durian_specific,2a62f017-7583-40c2-98cd-f7bac1947b99,1808,https://catalog.disaster.go.th/dataset/7bdbedaf-f9cd-4c42-893a-0c88ad65b2f5/resource/2a62f017-7583-40c2-98cd-f7bac1947b99/download/gd028_2566_final.csv,CSV
53,อุตรดิตถ์,2566,local_area_record,ทองแสนขัน,ผักขวง,4,9/8/2023,2023-08-09,,2023-10-11,duration_unconfirmed,,,all_agriculture_not_durian_specific,2a62f017-7583-40c2-98cd-f7bac1947b99,1809,https://catalog.disaster.go.th/dataset/7bdbedaf-f9cd-4c42-893a-0c88ad65b2f5/resource/2a62f017-7583-40c2-98cd-f7bac1947b99/download/gd028_2566_final.csv,CSV
53,อุตรดิตถ์,2566,local_area_record,ทองแสนขัน,ผักขวง,5,9/8/2023,2023-08-09,,2023-10-11,duration_unconfirmed,,,all_agriculture_not_durian_specific,2a62f017-7583-40c2-98cd-f7bac1947b99,1810,https://catalog.disaster.go.th/dataset/7bdbedaf-f9cd-4c42-893a-0c88ad65b2f5/resource/2a62f017-7583-40c2-98cd-f7bac1947b99/download/gd028_2566_final.csv,CSV
53,อุตรดิตถ์,2566,local_area_record,ทองแสนขัน,ผักขวง,6,9/8/2023,2023-08-09,,2023-10-11,duration_unconfirmed,,,all_agriculture_not_durian_specific,2a62f017-7583-40c2-98cd-f7bac1947b99,1811,https://catalog.disaster.go.th/dataset/7bdbedaf-f9cd-4c42-893a-0c88ad65b2f5/resource/2a62f017-7583-40c2-98cd-f7bac1947b99/download/gd028_2566_final.csv,CSV
53,อุตรดิตถ์,2566,local_area_record,ทองแสนขัน,ผักขวง,7,9/8/2023,2023-08-09,,2023-10-11,duration_unconfirmed,,,all_agriculture_not_durian_specific,2a62f017-7583-40c2-98cd-f7bac1947b99,1812,https://catalog.disaster.go.th/dataset/7bdbedaf-f9cd-4c42-893a-0c88ad65b2f5/resource/2a62f017-7583-40c2-98cd-f7bac1947b99/download/gd028_2566_final.csv,CSV
53,อุตรดิตถ์,2566,local_area_record,ทองแสนขัน,ผักขวง,8,9/8/2023,2023-08-09,,2023-10-11,duration_unconfirmed,,,all_agriculture_not_durian_specific,2a62f017-7583-40c2-98cd-f7bac1947b99,1813,https://catalog.disaster.go.th/dataset/7bdbedaf-f9cd-4c42-893a-0c88ad65b2f5/resource/2a62f017-7583-40c2-98cd-f7bac1947b99/download/gd028_2566_final.csv,CSV
53,อุตรดิตถ์,2566,local_area_record,ทองแสนขัน,บ่อทอง,1,9/8/2023,2023-08-09,,2023-10-11,duration_unconfirmed,,12691.5,all_agriculture_not_durian_specific,2a62f017-7583-40c2-98cd-f7bac1947b99,1814,https://catalog.disaster.go.th/dataset/7bdbedaf-f9cd-4c42-893a-0c88ad65b2f5/resource/2a62f017-7583-40c2-98cd-f7bac1947b99/download/gd028_2566_final.csv,CSV
53,อุตรดิตถ์,2566,local_area_record,ทองแสนขัน,บ่อทอง,12,9/8/2023,2023-08-09,,2023-10-11,duration_unconfirmed,,,all_agriculture_not_durian_specific,2a62f017-7583-40c2-98cd-f7bac1947b99,1815,https://catalog.disaster.go.th/dataset/7bdbedaf-f9cd-4c42-893a-0c88ad65b2f5/resource/2a62f017-7583-40c2-98cd-f7bac1947b99/download/gd028_2566_final.csv,CSV
53,อุตรดิตถ์,2566,local_area_record,ทองแสนขัน,บ่อทอง,13,9/8/2023,2023-08-09,,2023-10-11,duration_unconfirmed,,,all_agriculture_not_durian_specific,2a62f017-7583-40c2-98cd-f7bac1947b99,1816,https://catalog.disaster.go.th/dataset/7bdbedaf-f9cd-4c42-893a-0c88ad65b2f5/resource/2a62f017-7583-40c2-98cd-f7bac1947b99/download/gd028_2566_final.csv,CSV
53,อุตรดิตถ์,2566,local_area_record,ทองแสนขัน,บ่อทอง,2,9/8/2023,2023-08-09,,2023-10-11,duration_unconfirmed,,,all_agriculture_not_durian_specific,2a62f017-7583-40c2-98cd-f7bac1947b99,1817,https://catalog.disaster.go.th/dataset/7bdbedaf-f9cd-4c42-893a-0c88ad65b2f5/resource/2a62f017-7583-40c2-98cd-f7bac1947b99/download/gd028_2566_final.csv,CSV
53,อุตรดิตถ์,2566,local_area_record,ทองแสนขัน,บ่อทอง,3,9/8/2023,2023-08-09,,2023-10-11,duration_unconfirmed,,,all_agriculture_not_durian_specific,2a62f017-7583-40c2-98cd-f7bac1947b99,1818,https://catalog.disaster.go.th/dataset/7bdbedaf-f9cd-4c42-893a-0c88ad65b2f5/resource/2a62f017-7583-40c2-98cd-f7bac1947b99/download/gd028_2566_final.csv,CSV
53,อุตรดิตถ์,2566,local_area_record,ทองแสนขัน,บ่อทอง,4,9/8/2023,2023-08-09,,2023-10-11,duration_unconfirmed,,,all_agriculture_not_durian_specific,2a62f017-7583-40c2-98cd-f7bac1947b99,1819,https://catalog.disaster.go.th/dataset/7bdbedaf-f9cd-4c42-893a-0c88ad65b2f5/resource/2a62f017-7583-40c2-98cd-f7bac1947b99/download/gd028_2566_final.csv,CSV
53,อุตรดิตถ์,2566,local_area_record,ทองแสนขัน,บ่อทอง,5,9/8/2023,2023-08-09,,2023-10-11,duration_unconfirmed,,,all_agriculture_not_durian_specific,2a62f017-7583-40c2-98cd-f7bac1947b99,1820,https://catalog.disaster.go.th/dataset/7bdbedaf-f9cd-4c42-893a-0c88ad65b2f5/resource/2a62f017-7583-40c2-98cd-f7bac1947b99/download/gd028_2566_final.csv,CSV
53,อุตรดิตถ์,2566,local_area_record,ทองแสนขัน,บ่อทอง,6,9/8/2023,2023-08-09,,2023-10-11,duration_unconfirmed,,,all_agriculture_not_durian_specific,2a62f017-7583-40c2-98cd-f7bac1947b99,1821,https://catalog.disaster.go.th/dataset/7bdbedaf-f9cd-4c42-893a-0c88ad65b2f5/resource/2a62f017-7583-40c2-98cd-f7bac1947b99/download/gd028_2566_final.csv,CSV
53,อุตรดิตถ์,2566,local_area_record,ทองแสนขัน,บ่อทอง,7,9/8/2023,2023-08-09,,2023-10-11,duration_unconfirmed,,,all_agriculture_not_durian_specific,2a62f017-7583-40c2-98cd-f7bac1947b99,1822,https://catalog.disaster.go.th/dataset/7bdbedaf-f9cd-4c42-893a-0c88ad65b2f5/resource/2a62f017-7583-40c2-98cd-f7bac1947b99/download/gd028_2566_final.csv,CSV
53,อุตรดิตถ์,2566,local_area_record,ทองแสนขัน,บ่อทอง,8,9/8/2023,2023-08-09,,2023-10-11,duration_unconfirmed,,,all_agriculture_not_durian_specific,2a62f017-7583-40c2-98cd-f7bac1947b99,1823,https://catalog.disaster.go.th/dataset/7bdbedaf-f9cd-4c42-893a-0c88ad65b2f5/resource/2a62f017-7583-40c2-98cd-f7bac1947b99/download/gd028_2566_final.csv,CSV
53,อุตรดิตถ์,2566,local_area_record,ทองแสนขัน,บ่อทอง,9,9/8/2023,2023-08-09,,2023-10-11,duration_unconfirmed,,,all_agriculture_not_durian_specific,2a62f017-7583-40c2-98cd-f7bac1947b99,1824,https://catalog.disaster.go.th/dataset/7bdbedaf-f9cd-4c42-893a-0c88ad65b2f5/resource/2a62f017-7583-40c2-98cd-f7bac1947b99/download/gd028_2566_final.csv,CSV
53,อุตรดิตถ์,2566,local_area_record,ทองแสนขัน,ป่าคาย,1,9/8/2023,2023-08-09,,2023-10-11,duration_unconfirmed,,,all_agriculture_not_durian_specific,2a62f017-7583-40c2-98cd-f7bac1947b99,1825,https://catalog.disaster.go.th/dataset/7bdbedaf-f9cd-4c42-893a-0c88ad65b2f5/resource/2a62f017-7583-40c2-98cd-f7bac1947b99/download/gd028_2566_final.csv,CSV
53,อุตรดิตถ์,2566,local_area_record,ทองแสนขัน,ป่าคาย,2,9/8/2023,2023-08-09,,2023-10-11,duration_unconfirmed,,,all_agriculture_not_durian_specific,2a62f017-7583-40c2-98cd-f7bac1947b99,1826,https://catalog.disaster.go.th/dataset/7bdbedaf-f9cd-4c42-893a-0c88ad65b2f5/resource/2a62f017-7583-40c2-98cd-f7bac1947b99/download/gd028_2566_final.csv,CSV
53,อุตรดิตถ์,2566,local_area_record,ทองแสนขัน,ป่าคาย,3,9/8/2023,2023-08-09,,2023-10-11,duration_unconfirmed,,,all_agriculture_not_durian_specific,2a62f017-7583-40c2-98cd-f7bac1947b99,1827,https://catalog.disaster.go.th/dataset/7bdbedaf-f9cd-4c42-893a-0c88ad65b2f5/resource/2a62f017-7583-40c2-98cd-f7bac1947b99/download/gd028_2566_final.csv,CSV
53,อุตรดิตถ์,2566,local_area_record,ทองแสนขัน,ป่าคาย,4,9/8/2023,2023-08-09,,2023-10-11,duration_unconfirmed,,,all_agriculture_not_durian_specific,2a62f017-7583-40c2-98cd-f7bac1947b99,1828,https://catalog.disaster.go.th/dataset/7bdbedaf-f9cd-4c42-893a-0c88ad65b2f5/resource/2a62f017-7583-40c2-98cd-f7bac1947b99/download/gd028_2566_final.csv,CSV
53,อุตรดิตถ์,2566,local_area_record,ทองแสนขัน,ป่าคาย,5,9/8/2023,2023-08-09,,2023-10-11,duration_unconfirmed,,,all_agriculture_not_durian_specific,2a62f017-7583-40c2-98cd-f7bac1947b99,1829,https://catalog.disaster.go.th/dataset/7bdbedaf-f9cd-4c42-893a-0c88ad65b2f5/resource/2a62f017-7583-40c2-98cd-f7bac1947b99/download/gd028_2566_final.csv,CSV
53,อุตรดิตถ์,2566,local_area_record,ทองแสนขัน,ป่าคาย,6,9/8/2023,2023-08-09,,2023-10-11,duration_unconfirmed,,,all_agriculture_not_durian_specific,2a62f017-7583-40c2-98cd-f7bac1947b99,1830,https://catalog.disaster.go.th/dataset/7bdbedaf-f9cd-4c42-893a-0c88ad65b2f5/resource/2a62f017-7583-40c2-98cd-f7bac1947b99/download/gd028_2566_final.csv,CSV
53,อุตรดิตถ์,2566,local_area_record,ทองแสนขัน,ป่าคาย,7,9/8/2023,2023-08-09,,2023-10-11,duration_unconfirmed,,,all_agriculture_not_durian_specific,2a62f017-7583-40c2-98cd-f7bac1947b99,1831,https://catalog.disaster.go.th/dataset/7bdbedaf-f9cd-4c42-893a-0c88ad65b2f5/resource/2a62f017-7583-40c2-98cd-f7bac1947b99/download/gd028_2566_final.csv,CSV
53,อุตรดิตถ์,2566,local_area_record,ทองแสนขัน,ป่าคาย,8,9/8/2023,2023-08-09,,2023-10-11,duration_unconfirmed,,,all_agriculture_not_durian_specific,2a62f017-7583-40c2-98cd-f7bac1947b99,1832,https://catalog.disaster.go.th/dataset/7bdbedaf-f9cd-4c42-893a-0c88ad65b2f5/resource/2a62f017-7583-40c2-98cd-f7bac1947b99/download/gd028_2566_final.csv,CSV
53,อุตรดิตถ์,2566,local_area_record,ทองแสนขัน,ป่าคาย,9,9/8/2023,2023-08-09,,2023-10-11,duration_unconfirmed,,,all_agriculture_not_durian_specific,2a62f017-7583-40c2-98cd-f7bac1947b99,1833,https://catalog.disaster.go.th/dataset/7bdbedaf-f9cd-4c42-893a-0c88ad65b2f5/resource/2a62f017-7583-40c2-98cd-f7bac1947b99/download/gd028_2566_final.csv,CSV
53,อุตรดิตถ์,2566,local_area_record,ทองแสนขัน,น้ำพี้,1,9/8/2023,2023-08-09,,2023-10-11,duration_unconfirmed,,,all_agriculture_not_durian_specific,2a62f017-7583-40c2-98cd-f7bac1947b99,1834,https://catalog.disaster.go.th/dataset/7bdbedaf-f9cd-4c42-893a-0c88ad65b2f5/resource/2a62f017-7583-40c2-98cd-f7bac1947b99/download/gd028_2566_final.csv,CSV
53,อุตรดิตถ์,2566,local_area_record,ทองแสนขัน,น้ำพี้,2,9/8/2023,2023-08-09,,2023-10-11,duration_unconfirmed,,,all_agriculture_not_durian_specific,2a62f017-7583-40c2-98cd-f7bac1947b99,1835,https://catalog.disaster.go.th/dataset/7bdbedaf-f9cd-4c42-893a-0c88ad65b2f5/resource/2a62f017-7583-40c2-98cd-f7bac1947b99/download/gd028_2566_final.csv,CSV
53,อุตรดิตถ์,2566,local_area_record,ทองแสนขัน,น้ำพี้,3,9/8/2023,2023-08-09,,2023-10-11,duration_unconfirmed,,,all_agriculture_not_durian_specific,2a62f017-7583-40c2-98cd-f7bac1947b99,1836,https://catalog.disaster.go.th/dataset/7bdbedaf-f9cd-4c42-893a-0c88ad65b2f5/resource/2a62f017-7583-40c2-98cd-f7bac1947b99/download/gd028_2566_final.csv,CSV
53,อุตรดิตถ์,2566,local_area_record,ทองแสนขัน,น้ำพี้,4,9/8/2023,2023-08-09,,2023-10-11,duration_unconfirmed,,,all_agriculture_not_durian_specific,2a62f017-7583-40c2-98cd-f7bac1947b99,1837,https://catalog.disaster.go.th/dataset/7bdbedaf-f9cd-4c42-893a-0c88ad65b2f5/resource/2a62f017-7583-40c2-98cd-f7bac1947b99/download/gd028_2566_final.csv,CSV
53,อุตรดิตถ์,2566,local_area_record,ทองแสนขัน,น้ำพี้,5,9/8/2023,2023-08-09,,2023-10-11,duration_unconfirmed,,,all_agriculture_not_durian_specific,2a62f017-7583-40c2-98cd-f7bac1947b99,1838,https://catalog.disaster.go.th/dataset/7bdbedaf-f9cd-4c42-893a-0c88ad65b2f5/resource/2a62f017-7583-40c2-98cd-f7bac1947b99/download/gd028_2566_final.csv,CSV
53,อุตรดิตถ์,2566,local_area_record,ทองแสนขัน,น้ำพี้,6,9/8/2023,2023-08-09,,2023-10-11,duration_unconfirmed,,,all_agriculture_not_durian_specific,2a62f017-7583-40c2-98cd-f7bac1947b99,1839,https://catalog.disaster.go.th/dataset/7bdbedaf-f9cd-4c42-893a-0c88ad65b2f5/resource/2a62f017-7583-40c2-98cd-f7bac1947b99/download/gd028_2566_final.csv,CSV
53,อุตรดิตถ์,2566,local_area_record,ทองแสนขัน,น้ำพี้,7,9/8/2023,2023-08-09,,2023-10-11,duration_unconfirmed,,,all_agriculture_not_durian_specific,2a62f017-7583-40c2-98cd-f7bac1947b99,1840,https://catalog.disaster.go.th/dataset/7bdbedaf-f9cd-4c42-893a-0c88ad65b2f5/resource/2a62f017-7583-40c2-98cd-f7bac1947b99/download/gd028_2566_final.csv,CSV
53,อุตรดิตถ์,2566,local_area_record,ทองแสนขัน,น้ำพี้,8,9/8/2023,2023-08-09,,2023-10-11,duration_unconfirmed,,,all_agriculture_not_durian_specific,2a62f017-7583-40c2-98cd-f7bac1947b99,1841,https://catalog.disaster.go.th/dataset/7bdbedaf-f9cd-4c42-893a-0c88ad65b2f5/resource/2a62f017-7583-40c2-98cd-f7bac1947b99/download/gd028_2566_final.csv,CSV
53,อุตรดิตถ์,2566,local_area_record,ทองแสนขัน,น้ำพี้,9,9/8/2023,2023-08-09,,2023-10-11,duration_unconfirmed,,,all_agriculture_not_durian_specific,2a62f017-7583-40c2-98cd-f7bac1947b99,1842,https://catalog.disaster.go.th/dataset/7bdbedaf-f9cd-4c42-893a-0c88ad65b2f5/resource/2a62f017-7583-40c2-98cd-f7bac1947b99/download/gd028_2566_final.csv,CSV
22,จันทบุรี,2567,local_area_record,โป่งน้ำร้อน,ทับไทร,1,2024-03-22 00:00:00,2024-03-22,,2024-06-12,duration_unconfirmed,,,all_agriculture_not_durian_specific,b400841d-e9d9-4a36-8896-13bdf5dfbd50,368,https://catalog.disaster.go.th/dataset/7bdbedaf-f9cd-4c42-893a-0c88ad65b2f5/resource/b400841d-e9d9-4a36-8896-13bdf5dfbd50/download/2567__final.xlsx,ภัยแล้ง67-รายการพื้นที่เกิด
22,จันทบุรี,2567,local_area_record,โป่งน้ำร้อน,ทับไทร,2,2024-03-22 00:00:00,2024-03-22,,2024-06-12,duration_unconfirmed,,,all_agriculture_not_durian_specific,b400841d-e9d9-4a36-8896-13bdf5dfbd50,369,https://catalog.disaster.go.th/dataset/7bdbedaf-f9cd-4c42-893a-0c88ad65b2f5/resource/b400841d-e9d9-4a36-8896-13bdf5dfbd50/download/2567__final.xlsx,ภัยแล้ง67-รายการพื้นที่เกิด
22,จันทบุรี,2567,local_area_record,โป่งน้ำร้อน,ทับไทร,3,2024-03-22 00:00:00,2024-03-22,,2024-06-12,duration_unconfirmed,,,all_agriculture_not_durian_specific,b400841d-e9d9-4a36-8896-13bdf5dfbd50,370,https://catalog.disaster.go.th/dataset/7bdbedaf-f9cd-4c42-893a-0c88ad65b2f5/resource/b400841d-e9d9-4a36-8896-13bdf5dfbd50/download/2567__final.xlsx,ภัยแล้ง67-รายการพื้นที่เกิด
22,จันทบุรี,2567,local_area_record,โป่งน้ำร้อน,ทับไทร,4,2024-03-22 00:00:00,2024-03-22,,2024-06-12,duration_unconfirmed,,,all_agriculture_not_durian_specific,b400841d-e9d9-4a36-8896-13bdf5dfbd50,371,https://catalog.disaster.go.th/dataset/7bdbedaf-f9cd-4c42-893a-0c88ad65b2f5/resource/b400841d-e9d9-4a36-8896-13bdf5dfbd50/download/2567__final.xlsx,ภัยแล้ง67-รายการพื้นที่เกิด
22,จันทบุรี,2567,local_area_record,โป่งน้ำร้อน,ทับไทร,5,2024-03-22 00:00:00,2024-03-22,,2024-06-12,duration_unconfirmed,,,all_agriculture_not_durian_specific,b400841d-e9d9-4a36-8896-13bdf5dfbd50,372,https://catalog.disaster.go.th/dataset/7bdbedaf-f9cd-4c42-893a-0c88ad65b2f5/resource/b400841d-e9d9-4a36-8896-13bdf5dfbd50/download/2567__final.xlsx,ภัยแล้ง67-รายการพื้นที่เกิด
22,จันทบุรี,2567,local_area_record,โป่งน้ำร้อน,ทับไทร,6,2024-03-22 00:00:00,2024-03-22,,2024-06-12,duration_unconfirmed,,,all_agriculture_not_durian_specific,b400841d-e9d9-4a36-8896-13bdf5dfbd50,373,https://catalog.disaster.go.th/dataset/7bdbedaf-f9cd-4c42-893a-0c88ad65b2f5/resource/b400841d-e9d9-4a36-8896-13bdf5dfbd50/download/2567__final.xlsx,ภัยแล้ง67-รายการพื้นที่เกิด
22,จันทบุรี,2567,local_area_record,โป่งน้ำร้อน,ทับไทร,7,2024-03-22 00:00:00,2024-03-22,,2024-06-12,duration_unconfirmed,,,all_agriculture_not_durian_specific,b400841d-e9d9-4a36-8896-13bdf5dfbd50,374,https://catalog.disaster.go.th/dataset/7bdbedaf-f9cd-4c42-893a-0c88ad65b2f5/resource/b400841d-e9d9-4a36-8896-13bdf5dfbd50/download/2567__final.xlsx,ภัยแล้ง67-รายการพื้นที่เกิด
22,จันทบุรี,2567,local_area_record,โป่งน้ำร้อน,ทับไทร,8,2024-03-22 00:00:00,2024-03-22,,2024-06-12,duration_unconfirmed,,,all_agriculture_not_durian_specific,b400841d-e9d9-4a36-8896-13bdf5dfbd50,375,https://catalog.disaster.go.th/dataset/7bdbedaf-f9cd-4c42-893a-0c88ad65b2f5/resource/b400841d-e9d9-4a36-8896-13bdf5dfbd50/download/2567__final.xlsx,ภัยแล้ง67-รายการพื้นที่เกิด
22,จันทบุรี,2567,local_area_record,โป่งน้ำร้อน,ทับไทร,9,2024-03-22 00:00:00,2024-03-22,,2024-06-12,duration_unconfirmed,,,all_agriculture_not_durian_specific,b400841d-e9d9-4a36-8896-13bdf5dfbd50,376,https://catalog.disaster.go.th/dataset/7bdbedaf-f9cd-4c42-893a-0c88ad65b2f5/resource/b400841d-e9d9-4a36-8896-13bdf5dfbd50/download/2567__final.xlsx,ภัยแล้ง67-รายการพื้นที่เกิด
22,จันทบุรี,2567,local_area_record,โป่งน้ำร้อน,โป่งน้ำร้อน,1,2024-03-22 00:00:00,2024-03-22,,2024-06-12,duration_unconfirmed,,,all_agriculture_not_durian_specific,b400841d-e9d9-4a36-8896-13bdf5dfbd50,377,https://catalog.disaster.go.th/dataset/7bdbedaf-f9cd-4c42-893a-0c88ad65b2f5/resource/b400841d-e9d9-4a36-8896-13bdf5dfbd50/download/2567__final.xlsx,ภัยแล้ง67-รายการพื้นที่เกิด
22,จันทบุรี,2567,local_area_record,โป่งน้ำร้อน,โป่งน้ำร้อน,10,2024-03-22 00:00:00,2024-03-22,,2024-06-12,duration_unconfirmed,,,all_agriculture_not_durian_specific,b400841d-e9d9-4a36-8896-13bdf5dfbd50,378,https://catalog.disaster.go.th/dataset/7bdbedaf-f9cd-4c42-893a-0c88ad65b2f5/resource/b400841d-e9d9-4a36-8896-13bdf5dfbd50/download/2567__final.xlsx,ภัยแล้ง67-รายการพื้นที่เกิด
22,จันทบุรี,2567,local_area_record,โป่งน้ำร้อน,โป่งน้ำร้อน,11,2024-03-22 00:00:00,2024-03-22,,2024-06-12,duration_unconfirmed,,,all_agriculture_not_durian_specific,b400841d-e9d9-4a36-8896-13bdf5dfbd50,379,https://catalog.disaster.go.th/dataset/7bdbedaf-f9cd-4c42-893a-0c88ad65b2f5/resource/b400841d-e9d9-4a36-8896-13bdf5dfbd50/download/2567__final.xlsx,ภัยแล้ง67-รายการพื้นที่เกิด
22,จันทบุรี,2567,local_area_record,โป่งน้ำร้อน,โป่งน้ำร้อน,12,2024-03-22 00:00:00,2024-03-22,,2024-06-12,duration_unconfirmed,,,all_agriculture_not_durian_specific,b400841d-e9d9-4a36-8896-13bdf5dfbd50,380,https://catalog.disaster.go.th/dataset/7bdbedaf-f9cd-4c42-893a-0c88ad65b2f5/resource/b400841d-e9d9-4a36-8896-13bdf5dfbd50/download/2567__final.xlsx,ภัยแล้ง67-รายการพื้นที่เกิด
22,จันทบุรี,2567,local_area_record,โป่งน้ำร้อน,โป่งน้ำร้อน,13,2024-03-22 00:00:00,2024-03-22,,2024-06-12,duration_unconfirmed,,,all_agriculture_not_durian_specific,b400841d-e9d9-4a36-8896-13bdf5dfbd50,381,https://catalog.disaster.go.th/dataset/7bdbedaf-f9cd-4c42-893a-0c88ad65b2f5/resource/b400841d-e9d9-4a36-8896-13bdf5dfbd50/download/2567__final.xlsx,ภัยแล้ง67-รายการพื้นที่เกิด
22,จันทบุรี,2567,local_area_record,โป่งน้ำร้อน,โป่งน้ำร้อน,2,2024-03-22 00:00:00,2024-03-22,,2024-06-12,duration_unconfirmed,,,all_agriculture_not_durian_specific,b400841d-e9d9-4a36-8896-13bdf5dfbd50,382,https://catalog.disaster.go.th/dataset/7bdbedaf-f9cd-4c42-893a-0c88ad65b2f5/resource/b400841d-e9d9-4a36-8896-13bdf5dfbd50/download/2567__final.xlsx,ภัยแล้ง67-รายการพื้นที่เกิด
22,จันทบุรี,2567,local_area_record,โป่งน้ำร้อน,โป่งน้ำร้อน,3,2024-03-22 00:00:00,2024-03-22,,2024-06-12,duration_unconfirmed,,,all_agriculture_not_durian_specific,b400841d-e9d9-4a36-8896-13bdf5dfbd50,383,https://catalog.disaster.go.th/dataset/7bdbedaf-f9cd-4c42-893a-0c88ad65b2f5/resource/b400841d-e9d9-4a36-8896-13bdf5dfbd50/download/2567__final.xlsx,ภัยแล้ง67-รายการพื้นที่เกิด
22,จันทบุรี,2567,local_area_record,โป่งน้ำร้อน,โป่งน้ำร้อน,4,2024-03-22 00:00:00,2024-03-22,,2024-06-12,duration_unconfirmed,,,all_agriculture_not_durian_specific,b400841d-e9d9-4a36-8896-13bdf5dfbd50,384,https://catalog.disaster.go.th/dataset/7bdbedaf-f9cd-4c42-893a-0c88ad65b2f5/resource/b400841d-e9d9-4a36-8896-13bdf5dfbd50/download/2567__final.xlsx,ภัยแล้ง67-รายการพื้นที่เกิด
22,จันทบุรี,2567,local_area_record,โป่งน้ำร้อน,โป่งน้ำร้อน,5,2024-03-22 00:00:00,2024-03-22,,2024-06-12,duration_unconfirmed,,,all_agriculture_not_durian_specific,b400841d-e9d9-4a36-8896-13bdf5dfbd50,385,https://catalog.disaster.go.th/dataset/7bdbedaf-f9cd-4c42-893a-0c88ad65b2f5/resource/b400841d-e9d9-4a36-8896-13bdf5dfbd50/download/2567__final.xlsx,ภัยแล้ง67-รายการพื้นที่เกิด
22,จันทบุรี,2567,local_area_record,โป่งน้ำร้อน,โป่งน้ำร้อน,6,2024-03-22 00:00:00,2024-03-22,,2024-06-12,duration_unconfirmed,,,all_agriculture_not_durian_specific,b400841d-e9d9-4a36-8896-13bdf5dfbd50,386,https://catalog.disaster.go.th/dataset/7bdbedaf-f9cd-4c42-893a-0c88ad65b2f5/resource/b400841d-e9d9-4a36-8896-13bdf5dfbd50/download/2567__final.xlsx,ภัยแล้ง67-รายการพื้นที่เกิด
22,จันทบุรี,2567,local_area_record,โป่งน้ำร้อน,โป่งน้ำร้อน,7,2024-03-22 00:00:00,2024-03-22,,2024-06-12,duration_unconfirmed,,,all_agriculture_not_durian_specific,b400841d-e9d9-4a36-8896-13bdf5dfbd50,387,https://catalog.disaster.go.th/dataset/7bdbedaf-f9cd-4c42-893a-0c88ad65b2f5/resource/b400841d-e9d9-4a36-8896-13bdf5dfbd50/download/2567__final.xlsx,ภัยแล้ง67-รายการพื้นที่เกิด
22,จันทบุรี,2567,local_area_record,โป่งน้ำร้อน,โป่งน้ำร้อน,8,2024-03-22 00:00:00,2024-03-22,,2024-06-12,duration_unconfirmed,,,all_agriculture_not_durian_specific,b400841d-e9d9-4a36-8896-13bdf5dfbd50,388,https://catalog.disaster.go.th/dataset/7bdbedaf-f9cd-4c42-893a-0c88ad65b2f5/resource/b400841d-e9d9-4a36-8896-13bdf5dfbd50/download/2567__final.xlsx,ภัยแล้ง67-รายการพื้นที่เกิด
22,จันทบุรี,2567,local_area_record,โป่งน้ำร้อน,โป่งน้ำร้อน,9,2024-03-22 00:00:00,2024-03-22,,2024-06-12,duration_unconfirmed,,,all_agriculture_not_durian_specific,b400841d-e9d9-4a36-8896-13bdf5dfbd50,389,https://catalog.disaster.go.th/dataset/7bdbedaf-f9cd-4c42-893a-0c88ad65b2f5/resource/b400841d-e9d9-4a36-8896-13bdf5dfbd50/download/2567__final.xlsx,ภัยแล้ง67-รายการพื้นที่เกิด
22,จันทบุรี,2567,local_area_record,โป่งน้ำร้อน,เทพนิมิต,1,2024-03-22 00:00:00,2024-03-22,,2024-06-12,duration_unconfirmed,,,all_agriculture_not_durian_specific,b400841d-e9d9-4a36-8896-13bdf5dfbd50,390,https://catalog.disaster.go.th/dataset/7bdbedaf-f9cd-4c42-893a-0c88ad65b2f5/resource/b400841d-e9d9-4a36-8896-13bdf5dfbd50/download/2567__final.xlsx,ภัยแล้ง67-รายการพื้นที่เกิด
22,จันทบุรี,2567,local_area_record,โป่งน้ำร้อน,เทพนิมิต,4,2024-03-22 00:00:00,2024-03-22,,2024-06-12,duration_unconfirmed,,,all_agriculture_not_durian_specific,b400841d-e9d9-4a36-8896-13bdf5dfbd50,391,https://catalog.disaster.go.th/dataset/7bdbedaf-f9cd-4c42-893a-0c88ad65b2f5/resource/b400841d-e9d9-4a36-8896-13bdf5dfbd50/download/2567__final.xlsx,ภัยแล้ง67-รายการพื้นที่เกิด
22,จันทบุรี,2567,local_area_record,โป่งน้ำร้อน,เทพนิมิต,7,2024-03-22 00:00:00,2024-03-22,,2024-06-12,duration_unconfirmed,,,all_agriculture_not_durian_specific,b400841d-e9d9-4a36-8896-13bdf5dfbd50,392,https://catalog.disaster.go.th/dataset/7bdbedaf-f9cd-4c42-893a-0c88ad65b2f5/resource/b400841d-e9d9-4a36-8896-13bdf5dfbd50/download/2567__final.xlsx,ภัยแล้ง67-รายการพื้นที่เกิด
22,จันทบุรี,2567,local_area_record,โป่งน้ำร้อน,คลองใหญ่,1,2024-03-22 00:00:00,2024-03-22,,2024-06-12,duration_unconfirmed,,,all_agriculture_not_durian_specific,b400841d-e9d9-4a36-8896-13bdf5dfbd50,393,https://catalog.disaster.go.th/dataset/7bdbedaf-f9cd-4c42-893a-0c88ad65b2f5/resource/b400841d-e9d9-4a36-8896-13bdf5dfbd50/download/2567__final.xlsx,ภัยแล้ง67-รายการพื้นที่เกิด
22,จันทบุรี,2567,local_area_record,โป่งน้ำร้อน,คลองใหญ่,2,2024-03-22 00:00:00,2024-03-22,,2024-06-12,duration_unconfirmed,,,all_agriculture_not_durian_specific,b400841d-e9d9-4a36-8896-13bdf5dfbd50,394,https://catalog.disaster.go.th/dataset/7bdbedaf-f9cd-4c42-893a-0c88ad65b2f5/resource/b400841d-e9d9-4a36-8896-13bdf5dfbd50/download/2567__final.xlsx,ภัยแล้ง67-รายการพื้นที่เกิด
22,จันทบุรี,2567,local_area_record,โป่งน้ำร้อน,คลองใหญ่,3,2024-03-22 00:00:00,2024-03-22,,2024-06-12,duration_unconfirmed,,,all_agriculture_not_durian_specific,b400841d-e9d9-4a36-8896-13bdf5dfbd50,395,https://catalog.disaster.go.th/dataset/7bdbedaf-f9cd-4c42-893a-0c88ad65b2f5/resource/b400841d-e9d9-4a36-8896-13bdf5dfbd50/download/2567__final.xlsx,ภัยแล้ง67-รายการพื้นที่เกิด
22,จันทบุรี,2567,local_area_record,โป่งน้ำร้อน,คลองใหญ่,4,2024-03-22 00:00:00,2024-03-22,,2024-06-12,duration_unconfirmed,,,all_agriculture_not_durian_specific,b400841d-e9d9-4a36-8896-13bdf5dfbd50,396,https://catalog.disaster.go.th/dataset/7bdbedaf-f9cd-4c42-893a-0c88ad65b2f5/resource/b400841d-e9d9-4a36-8896-13bdf5dfbd50/download/2567__final.xlsx,ภัยแล้ง67-รายการพื้นที่เกิด
22,จันทบุรี,2567,local_area_record,โป่งน้ำร้อน,คลองใหญ่,5,2024-03-22 00:00:00,2024-03-22,,2024-06-12,duration_unconfirmed,,,all_agriculture_not_durian_specific,b400841d-e9d9-4a36-8896-13bdf5dfbd50,397,https://catalog.disaster.go.th/dataset/7bdbedaf-f9cd-4c42-893a-0c88ad65b2f5/resource/b400841d-e9d9-4a36-8896-13bdf5dfbd50/download/2567__final.xlsx,ภัยแล้ง67-รายการพื้นที่เกิด
22,จันทบุรี,2567,local_area_record,โป่งน้ำร้อน,คลองใหญ่,6,2024-03-22 00:00:00,2024-03-22,,2024-06-12,duration_unconfirmed,,,all_agriculture_not_durian_specific,b400841d-e9d9-4a36-8896-13bdf5dfbd50,398,https://catalog.disaster.go.th/dataset/7bdbedaf-f9cd-4c42-893a-0c88ad65b2f5/resource/b400841d-e9d9-4a36-8896-13bdf5dfbd50/download/2567__final.xlsx,ภัยแล้ง67-รายการพื้นที่เกิด
22,จันทบุรี,2567,local_area_record,โป่งน้ำร้อน,คลองใหญ่,7,2024-03-22 00:00:00,2024-03-22,,2024-06-12,duration_unconfirmed,,,all_agriculture_not_durian_specific,b400841d-e9d9-4a36-8896-13bdf5dfbd50,399,https://catalog.disaster.go.th/dataset/7bdbedaf-f9cd-4c42-893a-0c88ad65b2f5/resource/b400841d-e9d9-4a36-8896-13bdf5dfbd50/download/2567__final.xlsx,ภัยแล้ง67-รายการพื้นที่เกิด
22,จันทบุรี,2567,local_area_record,สอยดาว,ปะตง,1,2024-03-22 00:00:00,2024-03-22,,2024-06-12,duration_unconfirmed,,,all_agriculture_not_durian_specific,b400841d-e9d9-4a36-8896-13bdf5dfbd50,400,https://catalog.disaster.go.th/dataset/7bdbedaf-f9cd-4c42-893a-0c88ad65b2f5/resource/b400841d-e9d9-4a36-8896-13bdf5dfbd50/download/2567__final.xlsx,ภัยแล้ง67-รายการพื้นที่เกิด
22,จันทบุรี,2567,local_area_record,สอยดาว,ปะตง,10,2024-03-22 00:00:00,2024-03-22,,2024-06-12,duration_unconfirmed,,,all_agriculture_not_durian_specific,b400841d-e9d9-4a36-8896-13bdf5dfbd50,401,https://catalog.disaster.go.th/dataset/7bdbedaf-f9cd-4c42-893a-0c88ad65b2f5/resource/b400841d-e9d9-4a36-8896-13bdf5dfbd50/download/2567__final.xlsx,ภัยแล้ง67-รายการพื้นที่เกิด
22,จันทบุรี,2567,local_area_record,สอยดาว,ปะตง,11,2024-03-22 00:00:00,2024-03-22,,2024-06-12,duration_unconfirmed,,,all_agriculture_not_durian_specific,b400841d-e9d9-4a36-8896-13bdf5dfbd50,402,https://catalog.disaster.go.th/dataset/7bdbedaf-f9cd-4c42-893a-0c88ad65b2f5/resource/b400841d-e9d9-4a36-8896-13bdf5dfbd50/download/2567__final.xlsx,ภัยแล้ง67-รายการพื้นที่เกิด
22,จันทบุรี,2567,local_area_record,สอยดาว,ปะตง,2,2024-03-22 00:00:00,2024-03-22,,2024-06-12,duration_unconfirmed,,,all_agriculture_not_durian_specific,b400841d-e9d9-4a36-8896-13bdf5dfbd50,403,https://catalog.disaster.go.th/dataset/7bdbedaf-f9cd-4c42-893a-0c88ad65b2f5/resource/b400841d-e9d9-4a36-8896-13bdf5dfbd50/download/2567__final.xlsx,ภัยแล้ง67-รายการพื้นที่เกิด
22,จันทบุรี,2567,local_area_record,สอยดาว,ปะตง,3,2024-03-22 00:00:00,2024-03-22,,2024-06-12,duration_unconfirmed,,,all_agriculture_not_durian_specific,b400841d-e9d9-4a36-8896-13bdf5dfbd50,404,https://catalog.disaster.go.th/dataset/7bdbedaf-f9cd-4c42-893a-0c88ad65b2f5/resource/b400841d-e9d9-4a36-8896-13bdf5dfbd50/download/2567__final.xlsx,ภัยแล้ง67-รายการพื้นที่เกิด
22,จันทบุรี,2567,local_area_record,สอยดาว,ปะตง,4,2024-03-22 00:00:00,2024-03-22,,2024-06-12,duration_unconfirmed,,,all_agriculture_not_durian_specific,b400841d-e9d9-4a36-8896-13bdf5dfbd50,405,https://catalog.disaster.go.th/dataset/7bdbedaf-f9cd-4c42-893a-0c88ad65b2f5/resource/b400841d-e9d9-4a36-8896-13bdf5dfbd50/download/2567__final.xlsx,ภัยแล้ง67-รายการพื้นที่เกิด
22,จันทบุรี,2567,local_area_record,สอยดาว,ปะตง,5,2024-03-22 00:00:00,2024-03-22,,2024-06-12,duration_unconfirmed,,,all_agriculture_not_durian_specific,b400841d-e9d9-4a36-8896-13bdf5dfbd50,406,https://catalog.disaster.go.th/dataset/7bdbedaf-f9cd-4c42-893a-0c88ad65b2f5/resource/b400841d-e9d9-4a36-8896-13bdf5dfbd50/download/2567__final.xlsx,ภัยแล้ง67-รายการพื้นที่เกิด
22,จันทบุรี,2567,local_area_record,สอยดาว,ปะตง,6,2024-03-22 00:00:00,2024-03-22,,2024-06-12,duration_unconfirmed,,,all_agriculture_not_durian_specific,b400841d-e9d9-4a36-8896-13bdf5dfbd50,407,https://catalog.disaster.go.th/dataset/7bdbedaf-f9cd-4c42-893a-0c88ad65b2f5/resource/b400841d-e9d9-4a36-8896-13bdf5dfbd50/download/2567__final.xlsx,ภัยแล้ง67-รายการพื้นที่เกิด
22,จันทบุรี,2567,local_area_record,สอยดาว,ปะตง,7,2024-03-22 00:00:00,2024-03-22,,2024-06-12,duration_unconfirmed,,,all_agriculture_not_durian_specific,b400841d-e9d9-4a36-8896-13bdf5dfbd50,408,https://catalog.disaster.go.th/dataset/7bdbedaf-f9cd-4c42-893a-0c88ad65b2f5/resource/b400841d-e9d9-4a36-8896-13bdf5dfbd50/download/2567__final.xlsx,ภัยแล้ง67-รายการพื้นที่เกิด
22,จันทบุรี,2567,local_area_record,สอยดาว,ปะตง,8,2024-03-22 00:00:00,2024-03-22,,2024-06-12,duration_unconfirmed,,,all_agriculture_not_durian_specific,b400841d-e9d9-4a36-8896-13bdf5dfbd50,409,https://catalog.disaster.go.th/dataset/7bdbedaf-f9cd-4c42-893a-0c88ad65b2f5/resource/b400841d-e9d9-4a36-8896-13bdf5dfbd50/download/2567__final.xlsx,ภัยแล้ง67-รายการพื้นที่เกิด
22,จันทบุรี,2567,local_area_record,สอยดาว,ปะตง,9,2024-03-22 00:00:00,2024-03-22,,2024-06-12,duration_unconfirmed,,,all_agriculture_not_durian_specific,b400841d-e9d9-4a36-8896-13bdf5dfbd50,410,https://catalog.disaster.go.th/dataset/7bdbedaf-f9cd-4c42-893a-0c88ad65b2f5/resource/b400841d-e9d9-4a36-8896-13bdf5dfbd50/download/2567__final.xlsx,ภัยแล้ง67-รายการพื้นที่เกิด
22,จันทบุรี,2567,local_area_record,สอยดาว,ทุ่งขนาน,1,2024-03-22 00:00:00,2024-03-22,,2024-06-12,duration_unconfirmed,,,all_agriculture_not_durian_specific,b400841d-e9d9-4a36-8896-13bdf5dfbd50,411,https://catalog.disaster.go.th/dataset/7bdbedaf-f9cd-4c42-893a-0c88ad65b2f5/resource/b400841d-e9d9-4a36-8896-13bdf5dfbd50/download/2567__final.xlsx,ภัยแล้ง67-รายการพื้นที่เกิด
22,จันทบุรี,2567,local_area_record,สอยดาว,ทุ่งขนาน,10,2024-03-22 00:00:00,2024-03-22,,2024-06-12,duration_unconfirmed,,,all_agriculture_not_durian_specific,b400841d-e9d9-4a36-8896-13bdf5dfbd50,412,https://catalog.disaster.go.th/dataset/7bdbedaf-f9cd-4c42-893a-0c88ad65b2f5/resource/b400841d-e9d9-4a36-8896-13bdf5dfbd50/download/2567__final.xlsx,ภัยแล้ง67-รายการพื้นที่เกิด
22,จันทบุรี,2567,local_area_record,สอยดาว,ทุ่งขนาน,11,2024-03-22 00:00:00,2024-03-22,,2024-06-12,duration_unconfirmed,,,all_agriculture_not_durian_specific,b400841d-e9d9-4a36-8896-13bdf5dfbd50,413,https://catalog.disaster.go.th/dataset/7bdbedaf-f9cd-4c42-893a-0c88ad65b2f5/resource/b400841d-e9d9-4a36-8896-13bdf5dfbd50/download/2567__final.xlsx,ภัยแล้ง67-รายการพื้นที่เกิด
22,จันทบุรี,2567,local_area_record,สอยดาว,ทุ่งขนาน,12,2024-03-22 00:00:00,2024-03-22,,2024-06-12,duration_unconfirmed,,,all_agriculture_not_durian_specific,b400841d-e9d9-4a36-8896-13bdf5dfbd50,414,https://catalog.disaster.go.th/dataset/7bdbedaf-f9cd-4c42-893a-0c88ad65b2f5/resource/b400841d-e9d9-4a36-8896-13bdf5dfbd50/download/2567__final.xlsx,ภัยแล้ง67-รายการพื้นที่เกิด
22,จันทบุรี,2567,local_area_record,สอยดาว,ทุ่งขนาน,13,2024-03-22 00:00:00,2024-03-22,,2024-06-12,duration_unconfirmed,,,all_agriculture_not_durian_specific,b400841d-e9d9-4a36-8896-13bdf5dfbd50,415,https://catalog.disaster.go.th/dataset/7bdbedaf-f9cd-4c42-893a-0c88ad65b2f5/resource/b400841d-e9d9-4a36-8896-13bdf5dfbd50/download/2567__final.xlsx,ภัยแล้ง67-รายการพื้นที่เกิด
22,จันทบุรี,2567,local_area_record,สอยดาว,ทุ่งขนาน,14,2024-03-22 00:00:00,2024-03-22,,2024-06-12,duration_unconfirmed,,,all_agriculture_not_durian_specific,b400841d-e9d9-4a36-8896-13bdf5dfbd50,416,https://catalog.disaster.go.th/dataset/7bdbedaf-f9cd-4c42-893a-0c88ad65b2f5/resource/b400841d-e9d9-4a36-8896-13bdf5dfbd50/download/2567__final.xlsx,ภัยแล้ง67-รายการพื้นที่เกิด
22,จันทบุรี,2567,local_area_record,สอยดาว,ทุ่งขนาน,15,2024-03-22 00:00:00,2024-03-22,,2024-06-12,duration_unconfirmed,,,all_agriculture_not_durian_specific,b400841d-e9d9-4a36-8896-13bdf5dfbd50,417,https://catalog.disaster.go.th/dataset/7bdbedaf-f9cd-4c42-893a-0c88ad65b2f5/resource/b400841d-e9d9-4a36-8896-13bdf5dfbd50/download/2567__final.xlsx,ภัยแล้ง67-รายการพื้นที่เกิด
22,จันทบุรี,2567,local_area_record,สอยดาว,ทุ่งขนาน,16,2024-03-22 00:00:00,2024-03-22,,2024-06-12,duration_unconfirmed,,,all_agriculture_not_durian_specific,b400841d-e9d9-4a36-8896-13bdf5dfbd50,418,https://catalog.disaster.go.th/dataset/7bdbedaf-f9cd-4c42-893a-0c88ad65b2f5/resource/b400841d-e9d9-4a36-8896-13bdf5dfbd50/download/2567__final.xlsx,ภัยแล้ง67-รายการพื้นที่เกิด
22,จันทบุรี,2567,local_area_record,สอยดาว,ทุ่งขนาน,2,2024-03-22 00:00:00,2024-03-22,,2024-06-12,duration_unconfirmed,,,all_agriculture_not_durian_specific,b400841d-e9d9-4a36-8896-13bdf5dfbd50,419,https://catalog.disaster.go.th/dataset/7bdbedaf-f9cd-4c42-893a-0c88ad65b2f5/resource/b400841d-e9d9-4a36-8896-13bdf5dfbd50/download/2567__final.xlsx,ภัยแล้ง67-รายการพื้นที่เกิด
22,จันทบุรี,2567,local_area_record,สอยดาว,ทุ่งขนาน,3,2024-03-22 00:00:00,2024-03-22,,2024-06-12,duration_unconfirmed,,,all_agriculture_not_durian_specific,b400841d-e9d9-4a36-8896-13bdf5dfbd50,420,https://catalog.disaster.go.th/dataset/7bdbedaf-f9cd-4c42-893a-0c88ad65b2f5/resource/b400841d-e9d9-4a36-8896-13bdf5dfbd50/download/2567__final.xlsx,ภัยแล้ง67-รายการพื้นที่เกิด
22,จันทบุรี,2567,local_area_record,สอยดาว,ทุ่งขนาน,4,2024-03-22 00:00:00,2024-03-22,,2024-06-12,duration_unconfirmed,,,all_agriculture_not_durian_specific,b400841d-e9d9-4a36-8896-13bdf5dfbd50,421,https://catalog.disaster.go.th/dataset/7bdbedaf-f9cd-4c42-893a-0c88ad65b2f5/resource/b400841d-e9d9-4a36-8896-13bdf5dfbd50/download/2567__final.xlsx,ภัยแล้ง67-รายการพื้นที่เกิด
22,จันทบุรี,2567,local_area_record,สอยดาว,ทุ่งขนาน,5,2024-03-22 00:00:00,2024-03-22,,2024-06-12,duration_unconfirmed,,,all_agriculture_not_durian_specific,b400841d-e9d9-4a36-8896-13bdf5dfbd50,422,https://catalog.disaster.go.th/dataset/7bdbedaf-f9cd-4c42-893a-0c88ad65b2f5/resource/b400841d-e9d9-4a36-8896-13bdf5dfbd50/download/2567__final.xlsx,ภัยแล้ง67-รายการพื้นที่เกิด
22,จันทบุรี,2567,local_area_record,สอยดาว,ทุ่งขนาน,6,2024-03-22 00:00:00,2024-03-22,,2024-06-12,duration_unconfirmed,,,all_agriculture_not_durian_specific,b400841d-e9d9-4a36-8896-13bdf5dfbd50,423,https://catalog.disaster.go.th/dataset/7bdbedaf-f9cd-4c42-893a-0c88ad65b2f5/resource/b400841d-e9d9-4a36-8896-13bdf5dfbd50/download/2567__final.xlsx,ภัยแล้ง67-รายการพื้นที่เกิด
22,จันทบุรี,2567,local_area_record,สอยดาว,ทุ่งขนาน,7,2024-03-22 00:00:00,2024-03-22,,2024-06-12,duration_unconfirmed,,,all_agriculture_not_durian_specific,b400841d-e9d9-4a36-8896-13bdf5dfbd50,424,https://catalog.disaster.go.th/dataset/7bdbedaf-f9cd-4c42-893a-0c88ad65b2f5/resource/b400841d-e9d9-4a36-8896-13bdf5dfbd50/download/2567__final.xlsx,ภัยแล้ง67-รายการพื้นที่เกิด
22,จันทบุรี,2567,local_area_record,สอยดาว,ทุ่งขนาน,8,2024-03-22 00:00:00,2024-03-22,,2024-06-12,duration_unconfirmed,,,all_agriculture_not_durian_specific,b400841d-e9d9-4a36-8896-13bdf5dfbd50,425,https://catalog.disaster.go.th/dataset/7bdbedaf-f9cd-4c42-893a-0c88ad65b2f5/resource/b400841d-e9d9-4a36-8896-13bdf5dfbd50/download/2567__final.xlsx,ภัยแล้ง67-รายการพื้นที่เกิด
22,จันทบุรี,2567,local_area_record,สอยดาว,ทุ่งขนาน,9,2024-03-22 00:00:00,2024-03-22,,2024-06-12,duration_unconfirmed,,,all_agriculture_not_durian_specific,b400841d-e9d9-4a36-8896-13bdf5dfbd50,426,https://catalog.disaster.go.th/dataset/7bdbedaf-f9cd-4c42-893a-0c88ad65b2f5/resource/b400841d-e9d9-4a36-8896-13bdf5dfbd50/download/2567__final.xlsx,ภัยแล้ง67-รายการพื้นที่เกิด
22,จันทบุรี,2567,local_area_record,สอยดาว,ทับช้าง,1,2024-03-22 00:00:00,2024-03-22,,2024-06-12,duration_unconfirmed,,,all_agriculture_not_durian_specific,b400841d-e9d9-4a36-8896-13bdf5dfbd50,427,https://catalog.disaster.go.th/dataset/7bdbedaf-f9cd-4c42-893a-0c88ad65b2f5/resource/b400841d-e9d9-4a36-8896-13bdf5dfbd50/download/2567__final.xlsx,ภัยแล้ง67-รายการพื้นที่เกิด
22,จันทบุรี,2567,local_area_record,สอยดาว,ทับช้าง,10,2024-03-22 00:00:00,2024-03-22,,2024-06-12,duration_unconfirmed,,,all_agriculture_not_durian_specific,b400841d-e9d9-4a36-8896-13bdf5dfbd50,428,https://catalog.disaster.go.th/dataset/7bdbedaf-f9cd-4c42-893a-0c88ad65b2f5/resource/b400841d-e9d9-4a36-8896-13bdf5dfbd50/download/2567__final.xlsx,ภัยแล้ง67-รายการพื้นที่เกิด
22,จันทบุรี,2567,local_area_record,สอยดาว,ทับช้าง,11,2024-03-22 00:00:00,2024-03-22,,2024-06-12,duration_unconfirmed,,,all_agriculture_not_durian_specific,b400841d-e9d9-4a36-8896-13bdf5dfbd50,429,https://catalog.disaster.go.th/dataset/7bdbedaf-f9cd-4c42-893a-0c88ad65b2f5/resource/b400841d-e9d9-4a36-8896-13bdf5dfbd50/download/2567__final.xlsx,ภัยแล้ง67-รายการพื้นที่เกิด
22,จันทบุรี,2567,local_area_record,สอยดาว,ทับช้าง,12,2024-03-22 00:00:00,2024-03-22,,2024-06-12,duration_unconfirmed,,,all_agriculture_not_durian_specific,b400841d-e9d9-4a36-8896-13bdf5dfbd50,430,https://catalog.disaster.go.th/dataset/7bdbedaf-f9cd-4c42-893a-0c88ad65b2f5/resource/b400841d-e9d9-4a36-8896-13bdf5dfbd50/download/2567__final.xlsx,ภัยแล้ง67-รายการพื้นที่เกิด
22,จันทบุรี,2567,local_area_record,สอยดาว,ทับช้าง,13,2024-03-22 00:00:00,2024-03-22,,2024-06-12,duration_unconfirmed,,,all_agriculture_not_durian_specific,b400841d-e9d9-4a36-8896-13bdf5dfbd50,431,https://catalog.disaster.go.th/dataset/7bdbedaf-f9cd-4c42-893a-0c88ad65b2f5/resource/b400841d-e9d9-4a36-8896-13bdf5dfbd50/download/2567__final.xlsx,ภัยแล้ง67-รายการพื้นที่เกิด
22,จันทบุรี,2567,local_area_record,สอยดาว,ทับช้าง,14,2024-03-22 00:00:00,2024-03-22,,2024-06-12,duration_unconfirmed,,,all_agriculture_not_durian_specific,b400841d-e9d9-4a36-8896-13bdf5dfbd50,432,https://catalog.disaster.go.th/dataset/7bdbedaf-f9cd-4c42-893a-0c88ad65b2f5/resource/b400841d-e9d9-4a36-8896-13bdf5dfbd50/download/2567__final.xlsx,ภัยแล้ง67-รายการพื้นที่เกิด
22,จันทบุรี,2567,local_area_record,สอยดาว,ทับช้าง,15,2024-03-22 00:00:00,2024-03-22,,2024-06-12,duration_unconfirmed,,,all_agriculture_not_durian_specific,b400841d-e9d9-4a36-8896-13bdf5dfbd50,433,https://catalog.disaster.go.th/dataset/7bdbedaf-f9cd-4c42-893a-0c88ad65b2f5/resource/b400841d-e9d9-4a36-8896-13bdf5dfbd50/download/2567__final.xlsx,ภัยแล้ง67-รายการพื้นที่เกิด
22,จันทบุรี,2567,local_area_record,สอยดาว,ทับช้าง,16,2024-03-22 00:00:00,2024-03-22,,2024-06-12,duration_unconfirmed,,,all_agriculture_not_durian_specific,b400841d-e9d9-4a36-8896-13bdf5dfbd50,434,https://catalog.disaster.go.th/dataset/7bdbedaf-f9cd-4c42-893a-0c88ad65b2f5/resource/b400841d-e9d9-4a36-8896-13bdf5dfbd50/download/2567__final.xlsx,ภัยแล้ง67-รายการพื้นที่เกิด
22,จันทบุรี,2567,local_area_record,สอยดาว,ทับช้าง,17,2024-03-22 00:00:00,2024-03-22,,2024-06-12,duration_unconfirmed,,,all_agriculture_not_durian_specific,b400841d-e9d9-4a36-8896-13bdf5dfbd50,435,https://catalog.disaster.go.th/dataset/7bdbedaf-f9cd-4c42-893a-0c88ad65b2f5/resource/b400841d-e9d9-4a36-8896-13bdf5dfbd50/download/2567__final.xlsx,ภัยแล้ง67-รายการพื้นที่เกิด
22,จันทบุรี,2567,local_area_record,สอยดาว,ทับช้าง,18,2024-03-22 00:00:00,2024-03-22,,2024-06-12,duration_unconfirmed,,,all_agriculture_not_durian_specific,b400841d-e9d9-4a36-8896-13bdf5dfbd50,436,https://catalog.disaster.go.th/dataset/7bdbedaf-f9cd-4c42-893a-0c88ad65b2f5/resource/b400841d-e9d9-4a36-8896-13bdf5dfbd50/download/2567__final.xlsx,ภัยแล้ง67-รายการพื้นที่เกิด
22,จันทบุรี,2567,local_area_record,สอยดาว,ทับช้าง,2,2024-03-22 00:00:00,2024-03-22,,2024-06-12,duration_unconfirmed,,,all_agriculture_not_durian_specific,b400841d-e9d9-4a36-8896-13bdf5dfbd50,437,https://catalog.disaster.go.th/dataset/7bdbedaf-f9cd-4c42-893a-0c88ad65b2f5/resource/b400841d-e9d9-4a36-8896-13bdf5dfbd50/download/2567__final.xlsx,ภัยแล้ง67-รายการพื้นที่เกิด
22,จันทบุรี,2567,local_area_record,สอยดาว,ทับช้าง,3,2024-03-22 00:00:00,2024-03-22,,2024-06-12,duration_unconfirmed,,,all_agriculture_not_durian_specific,b400841d-e9d9-4a36-8896-13bdf5dfbd50,438,https://catalog.disaster.go.th/dataset/7bdbedaf-f9cd-4c42-893a-0c88ad65b2f5/resource/b400841d-e9d9-4a36-8896-13bdf5dfbd50/download/2567__final.xlsx,ภัยแล้ง67-รายการพื้นที่เกิด
22,จันทบุรี,2567,local_area_record,สอยดาว,ทับช้าง,4,2024-03-22 00:00:00,2024-03-22,,2024-06-12,duration_unconfirmed,,,all_agriculture_not_durian_specific,b400841d-e9d9-4a36-8896-13bdf5dfbd50,439,https://catalog.disaster.go.th/dataset/7bdbedaf-f9cd-4c42-893a-0c88ad65b2f5/resource/b400841d-e9d9-4a36-8896-13bdf5dfbd50/download/2567__final.xlsx,ภัยแล้ง67-รายการพื้นที่เกิด
22,จันทบุรี,2567,local_area_record,สอยดาว,ทับช้าง,5,2024-03-22 00:00:00,2024-03-22,,2024-06-12,duration_unconfirmed,,,all_agriculture_not_durian_specific,b400841d-e9d9-4a36-8896-13bdf5dfbd50,440,https://catalog.disaster.go.th/dataset/7bdbedaf-f9cd-4c42-893a-0c88ad65b2f5/resource/b400841d-e9d9-4a36-8896-13bdf5dfbd50/download/2567__final.xlsx,ภัยแล้ง67-รายการพื้นที่เกิด
22,จันทบุรี,2567,local_area_record,สอยดาว,ทับช้าง,6,2024-03-22 00:00:00,2024-03-22,,2024-06-12,duration_unconfirmed,,,all_agriculture_not_durian_specific,b400841d-e9d9-4a36-8896-13bdf5dfbd50,441,https://catalog.disaster.go.th/dataset/7bdbedaf-f9cd-4c42-893a-0c88ad65b2f5/resource/b400841d-e9d9-4a36-8896-13bdf5dfbd50/download/2567__final.xlsx,ภัยแล้ง67-รายการพื้นที่เกิด
22,จันทบุรี,2567,local_area_record,สอยดาว,ทับช้าง,7,2024-03-22 00:00:00,2024-03-22,,2024-06-12,duration_unconfirmed,,,all_agriculture_not_durian_specific,b400841d-e9d9-4a36-8896-13bdf5dfbd50,442,https://catalog.disaster.go.th/dataset/7bdbedaf-f9cd-4c42-893a-0c88ad65b2f5/resource/b400841d-e9d9-4a36-8896-13bdf5dfbd50/download/2567__final.xlsx,ภัยแล้ง67-รายการพื้นที่เกิด
22,จันทบุรี,2567,local_area_record,สอยดาว,ทับช้าง,8,2024-03-22 00:00:00,2024-03-22,,2024-06-12,duration_unconfirmed,,,all_agriculture_not_durian_specific,b400841d-e9d9-4a36-8896-13bdf5dfbd50,443,https://catalog.disaster.go.th/dataset/7bdbedaf-f9cd-4c42-893a-0c88ad65b2f5/resource/b400841d-e9d9-4a36-8896-13bdf5dfbd50/download/2567__final.xlsx,ภัยแล้ง67-รายการพื้นที่เกิด
22,จันทบุรี,2567,local_area_record,สอยดาว,ทับช้าง,9,2024-03-22 00:00:00,2024-03-22,,2024-06-12,duration_unconfirmed,,,all_agriculture_not_durian_specific,b400841d-e9d9-4a36-8896-13bdf5dfbd50,444,https://catalog.disaster.go.th/dataset/7bdbedaf-f9cd-4c42-893a-0c88ad65b2f5/resource/b400841d-e9d9-4a36-8896-13bdf5dfbd50/download/2567__final.xlsx,ภัยแล้ง67-รายการพื้นที่เกิด
22,จันทบุรี,2567,local_area_record,สอยดาว,ทรายขาว,1,2024-03-22 00:00:00,2024-03-22,,2024-06-12,duration_unconfirmed,,,all_agriculture_not_durian_specific,b400841d-e9d9-4a36-8896-13bdf5dfbd50,445,https://catalog.disaster.go.th/dataset/7bdbedaf-f9cd-4c42-893a-0c88ad65b2f5/resource/b400841d-e9d9-4a36-8896-13bdf5dfbd50/download/2567__final.xlsx,ภัยแล้ง67-รายการพื้นที่เกิด
22,จันทบุรี,2567,local_area_record,สอยดาว,ทรายขาว,10,2024-03-22 00:00:00,2024-03-22,,2024-06-12,duration_unconfirmed,,,all_agriculture_not_durian_specific,b400841d-e9d9-4a36-8896-13bdf5dfbd50,446,https://catalog.disaster.go.th/dataset/7bdbedaf-f9cd-4c42-893a-0c88ad65b2f5/resource/b400841d-e9d9-4a36-8896-13bdf5dfbd50/download/2567__final.xlsx,ภัยแล้ง67-รายการพื้นที่เกิด
22,จันทบุรี,2567,local_area_record,สอยดาว,ทรายขาว,11,2024-03-22 00:00:00,2024-03-22,,2024-06-12,duration_unconfirmed,,,all_agriculture_not_durian_specific,b400841d-e9d9-4a36-8896-13bdf5dfbd50,447,https://catalog.disaster.go.th/dataset/7bdbedaf-f9cd-4c42-893a-0c88ad65b2f5/resource/b400841d-e9d9-4a36-8896-13bdf5dfbd50/download/2567__final.xlsx,ภัยแล้ง67-รายการพื้นที่เกิด
22,จันทบุรี,2567,local_area_record,สอยดาว,ทรายขาว,12,2024-03-22 00:00:00,2024-03-22,,2024-06-12,duration_unconfirmed,,,all_agriculture_not_durian_specific,b400841d-e9d9-4a36-8896-13bdf5dfbd50,448,https://catalog.disaster.go.th/dataset/7bdbedaf-f9cd-4c42-893a-0c88ad65b2f5/resource/b400841d-e9d9-4a36-8896-13bdf5dfbd50/download/2567__final.xlsx,ภัยแล้ง67-รายการพื้นที่เกิด
22,จันทบุรี,2567,local_area_record,สอยดาว,ทรายขาว,13,2024-03-22 00:00:00,2024-03-22,,2024-06-12,duration_unconfirmed,,,all_agriculture_not_durian_specific,b400841d-e9d9-4a36-8896-13bdf5dfbd50,449,https://catalog.disaster.go.th/dataset/7bdbedaf-f9cd-4c42-893a-0c88ad65b2f5/resource/b400841d-e9d9-4a36-8896-13bdf5dfbd50/download/2567__final.xlsx,ภัยแล้ง67-รายการพื้นที่เกิด
22,จันทบุรี,2567,local_area_record,สอยดาว,ทรายขาว,2,2024-03-22 00:00:00,2024-03-22,,2024-06-12,duration_unconfirmed,,,all_agriculture_not_durian_specific,b400841d-e9d9-4a36-8896-13bdf5dfbd50,450,https://catalog.disaster.go.th/dataset/7bdbedaf-f9cd-4c42-893a-0c88ad65b2f5/resource/b400841d-e9d9-4a36-8896-13bdf5dfbd50/download/2567__final.xlsx,ภัยแล้ง67-รายการพื้นที่เกิด
22,จันทบุรี,2567,local_area_record,สอยดาว,ทรายขาว,3,2024-03-22 00:00:00,2024-03-22,,2024-06-12,duration_unconfirmed,,,all_agriculture_not_durian_specific,b400841d-e9d9-4a36-8896-13bdf5dfbd50,451,https://catalog.disaster.go.th/dataset/7bdbedaf-f9cd-4c42-893a-0c88ad65b2f5/resource/b400841d-e9d9-4a36-8896-13bdf5dfbd50/download/2567__final.xlsx,ภัยแล้ง67-รายการพื้นที่เกิด
22,จันทบุรี,2567,local_area_record,สอยดาว,ทรายขาว,4,2024-03-22 00:00:00,2024-03-22,,2024-06-12,duration_unconfirmed,,,all_agriculture_not_durian_specific,b400841d-e9d9-4a36-8896-13bdf5dfbd50,452,https://catalog.disaster.go.th/dataset/7bdbedaf-f9cd-4c42-893a-0c88ad65b2f5/resource/b400841d-e9d9-4a36-8896-13bdf5dfbd50/download/2567__final.xlsx,ภัยแล้ง67-รายการพื้นที่เกิด
22,จันทบุรี,2567,local_area_record,สอยดาว,ทรายขาว,5,2024-03-22 00:00:00,2024-03-22,,2024-06-12,duration_unconfirmed,,,all_agriculture_not_durian_specific,b400841d-e9d9-4a36-8896-13bdf5dfbd50,453,https://catalog.disaster.go.th/dataset/7bdbedaf-f9cd-4c42-893a-0c88ad65b2f5/resource/b400841d-e9d9-4a36-8896-13bdf5dfbd50/download/2567__final.xlsx,ภัยแล้ง67-รายการพื้นที่เกิด
22,จันทบุรี,2567,local_area_record,สอยดาว,ทรายขาว,6,2024-03-22 00:00:00,2024-03-22,,2024-06-12,duration_unconfirmed,,,all_agriculture_not_durian_specific,b400841d-e9d9-4a36-8896-13bdf5dfbd50,454,https://catalog.disaster.go.th/dataset/7bdbedaf-f9cd-4c42-893a-0c88ad65b2f5/resource/b400841d-e9d9-4a36-8896-13bdf5dfbd50/download/2567__final.xlsx,ภัยแล้ง67-รายการพื้นที่เกิด
22,จันทบุรี,2567,local_area_record,สอยดาว,ทรายขาว,7,2024-03-22 00:00:00,2024-03-22,,2024-06-12,duration_unconfirmed,,,all_agriculture_not_durian_specific,b400841d-e9d9-4a36-8896-13bdf5dfbd50,455,https://catalog.disaster.go.th/dataset/7bdbedaf-f9cd-4c42-893a-0c88ad65b2f5/resource/b400841d-e9d9-4a36-8896-13bdf5dfbd50/download/2567__final.xlsx,ภัยแล้ง67-รายการพื้นที่เกิด
22,จันทบุรี,2567,local_area_record,สอยดาว,ทรายขาว,8,2024-03-22 00:00:00,2024-03-22,,2024-06-12,duration_unconfirmed,,,all_agriculture_not_durian_specific,b400841d-e9d9-4a36-8896-13bdf5dfbd50,456,https://catalog.disaster.go.th/dataset/7bdbedaf-f9cd-4c42-893a-0c88ad65b2f5/resource/b400841d-e9d9-4a36-8896-13bdf5dfbd50/download/2567__final.xlsx,ภัยแล้ง67-รายการพื้นที่เกิด
22,จันทบุรี,2567,local_area_record,สอยดาว,ทรายขาว,9,2024-03-22 00:00:00,2024-03-22,,2024-06-12,duration_unconfirmed,,,all_agriculture_not_durian_specific,b400841d-e9d9-4a36-8896-13bdf5dfbd50,457,https://catalog.disaster.go.th/dataset/7bdbedaf-f9cd-4c42-893a-0c88ad65b2f5/resource/b400841d-e9d9-4a36-8896-13bdf5dfbd50/download/2567__final.xlsx,ภัยแล้ง67-รายการพื้นที่เกิด
22,จันทบุรี,2567,local_area_record,สอยดาว,สะตอน,1,2024-03-22 00:00:00,2024-03-22,,2024-06-12,duration_unconfirmed,,,all_agriculture_not_durian_specific,b400841d-e9d9-4a36-8896-13bdf5dfbd50,458,https://catalog.disaster.go.th/dataset/7bdbedaf-f9cd-4c42-893a-0c88ad65b2f5/resource/b400841d-e9d9-4a36-8896-13bdf5dfbd50/download/2567__final.xlsx,ภัยแล้ง67-รายการพื้นที่เกิด
22,จันทบุรี,2567,local_area_record,สอยดาว,สะตอน,10,2024-03-22 00:00:00,2024-03-22,,2024-06-12,duration_unconfirmed,,,all_agriculture_not_durian_specific,b400841d-e9d9-4a36-8896-13bdf5dfbd50,459,https://catalog.disaster.go.th/dataset/7bdbedaf-f9cd-4c42-893a-0c88ad65b2f5/resource/b400841d-e9d9-4a36-8896-13bdf5dfbd50/download/2567__final.xlsx,ภัยแล้ง67-รายการพื้นที่เกิด
22,จันทบุรี,2567,local_area_record,สอยดาว,สะตอน,11,2024-03-22 00:00:00,2024-03-22,,2024-06-12,duration_unconfirmed,,,all_agriculture_not_durian_specific,b400841d-e9d9-4a36-8896-13bdf5dfbd50,460,https://catalog.disaster.go.th/dataset/7bdbedaf-f9cd-4c42-893a-0c88ad65b2f5/resource/b400841d-e9d9-4a36-8896-13bdf5dfbd50/download/2567__final.xlsx,ภัยแล้ง67-รายการพื้นที่เกิด
22,จันทบุรี,2567,local_area_record,สอยดาว,สะตอน,12,2024-03-22 00:00:00,2024-03-22,,2024-06-12,duration_unconfirmed,,,all_agriculture_not_durian_specific,b400841d-e9d9-4a36-8896-13bdf5dfbd50,461,https://catalog.disaster.go.th/dataset/7bdbedaf-f9cd-4c42-893a-0c88ad65b2f5/resource/b400841d-e9d9-4a36-8896-13bdf5dfbd50/download/2567__final.xlsx,ภัยแล้ง67-รายการพื้นที่เกิด
22,จันทบุรี,2567,local_area_record,สอยดาว,สะตอน,2,2024-03-22 00:00:00,2024-03-22,,2024-06-12,duration_unconfirmed,,,all_agriculture_not_durian_specific,b400841d-e9d9-4a36-8896-13bdf5dfbd50,462,https://catalog.disaster.go.th/dataset/7bdbedaf-f9cd-4c42-893a-0c88ad65b2f5/resource/b400841d-e9d9-4a36-8896-13bdf5dfbd50/download/2567__final.xlsx,ภัยแล้ง67-รายการพื้นที่เกิด
22,จันทบุรี,2567,local_area_record,สอยดาว,สะตอน,3,2024-03-22 00:00:00,2024-03-22,,2024-06-12,duration_unconfirmed,,,all_agriculture_not_durian_specific,b400841d-e9d9-4a36-8896-13bdf5dfbd50,463,https://catalog.disaster.go.th/dataset/7bdbedaf-f9cd-4c42-893a-0c88ad65b2f5/resource/b400841d-e9d9-4a36-8896-13bdf5dfbd50/download/2567__final.xlsx,ภัยแล้ง67-รายการพื้นที่เกิด
22,จันทบุรี,2567,local_area_record,สอยดาว,สะตอน,4,2024-03-22 00:00:00,2024-03-22,,2024-06-12,duration_unconfirmed,,,all_agriculture_not_durian_specific,b400841d-e9d9-4a36-8896-13bdf5dfbd50,464,https://catalog.disaster.go.th/dataset/7bdbedaf-f9cd-4c42-893a-0c88ad65b2f5/resource/b400841d-e9d9-4a36-8896-13bdf5dfbd50/download/2567__final.xlsx,ภัยแล้ง67-รายการพื้นที่เกิด
22,จันทบุรี,2567,local_area_record,สอยดาว,สะตอน,5,2024-03-22 00:00:00,2024-03-22,,2024-06-12,duration_unconfirmed,,,all_agriculture_not_durian_specific,b400841d-e9d9-4a36-8896-13bdf5dfbd50,465,https://catalog.disaster.go.th/dataset/7bdbedaf-f9cd-4c42-893a-0c88ad65b2f5/resource/b400841d-e9d9-4a36-8896-13bdf5dfbd50/download/2567__final.xlsx,ภัยแล้ง67-รายการพื้นที่เกิด
22,จันทบุรี,2567,local_area_record,สอยดาว,สะตอน,6,2024-03-22 00:00:00,2024-03-22,,2024-06-12,duration_unconfirmed,,,all_agriculture_not_durian_specific,b400841d-e9d9-4a36-8896-13bdf5dfbd50,466,https://catalog.disaster.go.th/dataset/7bdbedaf-f9cd-4c42-893a-0c88ad65b2f5/resource/b400841d-e9d9-4a36-8896-13bdf5dfbd50/download/2567__final.xlsx,ภัยแล้ง67-รายการพื้นที่เกิด
22,จันทบุรี,2567,local_area_record,สอยดาว,สะตอน,7,2024-03-22 00:00:00,2024-03-22,,2024-06-21,duration_unconfirmed,,,all_agriculture_not_durian_specific,b400841d-e9d9-4a36-8896-13bdf5dfbd50,467,https://catalog.disaster.go.th/dataset/7bdbedaf-f9cd-4c42-893a-0c88ad65b2f5/resource/b400841d-e9d9-4a36-8896-13bdf5dfbd50/download/2567__final.xlsx,ภัยแล้ง67-รายการพื้นที่เกิด
22,จันทบุรี,2567,local_area_record,สอยดาว,สะตอน,8,2024-03-22 00:00:00,2024-03-22,,2024-06-12,duration_unconfirmed,,,all_agriculture_not_durian_specific,b400841d-e9d9-4a36-8896-13bdf5dfbd50,468,https://catalog.disaster.go.th/dataset/7bdbedaf-f9cd-4c42-893a-0c88ad65b2f5/resource/b400841d-e9d9-4a36-8896-13bdf5dfbd50/download/2567__final.xlsx,ภัยแล้ง67-รายการพื้นที่เกิด
22,จันทบุรี,2567,local_area_record,สอยดาว,สะตอน,9,2024-03-22 00:00:00,2024-03-22,,2024-06-12,duration_unconfirmed,,,all_agriculture_not_durian_specific,b400841d-e9d9-4a36-8896-13bdf5dfbd50,469,https://catalog.disaster.go.th/dataset/7bdbedaf-f9cd-4c42-893a-0c88ad65b2f5/resource/b400841d-e9d9-4a36-8896-13bdf5dfbd50/download/2567__final.xlsx,ภัยแล้ง67-รายการพื้นที่เกิด
33,ศรีสะเกษ,2567,local_area_record,อุทุมพรพิสัย,แต้,1,2024-04-01 00:00:00,2024-04-01,,,duration_unconfirmed,,,all_agriculture_not_durian_specific,b400841d-e9d9-4a36-8896-13bdf5dfbd50,569,https://catalog.disaster.go.th/dataset/7bdbedaf-f9cd-4c42-893a-0c88ad65b2f5/resource/b400841d-e9d9-4a36-8896-13bdf5dfbd50/download/2567__final.xlsx,ภัยแล้ง67-รายการพื้นที่เกิด
33,ศรีสะเกษ,2567,local_area_record,อุทุมพรพิสัย,แต้,2,2024-04-01 00:00:00,2024-04-01,,,duration_unconfirmed,,,all_agriculture_not_durian_specific,b400841d-e9d9-4a36-8896-13bdf5dfbd50,570,https://catalog.disaster.go.th/dataset/7bdbedaf-f9cd-4c42-893a-0c88ad65b2f5/resource/b400841d-e9d9-4a36-8896-13bdf5dfbd50/download/2567__final.xlsx,ภัยแล้ง67-รายการพื้นที่เกิด
33,ศรีสะเกษ,2567,local_area_record,อุทุมพรพิสัย,แต้,3,2024-04-01 00:00:00,2024-04-01,,,duration_unconfirmed,,,all_agriculture_not_durian_specific,b400841d-e9d9-4a36-8896-13bdf5dfbd50,571,https://catalog.disaster.go.th/dataset/7bdbedaf-f9cd-4c42-893a-0c88ad65b2f5/resource/b400841d-e9d9-4a36-8896-13bdf5dfbd50/download/2567__final.xlsx,ภัยแล้ง67-รายการพื้นที่เกิด
33,ศรีสะเกษ,2567,local_area_record,อุทุมพรพิสัย,แต้,4,2024-04-01 00:00:00,2024-04-01,,,duration_unconfirmed,,,all_agriculture_not_durian_specific,b400841d-e9d9-4a36-8896-13bdf5dfbd50,572,https://catalog.disaster.go.th/dataset/7bdbedaf-f9cd-4c42-893a-0c88ad65b2f5/resource/b400841d-e9d9-4a36-8896-13bdf5dfbd50/download/2567__final.xlsx,ภัยแล้ง67-รายการพื้นที่เกิด
33,ศรีสะเกษ,2567,local_area_record,อุทุมพรพิสัย,แต้,5,2024-04-01 00:00:00,2024-04-01,,,duration_unconfirmed,,,all_agriculture_not_durian_specific,b400841d-e9d9-4a36-8896-13bdf5dfbd50,573,https://catalog.disaster.go.th/dataset/7bdbedaf-f9cd-4c42-893a-0c88ad65b2f5/resource/b400841d-e9d9-4a36-8896-13bdf5dfbd50/download/2567__final.xlsx,ภัยแล้ง67-รายการพื้นที่เกิด
33,ศรีสะเกษ,2567,local_area_record,อุทุมพรพิสัย,แต้,6,2024-04-01 00:00:00,2024-04-01,,,duration_unconfirmed,,,all_agriculture_not_durian_specific,b400841d-e9d9-4a36-8896-13bdf5dfbd50,574,https://catalog.disaster.go.th/dataset/7bdbedaf-f9cd-4c42-893a-0c88ad65b2f5/resource/b400841d-e9d9-4a36-8896-13bdf5dfbd50/download/2567__final.xlsx,ภัยแล้ง67-รายการพื้นที่เกิด
33,ศรีสะเกษ,2567,local_area_record,อุทุมพรพิสัย,แต้,7,2024-04-01 00:00:00,2024-04-01,,,duration_unconfirmed,,,all_agriculture_not_durian_specific,b400841d-e9d9-4a36-8896-13bdf5dfbd50,575,https://catalog.disaster.go.th/dataset/7bdbedaf-f9cd-4c42-893a-0c88ad65b2f5/resource/b400841d-e9d9-4a36-8896-13bdf5dfbd50/download/2567__final.xlsx,ภัยแล้ง67-รายการพื้นที่เกิด
33,ศรีสะเกษ,2567,local_area_record,อุทุมพรพิสัย,แต้,8,2024-04-01 00:00:00,2024-04-01,,,duration_unconfirmed,,,all_agriculture_not_durian_specific,b400841d-e9d9-4a36-8896-13bdf5dfbd50,576,https://catalog.disaster.go.th/dataset/7bdbedaf-f9cd-4c42-893a-0c88ad65b2f5/resource/b400841d-e9d9-4a36-8896-13bdf5dfbd50/download/2567__final.xlsx,ภัยแล้ง67-รายการพื้นที่เกิด
84,สุราษฎร์ธานี,2567,local_area_record,กาญจนดิษฐ์,ช้างซ้าย,1,2024-04-01 00:00:00,2024-04-01,,2024-05-15,duration_unconfirmed,,,all_agriculture_not_durian_specific,b400841d-e9d9-4a36-8896-13bdf5dfbd50,689,https://catalog.disaster.go.th/dataset/7bdbedaf-f9cd-4c42-893a-0c88ad65b2f5/resource/b400841d-e9d9-4a36-8896-13bdf5dfbd50/download/2567__final.xlsx,ภัยแล้ง67-รายการพื้นที่เกิด
84,สุราษฎร์ธานี,2567,local_area_record,กาญจนดิษฐ์,ช้างซ้าย,10,2024-04-01 00:00:00,2024-04-01,,2024-05-15,duration_unconfirmed,,,all_agriculture_not_durian_specific,b400841d-e9d9-4a36-8896-13bdf5dfbd50,690,https://catalog.disaster.go.th/dataset/7bdbedaf-f9cd-4c42-893a-0c88ad65b2f5/resource/b400841d-e9d9-4a36-8896-13bdf5dfbd50/download/2567__final.xlsx,ภัยแล้ง67-รายการพื้นที่เกิด
84,สุราษฎร์ธานี,2567,local_area_record,กาญจนดิษฐ์,ช้างซ้าย,11,2024-04-01 00:00:00,2024-04-01,,2024-05-15,duration_unconfirmed,,,all_agriculture_not_durian_specific,b400841d-e9d9-4a36-8896-13bdf5dfbd50,691,https://catalog.disaster.go.th/dataset/7bdbedaf-f9cd-4c42-893a-0c88ad65b2f5/resource/b400841d-e9d9-4a36-8896-13bdf5dfbd50/download/2567__final.xlsx,ภัยแล้ง67-รายการพื้นที่เกิด
84,สุราษฎร์ธานี,2567,local_area_record,กาญจนดิษฐ์,ช้างซ้าย,12,2024-04-01 00:00:00,2024-04-01,,2024-05-15,duration_unconfirmed,,,all_agriculture_not_durian_specific,b400841d-e9d9-4a36-8896-13bdf5dfbd50,692,https://catalog.disaster.go.th/dataset/7bdbedaf-f9cd-4c42-893a-0c88ad65b2f5/resource/b400841d-e9d9-4a36-8896-13bdf5dfbd50/download/2567__final.xlsx,ภัยแล้ง67-รายการพื้นที่เกิด
84,สุราษฎร์ธานี,2567,local_area_record,กาญจนดิษฐ์,ช้างซ้าย,2,2024-04-01 00:00:00,2024-04-01,,2024-05-15,duration_unconfirmed,,,all_agriculture_not_durian_specific,b400841d-e9d9-4a36-8896-13bdf5dfbd50,693,https://catalog.disaster.go.th/dataset/7bdbedaf-f9cd-4c42-893a-0c88ad65b2f5/resource/b400841d-e9d9-4a36-8896-13bdf5dfbd50/download/2567__final.xlsx,ภัยแล้ง67-รายการพื้นที่เกิด
84,สุราษฎร์ธานี,2567,local_area_record,กาญจนดิษฐ์,ช้างซ้าย,3,2024-04-01 00:00:00,2024-04-01,,2024-05-15,duration_unconfirmed,,,all_agriculture_not_durian_specific,b400841d-e9d9-4a36-8896-13bdf5dfbd50,694,https://catalog.disaster.go.th/dataset/7bdbedaf-f9cd-4c42-893a-0c88ad65b2f5/resource/b400841d-e9d9-4a36-8896-13bdf5dfbd50/download/2567__final.xlsx,ภัยแล้ง67-รายการพื้นที่เกิด
84,สุราษฎร์ธานี,2567,local_area_record,กาญจนดิษฐ์,ช้างซ้าย,4,2024-04-01 00:00:00,2024-04-01,,2024-05-15,duration_unconfirmed,,,all_agriculture_not_durian_specific,b400841d-e9d9-4a36-8896-13bdf5dfbd50,695,https://catalog.disaster.go.th/dataset/7bdbedaf-f9cd-4c42-893a-0c88ad65b2f5/resource/b400841d-e9d9-4a36-8896-13bdf5dfbd50/download/2567__final.xlsx,ภัยแล้ง67-รายการพื้นที่เกิด
84,สุราษฎร์ธานี,2567,local_area_record,กาญจนดิษฐ์,ช้างซ้าย,5,2024-04-01 00:00:00,2024-04-01,,2024-05-15,duration_unconfirmed,,,all_agriculture_not_durian_specific,b400841d-e9d9-4a36-8896-13bdf5dfbd50,696,https://catalog.disaster.go.th/dataset/7bdbedaf-f9cd-4c42-893a-0c88ad65b2f5/resource/b400841d-e9d9-4a36-8896-13bdf5dfbd50/download/2567__final.xlsx,ภัยแล้ง67-รายการพื้นที่เกิด
84,สุราษฎร์ธานี,2567,local_area_record,กาญจนดิษฐ์,ช้างซ้าย,6,2024-04-01 00:00:00,2024-04-01,,2024-05-15,duration_unconfirmed,,,all_agriculture_not_durian_specific,b400841d-e9d9-4a36-8896-13bdf5dfbd50,697,https://catalog.disaster.go.th/dataset/7bdbedaf-f9cd-4c42-893a-0c88ad65b2f5/resource/b400841d-e9d9-4a36-8896-13bdf5dfbd50/download/2567__final.xlsx,ภัยแล้ง67-รายการพื้นที่เกิด
84,สุราษฎร์ธานี,2567,local_area_record,กาญจนดิษฐ์,ช้างซ้าย,7,2024-04-01 00:00:00,2024-04-01,,2024-05-15,duration_unconfirmed,,,all_agriculture_not_durian_specific,b400841d-e9d9-4a36-8896-13bdf5dfbd50,698,https://catalog.disaster.go.th/dataset/7bdbedaf-f9cd-4c42-893a-0c88ad65b2f5/resource/b400841d-e9d9-4a36-8896-13bdf5dfbd50/download/2567__final.xlsx,ภัยแล้ง67-รายการพื้นที่เกิด
84,สุราษฎร์ธานี,2567,local_area_record,กาญจนดิษฐ์,ช้างซ้าย,8,2024-04-01 00:00:00,2024-04-01,,2024-05-15,duration_unconfirmed,,,all_agriculture_not_durian_specific,b400841d-e9d9-4a36-8896-13bdf5dfbd50,699,https://catalog.disaster.go.th/dataset/7bdbedaf-f9cd-4c42-893a-0c88ad65b2f5/resource/b400841d-e9d9-4a36-8896-13bdf5dfbd50/download/2567__final.xlsx,ภัยแล้ง67-รายการพื้นที่เกิด
84,สุราษฎร์ธานี,2567,local_area_record,กาญจนดิษฐ์,ช้างซ้าย,9,2024-04-01 00:00:00,2024-04-01,,2024-05-15,duration_unconfirmed,,,all_agriculture_not_durian_specific,b400841d-e9d9-4a36-8896-13bdf5dfbd50,700,https://catalog.disaster.go.th/dataset/7bdbedaf-f9cd-4c42-893a-0c88ad65b2f5/resource/b400841d-e9d9-4a36-8896-13bdf5dfbd50/download/2567__final.xlsx,ภัยแล้ง67-รายการพื้นที่เกิด
84,สุราษฎร์ธานี,2567,local_area_record,กาญจนดิษฐ์,ป่าร่อน,1,2024-04-01 00:00:00,2024-04-01,,2024-05-15,duration_unconfirmed,,,all_agriculture_not_durian_specific,b400841d-e9d9-4a36-8896-13bdf5dfbd50,701,https://catalog.disaster.go.th/dataset/7bdbedaf-f9cd-4c42-893a-0c88ad65b2f5/resource/b400841d-e9d9-4a36-8896-13bdf5dfbd50/download/2567__final.xlsx,ภัยแล้ง67-รายการพื้นที่เกิด
84,สุราษฎร์ธานี,2567,local_area_record,กาญจนดิษฐ์,ป่าร่อน,2,2024-04-01 00:00:00,2024-04-01,,2024-05-15,duration_unconfirmed,,,all_agriculture_not_durian_specific,b400841d-e9d9-4a36-8896-13bdf5dfbd50,702,https://catalog.disaster.go.th/dataset/7bdbedaf-f9cd-4c42-893a-0c88ad65b2f5/resource/b400841d-e9d9-4a36-8896-13bdf5dfbd50/download/2567__final.xlsx,ภัยแล้ง67-รายการพื้นที่เกิด
84,สุราษฎร์ธานี,2567,local_area_record,กาญจนดิษฐ์,ป่าร่อน,3,2024-04-01 00:00:00,2024-04-01,,2024-05-15,duration_unconfirmed,,,all_agriculture_not_durian_specific,b400841d-e9d9-4a36-8896-13bdf5dfbd50,703,https://catalog.disaster.go.th/dataset/7bdbedaf-f9cd-4c42-893a-0c88ad65b2f5/resource/b400841d-e9d9-4a36-8896-13bdf5dfbd50/download/2567__final.xlsx,ภัยแล้ง67-รายการพื้นที่เกิด
84,สุราษฎร์ธานี,2567,local_area_record,กาญจนดิษฐ์,ป่าร่อน,4,2024-04-01 00:00:00,2024-04-01,,2024-05-15,duration_unconfirmed,,,all_agriculture_not_durian_specific,b400841d-e9d9-4a36-8896-13bdf5dfbd50,704,https://catalog.disaster.go.th/dataset/7bdbedaf-f9cd-4c42-893a-0c88ad65b2f5/resource/b400841d-e9d9-4a36-8896-13bdf5dfbd50/download/2567__final.xlsx,ภัยแล้ง67-รายการพื้นที่เกิด
84,สุราษฎร์ธานี,2567,local_area_record,กาญจนดิษฐ์,ป่าร่อน,5,2024-04-01 00:00:00,2024-04-01,,2024-05-15,duration_unconfirmed,,,all_agriculture_not_durian_specific,b400841d-e9d9-4a36-8896-13bdf5dfbd50,705,https://catalog.disaster.go.th/dataset/7bdbedaf-f9cd-4c42-893a-0c88ad65b2f5/resource/b400841d-e9d9-4a36-8896-13bdf5dfbd50/download/2567__final.xlsx,ภัยแล้ง67-รายการพื้นที่เกิด
84,สุราษฎร์ธานี,2567,local_area_record,กาญจนดิษฐ์,ป่าร่อน,6,2024-04-01 00:00:00,2024-04-01,,2024-05-15,duration_unconfirmed,,,all_agriculture_not_durian_specific,b400841d-e9d9-4a36-8896-13bdf5dfbd50,706,https://catalog.disaster.go.th/dataset/7bdbedaf-f9cd-4c42-893a-0c88ad65b2f5/resource/b400841d-e9d9-4a36-8896-13bdf5dfbd50/download/2567__final.xlsx,ภัยแล้ง67-รายการพื้นที่เกิด
84,สุราษฎร์ธานี,2567,local_area_record,กาญจนดิษฐ์,ป่าร่อน,7,2024-04-01 00:00:00,2024-04-01,,2024-05-15,duration_unconfirmed,,,all_agriculture_not_durian_specific,b400841d-e9d9-4a36-8896-13bdf5dfbd50,707,https://catalog.disaster.go.th/dataset/7bdbedaf-f9cd-4c42-893a-0c88ad65b2f5/resource/b400841d-e9d9-4a36-8896-13bdf5dfbd50/download/2567__final.xlsx,ภัยแล้ง67-รายการพื้นที่เกิด
84,สุราษฎร์ธานี,2567,local_area_record,กาญจนดิษฐ์,ป่าร่อน,8,2024-04-01 00:00:00,2024-04-01,,2024-05-15,duration_unconfirmed,,,all_agriculture_not_durian_specific,b400841d-e9d9-4a36-8896-13bdf5dfbd50,708,https://catalog.disaster.go.th/dataset/7bdbedaf-f9cd-4c42-893a-0c88ad65b2f5/resource/b400841d-e9d9-4a36-8896-13bdf5dfbd50/download/2567__final.xlsx,ภัยแล้ง67-รายการพื้นที่เกิด
84,สุราษฎร์ธานี,2567,local_area_record,กาญจนดิษฐ์,ป่าร่อน,9,2024-04-01 00:00:00,2024-04-01,,2024-05-15,duration_unconfirmed,,,all_agriculture_not_durian_specific,b400841d-e9d9-4a36-8896-13bdf5dfbd50,709,https://catalog.disaster.go.th/dataset/7bdbedaf-f9cd-4c42-893a-0c88ad65b2f5/resource/b400841d-e9d9-4a36-8896-13bdf5dfbd50/download/2567__final.xlsx,ภัยแล้ง67-รายการพื้นที่เกิด
84,สุราษฎร์ธานี,2567,local_area_record,กาญจนดิษฐ์,ตะเคียนทอง,1,2024-04-01 00:00:00,2024-04-01,,2024-05-15,duration_unconfirmed,,,all_agriculture_not_durian_specific,b400841d-e9d9-4a36-8896-13bdf5dfbd50,710,https://catalog.disaster.go.th/dataset/7bdbedaf-f9cd-4c42-893a-0c88ad65b2f5/resource/b400841d-e9d9-4a36-8896-13bdf5dfbd50/download/2567__final.xlsx,ภัยแล้ง67-รายการพื้นที่เกิด
84,สุราษฎร์ธานี,2567,local_area_record,กาญจนดิษฐ์,ตะเคียนทอง,2,2024-04-01 00:00:00,2024-04-01,,2024-05-15,duration_unconfirmed,,,all_agriculture_not_durian_specific,b400841d-e9d9-4a36-8896-13bdf5dfbd50,711,https://catalog.disaster.go.th/dataset/7bdbedaf-f9cd-4c42-893a-0c88ad65b2f5/resource/b400841d-e9d9-4a36-8896-13bdf5dfbd50/download/2567__final.xlsx,ภัยแล้ง67-รายการพื้นที่เกิด
84,สุราษฎร์ธานี,2567,local_area_record,กาญจนดิษฐ์,ตะเคียนทอง,3,2024-04-01 00:00:00,2024-04-01,,2024-05-15,duration_unconfirmed,,,all_agriculture_not_durian_specific,b400841d-e9d9-4a36-8896-13bdf5dfbd50,712,https://catalog.disaster.go.th/dataset/7bdbedaf-f9cd-4c42-893a-0c88ad65b2f5/resource/b400841d-e9d9-4a36-8896-13bdf5dfbd50/download/2567__final.xlsx,ภัยแล้ง67-รายการพื้นที่เกิด
84,สุราษฎร์ธานี,2567,local_area_record,กาญจนดิษฐ์,ตะเคียนทอง,4,2024-04-01 00:00:00,2024-04-01,,2024-05-15,duration_unconfirmed,,,all_agriculture_not_durian_specific,b400841d-e9d9-4a36-8896-13bdf5dfbd50,713,https://catalog.disaster.go.th/dataset/7bdbedaf-f9cd-4c42-893a-0c88ad65b2f5/resource/b400841d-e9d9-4a36-8896-13bdf5dfbd50/download/2567__final.xlsx,ภัยแล้ง67-รายการพื้นที่เกิด
84,สุราษฎร์ธานี,2567,local_area_record,กาญจนดิษฐ์,ตะเคียนทอง,5,2024-04-01 00:00:00,2024-04-01,,2024-05-15,duration_unconfirmed,,,all_agriculture_not_durian_specific,b400841d-e9d9-4a36-8896-13bdf5dfbd50,714,https://catalog.disaster.go.th/dataset/7bdbedaf-f9cd-4c42-893a-0c88ad65b2f5/resource/b400841d-e9d9-4a36-8896-13bdf5dfbd50/download/2567__final.xlsx,ภัยแล้ง67-รายการพื้นที่เกิด
84,สุราษฎร์ธานี,2567,local_area_record,กาญจนดิษฐ์,ตะเคียนทอง,6,2024-04-01 00:00:00,2024-04-01,,2024-05-15,duration_unconfirmed,,,all_agriculture_not_durian_specific,b400841d-e9d9-4a36-8896-13bdf5dfbd50,715,https://catalog.disaster.go.th/dataset/7bdbedaf-f9cd-4c42-893a-0c88ad65b2f5/resource/b400841d-e9d9-4a36-8896-13bdf5dfbd50/download/2567__final.xlsx,ภัยแล้ง67-รายการพื้นที่เกิด
84,สุราษฎร์ธานี,2567,local_area_record,กาญจนดิษฐ์,ตะเคียนทอง,7,2024-04-01 00:00:00,2024-04-01,,2024-05-15,duration_unconfirmed,,,all_agriculture_not_durian_specific,b400841d-e9d9-4a36-8896-13bdf5dfbd50,716,https://catalog.disaster.go.th/dataset/7bdbedaf-f9cd-4c42-893a-0c88ad65b2f5/resource/b400841d-e9d9-4a36-8896-13bdf5dfbd50/download/2567__final.xlsx,ภัยแล้ง67-รายการพื้นที่เกิด
84,สุราษฎร์ธานี,2567,local_area_record,คีรีรัฐนิคม,บ้านทำเนียบ,1,2024-04-01 00:00:00,2024-04-01,,2024-05-15,duration_unconfirmed,,,all_agriculture_not_durian_specific,b400841d-e9d9-4a36-8896-13bdf5dfbd50,717,https://catalog.disaster.go.th/dataset/7bdbedaf-f9cd-4c42-893a-0c88ad65b2f5/resource/b400841d-e9d9-4a36-8896-13bdf5dfbd50/download/2567__final.xlsx,ภัยแล้ง67-รายการพื้นที่เกิด
84,สุราษฎร์ธานี,2567,local_area_record,คีรีรัฐนิคม,บ้านทำเนียบ,2,2024-04-01 00:00:00,2024-04-01,,2024-05-15,duration_unconfirmed,,,all_agriculture_not_durian_specific,b400841d-e9d9-4a36-8896-13bdf5dfbd50,718,https://catalog.disaster.go.th/dataset/7bdbedaf-f9cd-4c42-893a-0c88ad65b2f5/resource/b400841d-e9d9-4a36-8896-13bdf5dfbd50/download/2567__final.xlsx,ภัยแล้ง67-รายการพื้นที่เกิด
84,สุราษฎร์ธานี,2567,local_area_record,คีรีรัฐนิคม,บ้านทำเนียบ,3,2024-04-01 00:00:00,2024-04-01,,2024-05-15,duration_unconfirmed,,,all_agriculture_not_durian_specific,b400841d-e9d9-4a36-8896-13bdf5dfbd50,719,https://catalog.disaster.go.th/dataset/7bdbedaf-f9cd-4c42-893a-0c88ad65b2f5/resource/b400841d-e9d9-4a36-8896-13bdf5dfbd50/download/2567__final.xlsx,ภัยแล้ง67-รายการพื้นที่เกิด
84,สุราษฎร์ธานี,2567,local_area_record,คีรีรัฐนิคม,บ้านทำเนียบ,4,2024-04-01 00:00:00,2024-04-01,,2024-05-15,duration_unconfirmed,,,all_agriculture_not_durian_specific,b400841d-e9d9-4a36-8896-13bdf5dfbd50,720,https://catalog.disaster.go.th/dataset/7bdbedaf-f9cd-4c42-893a-0c88ad65b2f5/resource/b400841d-e9d9-4a36-8896-13bdf5dfbd50/download/2567__final.xlsx,ภัยแล้ง67-รายการพื้นที่เกิด
84,สุราษฎร์ธานี,2567,local_area_record,คีรีรัฐนิคม,บ้านทำเนียบ,5,2024-04-01 00:00:00,2024-04-01,,2024-05-15,duration_unconfirmed,,,all_agriculture_not_durian_specific,b400841d-e9d9-4a36-8896-13bdf5dfbd50,721,https://catalog.disaster.go.th/dataset/7bdbedaf-f9cd-4c42-893a-0c88ad65b2f5/resource/b400841d-e9d9-4a36-8896-13bdf5dfbd50/download/2567__final.xlsx,ภัยแล้ง67-รายการพื้นที่เกิด
84,สุราษฎร์ธานี,2567,local_area_record,คีรีรัฐนิคม,บ้านทำเนียบ,6,2024-04-01 00:00:00,2024-04-01,,2024-05-15,duration_unconfirmed,,,all_agriculture_not_durian_specific,b400841d-e9d9-4a36-8896-13bdf5dfbd50,722,https://catalog.disaster.go.th/dataset/7bdbedaf-f9cd-4c42-893a-0c88ad65b2f5/resource/b400841d-e9d9-4a36-8896-13bdf5dfbd50/download/2567__final.xlsx,ภัยแล้ง67-รายการพื้นที่เกิด
84,สุราษฎร์ธานี,2567,local_area_record,คีรีรัฐนิคม,บ้านทำเนียบ,7,2024-04-01 00:00:00,2024-04-01,,2024-05-15,duration_unconfirmed,,,all_agriculture_not_durian_specific,b400841d-e9d9-4a36-8896-13bdf5dfbd50,723,https://catalog.disaster.go.th/dataset/7bdbedaf-f9cd-4c42-893a-0c88ad65b2f5/resource/b400841d-e9d9-4a36-8896-13bdf5dfbd50/download/2567__final.xlsx,ภัยแล้ง67-รายการพื้นที่เกิด
84,สุราษฎร์ธานี,2567,local_area_record,คีรีรัฐนิคม,บ้านทำเนียบ,8,2024-04-01 00:00:00,2024-04-01,,2024-05-15,duration_unconfirmed,,,all_agriculture_not_durian_specific,b400841d-e9d9-4a36-8896-13bdf5dfbd50,724,https://catalog.disaster.go.th/dataset/7bdbedaf-f9cd-4c42-893a-0c88ad65b2f5/resource/b400841d-e9d9-4a36-8896-13bdf5dfbd50/download/2567__final.xlsx,ภัยแล้ง67-รายการพื้นที่เกิด
84,สุราษฎร์ธานี,2567,local_area_record,คีรีรัฐนิคม,บ้านทำเนียบ,9,2024-04-01 00:00:00,2024-04-01,,2024-05-15,duration_unconfirmed,,,all_agriculture_not_durian_specific,b400841d-e9d9-4a36-8896-13bdf5dfbd50,725,https://catalog.disaster.go.th/dataset/7bdbedaf-f9cd-4c42-893a-0c88ad65b2f5/resource/b400841d-e9d9-4a36-8896-13bdf5dfbd50/download/2567__final.xlsx,ภัยแล้ง67-รายการพื้นที่เกิด
84,สุราษฎร์ธานี,2567,local_area_record,บ้านนาสาร,พรุพี,1,2024-04-01 00:00:00,2024-04-01,,2024-05-15,duration_unconfirmed,,,all_agriculture_not_durian_specific,b400841d-e9d9-4a36-8896-13bdf5dfbd50,726,https://catalog.disaster.go.th/dataset/7bdbedaf-f9cd-4c42-893a-0c88ad65b2f5/resource/b400841d-e9d9-4a36-8896-13bdf5dfbd50/download/2567__final.xlsx,ภัยแล้ง67-รายการพื้นที่เกิด
84,สุราษฎร์ธานี,2567,local_area_record,บ้านนาสาร,พรุพี,2,2024-04-01 00:00:00,2024-04-01,,2024-05-15,duration_unconfirmed,,,all_agriculture_not_durian_specific,b400841d-e9d9-4a36-8896-13bdf5dfbd50,727,https://catalog.disaster.go.th/dataset/7bdbedaf-f9cd-4c42-893a-0c88ad65b2f5/resource/b400841d-e9d9-4a36-8896-13bdf5dfbd50/download/2567__final.xlsx,ภัยแล้ง67-รายการพื้นที่เกิด
84,สุราษฎร์ธานี,2567,local_area_record,บ้านนาสาร,พรุพี,3,2024-04-01 00:00:00,2024-04-01,,2024-05-15,duration_unconfirmed,,,all_agriculture_not_durian_specific,b400841d-e9d9-4a36-8896-13bdf5dfbd50,728,https://catalog.disaster.go.th/dataset/7bdbedaf-f9cd-4c42-893a-0c88ad65b2f5/resource/b400841d-e9d9-4a36-8896-13bdf5dfbd50/download/2567__final.xlsx,ภัยแล้ง67-รายการพื้นที่เกิด
84,สุราษฎร์ธานี,2567,local_area_record,บ้านนาสาร,พรุพี,4,2024-04-01 00:00:00,2024-04-01,,2024-05-15,duration_unconfirmed,,,all_agriculture_not_durian_specific,b400841d-e9d9-4a36-8896-13bdf5dfbd50,729,https://catalog.disaster.go.th/dataset/7bdbedaf-f9cd-4c42-893a-0c88ad65b2f5/resource/b400841d-e9d9-4a36-8896-13bdf5dfbd50/download/2567__final.xlsx,ภัยแล้ง67-รายการพื้นที่เกิด
84,สุราษฎร์ธานี,2567,local_area_record,บ้านนาสาร,พรุพี,5,2024-04-01 00:00:00,2024-04-01,,2024-05-15,duration_unconfirmed,,,all_agriculture_not_durian_specific,b400841d-e9d9-4a36-8896-13bdf5dfbd50,730,https://catalog.disaster.go.th/dataset/7bdbedaf-f9cd-4c42-893a-0c88ad65b2f5/resource/b400841d-e9d9-4a36-8896-13bdf5dfbd50/download/2567__final.xlsx,ภัยแล้ง67-รายการพื้นที่เกิด
84,สุราษฎร์ธานี,2567,local_area_record,บ้านนาสาร,พรุพี,6,2024-04-01 00:00:00,2024-04-01,,2024-05-15,duration_unconfirmed,,,all_agriculture_not_durian_specific,b400841d-e9d9-4a36-8896-13bdf5dfbd50,731,https://catalog.disaster.go.th/dataset/7bdbedaf-f9cd-4c42-893a-0c88ad65b2f5/resource/b400841d-e9d9-4a36-8896-13bdf5dfbd50/download/2567__final.xlsx,ภัยแล้ง67-รายการพื้นที่เกิด
84,สุราษฎร์ธานี,2567,local_area_record,บ้านนาสาร,พรุพี,7,2024-04-01 00:00:00,2024-04-01,,2024-05-15,duration_unconfirmed,,,all_agriculture_not_durian_specific,b400841d-e9d9-4a36-8896-13bdf5dfbd50,732,https://catalog.disaster.go.th/dataset/7bdbedaf-f9cd-4c42-893a-0c88ad65b2f5/resource/b400841d-e9d9-4a36-8896-13bdf5dfbd50/download/2567__final.xlsx,ภัยแล้ง67-รายการพื้นที่เกิด
84,สุราษฎร์ธานี,2567,local_area_record,บ้านนาสาร,ทุ่งเตา,1,2024-04-01 00:00:00,2024-04-01,,2024-05-15,duration_unconfirmed,,,all_agriculture_not_durian_specific,b400841d-e9d9-4a36-8896-13bdf5dfbd50,733,https://catalog.disaster.go.th/dataset/7bdbedaf-f9cd-4c42-893a-0c88ad65b2f5/resource/b400841d-e9d9-4a36-8896-13bdf5dfbd50/download/2567__final.xlsx,ภัยแล้ง67-รายการพื้นที่เกิด
84,สุราษฎร์ธานี,2567,local_area_record,บ้านนาสาร,ทุ่งเตา,2,2024-04-01 00:00:00,2024-04-01,,2024-05-15,duration_unconfirmed,,,all_agriculture_not_durian_specific,b400841d-e9d9-4a36-8896-13bdf5dfbd50,734,https://catalog.disaster.go.th/dataset/7bdbedaf-f9cd-4c42-893a-0c88ad65b2f5/resource/b400841d-e9d9-4a36-8896-13bdf5dfbd50/download/2567__final.xlsx,ภัยแล้ง67-รายการพื้นที่เกิด
84,สุราษฎร์ธานี,2567,local_area_record,บ้านนาสาร,ทุ่งเตา,3,2024-04-01 00:00:00,2024-04-01,,2024-05-15,duration_unconfirmed,,,all_agriculture_not_durian_specific,b400841d-e9d9-4a36-8896-13bdf5dfbd50,735,https://catalog.disaster.go.th/dataset/7bdbedaf-f9cd-4c42-893a-0c88ad65b2f5/resource/b400841d-e9d9-4a36-8896-13bdf5dfbd50/download/2567__final.xlsx,ภัยแล้ง67-รายการพื้นที่เกิด
84,สุราษฎร์ธานี,2567,local_area_record,บ้านนาสาร,ทุ่งเตา,4,2024-04-01 00:00:00,2024-04-01,,2024-05-15,duration_unconfirmed,,,all_agriculture_not_durian_specific,b400841d-e9d9-4a36-8896-13bdf5dfbd50,736,https://catalog.disaster.go.th/dataset/7bdbedaf-f9cd-4c42-893a-0c88ad65b2f5/resource/b400841d-e9d9-4a36-8896-13bdf5dfbd50/download/2567__final.xlsx,ภัยแล้ง67-รายการพื้นที่เกิด
84,สุราษฎร์ธานี,2567,local_area_record,บ้านนาสาร,ทุ่งเตา,5,2024-04-01 00:00:00,2024-04-01,,2024-05-15,duration_unconfirmed,,,all_agriculture_not_durian_specific,b400841d-e9d9-4a36-8896-13bdf5dfbd50,737,https://catalog.disaster.go.th/dataset/7bdbedaf-f9cd-4c42-893a-0c88ad65b2f5/resource/b400841d-e9d9-4a36-8896-13bdf5dfbd50/download/2567__final.xlsx,ภัยแล้ง67-รายการพื้นที่เกิด
84,สุราษฎร์ธานี,2567,local_area_record,บ้านนาสาร,ลำพูน,1,2024-04-01 00:00:00,2024-04-01,,2024-05-15,duration_unconfirmed,,,all_agriculture_not_durian_specific,b400841d-e9d9-4a36-8896-13bdf5dfbd50,738,https://catalog.disaster.go.th/dataset/7bdbedaf-f9cd-4c42-893a-0c88ad65b2f5/resource/b400841d-e9d9-4a36-8896-13bdf5dfbd50/download/2567__final.xlsx,ภัยแล้ง67-รายการพื้นที่เกิด
84,สุราษฎร์ธานี,2567,local_area_record,บ้านนาสาร,ลำพูน,2,2024-04-01 00:00:00,2024-04-01,,2024-05-15,duration_unconfirmed,,,all_agriculture_not_durian_specific,b400841d-e9d9-4a36-8896-13bdf5dfbd50,739,https://catalog.disaster.go.th/dataset/7bdbedaf-f9cd-4c42-893a-0c88ad65b2f5/resource/b400841d-e9d9-4a36-8896-13bdf5dfbd50/download/2567__final.xlsx,ภัยแล้ง67-รายการพื้นที่เกิด
84,สุราษฎร์ธานี,2567,local_area_record,บ้านนาสาร,ลำพูน,3,2024-04-01 00:00:00,2024-04-01,,2024-05-15,duration_unconfirmed,,,all_agriculture_not_durian_specific,b400841d-e9d9-4a36-8896-13bdf5dfbd50,740,https://catalog.disaster.go.th/dataset/7bdbedaf-f9cd-4c42-893a-0c88ad65b2f5/resource/b400841d-e9d9-4a36-8896-13bdf5dfbd50/download/2567__final.xlsx,ภัยแล้ง67-รายการพื้นที่เกิด
84,สุราษฎร์ธานี,2567,local_area_record,บ้านนาสาร,ลำพูน,4,2024-04-01 00:00:00,2024-04-01,,2024-05-15,duration_unconfirmed,,,all_agriculture_not_durian_specific,b400841d-e9d9-4a36-8896-13bdf5dfbd50,741,https://catalog.disaster.go.th/dataset/7bdbedaf-f9cd-4c42-893a-0c88ad65b2f5/resource/b400841d-e9d9-4a36-8896-13bdf5dfbd50/download/2567__final.xlsx,ภัยแล้ง67-รายการพื้นที่เกิด
84,สุราษฎร์ธานี,2567,local_area_record,บ้านนาสาร,ลำพูน,5,2024-04-01 00:00:00,2024-04-01,,2024-05-27,duration_unconfirmed,,,all_agriculture_not_durian_specific,b400841d-e9d9-4a36-8896-13bdf5dfbd50,742,https://catalog.disaster.go.th/dataset/7bdbedaf-f9cd-4c42-893a-0c88ad65b2f5/resource/b400841d-e9d9-4a36-8896-13bdf5dfbd50/download/2567__final.xlsx,ภัยแล้ง67-รายการพื้นที่เกิด
84,สุราษฎร์ธานี,2567,local_area_record,บ้านนาสาร,ลำพูน,6,2024-04-01 00:00:00,2024-04-01,,2024-05-15,duration_unconfirmed,,,all_agriculture_not_durian_specific,b400841d-e9d9-4a36-8896-13bdf5dfbd50,743,https://catalog.disaster.go.th/dataset/7bdbedaf-f9cd-4c42-893a-0c88ad65b2f5/resource/b400841d-e9d9-4a36-8896-13bdf5dfbd50/download/2567__final.xlsx,ภัยแล้ง67-รายการพื้นที่เกิด
84,สุราษฎร์ธานี,2567,local_area_record,บ้านนาสาร,ลำพูน,7,2024-04-01 00:00:00,2024-04-01,,2024-05-15,duration_unconfirmed,,,all_agriculture_not_durian_specific,b400841d-e9d9-4a36-8896-13bdf5dfbd50,744,https://catalog.disaster.go.th/dataset/7bdbedaf-f9cd-4c42-893a-0c88ad65b2f5/resource/b400841d-e9d9-4a36-8896-13bdf5dfbd50/download/2567__final.xlsx,ภัยแล้ง67-รายการพื้นที่เกิด
84,สุราษฎร์ธานี,2567,local_area_record,บ้านนาสาร,ท่าชี,1,2024-04-01 00:00:00,2024-04-01,,2024-05-15,duration_unconfirmed,,,all_agriculture_not_durian_specific,b400841d-e9d9-4a36-8896-13bdf5dfbd50,745,https://catalog.disaster.go.th/dataset/7bdbedaf-f9cd-4c42-893a-0c88ad65b2f5/resource/b400841d-e9d9-4a36-8896-13bdf5dfbd50/download/2567__final.xlsx,ภัยแล้ง67-รายการพื้นที่เกิด
84,สุราษฎร์ธานี,2567,local_area_record,บ้านนาสาร,ท่าชี,2,2024-04-01 00:00:00,2024-04-01,,2024-05-15,duration_unconfirmed,,,all_agriculture_not_durian_specific,b400841d-e9d9-4a36-8896-13bdf5dfbd50,746,https://catalog.disaster.go.th/dataset/7bdbedaf-f9cd-4c42-893a-0c88ad65b2f5/resource/b400841d-e9d9-4a36-8896-13bdf5dfbd50/download/2567__final.xlsx,ภัยแล้ง67-รายการพื้นที่เกิด
84,สุราษฎร์ธานี,2567,local_area_record,บ้านนาสาร,ท่าชี,3,2024-04-01 00:00:00,2024-04-01,,2024-05-15,duration_unconfirmed,,,all_agriculture_not_durian_specific,b400841d-e9d9-4a36-8896-13bdf5dfbd50,747,https://catalog.disaster.go.th/dataset/7bdbedaf-f9cd-4c42-893a-0c88ad65b2f5/resource/b400841d-e9d9-4a36-8896-13bdf5dfbd50/download/2567__final.xlsx,ภัยแล้ง67-รายการพื้นที่เกิด
84,สุราษฎร์ธานี,2567,local_area_record,บ้านนาสาร,ท่าชี,4,2024-04-01 00:00:00,2024-04-01,,2024-05-15,duration_unconfirmed,,,all_agriculture_not_durian_specific,b400841d-e9d9-4a36-8896-13bdf5dfbd50,748,https://catalog.disaster.go.th/dataset/7bdbedaf-f9cd-4c42-893a-0c88ad65b2f5/resource/b400841d-e9d9-4a36-8896-13bdf5dfbd50/download/2567__final.xlsx,ภัยแล้ง67-รายการพื้นที่เกิด
84,สุราษฎร์ธานี,2567,local_area_record,บ้านนาสาร,ท่าชี,5,2024-04-01 00:00:00,2024-04-01,,2024-05-27,duration_unconfirmed,,,all_agriculture_not_durian_specific,b400841d-e9d9-4a36-8896-13bdf5dfbd50,749,https://catalog.disaster.go.th/dataset/7bdbedaf-f9cd-4c42-893a-0c88ad65b2f5/resource/b400841d-e9d9-4a36-8896-13bdf5dfbd50/download/2567__final.xlsx,ภัยแล้ง67-รายการพื้นที่เกิด
84,สุราษฎร์ธานี,2567,local_area_record,บ้านนาสาร,ท่าชี,6,2024-04-01 00:00:00,2024-04-01,,2024-05-15,duration_unconfirmed,,,all_agriculture_not_durian_specific,b400841d-e9d9-4a36-8896-13bdf5dfbd50,750,https://catalog.disaster.go.th/dataset/7bdbedaf-f9cd-4c42-893a-0c88ad65b2f5/resource/b400841d-e9d9-4a36-8896-13bdf5dfbd50/download/2567__final.xlsx,ภัยแล้ง67-รายการพื้นที่เกิด
84,สุราษฎร์ธานี,2567,local_area_record,บ้านนาสาร,ควนศรี,1,2024-04-01 00:00:00,2024-04-01,,2024-05-15,duration_unconfirmed,,,all_agriculture_not_durian_specific,b400841d-e9d9-4a36-8896-13bdf5dfbd50,751,https://catalog.disaster.go.th/dataset/7bdbedaf-f9cd-4c42-893a-0c88ad65b2f5/resource/b400841d-e9d9-4a36-8896-13bdf5dfbd50/download/2567__final.xlsx,ภัยแล้ง67-รายการพื้นที่เกิด
84,สุราษฎร์ธานี,2567,local_area_record,บ้านนาสาร,ควนศรี,2,2024-04-01 00:00:00,2024-04-01,,2024-05-15,duration_unconfirmed,,,all_agriculture_not_durian_specific,b400841d-e9d9-4a36-8896-13bdf5dfbd50,752,https://catalog.disaster.go.th/dataset/7bdbedaf-f9cd-4c42-893a-0c88ad65b2f5/resource/b400841d-e9d9-4a36-8896-13bdf5dfbd50/download/2567__final.xlsx,ภัยแล้ง67-รายการพื้นที่เกิด
84,สุราษฎร์ธานี,2567,local_area_record,บ้านนาสาร,ควนศรี,3,2024-04-01 00:00:00,2024-04-01,,2024-05-15,duration_unconfirmed,,,all_agriculture_not_durian_specific,b400841d-e9d9-4a36-8896-13bdf5dfbd50,753,https://catalog.disaster.go.th/dataset/7bdbedaf-f9cd-4c42-893a-0c88ad65b2f5/resource/b400841d-e9d9-4a36-8896-13bdf5dfbd50/download/2567__final.xlsx,ภัยแล้ง67-รายการพื้นที่เกิด
84,สุราษฎร์ธานี,2567,local_area_record,บ้านนาสาร,ควนศรี,4,2024-04-01 00:00:00,2024-04-01,,2024-05-15,duration_unconfirmed,,,all_agriculture_not_durian_specific,b400841d-e9d9-4a36-8896-13bdf5dfbd50,754,https://catalog.disaster.go.th/dataset/7bdbedaf-f9cd-4c42-893a-0c88ad65b2f5/resource/b400841d-e9d9-4a36-8896-13bdf5dfbd50/download/2567__final.xlsx,ภัยแล้ง67-รายการพื้นที่เกิด
84,สุราษฎร์ธานี,2567,local_area_record,บ้านนาสาร,ควนศรี,5,2024-04-01 00:00:00,2024-04-01,,2024-05-15,duration_unconfirmed,,,all_agriculture_not_durian_specific,b400841d-e9d9-4a36-8896-13bdf5dfbd50,755,https://catalog.disaster.go.th/dataset/7bdbedaf-f9cd-4c42-893a-0c88ad65b2f5/resource/b400841d-e9d9-4a36-8896-13bdf5dfbd50/download/2567__final.xlsx,ภัยแล้ง67-รายการพื้นที่เกิด
84,สุราษฎร์ธานี,2567,local_area_record,บ้านนาสาร,ควนศรี,6,2024-04-01 00:00:00,2024-04-01,,2024-05-15,duration_unconfirmed,,,all_agriculture_not_durian_specific,b400841d-e9d9-4a36-8896-13bdf5dfbd50,756,https://catalog.disaster.go.th/dataset/7bdbedaf-f9cd-4c42-893a-0c88ad65b2f5/resource/b400841d-e9d9-4a36-8896-13bdf5dfbd50/download/2567__final.xlsx,ภัยแล้ง67-รายการพื้นที่เกิด
84,สุราษฎร์ธานี,2567,local_area_record,บ้านนาสาร,ควนศรี,7,2024-04-01 00:00:00,2024-04-01,,2024-05-15,duration_unconfirmed,,,all_agriculture_not_durian_specific,b400841d-e9d9-4a36-8896-13bdf5dfbd50,757,https://catalog.disaster.go.th/dataset/7bdbedaf-f9cd-4c42-893a-0c88ad65b2f5/resource/b400841d-e9d9-4a36-8896-13bdf5dfbd50/download/2567__final.xlsx,ภัยแล้ง67-รายการพื้นที่เกิด
84,สุราษฎร์ธานี,2567,local_area_record,บ้านนาสาร,ควนศรี,8,2024-04-01 00:00:00,2024-04-01,,2024-05-15,duration_unconfirmed,,,all_agriculture_not_durian_specific,b400841d-e9d9-4a36-8896-13bdf5dfbd50,758,https://catalog.disaster.go.th/dataset/7bdbedaf-f9cd-4c42-893a-0c88ad65b2f5/resource/b400841d-e9d9-4a36-8896-13bdf5dfbd50/download/2567__final.xlsx,ภัยแล้ง67-รายการพื้นที่เกิด
84,สุราษฎร์ธานี,2567,local_area_record,บ้านนาสาร,ควนสุบรรณ,1,2024-04-01 00:00:00,2024-04-01,,2024-05-15,duration_unconfirmed,,,all_agriculture_not_durian_specific,b400841d-e9d9-4a36-8896-13bdf5dfbd50,759,https://catalog.disaster.go.th/dataset/7bdbedaf-f9cd-4c42-893a-0c88ad65b2f5/resource/b400841d-e9d9-4a36-8896-13bdf5dfbd50/download/2567__final.xlsx,ภัยแล้ง67-รายการพื้นที่เกิด
84,สุราษฎร์ธานี,2567,local_area_record,บ้านนาสาร,ควนสุบรรณ,2,2024-04-01 00:00:00,2024-04-01,,2024-05-15,duration_unconfirmed,,,all_agriculture_not_durian_specific,b400841d-e9d9-4a36-8896-13bdf5dfbd50,760,https://catalog.disaster.go.th/dataset/7bdbedaf-f9cd-4c42-893a-0c88ad65b2f5/resource/b400841d-e9d9-4a36-8896-13bdf5dfbd50/download/2567__final.xlsx,ภัยแล้ง67-รายการพื้นที่เกิด
84,สุราษฎร์ธานี,2567,local_area_record,บ้านนาสาร,ควนสุบรรณ,3,2024-04-01 00:00:00,2024-04-01,,2024-05-15,duration_unconfirmed,,,all_agriculture_not_durian_specific,b400841d-e9d9-4a36-8896-13bdf5dfbd50,761,https://catalog.disaster.go.th/dataset/7bdbedaf-f9cd-4c42-893a-0c88ad65b2f5/resource/b400841d-e9d9-4a36-8896-13bdf5dfbd50/download/2567__final.xlsx,ภัยแล้ง67-รายการพื้นที่เกิด
84,สุราษฎร์ธานี,2567,local_area_record,บ้านนาสาร,ควนสุบรรณ,4,2024-04-01 00:00:00,2024-04-01,,2024-05-15,duration_unconfirmed,,,all_agriculture_not_durian_specific,b400841d-e9d9-4a36-8896-13bdf5dfbd50,762,https://catalog.disaster.go.th/dataset/7bdbedaf-f9cd-4c42-893a-0c88ad65b2f5/resource/b400841d-e9d9-4a36-8896-13bdf5dfbd50/download/2567__final.xlsx,ภัยแล้ง67-รายการพื้นที่เกิด
84,สุราษฎร์ธานี,2567,local_area_record,บ้านนาสาร,ควนสุบรรณ,5,2024-04-01 00:00:00,2024-04-01,,2024-05-15,duration_unconfirmed,,,all_agriculture_not_durian_specific,b400841d-e9d9-4a36-8896-13bdf5dfbd50,763,https://catalog.disaster.go.th/dataset/7bdbedaf-f9cd-4c42-893a-0c88ad65b2f5/resource/b400841d-e9d9-4a36-8896-13bdf5dfbd50/download/2567__final.xlsx,ภัยแล้ง67-รายการพื้นที่เกิด
84,สุราษฎร์ธานี,2567,local_area_record,บ้านนาสาร,ควนสุบรรณ,6,2024-04-01 00:00:00,2024-04-01,,2024-05-15,duration_unconfirmed,,,all_agriculture_not_durian_specific,b400841d-e9d9-4a36-8896-13bdf5dfbd50,764,https://catalog.disaster.go.th/dataset/7bdbedaf-f9cd-4c42-893a-0c88ad65b2f5/resource/b400841d-e9d9-4a36-8896-13bdf5dfbd50/download/2567__final.xlsx,ภัยแล้ง67-รายการพื้นที่เกิด
84,สุราษฎร์ธานี,2567,local_area_record,บ้านนาสาร,ควนสุบรรณ,7,2024-04-01 00:00:00,2024-04-01,,2024-05-15,duration_unconfirmed,,,all_agriculture_not_durian_specific,b400841d-e9d9-4a36-8896-13bdf5dfbd50,765,https://catalog.disaster.go.th/dataset/7bdbedaf-f9cd-4c42-893a-0c88ad65b2f5/resource/b400841d-e9d9-4a36-8896-13bdf5dfbd50/download/2567__final.xlsx,ภัยแล้ง67-รายการพื้นที่เกิด
84,สุราษฎร์ธานี,2567,local_area_record,บ้านนาสาร,คลองปราบ,1,2024-04-01 00:00:00,2024-04-01,,2024-05-15,duration_unconfirmed,,,all_agriculture_not_durian_specific,b400841d-e9d9-4a36-8896-13bdf5dfbd50,766,https://catalog.disaster.go.th/dataset/7bdbedaf-f9cd-4c42-893a-0c88ad65b2f5/resource/b400841d-e9d9-4a36-8896-13bdf5dfbd50/download/2567__final.xlsx,ภัยแล้ง67-รายการพื้นที่เกิด
84,สุราษฎร์ธานี,2567,local_area_record,บ้านนาสาร,คลองปราบ,2,2024-04-01 00:00:00,2024-04-01,,2024-05-15,duration_unconfirmed,,,all_agriculture_not_durian_specific,b400841d-e9d9-4a36-8896-13bdf5dfbd50,767,https://catalog.disaster.go.th/dataset/7bdbedaf-f9cd-4c42-893a-0c88ad65b2f5/resource/b400841d-e9d9-4a36-8896-13bdf5dfbd50/download/2567__final.xlsx,ภัยแล้ง67-รายการพื้นที่เกิด
84,สุราษฎร์ธานี,2567,local_area_record,บ้านนาสาร,คลองปราบ,3,2024-04-01 00:00:00,2024-04-01,,2024-05-15,duration_unconfirmed,,,all_agriculture_not_durian_specific,b400841d-e9d9-4a36-8896-13bdf5dfbd50,768,https://catalog.disaster.go.th/dataset/7bdbedaf-f9cd-4c42-893a-0c88ad65b2f5/resource/b400841d-e9d9-4a36-8896-13bdf5dfbd50/download/2567__final.xlsx,ภัยแล้ง67-รายการพื้นที่เกิด
84,สุราษฎร์ธานี,2567,local_area_record,บ้านนาสาร,คลองปราบ,4,2024-04-01 00:00:00,2024-04-01,,2024-05-15,duration_unconfirmed,,,all_agriculture_not_durian_specific,b400841d-e9d9-4a36-8896-13bdf5dfbd50,769,https://catalog.disaster.go.th/dataset/7bdbedaf-f9cd-4c42-893a-0c88ad65b2f5/resource/b400841d-e9d9-4a36-8896-13bdf5dfbd50/download/2567__final.xlsx,ภัยแล้ง67-รายการพื้นที่เกิด
84,สุราษฎร์ธานี,2567,local_area_record,บ้านนาสาร,คลองปราบ,5,2024-04-01 00:00:00,2024-04-01,,2024-05-15,duration_unconfirmed,,,all_agriculture_not_durian_specific,b400841d-e9d9-4a36-8896-13bdf5dfbd50,770,https://catalog.disaster.go.th/dataset/7bdbedaf-f9cd-4c42-893a-0c88ad65b2f5/resource/b400841d-e9d9-4a36-8896-13bdf5dfbd50/download/2567__final.xlsx,ภัยแล้ง67-รายการพื้นที่เกิด
84,สุราษฎร์ธานี,2567,local_area_record,บ้านนาสาร,น้ำพุ,1,2024-04-01 00:00:00,2024-04-01,,2024-05-15,duration_unconfirmed,,,all_agriculture_not_durian_specific,b400841d-e9d9-4a36-8896-13bdf5dfbd50,771,https://catalog.disaster.go.th/dataset/7bdbedaf-f9cd-4c42-893a-0c88ad65b2f5/resource/b400841d-e9d9-4a36-8896-13bdf5dfbd50/download/2567__final.xlsx,ภัยแล้ง67-รายการพื้นที่เกิด
84,สุราษฎร์ธานี,2567,local_area_record,บ้านนาสาร,น้ำพุ,2,2024-04-01 00:00:00,2024-04-01,,2024-05-15,duration_unconfirmed,,,all_agriculture_not_durian_specific,b400841d-e9d9-4a36-8896-13bdf5dfbd50,772,https://catalog.disaster.go.th/dataset/7bdbedaf-f9cd-4c42-893a-0c88ad65b2f5/resource/b400841d-e9d9-4a36-8896-13bdf5dfbd50/download/2567__final.xlsx,ภัยแล้ง67-รายการพื้นที่เกิด
84,สุราษฎร์ธานี,2567,local_area_record,บ้านนาสาร,น้ำพุ,3,2024-04-01 00:00:00,2024-04-01,,2024-05-15,duration_unconfirmed,,,all_agriculture_not_durian_specific,b400841d-e9d9-4a36-8896-13bdf5dfbd50,773,https://catalog.disaster.go.th/dataset/7bdbedaf-f9cd-4c42-893a-0c88ad65b2f5/resource/b400841d-e9d9-4a36-8896-13bdf5dfbd50/download/2567__final.xlsx,ภัยแล้ง67-รายการพื้นที่เกิด
84,สุราษฎร์ธานี,2567,local_area_record,บ้านนาสาร,น้ำพุ,4,2024-04-01 00:00:00,2024-04-01,,2024-05-15,duration_unconfirmed,,,all_agriculture_not_durian_specific,b400841d-e9d9-4a36-8896-13bdf5dfbd50,774,https://catalog.disaster.go.th/dataset/7bdbedaf-f9cd-4c42-893a-0c88ad65b2f5/resource/b400841d-e9d9-4a36-8896-13bdf5dfbd50/download/2567__final.xlsx,ภัยแล้ง67-รายการพื้นที่เกิด
84,สุราษฎร์ธานี,2567,local_area_record,บ้านนาสาร,น้ำพุ,5,2024-04-01 00:00:00,2024-04-01,,2024-05-15,duration_unconfirmed,,,all_agriculture_not_durian_specific,b400841d-e9d9-4a36-8896-13bdf5dfbd50,775,https://catalog.disaster.go.th/dataset/7bdbedaf-f9cd-4c42-893a-0c88ad65b2f5/resource/b400841d-e9d9-4a36-8896-13bdf5dfbd50/download/2567__final.xlsx,ภัยแล้ง67-รายการพื้นที่เกิด
84,สุราษฎร์ธานี,2567,local_area_record,บ้านนาสาร,น้ำพุ,6,2024-04-01 00:00:00,2024-04-01,,2024-05-15,duration_unconfirmed,,,all_agriculture_not_durian_specific,b400841d-e9d9-4a36-8896-13bdf5dfbd50,776,https://catalog.disaster.go.th/dataset/7bdbedaf-f9cd-4c42-893a-0c88ad65b2f5/resource/b400841d-e9d9-4a36-8896-13bdf5dfbd50/download/2567__final.xlsx,ภัยแล้ง67-รายการพื้นที่เกิด
84,สุราษฎร์ธานี,2567,local_area_record,บ้านนาสาร,ทุ่งเตาใหม่,1,2024-04-01 00:00:00,2024-04-01,,2024-05-15,duration_unconfirmed,,,all_agriculture_not_durian_specific,b400841d-e9d9-4a36-8896-13bdf5dfbd50,777,https://catalog.disaster.go.th/dataset/7bdbedaf-f9cd-4c42-893a-0c88ad65b2f5/resource/b400841d-e9d9-4a36-8896-13bdf5dfbd50/download/2567__final.xlsx,ภัยแล้ง67-รายการพื้นที่เกิด
84,สุราษฎร์ธานี,2567,local_area_record,บ้านนาสาร,ทุ่งเตาใหม่,2,2024-04-01 00:00:00,2024-04-01,,2024-05-15,duration_unconfirmed,,,all_agriculture_not_durian_specific,b400841d-e9d9-4a36-8896-13bdf5dfbd50,778,https://catalog.disaster.go.th/dataset/7bdbedaf-f9cd-4c42-893a-0c88ad65b2f5/resource/b400841d-e9d9-4a36-8896-13bdf5dfbd50/download/2567__final.xlsx,ภัยแล้ง67-รายการพื้นที่เกิด
84,สุราษฎร์ธานี,2567,local_area_record,บ้านนาสาร,ทุ่งเตาใหม่,3,2024-04-01 00:00:00,2024-04-01,,2024-05-15,duration_unconfirmed,,,all_agriculture_not_durian_specific,b400841d-e9d9-4a36-8896-13bdf5dfbd50,779,https://catalog.disaster.go.th/dataset/7bdbedaf-f9cd-4c42-893a-0c88ad65b2f5/resource/b400841d-e9d9-4a36-8896-13bdf5dfbd50/download/2567__final.xlsx,ภัยแล้ง67-รายการพื้นที่เกิด
84,สุราษฎร์ธานี,2567,local_area_record,บ้านนาสาร,ทุ่งเตาใหม่,4,2024-04-01 00:00:00,2024-04-01,,2024-05-15,duration_unconfirmed,,,all_agriculture_not_durian_specific,b400841d-e9d9-4a36-8896-13bdf5dfbd50,780,https://catalog.disaster.go.th/dataset/7bdbedaf-f9cd-4c42-893a-0c88ad65b2f5/resource/b400841d-e9d9-4a36-8896-13bdf5dfbd50/download/2567__final.xlsx,ภัยแล้ง67-รายการพื้นที่เกิด
84,สุราษฎร์ธานี,2567,local_area_record,บ้านนาสาร,ทุ่งเตาใหม่,5,2024-04-01 00:00:00,2024-04-01,,2024-05-15,duration_unconfirmed,,,all_agriculture_not_durian_specific,b400841d-e9d9-4a36-8896-13bdf5dfbd50,781,https://catalog.disaster.go.th/dataset/7bdbedaf-f9cd-4c42-893a-0c88ad65b2f5/resource/b400841d-e9d9-4a36-8896-13bdf5dfbd50/download/2567__final.xlsx,ภัยแล้ง67-รายการพื้นที่เกิด
84,สุราษฎร์ธานี,2567,local_area_record,บ้านนาสาร,ทุ่งเตาใหม่,6,2024-04-01 00:00:00,2024-04-01,,2024-05-15,duration_unconfirmed,,,all_agriculture_not_durian_specific,b400841d-e9d9-4a36-8896-13bdf5dfbd50,782,https://catalog.disaster.go.th/dataset/7bdbedaf-f9cd-4c42-893a-0c88ad65b2f5/resource/b400841d-e9d9-4a36-8896-13bdf5dfbd50/download/2567__final.xlsx,ภัยแล้ง67-รายการพื้นที่เกิด
84,สุราษฎร์ธานี,2567,local_area_record,บ้านนาสาร,ทุ่งเตาใหม่,7,2024-04-01 00:00:00,2024-04-01,,2024-05-15,duration_unconfirmed,,,all_agriculture_not_durian_specific,b400841d-e9d9-4a36-8896-13bdf5dfbd50,783,https://catalog.disaster.go.th/dataset/7bdbedaf-f9cd-4c42-893a-0c88ad65b2f5/resource/b400841d-e9d9-4a36-8896-13bdf5dfbd50/download/2567__final.xlsx,ภัยแล้ง67-รายการพื้นที่เกิด
84,สุราษฎร์ธานี,2567,local_area_record,บ้านนาสาร,ทุ่งเตาใหม่,8,2024-04-01 00:00:00,2024-04-01,,2024-05-15,duration_unconfirmed,,,all_agriculture_not_durian_specific,b400841d-e9d9-4a36-8896-13bdf5dfbd50,784,https://catalog.disaster.go.th/dataset/7bdbedaf-f9cd-4c42-893a-0c88ad65b2f5/resource/b400841d-e9d9-4a36-8896-13bdf5dfbd50/download/2567__final.xlsx,ภัยแล้ง67-รายการพื้นที่เกิด
84,สุราษฎร์ธานี,2567,local_area_record,บ้านนาสาร,เพิ่มพูนทรัพย์,1,2024-04-01 00:00:00,2024-04-01,,2024-05-15,duration_unconfirmed,,,all_agriculture_not_durian_specific,b400841d-e9d9-4a36-8896-13bdf5dfbd50,785,https://catalog.disaster.go.th/dataset/7bdbedaf-f9cd-4c42-893a-0c88ad65b2f5/resource/b400841d-e9d9-4a36-8896-13bdf5dfbd50/download/2567__final.xlsx,ภัยแล้ง67-รายการพื้นที่เกิด
84,สุราษฎร์ธานี,2567,local_area_record,บ้านนาสาร,เพิ่มพูนทรัพย์,2,2024-04-01 00:00:00,2024-04-01,,2024-05-15,duration_unconfirmed,,,all_agriculture_not_durian_specific,b400841d-e9d9-4a36-8896-13bdf5dfbd50,786,https://catalog.disaster.go.th/dataset/7bdbedaf-f9cd-4c42-893a-0c88ad65b2f5/resource/b400841d-e9d9-4a36-8896-13bdf5dfbd50/download/2567__final.xlsx,ภัยแล้ง67-รายการพื้นที่เกิด
84,สุราษฎร์ธานี,2567,local_area_record,บ้านนาสาร,เพิ่มพูนทรัพย์,3,2024-04-01 00:00:00,2024-04-01,,2024-05-15,duration_unconfirmed,,,all_agriculture_not_durian_specific,b400841d-e9d9-4a36-8896-13bdf5dfbd50,787,https://catalog.disaster.go.th/dataset/7bdbedaf-f9cd-4c42-893a-0c88ad65b2f5/resource/b400841d-e9d9-4a36-8896-13bdf5dfbd50/download/2567__final.xlsx,ภัยแล้ง67-รายการพื้นที่เกิด
84,สุราษฎร์ธานี,2567,local_area_record,บ้านนาสาร,เพิ่มพูนทรัพย์,4,2024-04-01 00:00:00,2024-04-01,,2024-05-15,duration_unconfirmed,,,all_agriculture_not_durian_specific,b400841d-e9d9-4a36-8896-13bdf5dfbd50,788,https://catalog.disaster.go.th/dataset/7bdbedaf-f9cd-4c42-893a-0c88ad65b2f5/resource/b400841d-e9d9-4a36-8896-13bdf5dfbd50/download/2567__final.xlsx,ภัยแล้ง67-รายการพื้นที่เกิด
84,สุราษฎร์ธานี,2567,local_area_record,บ้านนาสาร,เพิ่มพูนทรัพย์,5,2024-04-01 00:00:00,2024-04-01,,2024-05-15,duration_unconfirmed,,,all_agriculture_not_durian_specific,b400841d-e9d9-4a36-8896-13bdf5dfbd50,789,https://catalog.disaster.go.th/dataset/7bdbedaf-f9cd-4c42-893a-0c88ad65b2f5/resource/b400841d-e9d9-4a36-8896-13bdf5dfbd50/download/2567__final.xlsx,ภัยแล้ง67-รายการพื้นที่เกิด
84,สุราษฎร์ธานี,2567,local_area_record,บ้านนาสาร,เพิ่มพูนทรัพย์,6,2024-04-01 00:00:00,2024-04-01,,2024-05-15,duration_unconfirmed,,,all_agriculture_not_durian_specific,b400841d-e9d9-4a36-8896-13bdf5dfbd50,790,https://catalog.disaster.go.th/dataset/7bdbedaf-f9cd-4c42-893a-0c88ad65b2f5/resource/b400841d-e9d9-4a36-8896-13bdf5dfbd50/download/2567__final.xlsx,ภัยแล้ง67-รายการพื้นที่เกิด
84,สุราษฎร์ธานี,2567,local_area_record,บ้านนาสาร,,,2024-04-01 00:00:00,2024-04-01,,2024-05-15,duration_unconfirmed,,,all_agriculture_not_durian_specific,b400841d-e9d9-4a36-8896-13bdf5dfbd50,791,https://catalog.disaster.go.th/dataset/7bdbedaf-f9cd-4c42-893a-0c88ad65b2f5/resource/b400841d-e9d9-4a36-8896-13bdf5dfbd50/download/2567__final.xlsx,ภัยแล้ง67-รายการพื้นที่เกิด
84,สุราษฎร์ธานี,2567,local_area_record,บ้านนาสาร,,,2024-04-01 00:00:00,2024-04-01,,2024-05-15,duration_unconfirmed,,,all_agriculture_not_durian_specific,b400841d-e9d9-4a36-8896-13bdf5dfbd50,792,https://catalog.disaster.go.th/dataset/7bdbedaf-f9cd-4c42-893a-0c88ad65b2f5/resource/b400841d-e9d9-4a36-8896-13bdf5dfbd50/download/2567__final.xlsx,ภัยแล้ง67-รายการพื้นที่เกิด
84,สุราษฎร์ธานี,2567,local_area_record,บ้านนาสาร,,,2024-04-01 00:00:00,2024-04-01,,2024-05-15,duration_unconfirmed,,,all_agriculture_not_durian_specific,b400841d-e9d9-4a36-8896-13bdf5dfbd50,793,https://catalog.disaster.go.th/dataset/7bdbedaf-f9cd-4c42-893a-0c88ad65b2f5/resource/b400841d-e9d9-4a36-8896-13bdf5dfbd50/download/2567__final.xlsx,ภัยแล้ง67-รายการพื้นที่เกิด
84,สุราษฎร์ธานี,2567,local_area_record,บ้านนาสาร,,,2024-04-01 00:00:00,2024-04-01,,2024-05-15,duration_unconfirmed,,,all_agriculture_not_durian_specific,b400841d-e9d9-4a36-8896-13bdf5dfbd50,794,https://catalog.disaster.go.th/dataset/7bdbedaf-f9cd-4c42-893a-0c88ad65b2f5/resource/b400841d-e9d9-4a36-8896-13bdf5dfbd50/download/2567__final.xlsx,ภัยแล้ง67-รายการพื้นที่เกิด
84,สุราษฎร์ธานี,2567,local_area_record,บ้านนาสาร,,,2024-04-01 00:00:00,2024-04-01,,2024-05-15,duration_unconfirmed,,,all_agriculture_not_durian_specific,b400841d-e9d9-4a36-8896-13bdf5dfbd50,795,https://catalog.disaster.go.th/dataset/7bdbedaf-f9cd-4c42-893a-0c88ad65b2f5/resource/b400841d-e9d9-4a36-8896-13bdf5dfbd50/download/2567__final.xlsx,ภัยแล้ง67-รายการพื้นที่เกิด
84,สุราษฎร์ธานี,2567,local_area_record,บ้านนาสาร,,,2024-04-01 00:00:00,2024-04-01,,2024-05-15,duration_unconfirmed,,,all_agriculture_not_durian_specific,b400841d-e9d9-4a36-8896-13bdf5dfbd50,796,https://catalog.disaster.go.th/dataset/7bdbedaf-f9cd-4c42-893a-0c88ad65b2f5/resource/b400841d-e9d9-4a36-8896-13bdf5dfbd50/download/2567__final.xlsx,ภัยแล้ง67-รายการพื้นที่เกิด
84,สุราษฎร์ธานี,2567,local_area_record,บ้านนาสาร,,,2024-04-01 00:00:00,2024-04-01,,2024-05-15,duration_unconfirmed,,,all_agriculture_not_durian_specific,b400841d-e9d9-4a36-8896-13bdf5dfbd50,797,https://catalog.disaster.go.th/dataset/7bdbedaf-f9cd-4c42-893a-0c88ad65b2f5/resource/b400841d-e9d9-4a36-8896-13bdf5dfbd50/download/2567__final.xlsx,ภัยแล้ง67-รายการพื้นที่เกิด
84,สุราษฎร์ธานี,2567,local_area_record,บ้านนาสาร,,,2024-04-01 00:00:00,2024-04-01,,2024-05-15,duration_unconfirmed,,,all_agriculture_not_durian_specific,b400841d-e9d9-4a36-8896-13bdf5dfbd50,798,https://catalog.disaster.go.th/dataset/7bdbedaf-f9cd-4c42-893a-0c88ad65b2f5/resource/b400841d-e9d9-4a36-8896-13bdf5dfbd50/download/2567__final.xlsx,ภัยแล้ง67-รายการพื้นที่เกิด
84,สุราษฎร์ธานี,2567,local_area_record,บ้านนาสาร,,,2024-04-01 00:00:00,2024-04-01,,2024-05-15,duration_unconfirmed,,,all_agriculture_not_durian_specific,b400841d-e9d9-4a36-8896-13bdf5dfbd50,799,https://catalog.disaster.go.th/dataset/7bdbedaf-f9cd-4c42-893a-0c88ad65b2f5/resource/b400841d-e9d9-4a36-8896-13bdf5dfbd50/download/2567__final.xlsx,ภัยแล้ง67-รายการพื้นที่เกิด
84,สุราษฎร์ธานี,2567,local_area_record,บ้านนาสาร,,,2024-04-01 00:00:00,2024-04-01,,2024-05-15,duration_unconfirmed,,,all_agriculture_not_durian_specific,b400841d-e9d9-4a36-8896-13bdf5dfbd50,800,https://catalog.disaster.go.th/dataset/7bdbedaf-f9cd-4c42-893a-0c88ad65b2f5/resource/b400841d-e9d9-4a36-8896-13bdf5dfbd50/download/2567__final.xlsx,ภัยแล้ง67-รายการพื้นที่เกิด
84,สุราษฎร์ธานี,2567,local_area_record,บ้านนาสาร,,,2024-04-01 00:00:00,2024-04-01,,2024-05-15,duration_unconfirmed,,,all_agriculture_not_durian_specific,b400841d-e9d9-4a36-8896-13bdf5dfbd50,801,https://catalog.disaster.go.th/dataset/7bdbedaf-f9cd-4c42-893a-0c88ad65b2f5/resource/b400841d-e9d9-4a36-8896-13bdf5dfbd50/download/2567__final.xlsx,ภัยแล้ง67-รายการพื้นที่เกิด
84,สุราษฎร์ธานี,2567,local_area_record,บ้านนาสาร,,,2024-04-01 00:00:00,2024-04-01,,2024-05-15,duration_unconfirmed,,,all_agriculture_not_durian_specific,b400841d-e9d9-4a36-8896-13bdf5dfbd50,802,https://catalog.disaster.go.th/dataset/7bdbedaf-f9cd-4c42-893a-0c88ad65b2f5/resource/b400841d-e9d9-4a36-8896-13bdf5dfbd50/download/2567__final.xlsx,ภัยแล้ง67-รายการพื้นที่เกิด
84,สุราษฎร์ธานี,2567,local_area_record,บ้านนาสาร,,,2024-04-01 00:00:00,2024-04-01,,2024-05-15,duration_unconfirmed,,,all_agriculture_not_durian_specific,b400841d-e9d9-4a36-8896-13bdf5dfbd50,803,https://catalog.disaster.go.th/dataset/7bdbedaf-f9cd-4c42-893a-0c88ad65b2f5/resource/b400841d-e9d9-4a36-8896-13bdf5dfbd50/download/2567__final.xlsx,ภัยแล้ง67-รายการพื้นที่เกิด
84,สุราษฎร์ธานี,2567,local_area_record,บ้านนาสาร,,,2024-04-01 00:00:00,2024-04-01,,2024-05-15,duration_unconfirmed,,,all_agriculture_not_durian_specific,b400841d-e9d9-4a36-8896-13bdf5dfbd50,804,https://catalog.disaster.go.th/dataset/7bdbedaf-f9cd-4c42-893a-0c88ad65b2f5/resource/b400841d-e9d9-4a36-8896-13bdf5dfbd50/download/2567__final.xlsx,ภัยแล้ง67-รายการพื้นที่เกิด
84,สุราษฎร์ธานี,2567,local_area_record,บ้านนาสาร,,,2024-04-01 00:00:00,2024-04-01,,2024-05-15,duration_unconfirmed,,,all_agriculture_not_durian_specific,b400841d-e9d9-4a36-8896-13bdf5dfbd50,805,https://catalog.disaster.go.th/dataset/7bdbedaf-f9cd-4c42-893a-0c88ad65b2f5/resource/b400841d-e9d9-4a36-8896-13bdf5dfbd50/download/2567__final.xlsx,ภัยแล้ง67-รายการพื้นที่เกิด
84,สุราษฎร์ธานี,2567,local_area_record,บ้านนาสาร,,,2024-04-01 00:00:00,2024-04-01,,2024-05-15,duration_unconfirmed,,,all_agriculture_not_durian_specific,b400841d-e9d9-4a36-8896-13bdf5dfbd50,806,https://catalog.disaster.go.th/dataset/7bdbedaf-f9cd-4c42-893a-0c88ad65b2f5/resource/b400841d-e9d9-4a36-8896-13bdf5dfbd50/download/2567__final.xlsx,ภัยแล้ง67-รายการพื้นที่เกิด
84,สุราษฎร์ธานี,2567,local_area_record,บ้านนาสาร,,,2024-04-01 00:00:00,2024-04-01,,2024-05-15,duration_unconfirmed,,,all_agriculture_not_durian_specific,b400841d-e9d9-4a36-8896-13bdf5dfbd50,807,https://catalog.disaster.go.th/dataset/7bdbedaf-f9cd-4c42-893a-0c88ad65b2f5/resource/b400841d-e9d9-4a36-8896-13bdf5dfbd50/download/2567__final.xlsx,ภัยแล้ง67-รายการพื้นที่เกิด
84,สุราษฎร์ธานี,2567,local_area_record,บ้านนาสาร,,,2024-04-01 00:00:00,2024-04-01,,2024-05-15,duration_unconfirmed,,,all_agriculture_not_durian_specific,b400841d-e9d9-4a36-8896-13bdf5dfbd50,808,https://catalog.disaster.go.th/dataset/7bdbedaf-f9cd-4c42-893a-0c88ad65b2f5/resource/b400841d-e9d9-4a36-8896-13bdf5dfbd50/download/2567__final.xlsx,ภัยแล้ง67-รายการพื้นที่เกิด
84,สุราษฎร์ธานี,2567,local_area_record,บ้านนาสาร,,,2024-04-01 00:00:00,2024-04-01,,2024-05-15,duration_unconfirmed,,,all_agriculture_not_durian_specific,b400841d-e9d9-4a36-8896-13bdf5dfbd50,809,https://catalog.disaster.go.th/dataset/7bdbedaf-f9cd-4c42-893a-0c88ad65b2f5/resource/b400841d-e9d9-4a36-8896-13bdf5dfbd50/download/2567__final.xlsx,ภัยแล้ง67-รายการพื้นที่เกิด
84,สุราษฎร์ธานี,2567,local_area_record,บ้านนาสาร,,,2024-04-01 00:00:00,2024-04-01,,2024-05-15,duration_unconfirmed,,,all_agriculture_not_durian_specific,b400841d-e9d9-4a36-8896-13bdf5dfbd50,810,https://catalog.disaster.go.th/dataset/7bdbedaf-f9cd-4c42-893a-0c88ad65b2f5/resource/b400841d-e9d9-4a36-8896-13bdf5dfbd50/download/2567__final.xlsx,ภัยแล้ง67-รายการพื้นที่เกิด
84,สุราษฎร์ธานี,2567,local_area_record,บ้านนาสาร,,,2024-04-01 00:00:00,2024-04-01,,2024-05-15,duration_unconfirmed,,,all_agriculture_not_durian_specific,b400841d-e9d9-4a36-8896-13bdf5dfbd50,811,https://catalog.disaster.go.th/dataset/7bdbedaf-f9cd-4c42-893a-0c88ad65b2f5/resource/b400841d-e9d9-4a36-8896-13bdf5dfbd50/download/2567__final.xlsx,ภัยแล้ง67-รายการพื้นที่เกิด
84,สุราษฎร์ธานี,2567,local_area_record,บ้านนาสาร,,,2024-04-01 00:00:00,2024-04-01,,2024-05-15,duration_unconfirmed,,,all_agriculture_not_durian_specific,b400841d-e9d9-4a36-8896-13bdf5dfbd50,812,https://catalog.disaster.go.th/dataset/7bdbedaf-f9cd-4c42-893a-0c88ad65b2f5/resource/b400841d-e9d9-4a36-8896-13bdf5dfbd50/download/2567__final.xlsx,ภัยแล้ง67-รายการพื้นที่เกิด
84,สุราษฎร์ธานี,2567,local_area_record,บ้านนาสาร,,,2024-04-01 00:00:00,2024-04-01,,2024-05-15,duration_unconfirmed,,,all_agriculture_not_durian_specific,b400841d-e9d9-4a36-8896-13bdf5dfbd50,813,https://catalog.disaster.go.th/dataset/7bdbedaf-f9cd-4c42-893a-0c88ad65b2f5/resource/b400841d-e9d9-4a36-8896-13bdf5dfbd50/download/2567__final.xlsx,ภัยแล้ง67-รายการพื้นที่เกิด
84,สุราษฎร์ธานี,2567,local_area_record,บ้านนาสาร,,,2024-04-01 00:00:00,2024-04-01,,2024-05-15,duration_unconfirmed,,,all_agriculture_not_durian_specific,b400841d-e9d9-4a36-8896-13bdf5dfbd50,814,https://catalog.disaster.go.th/dataset/7bdbedaf-f9cd-4c42-893a-0c88ad65b2f5/resource/b400841d-e9d9-4a36-8896-13bdf5dfbd50/download/2567__final.xlsx,ภัยแล้ง67-รายการพื้นที่เกิด
84,สุราษฎร์ธานี,2567,local_area_record,บ้านนาสาร,,,2024-04-01 00:00:00,2024-04-01,,2024-05-15,duration_unconfirmed,,,all_agriculture_not_durian_specific,b400841d-e9d9-4a36-8896-13bdf5dfbd50,815,https://catalog.disaster.go.th/dataset/7bdbedaf-f9cd-4c42-893a-0c88ad65b2f5/resource/b400841d-e9d9-4a36-8896-13bdf5dfbd50/download/2567__final.xlsx,ภัยแล้ง67-รายการพื้นที่เกิด
84,สุราษฎร์ธานี,2567,local_area_record,ท่าชนะ,สมอทอง,1,2024-04-02 00:00:00,2024-04-02,,2024-05-15,duration_unconfirmed,,,all_agriculture_not_durian_specific,b400841d-e9d9-4a36-8896-13bdf5dfbd50,817,https://catalog.disaster.go.th/dataset/7bdbedaf-f9cd-4c42-893a-0c88ad65b2f5/resource/b400841d-e9d9-4a36-8896-13bdf5dfbd50/download/2567__final.xlsx,ภัยแล้ง67-รายการพื้นที่เกิด
84,สุราษฎร์ธานี,2567,local_area_record,ท่าชนะ,สมอทอง,10,2024-04-02 00:00:00,2024-04-02,,2024-05-15,duration_unconfirmed,,,all_agriculture_not_durian_specific,b400841d-e9d9-4a36-8896-13bdf5dfbd50,818,https://catalog.disaster.go.th/dataset/7bdbedaf-f9cd-4c42-893a-0c88ad65b2f5/resource/b400841d-e9d9-4a36-8896-13bdf5dfbd50/download/2567__final.xlsx,ภัยแล้ง67-รายการพื้นที่เกิด
84,สุราษฎร์ธานี,2567,local_area_record,ท่าชนะ,สมอทอง,2,2024-04-02 00:00:00,2024-04-02,,2024-05-15,duration_unconfirmed,,,all_agriculture_not_durian_specific,b400841d-e9d9-4a36-8896-13bdf5dfbd50,819,https://catalog.disaster.go.th/dataset/7bdbedaf-f9cd-4c42-893a-0c88ad65b2f5/resource/b400841d-e9d9-4a36-8896-13bdf5dfbd50/download/2567__final.xlsx,ภัยแล้ง67-รายการพื้นที่เกิด
84,สุราษฎร์ธานี,2567,local_area_record,ท่าชนะ,สมอทอง,3,2024-04-02 00:00:00,2024-04-02,,2024-05-15,duration_unconfirmed,,,all_agriculture_not_durian_specific,b400841d-e9d9-4a36-8896-13bdf5dfbd50,820,https://catalog.disaster.go.th/dataset/7bdbedaf-f9cd-4c42-893a-0c88ad65b2f5/resource/b400841d-e9d9-4a36-8896-13bdf5dfbd50/download/2567__final.xlsx,ภัยแล้ง67-รายการพื้นที่เกิด
84,สุราษฎร์ธานี,2567,local_area_record,ท่าชนะ,สมอทอง,4,2024-04-02 00:00:00,2024-04-02,,2024-05-15,duration_unconfirmed,,,all_agriculture_not_durian_specific,b400841d-e9d9-4a36-8896-13bdf5dfbd50,821,https://catalog.disaster.go.th/dataset/7bdbedaf-f9cd-4c42-893a-0c88ad65b2f5/resource/b400841d-e9d9-4a36-8896-13bdf5dfbd50/download/2567__final.xlsx,ภัยแล้ง67-รายการพื้นที่เกิด
84,สุราษฎร์ธานี,2567,local_area_record,ท่าชนะ,สมอทอง,5,2024-04-02 00:00:00,2024-04-02,,2024-05-15,duration_unconfirmed,,,all_agriculture_not_durian_specific,b400841d-e9d9-4a36-8896-13bdf5dfbd50,822,https://catalog.disaster.go.th/dataset/7bdbedaf-f9cd-4c42-893a-0c88ad65b2f5/resource/b400841d-e9d9-4a36-8896-13bdf5dfbd50/download/2567__final.xlsx,ภัยแล้ง67-รายการพื้นที่เกิด
84,สุราษฎร์ธานี,2567,local_area_record,ท่าชนะ,สมอทอง,6,2024-04-02 00:00:00,2024-04-02,,2024-05-15,duration_unconfirmed,,,all_agriculture_not_durian_specific,b400841d-e9d9-4a36-8896-13bdf5dfbd50,823,https://catalog.disaster.go.th/dataset/7bdbedaf-f9cd-4c42-893a-0c88ad65b2f5/resource/b400841d-e9d9-4a36-8896-13bdf5dfbd50/download/2567__final.xlsx,ภัยแล้ง67-รายการพื้นที่เกิด
84,สุราษฎร์ธานี,2567,local_area_record,ท่าชนะ,สมอทอง,7,2024-04-02 00:00:00,2024-04-02,,2024-05-15,duration_unconfirmed,,,all_agriculture_not_durian_specific,b400841d-e9d9-4a36-8896-13bdf5dfbd50,824,https://catalog.disaster.go.th/dataset/7bdbedaf-f9cd-4c42-893a-0c88ad65b2f5/resource/b400841d-e9d9-4a36-8896-13bdf5dfbd50/download/2567__final.xlsx,ภัยแล้ง67-รายการพื้นที่เกิด
84,สุราษฎร์ธานี,2567,local_area_record,ท่าชนะ,สมอทอง,8,2024-04-02 00:00:00,2024-04-02,,2024-05-15,duration_unconfirmed,,,all_agriculture_not_durian_specific,b400841d-e9d9-4a36-8896-13bdf5dfbd50,825,https://catalog.disaster.go.th/dataset/7bdbedaf-f9cd-4c42-893a-0c88ad65b2f5/resource/b400841d-e9d9-4a36-8896-13bdf5dfbd50/download/2567__final.xlsx,ภัยแล้ง67-รายการพื้นที่เกิด
84,สุราษฎร์ธานี,2567,local_area_record,ท่าชนะ,สมอทอง,9,2024-04-02 00:00:00,2024-04-02,,2024-05-15,duration_unconfirmed,,,all_agriculture_not_durian_specific,b400841d-e9d9-4a36-8896-13bdf5dfbd50,826,https://catalog.disaster.go.th/dataset/7bdbedaf-f9cd-4c42-893a-0c88ad65b2f5/resource/b400841d-e9d9-4a36-8896-13bdf5dfbd50/download/2567__final.xlsx,ภัยแล้ง67-รายการพื้นที่เกิด
33,ศรีสะเกษ,2567,local_area_record,ขุนหาญ,สิ,4,2024-04-03 00:00:00,2024-04-03,,,duration_unconfirmed,,,all_agriculture_not_durian_specific,b400841d-e9d9-4a36-8896-13bdf5dfbd50,827,https://catalog.disaster.go.th/dataset/7bdbedaf-f9cd-4c42-893a-0c88ad65b2f5/resource/b400841d-e9d9-4a36-8896-13bdf5dfbd50/download/2567__final.xlsx,ภัยแล้ง67-รายการพื้นที่เกิด
33,ศรีสะเกษ,2567,local_area_record,ขุนหาญ,สิ,7,2024-04-03 00:00:00,2024-04-03,,,duration_unconfirmed,,,all_agriculture_not_durian_specific,b400841d-e9d9-4a36-8896-13bdf5dfbd50,828,https://catalog.disaster.go.th/dataset/7bdbedaf-f9cd-4c42-893a-0c88ad65b2f5/resource/b400841d-e9d9-4a36-8896-13bdf5dfbd50/download/2567__final.xlsx,ภัยแล้ง67-รายการพื้นที่เกิด
33,ศรีสะเกษ,2567,local_area_record,ขุนหาญ,บักดอง,1,2024-04-03 00:00:00,2024-04-03,,,duration_unconfirmed,,21,all_agriculture_not_durian_specific,b400841d-e9d9-4a36-8896-13bdf5dfbd50,829,https://catalog.disaster.go.th/dataset/7bdbedaf-f9cd-4c42-893a-0c88ad65b2f5/resource/b400841d-e9d9-4a36-8896-13bdf5dfbd50/download/2567__final.xlsx,ภัยแล้ง67-รายการพื้นที่เกิด
33,ศรีสะเกษ,2567,local_area_record,ขุนหาญ,บักดอง,11,2024-04-03 00:00:00,2024-04-03,,,duration_unconfirmed,,85,all_agriculture_not_durian_specific,b400841d-e9d9-4a36-8896-13bdf5dfbd50,830,https://catalog.disaster.go.th/dataset/7bdbedaf-f9cd-4c42-893a-0c88ad65b2f5/resource/b400841d-e9d9-4a36-8896-13bdf5dfbd50/download/2567__final.xlsx,ภัยแล้ง67-รายการพื้นที่เกิด
33,ศรีสะเกษ,2567,local_area_record,ขุนหาญ,บักดอง,12,2024-04-03 00:00:00,2024-04-03,,,duration_unconfirmed,,,all_agriculture_not_durian_specific,b400841d-e9d9-4a36-8896-13bdf5dfbd50,831,https://catalog.disaster.go.th/dataset/7bdbedaf-f9cd-4c42-893a-0c88ad65b2f5/resource/b400841d-e9d9-4a36-8896-13bdf5dfbd50/download/2567__final.xlsx,ภัยแล้ง67-รายการพื้นที่เกิด
33,ศรีสะเกษ,2567,local_area_record,ขุนหาญ,บักดอง,13,2024-04-03 00:00:00,2024-04-03,,,duration_unconfirmed,,88,all_agriculture_not_durian_specific,b400841d-e9d9-4a36-8896-13bdf5dfbd50,832,https://catalog.disaster.go.th/dataset/7bdbedaf-f9cd-4c42-893a-0c88ad65b2f5/resource/b400841d-e9d9-4a36-8896-13bdf5dfbd50/download/2567__final.xlsx,ภัยแล้ง67-รายการพื้นที่เกิด
33,ศรีสะเกษ,2567,local_area_record,ขุนหาญ,บักดอง,15,2024-04-03 00:00:00,2024-04-03,,,duration_unconfirmed,,102,all_agriculture_not_durian_specific,b400841d-e9d9-4a36-8896-13bdf5dfbd50,833,https://catalog.disaster.go.th/dataset/7bdbedaf-f9cd-4c42-893a-0c88ad65b2f5/resource/b400841d-e9d9-4a36-8896-13bdf5dfbd50/download/2567__final.xlsx,ภัยแล้ง67-รายการพื้นที่เกิด
33,ศรีสะเกษ,2567,local_area_record,ขุนหาญ,บักดอง,16,2024-04-03 00:00:00,2024-04-03,,,duration_unconfirmed,,115,all_agriculture_not_durian_specific,b400841d-e9d9-4a36-8896-13bdf5dfbd50,834,https://catalog.disaster.go.th/dataset/7bdbedaf-f9cd-4c42-893a-0c88ad65b2f5/resource/b400841d-e9d9-4a36-8896-13bdf5dfbd50/download/2567__final.xlsx,ภัยแล้ง67-รายการพื้นที่เกิด
33,ศรีสะเกษ,2567,local_area_record,ขุนหาญ,บักดอง,17,2024-04-03 00:00:00,2024-04-03,,,duration_unconfirmed,,102,all_agriculture_not_durian_specific,b400841d-e9d9-4a36-8896-13bdf5dfbd50,835,https://catalog.disaster.go.th/dataset/7bdbedaf-f9cd-4c42-893a-0c88ad65b2f5/resource/b400841d-e9d9-4a36-8896-13bdf5dfbd50/download/2567__final.xlsx,ภัยแล้ง67-รายการพื้นที่เกิด
33,ศรีสะเกษ,2567,local_area_record,ขุนหาญ,บักดอง,3,2024-04-03 00:00:00,2024-04-03,,,duration_unconfirmed,,35,all_agriculture_not_durian_specific,b400841d-e9d9-4a36-8896-13bdf5dfbd50,836,https://catalog.disaster.go.th/dataset/7bdbedaf-f9cd-4c42-893a-0c88ad65b2f5/resource/b400841d-e9d9-4a36-8896-13bdf5dfbd50/download/2567__final.xlsx,ภัยแล้ง67-รายการพื้นที่เกิด
33,ศรีสะเกษ,2567,local_area_record,ขุนหาญ,บักดอง,9,2024-04-03 00:00:00,2024-04-03,,,duration_unconfirmed,,,all_agriculture_not_durian_specific,b400841d-e9d9-4a36-8896-13bdf5dfbd50,837,https://catalog.disaster.go.th/dataset/7bdbedaf-f9cd-4c42-893a-0c88ad65b2f5/resource/b400841d-e9d9-4a36-8896-13bdf5dfbd50/download/2567__final.xlsx,ภัยแล้ง67-รายการพื้นที่เกิด
33,ศรีสะเกษ,2567,local_area_record,ขุนหาญ,โพธิ์วงศ์,1,2024-04-03 00:00:00,2024-04-03,,,duration_unconfirmed,,,all_agriculture_not_durian_specific,b400841d-e9d9-4a36-8896-13bdf5dfbd50,838,https://catalog.disaster.go.th/dataset/7bdbedaf-f9cd-4c42-893a-0c88ad65b2f5/resource/b400841d-e9d9-4a36-8896-13bdf5dfbd50/download/2567__final.xlsx,ภัยแล้ง67-รายการพื้นที่เกิด
33,ศรีสะเกษ,2567,local_area_record,ขุนหาญ,โพธิ์วงศ์,2,2024-04-03 00:00:00,2024-04-03,,,duration_unconfirmed,,,all_agriculture_not_durian_specific,b400841d-e9d9-4a36-8896-13bdf5dfbd50,839,https://catalog.disaster.go.th/dataset/7bdbedaf-f9cd-4c42-893a-0c88ad65b2f5/resource/b400841d-e9d9-4a36-8896-13bdf5dfbd50/download/2567__final.xlsx,ภัยแล้ง67-รายการพื้นที่เกิด
33,ศรีสะเกษ,2567,local_area_record,ขุนหาญ,โพธิ์วงศ์,4,2024-04-03 00:00:00,2024-04-03,,,duration_unconfirmed,,,all_agriculture_not_durian_specific,b400841d-e9d9-4a36-8896-13bdf5dfbd50,840,https://catalog.disaster.go.th/dataset/7bdbedaf-f9cd-4c42-893a-0c88ad65b2f5/resource/b400841d-e9d9-4a36-8896-13bdf5dfbd50/download/2567__final.xlsx,ภัยแล้ง67-รายการพื้นที่เกิด
33,ศรีสะเกษ,2567,local_area_record,ขุนหาญ,โพธิ์วงศ์,5,2024-04-03 00:00:00,2024-04-03,,,duration_unconfirmed,,,all_agriculture_not_durian_specific,b400841d-e9d9-4a36-8896-13bdf5dfbd50,841,https://catalog.disaster.go.th/dataset/7bdbedaf-f9cd-4c42-893a-0c88ad65b2f5/resource/b400841d-e9d9-4a36-8896-13bdf5dfbd50/download/2567__final.xlsx,ภัยแล้ง67-รายการพื้นที่เกิด
33,ศรีสะเกษ,2567,local_area_record,ขุนหาญ,โพธิ์วงศ์,6,2024-04-03 00:00:00,2024-04-03,,,duration_unconfirmed,,,all_agriculture_not_durian_specific,b400841d-e9d9-4a36-8896-13bdf5dfbd50,842,https://catalog.disaster.go.th/dataset/7bdbedaf-f9cd-4c42-893a-0c88ad65b2f5/resource/b400841d-e9d9-4a36-8896-13bdf5dfbd50/download/2567__final.xlsx,ภัยแล้ง67-รายการพื้นที่เกิด
33,ศรีสะเกษ,2567,local_area_record,ขุนหาญ,โพธิ์วงศ์,7,2024-04-03 00:00:00,2024-04-03,,,duration_unconfirmed,,,all_agriculture_not_durian_specific,b400841d-e9d9-4a36-8896-13bdf5dfbd50,843,https://catalog.disaster.go.th/dataset/7bdbedaf-f9cd-4c42-893a-0c88ad65b2f5/resource/b400841d-e9d9-4a36-8896-13bdf5dfbd50/download/2567__final.xlsx,ภัยแล้ง67-รายการพื้นที่เกิด
33,ศรีสะเกษ,2567,local_area_record,ขุนหาญ,ไพร,11,2024-04-03 00:00:00,2024-04-03,,,duration_unconfirmed,,,all_agriculture_not_durian_specific,b400841d-e9d9-4a36-8896-13bdf5dfbd50,844,https://catalog.disaster.go.th/dataset/7bdbedaf-f9cd-4c42-893a-0c88ad65b2f5/resource/b400841d-e9d9-4a36-8896-13bdf5dfbd50/download/2567__final.xlsx,ภัยแล้ง67-รายการพื้นที่เกิด
33,ศรีสะเกษ,2567,local_area_record,ขุนหาญ,ไพร,2,2024-04-03 00:00:00,2024-04-03,,,duration_unconfirmed,,,all_agriculture_not_durian_specific,b400841d-e9d9-4a36-8896-13bdf5dfbd50,845,https://catalog.disaster.go.th/dataset/7bdbedaf-f9cd-4c42-893a-0c88ad65b2f5/resource/b400841d-e9d9-4a36-8896-13bdf5dfbd50/download/2567__final.xlsx,ภัยแล้ง67-รายการพื้นที่เกิด
33,ศรีสะเกษ,2567,local_area_record,ขุนหาญ,ไพร,3,2024-04-03 00:00:00,2024-04-03,,,duration_unconfirmed,,,all_agriculture_not_durian_specific,b400841d-e9d9-4a36-8896-13bdf5dfbd50,846,https://catalog.disaster.go.th/dataset/7bdbedaf-f9cd-4c42-893a-0c88ad65b2f5/resource/b400841d-e9d9-4a36-8896-13bdf5dfbd50/download/2567__final.xlsx,ภัยแล้ง67-รายการพื้นที่เกิด
33,ศรีสะเกษ,2567,local_area_record,ขุนหาญ,ไพร,5,2024-04-03 00:00:00,2024-04-03,,,duration_unconfirmed,,,all_agriculture_not_durian_specific,b400841d-e9d9-4a36-8896-13bdf5dfbd50,847,https://catalog.disaster.go.th/dataset/7bdbedaf-f9cd-4c42-893a-0c88ad65b2f5/resource/b400841d-e9d9-4a36-8896-13bdf5dfbd50/download/2567__final.xlsx,ภัยแล้ง67-รายการพื้นที่เกิด
33,ศรีสะเกษ,2567,local_area_record,ขุนหาญ,ไพร,9,2024-04-03 00:00:00,2024-04-03,,,duration_unconfirmed,,,all_agriculture_not_durian_specific,b400841d-e9d9-4a36-8896-13bdf5dfbd50,848,https://catalog.disaster.go.th/dataset/7bdbedaf-f9cd-4c42-893a-0c88ad65b2f5/resource/b400841d-e9d9-4a36-8896-13bdf5dfbd50/download/2567__final.xlsx,ภัยแล้ง67-รายการพื้นที่เกิด
33,ศรีสะเกษ,2567,local_area_record,ขุนหาญ,กระหวัน,2,2024-04-03 00:00:00,2024-04-03,,,duration_unconfirmed,,,all_agriculture_not_durian_specific,b400841d-e9d9-4a36-8896-13bdf5dfbd50,849,https://catalog.disaster.go.th/dataset/7bdbedaf-f9cd-4c42-893a-0c88ad65b2f5/resource/b400841d-e9d9-4a36-8896-13bdf5dfbd50/download/2567__final.xlsx,ภัยแล้ง67-รายการพื้นที่เกิด
33,ศรีสะเกษ,2567,local_area_record,ขุนหาญ,กระหวัน,4,2024-04-03 00:00:00,2024-04-03,,,duration_unconfirmed,,,all_agriculture_not_durian_specific,b400841d-e9d9-4a36-8896-13bdf5dfbd50,850,https://catalog.disaster.go.th/dataset/7bdbedaf-f9cd-4c42-893a-0c88ad65b2f5/resource/b400841d-e9d9-4a36-8896-13bdf5dfbd50/download/2567__final.xlsx,ภัยแล้ง67-รายการพื้นที่เกิด
33,ศรีสะเกษ,2567,local_area_record,ขุนหาญ,กันทรอม,1,2024-04-03 00:00:00,2024-04-03,,,duration_unconfirmed,,,all_agriculture_not_durian_specific,b400841d-e9d9-4a36-8896-13bdf5dfbd50,851,https://catalog.disaster.go.th/dataset/7bdbedaf-f9cd-4c42-893a-0c88ad65b2f5/resource/b400841d-e9d9-4a36-8896-13bdf5dfbd50/download/2567__final.xlsx,ภัยแล้ง67-รายการพื้นที่เกิด
33,ศรีสะเกษ,2567,local_area_record,ขุนหาญ,กันทรอม,10,2024-04-03 00:00:00,2024-04-03,,,duration_unconfirmed,,,all_agriculture_not_durian_specific,b400841d-e9d9-4a36-8896-13bdf5dfbd50,852,https://catalog.disaster.go.th/dataset/7bdbedaf-f9cd-4c42-893a-0c88ad65b2f5/resource/b400841d-e9d9-4a36-8896-13bdf5dfbd50/download/2567__final.xlsx,ภัยแล้ง67-รายการพื้นที่เกิด
33,ศรีสะเกษ,2567,local_area_record,ขุนหาญ,กันทรอม,11,2024-04-03 00:00:00,2024-04-03,,,duration_unconfirmed,,,all_agriculture_not_durian_specific,b400841d-e9d9-4a36-8896-13bdf5dfbd50,853,https://catalog.disaster.go.th/dataset/7bdbedaf-f9cd-4c42-893a-0c88ad65b2f5/resource/b400841d-e9d9-4a36-8896-13bdf5dfbd50/download/2567__final.xlsx,ภัยแล้ง67-รายการพื้นที่เกิด
33,ศรีสะเกษ,2567,local_area_record,ขุนหาญ,กันทรอม,12,2024-04-03 00:00:00,2024-04-03,,,duration_unconfirmed,,,all_agriculture_not_durian_specific,b400841d-e9d9-4a36-8896-13bdf5dfbd50,854,https://catalog.disaster.go.th/dataset/7bdbedaf-f9cd-4c42-893a-0c88ad65b2f5/resource/b400841d-e9d9-4a36-8896-13bdf5dfbd50/download/2567__final.xlsx,ภัยแล้ง67-รายการพื้นที่เกิด
33,ศรีสะเกษ,2567,local_area_record,ขุนหาญ,กันทรอม,13,2024-04-03 00:00:00,2024-04-03,,,duration_unconfirmed,,,all_agriculture_not_durian_specific,b400841d-e9d9-4a36-8896-13bdf5dfbd50,855,https://catalog.disaster.go.th/dataset/7bdbedaf-f9cd-4c42-893a-0c88ad65b2f5/resource/b400841d-e9d9-4a36-8896-13bdf5dfbd50/download/2567__final.xlsx,ภัยแล้ง67-รายการพื้นที่เกิด
33,ศรีสะเกษ,2567,local_area_record,ขุนหาญ,กันทรอม,2,2024-04-03 00:00:00,2024-04-03,,,duration_unconfirmed,,,all_agriculture_not_durian_specific,b400841d-e9d9-4a36-8896-13bdf5dfbd50,856,https://catalog.disaster.go.th/dataset/7bdbedaf-f9cd-4c42-893a-0c88ad65b2f5/resource/b400841d-e9d9-4a36-8896-13bdf5dfbd50/download/2567__final.xlsx,ภัยแล้ง67-รายการพื้นที่เกิด
33,ศรีสะเกษ,2567,local_area_record,ขุนหาญ,กันทรอม,3,2024-04-03 00:00:00,2024-04-03,,,duration_unconfirmed,,,all_agriculture_not_durian_specific,b400841d-e9d9-4a36-8896-13bdf5dfbd50,857,https://catalog.disaster.go.th/dataset/7bdbedaf-f9cd-4c42-893a-0c88ad65b2f5/resource/b400841d-e9d9-4a36-8896-13bdf5dfbd50/download/2567__final.xlsx,ภัยแล้ง67-รายการพื้นที่เกิด
33,ศรีสะเกษ,2567,local_area_record,ขุนหาญ,กันทรอม,4,2024-04-03 00:00:00,2024-04-03,,,duration_unconfirmed,,,all_agriculture_not_durian_specific,b400841d-e9d9-4a36-8896-13bdf5dfbd50,858,https://catalog.disaster.go.th/dataset/7bdbedaf-f9cd-4c42-893a-0c88ad65b2f5/resource/b400841d-e9d9-4a36-8896-13bdf5dfbd50/download/2567__final.xlsx,ภัยแล้ง67-รายการพื้นที่เกิด
33,ศรีสะเกษ,2567,local_area_record,ขุนหาญ,กันทรอม,5,2024-04-03 00:00:00,2024-04-03,,,duration_unconfirmed,,,all_agriculture_not_durian_specific,b400841d-e9d9-4a36-8896-13bdf5dfbd50,859,https://catalog.disaster.go.th/dataset/7bdbedaf-f9cd-4c42-893a-0c88ad65b2f5/resource/b400841d-e9d9-4a36-8896-13bdf5dfbd50/download/2567__final.xlsx,ภัยแล้ง67-รายการพื้นที่เกิด
33,ศรีสะเกษ,2567,local_area_record,ขุนหาญ,กันทรอม,6,2024-04-03 00:00:00,2024-04-03,,,duration_unconfirmed,,,all_agriculture_not_durian_specific,b400841d-e9d9-4a36-8896-13bdf5dfbd50,860,https://catalog.disaster.go.th/dataset/7bdbedaf-f9cd-4c42-893a-0c88ad65b2f5/resource/b400841d-e9d9-4a36-8896-13bdf5dfbd50/download/2567__final.xlsx,ภัยแล้ง67-รายการพื้นที่เกิด
33,ศรีสะเกษ,2567,local_area_record,ขุนหาญ,กันทรอม,7,2024-04-03 00:00:00,2024-04-03,,,duration_unconfirmed,,,all_agriculture_not_durian_specific,b400841d-e9d9-4a36-8896-13bdf5dfbd50,861,https://catalog.disaster.go.th/dataset/7bdbedaf-f9cd-4c42-893a-0c88ad65b2f5/resource/b400841d-e9d9-4a36-8896-13bdf5dfbd50/download/2567__final.xlsx,ภัยแล้ง67-รายการพื้นที่เกิด
33,ศรีสะเกษ,2567,local_area_record,ขุนหาญ,กันทรอม,8,2024-04-03 00:00:00,2024-04-03,,,duration_unconfirmed,,,all_agriculture_not_durian_specific,b400841d-e9d9-4a36-8896-13bdf5dfbd50,862,https://catalog.disaster.go.th/dataset/7bdbedaf-f9cd-4c42-893a-0c88ad65b2f5/resource/b400841d-e9d9-4a36-8896-13bdf5dfbd50/download/2567__final.xlsx,ภัยแล้ง67-รายการพื้นที่เกิด
33,ศรีสะเกษ,2567,local_area_record,ขุนหาญ,กันทรอม,9,2024-04-03 00:00:00,2024-04-03,,,duration_unconfirmed,,,all_agriculture_not_durian_specific,b400841d-e9d9-4a36-8896-13bdf5dfbd50,863,https://catalog.disaster.go.th/dataset/7bdbedaf-f9cd-4c42-893a-0c88ad65b2f5/resource/b400841d-e9d9-4a36-8896-13bdf5dfbd50/download/2567__final.xlsx,ภัยแล้ง67-รายการพื้นที่เกิด
33,ศรีสะเกษ,2567,local_area_record,ขุนหาญ,ภูฝ้าย,1,2024-04-03 00:00:00,2024-04-03,,,duration_unconfirmed,,,all_agriculture_not_durian_specific,b400841d-e9d9-4a36-8896-13bdf5dfbd50,864,https://catalog.disaster.go.th/dataset/7bdbedaf-f9cd-4c42-893a-0c88ad65b2f5/resource/b400841d-e9d9-4a36-8896-13bdf5dfbd50/download/2567__final.xlsx,ภัยแล้ง67-รายการพื้นที่เกิด
33,ศรีสะเกษ,2567,local_area_record,ขุนหาญ,ภูฝ้าย,2,2024-04-03 00:00:00,2024-04-03,,,duration_unconfirmed,,,all_agriculture_not_durian_specific,b400841d-e9d9-4a36-8896-13bdf5dfbd50,865,https://catalog.disaster.go.th/dataset/7bdbedaf-f9cd-4c42-893a-0c88ad65b2f5/resource/b400841d-e9d9-4a36-8896-13bdf5dfbd50/download/2567__final.xlsx,ภัยแล้ง67-รายการพื้นที่เกิด
33,ศรีสะเกษ,2567,local_area_record,ขุนหาญ,ห้วยจันทร์,1,2024-04-03 00:00:00,2024-04-03,,,duration_unconfirmed,,50,all_agriculture_not_durian_specific,b400841d-e9d9-4a36-8896-13bdf5dfbd50,866,https://catalog.disaster.go.th/dataset/7bdbedaf-f9cd-4c42-893a-0c88ad65b2f5/resource/b400841d-e9d9-4a36-8896-13bdf5dfbd50/download/2567__final.xlsx,ภัยแล้ง67-รายการพื้นที่เกิด
33,ศรีสะเกษ,2567,local_area_record,ขุนหาญ,ห้วยจันทร์,2,2024-04-03 00:00:00,2024-04-03,,,duration_unconfirmed,,77,all_agriculture_not_durian_specific,b400841d-e9d9-4a36-8896-13bdf5dfbd50,867,https://catalog.disaster.go.th/dataset/7bdbedaf-f9cd-4c42-893a-0c88ad65b2f5/resource/b400841d-e9d9-4a36-8896-13bdf5dfbd50/download/2567__final.xlsx,ภัยแล้ง67-รายการพื้นที่เกิด
33,ศรีสะเกษ,2567,local_area_record,ขุนหาญ,ห้วยจันทร์,3,2024-04-03 00:00:00,2024-04-03,,,duration_unconfirmed,,,all_agriculture_not_durian_specific,b400841d-e9d9-4a36-8896-13bdf5dfbd50,868,https://catalog.disaster.go.th/dataset/7bdbedaf-f9cd-4c42-893a-0c88ad65b2f5/resource/b400841d-e9d9-4a36-8896-13bdf5dfbd50/download/2567__final.xlsx,ภัยแล้ง67-รายการพื้นที่เกิด
33,ศรีสะเกษ,2567,local_area_record,ขุนหาญ,ห้วยจันทร์,4,2024-04-03 00:00:00,2024-04-03,,,duration_unconfirmed,,,all_agriculture_not_durian_specific,b400841d-e9d9-4a36-8896-13bdf5dfbd50,869,https://catalog.disaster.go.th/dataset/7bdbedaf-f9cd-4c42-893a-0c88ad65b2f5/resource/b400841d-e9d9-4a36-8896-13bdf5dfbd50/download/2567__final.xlsx,ภัยแล้ง67-รายการพื้นที่เกิด
33,ศรีสะเกษ,2567,local_area_record,ขุนหาญ,ห้วยจันทร์,5,2024-04-03 00:00:00,2024-04-03,,,duration_unconfirmed,,,all_agriculture_not_durian_specific,b400841d-e9d9-4a36-8896-13bdf5dfbd50,870,https://catalog.disaster.go.th/dataset/7bdbedaf-f9cd-4c42-893a-0c88ad65b2f5/resource/b400841d-e9d9-4a36-8896-13bdf5dfbd50/download/2567__final.xlsx,ภัยแล้ง67-รายการพื้นที่เกิด
33,ศรีสะเกษ,2567,local_area_record,ปรางค์กู่,พิมาย,2,2024-04-11 00:00:00,2024-04-11,,,duration_unconfirmed,,,all_agriculture_not_durian_specific,b400841d-e9d9-4a36-8896-13bdf5dfbd50,923,https://catalog.disaster.go.th/dataset/7bdbedaf-f9cd-4c42-893a-0c88ad65b2f5/resource/b400841d-e9d9-4a36-8896-13bdf5dfbd50/download/2567__final.xlsx,ภัยแล้ง67-รายการพื้นที่เกิด
33,ศรีสะเกษ,2567,local_area_record,ปรางค์กู่,พิมาย,6,2024-04-11 00:00:00,2024-04-11,,,duration_unconfirmed,,,all_agriculture_not_durian_specific,b400841d-e9d9-4a36-8896-13bdf5dfbd50,924,https://catalog.disaster.go.th/dataset/7bdbedaf-f9cd-4c42-893a-0c88ad65b2f5/resource/b400841d-e9d9-4a36-8896-13bdf5dfbd50/download/2567__final.xlsx,ภัยแล้ง67-รายการพื้นที่เกิด
33,ศรีสะเกษ,2567,local_area_record,ปรางค์กู่,พิมาย,7,2024-04-11 00:00:00,2024-04-11,,,duration_unconfirmed,,16,all_agriculture_not_durian_specific,b400841d-e9d9-4a36-8896-13bdf5dfbd50,925,https://catalog.disaster.go.th/dataset/7bdbedaf-f9cd-4c42-893a-0c88ad65b2f5/resource/b400841d-e9d9-4a36-8896-13bdf5dfbd50/download/2567__final.xlsx,ภัยแล้ง67-รายการพื้นที่เกิด
33,ศรีสะเกษ,2567,local_area_record,ปรางค์กู่,พิมาย,9,2024-04-11 00:00:00,2024-04-11,,,duration_unconfirmed,,,all_agriculture_not_durian_specific,b400841d-e9d9-4a36-8896-13bdf5dfbd50,926,https://catalog.disaster.go.th/dataset/7bdbedaf-f9cd-4c42-893a-0c88ad65b2f5/resource/b400841d-e9d9-4a36-8896-13bdf5dfbd50/download/2567__final.xlsx,ภัยแล้ง67-รายการพื้นที่เกิด
33,ศรีสะเกษ,2567,local_area_record,ปรางค์กู่,กู่,10,2024-04-11 00:00:00,2024-04-11,,,duration_unconfirmed,,,all_agriculture_not_durian_specific,b400841d-e9d9-4a36-8896-13bdf5dfbd50,927,https://catalog.disaster.go.th/dataset/7bdbedaf-f9cd-4c42-893a-0c88ad65b2f5/resource/b400841d-e9d9-4a36-8896-13bdf5dfbd50/download/2567__final.xlsx,ภัยแล้ง67-รายการพื้นที่เกิด
33,ศรีสะเกษ,2567,local_area_record,ปรางค์กู่,กู่,11,2024-04-11 00:00:00,2024-04-11,,,duration_unconfirmed,,,all_agriculture_not_durian_specific,b400841d-e9d9-4a36-8896-13bdf5dfbd50,928,https://catalog.disaster.go.th/dataset/7bdbedaf-f9cd-4c42-893a-0c88ad65b2f5/resource/b400841d-e9d9-4a36-8896-13bdf5dfbd50/download/2567__final.xlsx,ภัยแล้ง67-รายการพื้นที่เกิด
33,ศรีสะเกษ,2567,local_area_record,ปรางค์กู่,กู่,16,2024-04-11 00:00:00,2024-04-11,,,duration_unconfirmed,,,all_agriculture_not_durian_specific,b400841d-e9d9-4a36-8896-13bdf5dfbd50,929,https://catalog.disaster.go.th/dataset/7bdbedaf-f9cd-4c42-893a-0c88ad65b2f5/resource/b400841d-e9d9-4a36-8896-13bdf5dfbd50/download/2567__final.xlsx,ภัยแล้ง67-รายการพื้นที่เกิด
33,ศรีสะเกษ,2567,local_area_record,ปรางค์กู่,กู่,17,2024-04-11 00:00:00,2024-04-11,,,duration_unconfirmed,,,all_agriculture_not_durian_specific,b400841d-e9d9-4a36-8896-13bdf5dfbd50,930,https://catalog.disaster.go.th/dataset/7bdbedaf-f9cd-4c42-893a-0c88ad65b2f5/resource/b400841d-e9d9-4a36-8896-13bdf5dfbd50/download/2567__final.xlsx,ภัยแล้ง67-รายการพื้นที่เกิด
33,ศรีสะเกษ,2567,local_area_record,ปรางค์กู่,กู่,3,2024-04-11 00:00:00,2024-04-11,,,duration_unconfirmed,,,all_agriculture_not_durian_specific,b400841d-e9d9-4a36-8896-13bdf5dfbd50,931,https://catalog.disaster.go.th/dataset/7bdbedaf-f9cd-4c42-893a-0c88ad65b2f5/resource/b400841d-e9d9-4a36-8896-13bdf5dfbd50/download/2567__final.xlsx,ภัยแล้ง67-รายการพื้นที่เกิด
33,ศรีสะเกษ,2567,local_area_record,ปรางค์กู่,กู่,6,2024-04-11 00:00:00,2024-04-11,,,duration_unconfirmed,,,all_agriculture_not_durian_specific,b400841d-e9d9-4a36-8896-13bdf5dfbd50,932,https://catalog.disaster.go.th/dataset/7bdbedaf-f9cd-4c42-893a-0c88ad65b2f5/resource/b400841d-e9d9-4a36-8896-13bdf5dfbd50/download/2567__final.xlsx,ภัยแล้ง67-รายการพื้นที่เกิด
33,ศรีสะเกษ,2567,local_area_record,ปรางค์กู่,กู่,7,2024-04-11 00:00:00,2024-04-11,,,duration_unconfirmed,,,all_agriculture_not_durian_specific,b400841d-e9d9-4a36-8896-13bdf5dfbd50,933,https://catalog.disaster.go.th/dataset/7bdbedaf-f9cd-4c42-893a-0c88ad65b2f5/resource/b400841d-e9d9-4a36-8896-13bdf5dfbd50/download/2567__final.xlsx,ภัยแล้ง67-รายการพื้นที่เกิด
33,ศรีสะเกษ,2567,local_area_record,ปรางค์กู่,หนองเชียงทูน,15,2024-04-11 00:00:00,2024-04-11,,,duration_unconfirmed,,,all_agriculture_not_durian_specific,b400841d-e9d9-4a36-8896-13bdf5dfbd50,934,https://catalog.disaster.go.th/dataset/7bdbedaf-f9cd-4c42-893a-0c88ad65b2f5/resource/b400841d-e9d9-4a36-8896-13bdf5dfbd50/download/2567__final.xlsx,ภัยแล้ง67-รายการพื้นที่เกิด
33,ศรีสะเกษ,2567,local_area_record,ปรางค์กู่,หนองเชียงทูน,16,2024-04-11 00:00:00,2024-04-11,,,duration_unconfirmed,,15,all_agriculture_not_durian_specific,b400841d-e9d9-4a36-8896-13bdf5dfbd50,935,https://catalog.disaster.go.th/dataset/7bdbedaf-f9cd-4c42-893a-0c88ad65b2f5/resource/b400841d-e9d9-4a36-8896-13bdf5dfbd50/download/2567__final.xlsx,ภัยแล้ง67-รายการพื้นที่เกิด
33,ศรีสะเกษ,2567,local_area_record,ปรางค์กู่,หนองเชียงทูน,17,2024-04-11 00:00:00,2024-04-11,,,duration_unconfirmed,,2,all_agriculture_not_durian_specific,b400841d-e9d9-4a36-8896-13bdf5dfbd50,936,https://catalog.disaster.go.th/dataset/7bdbedaf-f9cd-4c42-893a-0c88ad65b2f5/resource/b400841d-e9d9-4a36-8896-13bdf5dfbd50/download/2567__final.xlsx,ภัยแล้ง67-รายการพื้นที่เกิด
33,ศรีสะเกษ,2567,local_area_record,ปรางค์กู่,หนองเชียงทูน,18,2024-04-11 00:00:00,2024-04-11,,,duration_unconfirmed,,26,all_agriculture_not_durian_specific,b400841d-e9d9-4a36-8896-13bdf5dfbd50,937,https://catalog.disaster.go.th/dataset/7bdbedaf-f9cd-4c42-893a-0c88ad65b2f5/resource/b400841d-e9d9-4a36-8896-13bdf5dfbd50/download/2567__final.xlsx,ภัยแล้ง67-รายการพื้นที่เกิด
33,ศรีสะเกษ,2567,local_area_record,ปรางค์กู่,หนองเชียงทูน,3,2024-04-11 00:00:00,2024-04-11,,,duration_unconfirmed,,9,all_agriculture_not_durian_specific,b400841d-e9d9-4a36-8896-13bdf5dfbd50,938,https://catalog.disaster.go.th/dataset/7bdbedaf-f9cd-4c42-893a-0c88ad65b2f5/resource/b400841d-e9d9-4a36-8896-13bdf5dfbd50/download/2567__final.xlsx,ภัยแล้ง67-รายการพื้นที่เกิด
33,ศรีสะเกษ,2567,local_area_record,ปรางค์กู่,หนองเชียงทูน,4,2024-04-11 00:00:00,2024-04-11,,,duration_unconfirmed,,35,all_agriculture_not_durian_specific,b400841d-e9d9-4a36-8896-13bdf5dfbd50,939,https://catalog.disaster.go.th/dataset/7bdbedaf-f9cd-4c42-893a-0c88ad65b2f5/resource/b400841d-e9d9-4a36-8896-13bdf5dfbd50/download/2567__final.xlsx,ภัยแล้ง67-รายการพื้นที่เกิด
33,ศรีสะเกษ,2567,local_area_record,ปรางค์กู่,หนองเชียงทูน,8,2024-04-11 00:00:00,2024-04-11,,,duration_unconfirmed,,40,all_agriculture_not_durian_specific,b400841d-e9d9-4a36-8896-13bdf5dfbd50,940,https://catalog.disaster.go.th/dataset/7bdbedaf-f9cd-4c42-893a-0c88ad65b2f5/resource/b400841d-e9d9-4a36-8896-13bdf5dfbd50/download/2567__final.xlsx,ภัยแล้ง67-รายการพื้นที่เกิด
33,ศรีสะเกษ,2567,local_area_record,ปรางค์กู่,ตูม,11,2024-04-11 00:00:00,2024-04-11,,,duration_unconfirmed,,10,all_agriculture_not_durian_specific,b400841d-e9d9-4a36-8896-13bdf5dfbd50,941,https://catalog.disaster.go.th/dataset/7bdbedaf-f9cd-4c42-893a-0c88ad65b2f5/resource/b400841d-e9d9-4a36-8896-13bdf5dfbd50/download/2567__final.xlsx,ภัยแล้ง67-รายการพื้นที่เกิด
33,ศรีสะเกษ,2567,local_area_record,ปรางค์กู่,ตูม,3,2024-04-11 00:00:00,2024-04-11,,,duration_unconfirmed,,,all_agriculture_not_durian_specific,b400841d-e9d9-4a36-8896-13bdf5dfbd50,942,https://catalog.disaster.go.th/dataset/7bdbedaf-f9cd-4c42-893a-0c88ad65b2f5/resource/b400841d-e9d9-4a36-8896-13bdf5dfbd50/download/2567__final.xlsx,ภัยแล้ง67-รายการพื้นที่เกิด
33,ศรีสะเกษ,2567,local_area_record,ปรางค์กู่,สมอ,1,2024-04-11 00:00:00,2024-04-11,,,duration_unconfirmed,,6,all_agriculture_not_durian_specific,b400841d-e9d9-4a36-8896-13bdf5dfbd50,943,https://catalog.disaster.go.th/dataset/7bdbedaf-f9cd-4c42-893a-0c88ad65b2f5/resource/b400841d-e9d9-4a36-8896-13bdf5dfbd50/download/2567__final.xlsx,ภัยแล้ง67-รายการพื้นที่เกิด
33,ศรีสะเกษ,2567,local_area_record,ปรางค์กู่,สมอ,10,2024-04-11 00:00:00,2024-04-11,,,duration_unconfirmed,,,all_agriculture_not_durian_specific,b400841d-e9d9-4a36-8896-13bdf5dfbd50,944,https://catalog.disaster.go.th/dataset/7bdbedaf-f9cd-4c42-893a-0c88ad65b2f5/resource/b400841d-e9d9-4a36-8896-13bdf5dfbd50/download/2567__final.xlsx,ภัยแล้ง67-รายการพื้นที่เกิด
33,ศรีสะเกษ,2567,local_area_record,ปรางค์กู่,สมอ,11,2024-04-11 00:00:00,2024-04-11,,,duration_unconfirmed,,22,all_agriculture_not_durian_specific,b400841d-e9d9-4a36-8896-13bdf5dfbd50,945,https://catalog.disaster.go.th/dataset/7bdbedaf-f9cd-4c42-893a-0c88ad65b2f5/resource/b400841d-e9d9-4a36-8896-13bdf5dfbd50/download/2567__final.xlsx,ภัยแล้ง67-รายการพื้นที่เกิด
33,ศรีสะเกษ,2567,local_area_record,ปรางค์กู่,สมอ,15,2024-04-11 00:00:00,2024-04-11,,,duration_unconfirmed,,11,all_agriculture_not_durian_specific,b400841d-e9d9-4a36-8896-13bdf5dfbd50,946,https://catalog.disaster.go.th/dataset/7bdbedaf-f9cd-4c42-893a-0c88ad65b2f5/resource/b400841d-e9d9-4a36-8896-13bdf5dfbd50/download/2567__final.xlsx,ภัยแล้ง67-รายการพื้นที่เกิด
33,ศรีสะเกษ,2567,local_area_record,ปรางค์กู่,สมอ,2,2024-04-11 00:00:00,2024-04-11,,,duration_unconfirmed,,2,all_agriculture_not_durian_specific,b400841d-e9d9-4a36-8896-13bdf5dfbd50,947,https://catalog.disaster.go.th/dataset/7bdbedaf-f9cd-4c42-893a-0c88ad65b2f5/resource/b400841d-e9d9-4a36-8896-13bdf5dfbd50/download/2567__final.xlsx,ภัยแล้ง67-รายการพื้นที่เกิด
33,ศรีสะเกษ,2567,local_area_record,ปรางค์กู่,สมอ,4,2024-04-11 00:00:00,2024-04-11,,,duration_unconfirmed,,,all_agriculture_not_durian_specific,b400841d-e9d9-4a36-8896-13bdf5dfbd50,948,https://catalog.disaster.go.th/dataset/7bdbedaf-f9cd-4c42-893a-0c88ad65b2f5/resource/b400841d-e9d9-4a36-8896-13bdf5dfbd50/download/2567__final.xlsx,ภัยแล้ง67-รายการพื้นที่เกิด
33,ศรีสะเกษ,2567,local_area_record,ปรางค์กู่,สมอ,5,2024-04-11 00:00:00,2024-04-11,,,duration_unconfirmed,,24,all_agriculture_not_durian_specific,b400841d-e9d9-4a36-8896-13bdf5dfbd50,949,https://catalog.disaster.go.th/dataset/7bdbedaf-f9cd-4c42-893a-0c88ad65b2f5/resource/b400841d-e9d9-4a36-8896-13bdf5dfbd50/download/2567__final.xlsx,ภัยแล้ง67-รายการพื้นที่เกิด
33,ศรีสะเกษ,2567,local_area_record,ปรางค์กู่,โพธิ์ศรี,7,2024-04-11 00:00:00,2024-04-11,,,duration_unconfirmed,,18,all_agriculture_not_durian_specific,b400841d-e9d9-4a36-8896-13bdf5dfbd50,950,https://catalog.disaster.go.th/dataset/7bdbedaf-f9cd-4c42-893a-0c88ad65b2f5/resource/b400841d-e9d9-4a36-8896-13bdf5dfbd50/download/2567__final.xlsx,ภัยแล้ง67-รายการพื้นที่เกิด
33,ศรีสะเกษ,2567,local_area_record,ปรางค์กู่,สำโรงปราสาท,1,2024-04-11 00:00:00,2024-04-11,,,duration_unconfirmed,,5.5,all_agriculture_not_durian_specific,b400841d-e9d9-4a36-8896-13bdf5dfbd50,951,https://catalog.disaster.go.th/dataset/7bdbedaf-f9cd-4c42-893a-0c88ad65b2f5/resource/b400841d-e9d9-4a36-8896-13bdf5dfbd50/download/2567__final.xlsx,ภัยแล้ง67-รายการพื้นที่เกิด
33,ศรีสะเกษ,2567,local_area_record,ปรางค์กู่,สำโรงปราสาท,17,2024-04-11 00:00:00,2024-04-11,,,duration_unconfirmed,,5,all_agriculture_not_durian_specific,b400841d-e9d9-4a36-8896-13bdf5dfbd50,952,https://catalog.disaster.go.th/dataset/7bdbedaf-f9cd-4c42-893a-0c88ad65b2f5/resource/b400841d-e9d9-4a36-8896-13bdf5dfbd50/download/2567__final.xlsx,ภัยแล้ง67-รายการพื้นที่เกิด
33,ศรีสะเกษ,2567,local_area_record,ปรางค์กู่,ดู่,1,2024-04-11 00:00:00,2024-04-11,,,duration_unconfirmed,,7,all_agriculture_not_durian_specific,b400841d-e9d9-4a36-8896-13bdf5dfbd50,953,https://catalog.disaster.go.th/dataset/7bdbedaf-f9cd-4c42-893a-0c88ad65b2f5/resource/b400841d-e9d9-4a36-8896-13bdf5dfbd50/download/2567__final.xlsx,ภัยแล้ง67-รายการพื้นที่เกิด
33,ศรีสะเกษ,2567,local_area_record,ปรางค์กู่,ดู่,10,2024-04-11 00:00:00,2024-04-11,,,duration_unconfirmed,,,all_agriculture_not_durian_specific,b400841d-e9d9-4a36-8896-13bdf5dfbd50,954,https://catalog.disaster.go.th/dataset/7bdbedaf-f9cd-4c42-893a-0c88ad65b2f5/resource/b400841d-e9d9-4a36-8896-13bdf5dfbd50/download/2567__final.xlsx,ภัยแล้ง67-รายการพื้นที่เกิด
33,ศรีสะเกษ,2567,local_area_record,ปรางค์กู่,ดู่,11,2024-04-11 00:00:00,2024-04-11,,,duration_unconfirmed,,,all_agriculture_not_durian_specific,b400841d-e9d9-4a36-8896-13bdf5dfbd50,955,https://catalog.disaster.go.th/dataset/7bdbedaf-f9cd-4c42-893a-0c88ad65b2f5/resource/b400841d-e9d9-4a36-8896-13bdf5dfbd50/download/2567__final.xlsx,ภัยแล้ง67-รายการพื้นที่เกิด
33,ศรีสะเกษ,2567,local_area_record,ปรางค์กู่,ดู่,13,2024-04-11 00:00:00,2024-04-11,,,duration_unconfirmed,,,all_agriculture_not_durian_specific,b400841d-e9d9-4a36-8896-13bdf5dfbd50,956,https://catalog.disaster.go.th/dataset/7bdbedaf-f9cd-4c42-893a-0c88ad65b2f5/resource/b400841d-e9d9-4a36-8896-13bdf5dfbd50/download/2567__final.xlsx,ภัยแล้ง67-รายการพื้นที่เกิด
33,ศรีสะเกษ,2567,local_area_record,ปรางค์กู่,ดู่,2,2024-04-11 00:00:00,2024-04-11,,,duration_unconfirmed,,31,all_agriculture_not_durian_specific,b400841d-e9d9-4a36-8896-13bdf5dfbd50,957,https://catalog.disaster.go.th/dataset/7bdbedaf-f9cd-4c42-893a-0c88ad65b2f5/resource/b400841d-e9d9-4a36-8896-13bdf5dfbd50/download/2567__final.xlsx,ภัยแล้ง67-รายการพื้นที่เกิด
33,ศรีสะเกษ,2567,local_area_record,ปรางค์กู่,ดู่,5,2024-04-11 00:00:00,2024-04-11,,,duration_unconfirmed,,,all_agriculture_not_durian_specific,b400841d-e9d9-4a36-8896-13bdf5dfbd50,958,https://catalog.disaster.go.th/dataset/7bdbedaf-f9cd-4c42-893a-0c88ad65b2f5/resource/b400841d-e9d9-4a36-8896-13bdf5dfbd50/download/2567__final.xlsx,ภัยแล้ง67-รายการพื้นที่เกิด
33,ศรีสะเกษ,2567,local_area_record,ปรางค์กู่,ดู่,6,2024-04-11 00:00:00,2024-04-11,,,duration_unconfirmed,,29,all_agriculture_not_durian_specific,b400841d-e9d9-4a36-8896-13bdf5dfbd50,959,https://catalog.disaster.go.th/dataset/7bdbedaf-f9cd-4c42-893a-0c88ad65b2f5/resource/b400841d-e9d9-4a36-8896-13bdf5dfbd50/download/2567__final.xlsx,ภัยแล้ง67-รายการพื้นที่เกิด
33,ศรีสะเกษ,2567,local_area_record,ปรางค์กู่,ดู่,8,2024-04-11 00:00:00,2024-04-11,,,duration_unconfirmed,,,all_agriculture_not_durian_specific,b400841d-e9d9-4a36-8896-13bdf5dfbd50,960,https://catalog.disaster.go.th/dataset/7bdbedaf-f9cd-4c42-893a-0c88ad65b2f5/resource/b400841d-e9d9-4a36-8896-13bdf5dfbd50/download/2567__final.xlsx,ภัยแล้ง67-รายการพื้นที่เกิด
33,ศรีสะเกษ,2567,local_area_record,ปรางค์กู่,ดู่,9,2024-04-11 00:00:00,2024-04-11,,,duration_unconfirmed,,11,all_agriculture_not_durian_specific,b400841d-e9d9-4a36-8896-13bdf5dfbd50,961,https://catalog.disaster.go.th/dataset/7bdbedaf-f9cd-4c42-893a-0c88ad65b2f5/resource/b400841d-e9d9-4a36-8896-13bdf5dfbd50/download/2567__final.xlsx,ภัยแล้ง67-รายการพื้นที่เกิด
22,จันทบุรี,2567,local_area_record,ขลุง,บ่อ,1,2024-04-15 00:00:00,2024-04-15,,2024-05-29,duration_unconfirmed,,,all_agriculture_not_durian_specific,b400841d-e9d9-4a36-8896-13bdf5dfbd50,1005,https://catalog.disaster.go.th/dataset/7bdbedaf-f9cd-4c42-893a-0c88ad65b2f5/resource/b400841d-e9d9-4a36-8896-13bdf5dfbd50/download/2567__final.xlsx,ภัยแล้ง67-รายการพื้นที่เกิด
22,จันทบุรี,2567,local_area_record,ขลุง,บ่อ,10,2024-04-15 00:00:00,2024-04-15,,2024-05-29,duration_unconfirmed,,,all_agriculture_not_durian_specific,b400841d-e9d9-4a36-8896-13bdf5dfbd50,1006,https://catalog.disaster.go.th/dataset/7bdbedaf-f9cd-4c42-893a-0c88ad65b2f5/resource/b400841d-e9d9-4a36-8896-13bdf5dfbd50/download/2567__final.xlsx,ภัยแล้ง67-รายการพื้นที่เกิด
22,จันทบุรี,2567,local_area_record,ขลุง,บ่อ,8,2024-04-15 00:00:00,2024-04-15,,2024-05-29,duration_unconfirmed,,,all_agriculture_not_durian_specific,b400841d-e9d9-4a36-8896-13bdf5dfbd50,1007,https://catalog.disaster.go.th/dataset/7bdbedaf-f9cd-4c42-893a-0c88ad65b2f5/resource/b400841d-e9d9-4a36-8896-13bdf5dfbd50/download/2567__final.xlsx,ภัยแล้ง67-รายการพื้นที่เกิด
22,จันทบุรี,2567,local_area_record,ขลุง,บ่อ,9,2024-04-15 00:00:00,2024-04-15,,2024-05-29,duration_unconfirmed,,,all_agriculture_not_durian_specific,b400841d-e9d9-4a36-8896-13bdf5dfbd50,1008,https://catalog.disaster.go.th/dataset/7bdbedaf-f9cd-4c42-893a-0c88ad65b2f5/resource/b400841d-e9d9-4a36-8896-13bdf5dfbd50/download/2567__final.xlsx,ภัยแล้ง67-รายการพื้นที่เกิด
22,จันทบุรี,2567,local_area_record,ขลุง,มาบไพ,1,2024-04-15 00:00:00,2024-04-15,,2024-05-29,duration_unconfirmed,,,all_agriculture_not_durian_specific,b400841d-e9d9-4a36-8896-13bdf5dfbd50,1009,https://catalog.disaster.go.th/dataset/7bdbedaf-f9cd-4c42-893a-0c88ad65b2f5/resource/b400841d-e9d9-4a36-8896-13bdf5dfbd50/download/2567__final.xlsx,ภัยแล้ง67-รายการพื้นที่เกิด
22,จันทบุรี,2567,local_area_record,ขลุง,มาบไพ,2,2024-04-15 00:00:00,2024-04-15,,2024-05-29,duration_unconfirmed,,,all_agriculture_not_durian_specific,b400841d-e9d9-4a36-8896-13bdf5dfbd50,1010,https://catalog.disaster.go.th/dataset/7bdbedaf-f9cd-4c42-893a-0c88ad65b2f5/resource/b400841d-e9d9-4a36-8896-13bdf5dfbd50/download/2567__final.xlsx,ภัยแล้ง67-รายการพื้นที่เกิด
22,จันทบุรี,2567,local_area_record,ขลุง,มาบไพ,3,2024-04-15 00:00:00,2024-04-15,,2024-05-29,duration_unconfirmed,,,all_agriculture_not_durian_specific,b400841d-e9d9-4a36-8896-13bdf5dfbd50,1011,https://catalog.disaster.go.th/dataset/7bdbedaf-f9cd-4c42-893a-0c88ad65b2f5/resource/b400841d-e9d9-4a36-8896-13bdf5dfbd50/download/2567__final.xlsx,ภัยแล้ง67-รายการพื้นที่เกิด
22,จันทบุรี,2567,local_area_record,ขลุง,มาบไพ,4,2024-04-15 00:00:00,2024-04-15,,2024-05-29,duration_unconfirmed,,,all_agriculture_not_durian_specific,b400841d-e9d9-4a36-8896-13bdf5dfbd50,1012,https://catalog.disaster.go.th/dataset/7bdbedaf-f9cd-4c42-893a-0c88ad65b2f5/resource/b400841d-e9d9-4a36-8896-13bdf5dfbd50/download/2567__final.xlsx,ภัยแล้ง67-รายการพื้นที่เกิด
22,จันทบุรี,2567,local_area_record,ขลุง,มาบไพ,5,2024-04-15 00:00:00,2024-04-15,,2024-05-29,duration_unconfirmed,,,all_agriculture_not_durian_specific,b400841d-e9d9-4a36-8896-13bdf5dfbd50,1013,https://catalog.disaster.go.th/dataset/7bdbedaf-f9cd-4c42-893a-0c88ad65b2f5/resource/b400841d-e9d9-4a36-8896-13bdf5dfbd50/download/2567__final.xlsx,ภัยแล้ง67-รายการพื้นที่เกิด
22,จันทบุรี,2567,local_area_record,ขลุง,มาบไพ,6,2024-04-15 00:00:00,2024-04-15,,2024-05-29,duration_unconfirmed,,,all_agriculture_not_durian_specific,b400841d-e9d9-4a36-8896-13bdf5dfbd50,1014,https://catalog.disaster.go.th/dataset/7bdbedaf-f9cd-4c42-893a-0c88ad65b2f5/resource/b400841d-e9d9-4a36-8896-13bdf5dfbd50/download/2567__final.xlsx,ภัยแล้ง67-รายการพื้นที่เกิด
22,จันทบุรี,2567,local_area_record,ขลุง,ตกพรม,1,2024-04-15 00:00:00,2024-04-15,,2024-05-29,duration_unconfirmed,,,all_agriculture_not_durian_specific,b400841d-e9d9-4a36-8896-13bdf5dfbd50,1015,https://catalog.disaster.go.th/dataset/7bdbedaf-f9cd-4c42-893a-0c88ad65b2f5/resource/b400841d-e9d9-4a36-8896-13bdf5dfbd50/download/2567__final.xlsx,ภัยแล้ง67-รายการพื้นที่เกิด
22,จันทบุรี,2567,local_area_record,ขลุง,ตกพรม,10,2024-04-15 00:00:00,2024-04-15,,2024-05-29,duration_unconfirmed,,,all_agriculture_not_durian_specific,b400841d-e9d9-4a36-8896-13bdf5dfbd50,1016,https://catalog.disaster.go.th/dataset/7bdbedaf-f9cd-4c42-893a-0c88ad65b2f5/resource/b400841d-e9d9-4a36-8896-13bdf5dfbd50/download/2567__final.xlsx,ภัยแล้ง67-รายการพื้นที่เกิด
22,จันทบุรี,2567,local_area_record,ขลุง,ตกพรม,11,2024-04-15 00:00:00,2024-04-15,,2024-05-29,duration_unconfirmed,,,all_agriculture_not_durian_specific,b400841d-e9d9-4a36-8896-13bdf5dfbd50,1017,https://catalog.disaster.go.th/dataset/7bdbedaf-f9cd-4c42-893a-0c88ad65b2f5/resource/b400841d-e9d9-4a36-8896-13bdf5dfbd50/download/2567__final.xlsx,ภัยแล้ง67-รายการพื้นที่เกิด
22,จันทบุรี,2567,local_area_record,ขลุง,ตกพรม,2,2024-04-15 00:00:00,2024-04-15,,2024-05-29,duration_unconfirmed,,,all_agriculture_not_durian_specific,b400841d-e9d9-4a36-8896-13bdf5dfbd50,1018,https://catalog.disaster.go.th/dataset/7bdbedaf-f9cd-4c42-893a-0c88ad65b2f5/resource/b400841d-e9d9-4a36-8896-13bdf5dfbd50/download/2567__final.xlsx,ภัยแล้ง67-รายการพื้นที่เกิด
22,จันทบุรี,2567,local_area_record,ขลุง,ตกพรม,3,2024-04-15 00:00:00,2024-04-15,,2024-05-29,duration_unconfirmed,,,all_agriculture_not_durian_specific,b400841d-e9d9-4a36-8896-13bdf5dfbd50,1019,https://catalog.disaster.go.th/dataset/7bdbedaf-f9cd-4c42-893a-0c88ad65b2f5/resource/b400841d-e9d9-4a36-8896-13bdf5dfbd50/download/2567__final.xlsx,ภัยแล้ง67-รายการพื้นที่เกิด
22,จันทบุรี,2567,local_area_record,ขลุง,ตกพรม,4,2024-04-15 00:00:00,2024-04-15,,2024-05-29,duration_unconfirmed,,,all_agriculture_not_durian_specific,b400841d-e9d9-4a36-8896-13bdf5dfbd50,1020,https://catalog.disaster.go.th/dataset/7bdbedaf-f9cd-4c42-893a-0c88ad65b2f5/resource/b400841d-e9d9-4a36-8896-13bdf5dfbd50/download/2567__final.xlsx,ภัยแล้ง67-รายการพื้นที่เกิด
22,จันทบุรี,2567,local_area_record,ขลุง,ตกพรม,5,2024-04-15 00:00:00,2024-04-15,,2024-05-29,duration_unconfirmed,,,all_agriculture_not_durian_specific,b400841d-e9d9-4a36-8896-13bdf5dfbd50,1021,https://catalog.disaster.go.th/dataset/7bdbedaf-f9cd-4c42-893a-0c88ad65b2f5/resource/b400841d-e9d9-4a36-8896-13bdf5dfbd50/download/2567__final.xlsx,ภัยแล้ง67-รายการพื้นที่เกิด
22,จันทบุรี,2567,local_area_record,ขลุง,ตกพรม,6,2024-04-15 00:00:00,2024-04-15,,2024-05-29,duration_unconfirmed,,,all_agriculture_not_durian_specific,b400841d-e9d9-4a36-8896-13bdf5dfbd50,1022,https://catalog.disaster.go.th/dataset/7bdbedaf-f9cd-4c42-893a-0c88ad65b2f5/resource/b400841d-e9d9-4a36-8896-13bdf5dfbd50/download/2567__final.xlsx,ภัยแล้ง67-รายการพื้นที่เกิด
22,จันทบุรี,2567,local_area_record,ขลุง,ตกพรม,7,2024-04-15 00:00:00,2024-04-15,,2024-05-29,duration_unconfirmed,,,all_agriculture_not_durian_specific,b400841d-e9d9-4a36-8896-13bdf5dfbd50,1023,https://catalog.disaster.go.th/dataset/7bdbedaf-f9cd-4c42-893a-0c88ad65b2f5/resource/b400841d-e9d9-4a36-8896-13bdf5dfbd50/download/2567__final.xlsx,ภัยแล้ง67-รายการพื้นที่เกิด
22,จันทบุรี,2567,local_area_record,ขลุง,ตกพรม,8,2024-04-15 00:00:00,2024-04-15,,2024-05-29,duration_unconfirmed,,,all_agriculture_not_durian_specific,b400841d-e9d9-4a36-8896-13bdf5dfbd50,1024,https://catalog.disaster.go.th/dataset/7bdbedaf-f9cd-4c42-893a-0c88ad65b2f5/resource/b400841d-e9d9-4a36-8896-13bdf5dfbd50/download/2567__final.xlsx,ภัยแล้ง67-รายการพื้นที่เกิด
22,จันทบุรี,2567,local_area_record,ขลุง,ตกพรม,9,2024-04-15 00:00:00,2024-04-15,,2024-05-29,duration_unconfirmed,,,all_agriculture_not_durian_specific,b400841d-e9d9-4a36-8896-13bdf5dfbd50,1025,https://catalog.disaster.go.th/dataset/7bdbedaf-f9cd-4c42-893a-0c88ad65b2f5/resource/b400841d-e9d9-4a36-8896-13bdf5dfbd50/download/2567__final.xlsx,ภัยแล้ง67-รายการพื้นที่เกิด
22,จันทบุรี,2567,local_area_record,ท่าใหม่,เขาบายศรี,1,2024-04-15 00:00:00,2024-04-15,,2024-06-12,duration_unconfirmed,,,all_agriculture_not_durian_specific,b400841d-e9d9-4a36-8896-13bdf5dfbd50,1026,https://catalog.disaster.go.th/dataset/7bdbedaf-f9cd-4c42-893a-0c88ad65b2f5/resource/b400841d-e9d9-4a36-8896-13bdf5dfbd50/download/2567__final.xlsx,ภัยแล้ง67-รายการพื้นที่เกิด
22,จันทบุรี,2567,local_area_record,ท่าใหม่,เขาบายศรี,10,2024-04-15 00:00:00,2024-04-15,,2024-06-12,duration_unconfirmed,,,all_agriculture_not_durian_specific,b400841d-e9d9-4a36-8896-13bdf5dfbd50,1027,https://catalog.disaster.go.th/dataset/7bdbedaf-f9cd-4c42-893a-0c88ad65b2f5/resource/b400841d-e9d9-4a36-8896-13bdf5dfbd50/download/2567__final.xlsx,ภัยแล้ง67-รายการพื้นที่เกิด
22,จันทบุรี,2567,local_area_record,ท่าใหม่,เขาบายศรี,11,2024-04-15 00:00:00,2024-04-15,,2024-06-12,duration_unconfirmed,,,all_agriculture_not_durian_specific,b400841d-e9d9-4a36-8896-13bdf5dfbd50,1028,https://catalog.disaster.go.th/dataset/7bdbedaf-f9cd-4c42-893a-0c88ad65b2f5/resource/b400841d-e9d9-4a36-8896-13bdf5dfbd50/download/2567__final.xlsx,ภัยแล้ง67-รายการพื้นที่เกิด
22,จันทบุรี,2567,local_area_record,ท่าใหม่,เขาบายศรี,12,2024-04-15 00:00:00,2024-04-15,,2024-06-12,duration_unconfirmed,,,all_agriculture_not_durian_specific,b400841d-e9d9-4a36-8896-13bdf5dfbd50,1029,https://catalog.disaster.go.th/dataset/7bdbedaf-f9cd-4c42-893a-0c88ad65b2f5/resource/b400841d-e9d9-4a36-8896-13bdf5dfbd50/download/2567__final.xlsx,ภัยแล้ง67-รายการพื้นที่เกิด
22,จันทบุรี,2567,local_area_record,ท่าใหม่,เขาบายศรี,2,2024-04-15 00:00:00,2024-04-15,,2024-06-12,duration_unconfirmed,,,all_agriculture_not_durian_specific,b400841d-e9d9-4a36-8896-13bdf5dfbd50,1030,https://catalog.disaster.go.th/dataset/7bdbedaf-f9cd-4c42-893a-0c88ad65b2f5/resource/b400841d-e9d9-4a36-8896-13bdf5dfbd50/download/2567__final.xlsx,ภัยแล้ง67-รายการพื้นที่เกิด
22,จันทบุรี,2567,local_area_record,ท่าใหม่,เขาบายศรี,3,2024-04-15 00:00:00,2024-04-15,,2024-06-12,duration_unconfirmed,,,all_agriculture_not_durian_specific,b400841d-e9d9-4a36-8896-13bdf5dfbd50,1031,https://catalog.disaster.go.th/dataset/7bdbedaf-f9cd-4c42-893a-0c88ad65b2f5/resource/b400841d-e9d9-4a36-8896-13bdf5dfbd50/download/2567__final.xlsx,ภัยแล้ง67-รายการพื้นที่เกิด
22,จันทบุรี,2567,local_area_record,ท่าใหม่,เขาบายศรี,4,2024-04-15 00:00:00,2024-04-15,,2024-06-12,duration_unconfirmed,,,all_agriculture_not_durian_specific,b400841d-e9d9-4a36-8896-13bdf5dfbd50,1032,https://catalog.disaster.go.th/dataset/7bdbedaf-f9cd-4c42-893a-0c88ad65b2f5/resource/b400841d-e9d9-4a36-8896-13bdf5dfbd50/download/2567__final.xlsx,ภัยแล้ง67-รายการพื้นที่เกิด
22,จันทบุรี,2567,local_area_record,ท่าใหม่,เขาบายศรี,5,2024-04-15 00:00:00,2024-04-15,,2024-06-12,duration_unconfirmed,,,all_agriculture_not_durian_specific,b400841d-e9d9-4a36-8896-13bdf5dfbd50,1033,https://catalog.disaster.go.th/dataset/7bdbedaf-f9cd-4c42-893a-0c88ad65b2f5/resource/b400841d-e9d9-4a36-8896-13bdf5dfbd50/download/2567__final.xlsx,ภัยแล้ง67-รายการพื้นที่เกิด
22,จันทบุรี,2567,local_area_record,ท่าใหม่,เขาบายศรี,6,2024-04-15 00:00:00,2024-04-15,,2024-06-12,duration_unconfirmed,,,all_agriculture_not_durian_specific,b400841d-e9d9-4a36-8896-13bdf5dfbd50,1034,https://catalog.disaster.go.th/dataset/7bdbedaf-f9cd-4c42-893a-0c88ad65b2f5/resource/b400841d-e9d9-4a36-8896-13bdf5dfbd50/download/2567__final.xlsx,ภัยแล้ง67-รายการพื้นที่เกิด
22,จันทบุรี,2567,local_area_record,ท่าใหม่,เขาบายศรี,7,2024-04-15 00:00:00,2024-04-15,,2024-06-12,duration_unconfirmed,,,all_agriculture_not_durian_specific,b400841d-e9d9-4a36-8896-13bdf5dfbd50,1035,https://catalog.disaster.go.th/dataset/7bdbedaf-f9cd-4c42-893a-0c88ad65b2f5/resource/b400841d-e9d9-4a36-8896-13bdf5dfbd50/download/2567__final.xlsx,ภัยแล้ง67-รายการพื้นที่เกิด
22,จันทบุรี,2567,local_area_record,ท่าใหม่,เขาบายศรี,8,2024-04-15 00:00:00,2024-04-15,,2024-06-12,duration_unconfirmed,,,all_agriculture_not_durian_specific,b400841d-e9d9-4a36-8896-13bdf5dfbd50,1036,https://catalog.disaster.go.th/dataset/7bdbedaf-f9cd-4c42-893a-0c88ad65b2f5/resource/b400841d-e9d9-4a36-8896-13bdf5dfbd50/download/2567__final.xlsx,ภัยแล้ง67-รายการพื้นที่เกิด
22,จันทบุรี,2567,local_area_record,ท่าใหม่,เขาบายศรี,9,2024-04-15 00:00:00,2024-04-15,,2024-06-12,duration_unconfirmed,,,all_agriculture_not_durian_specific,b400841d-e9d9-4a36-8896-13bdf5dfbd50,1037,https://catalog.disaster.go.th/dataset/7bdbedaf-f9cd-4c42-893a-0c88ad65b2f5/resource/b400841d-e9d9-4a36-8896-13bdf5dfbd50/download/2567__final.xlsx,ภัยแล้ง67-รายการพื้นที่เกิด
22,จันทบุรี,2567,local_area_record,ท่าใหม่,ทุ่งเบญจา,1,2024-04-15 00:00:00,2024-04-15,,2024-06-12,duration_unconfirmed,,,all_agriculture_not_durian_specific,b400841d-e9d9-4a36-8896-13bdf5dfbd50,1038,https://catalog.disaster.go.th/dataset/7bdbedaf-f9cd-4c42-893a-0c88ad65b2f5/resource/b400841d-e9d9-4a36-8896-13bdf5dfbd50/download/2567__final.xlsx,ภัยแล้ง67-รายการพื้นที่เกิด
22,จันทบุรี,2567,local_area_record,ท่าใหม่,ทุ่งเบญจา,10,2024-04-15 00:00:00,2024-04-15,,2024-06-12,duration_unconfirmed,,,all_agriculture_not_durian_specific,b400841d-e9d9-4a36-8896-13bdf5dfbd50,1039,https://catalog.disaster.go.th/dataset/7bdbedaf-f9cd-4c42-893a-0c88ad65b2f5/resource/b400841d-e9d9-4a36-8896-13bdf5dfbd50/download/2567__final.xlsx,ภัยแล้ง67-รายการพื้นที่เกิด
22,จันทบุรี,2567,local_area_record,ท่าใหม่,ทุ่งเบญจา,11,2024-04-15 00:00:00,2024-04-15,,2024-06-12,duration_unconfirmed,,,all_agriculture_not_durian_specific,b400841d-e9d9-4a36-8896-13bdf5dfbd50,1040,https://catalog.disaster.go.th/dataset/7bdbedaf-f9cd-4c42-893a-0c88ad65b2f5/resource/b400841d-e9d9-4a36-8896-13bdf5dfbd50/download/2567__final.xlsx,ภัยแล้ง67-รายการพื้นที่เกิด
22,จันทบุรี,2567,local_area_record,ท่าใหม่,ทุ่งเบญจา,12,2024-04-15 00:00:00,2024-04-15,,2024-06-12,duration_unconfirmed,,,all_agriculture_not_durian_specific,b400841d-e9d9-4a36-8896-13bdf5dfbd50,1041,https://catalog.disaster.go.th/dataset/7bdbedaf-f9cd-4c42-893a-0c88ad65b2f5/resource/b400841d-e9d9-4a36-8896-13bdf5dfbd50/download/2567__final.xlsx,ภัยแล้ง67-รายการพื้นที่เกิด
22,จันทบุรี,2567,local_area_record,ท่าใหม่,ทุ่งเบญจา,13,2024-04-15 00:00:00,2024-04-15,,2024-06-12,duration_unconfirmed,,,all_agriculture_not_durian_specific,b400841d-e9d9-4a36-8896-13bdf5dfbd50,1042,https://catalog.disaster.go.th/dataset/7bdbedaf-f9cd-4c42-893a-0c88ad65b2f5/resource/b400841d-e9d9-4a36-8896-13bdf5dfbd50/download/2567__final.xlsx,ภัยแล้ง67-รายการพื้นที่เกิด
22,จันทบุรี,2567,local_area_record,ท่าใหม่,ทุ่งเบญจา,14,2024-04-15 00:00:00,2024-04-15,,2024-06-12,duration_unconfirmed,,,all_agriculture_not_durian_specific,b400841d-e9d9-4a36-8896-13bdf5dfbd50,1043,https://catalog.disaster.go.th/dataset/7bdbedaf-f9cd-4c42-893a-0c88ad65b2f5/resource/b400841d-e9d9-4a36-8896-13bdf5dfbd50/download/2567__final.xlsx,ภัยแล้ง67-รายการพื้นที่เกิด
22,จันทบุรี,2567,local_area_record,ท่าใหม่,ทุ่งเบญจา,2,2024-04-15 00:00:00,2024-04-15,,2024-06-12,duration_unconfirmed,,,all_agriculture_not_durian_specific,b400841d-e9d9-4a36-8896-13bdf5dfbd50,1044,https://catalog.disaster.go.th/dataset/7bdbedaf-f9cd-4c42-893a-0c88ad65b2f5/resource/b400841d-e9d9-4a36-8896-13bdf5dfbd50/download/2567__final.xlsx,ภัยแล้ง67-รายการพื้นที่เกิด
22,จันทบุรี,2567,local_area_record,ท่าใหม่,ทุ่งเบญจา,4,2024-04-15 00:00:00,2024-04-15,,2024-06-12,duration_unconfirmed,,,all_agriculture_not_durian_specific,b400841d-e9d9-4a36-8896-13bdf5dfbd50,1045,https://catalog.disaster.go.th/dataset/7bdbedaf-f9cd-4c42-893a-0c88ad65b2f5/resource/b400841d-e9d9-4a36-8896-13bdf5dfbd50/download/2567__final.xlsx,ภัยแล้ง67-รายการพื้นที่เกิด
22,จันทบุรี,2567,local_area_record,ท่าใหม่,ทุ่งเบญจา,5,2024-04-15 00:00:00,2024-04-15,,2024-06-12,duration_unconfirmed,,,all_agriculture_not_durian_specific,b400841d-e9d9-4a36-8896-13bdf5dfbd50,1046,https://catalog.disaster.go.th/dataset/7bdbedaf-f9cd-4c42-893a-0c88ad65b2f5/resource/b400841d-e9d9-4a36-8896-13bdf5dfbd50/download/2567__final.xlsx,ภัยแล้ง67-รายการพื้นที่เกิด
22,จันทบุรี,2567,local_area_record,ท่าใหม่,ทุ่งเบญจา,6,2024-04-15 00:00:00,2024-04-15,,2024-06-12,duration_unconfirmed,,,all_agriculture_not_durian_specific,b400841d-e9d9-4a36-8896-13bdf5dfbd50,1047,https://catalog.disaster.go.th/dataset/7bdbedaf-f9cd-4c42-893a-0c88ad65b2f5/resource/b400841d-e9d9-4a36-8896-13bdf5dfbd50/download/2567__final.xlsx,ภัยแล้ง67-รายการพื้นที่เกิด
22,จันทบุรี,2567,local_area_record,ท่าใหม่,ทุ่งเบญจา,7,2024-04-15 00:00:00,2024-04-15,,2024-06-12,duration_unconfirmed,,,all_agriculture_not_durian_specific,b400841d-e9d9-4a36-8896-13bdf5dfbd50,1048,https://catalog.disaster.go.th/dataset/7bdbedaf-f9cd-4c42-893a-0c88ad65b2f5/resource/b400841d-e9d9-4a36-8896-13bdf5dfbd50/download/2567__final.xlsx,ภัยแล้ง67-รายการพื้นที่เกิด
22,จันทบุรี,2567,local_area_record,ท่าใหม่,ทุ่งเบญจา,8,2024-04-15 00:00:00,2024-04-15,,2024-06-12,duration_unconfirmed,,,all_agriculture_not_durian_specific,b400841d-e9d9-4a36-8896-13bdf5dfbd50,1049,https://catalog.disaster.go.th/dataset/7bdbedaf-f9cd-4c42-893a-0c88ad65b2f5/resource/b400841d-e9d9-4a36-8896-13bdf5dfbd50/download/2567__final.xlsx,ภัยแล้ง67-รายการพื้นที่เกิด
22,จันทบุรี,2567,local_area_record,ท่าใหม่,ทุ่งเบญจา,9,2024-04-15 00:00:00,2024-04-15,,2024-06-12,duration_unconfirmed,,,all_agriculture_not_durian_specific,b400841d-e9d9-4a36-8896-13bdf5dfbd50,1050,https://catalog.disaster.go.th/dataset/7bdbedaf-f9cd-4c42-893a-0c88ad65b2f5/resource/b400841d-e9d9-4a36-8896-13bdf5dfbd50/download/2567__final.xlsx,ภัยแล้ง67-รายการพื้นที่เกิด
22,จันทบุรี,2567,local_area_record,มะขาม,มะขาม,1,2024-04-15 00:00:00,2024-04-15,,2024-05-16,duration_unconfirmed,,,all_agriculture_not_durian_specific,b400841d-e9d9-4a36-8896-13bdf5dfbd50,1051,https://catalog.disaster.go.th/dataset/7bdbedaf-f9cd-4c42-893a-0c88ad65b2f5/resource/b400841d-e9d9-4a36-8896-13bdf5dfbd50/download/2567__final.xlsx,ภัยแล้ง67-รายการพื้นที่เกิด
22,จันทบุรี,2567,local_area_record,มะขาม,มะขาม,2,2024-04-15 00:00:00,2024-04-15,,2024-05-16,duration_unconfirmed,,,all_agriculture_not_durian_specific,b400841d-e9d9-4a36-8896-13bdf5dfbd50,1052,https://catalog.disaster.go.th/dataset/7bdbedaf-f9cd-4c42-893a-0c88ad65b2f5/resource/b400841d-e9d9-4a36-8896-13bdf5dfbd50/download/2567__final.xlsx,ภัยแล้ง67-รายการพื้นที่เกิด
22,จันทบุรี,2567,local_area_record,มะขาม,มะขาม,4,2024-04-15 00:00:00,2024-04-15,,2024-05-16,duration_unconfirmed,,,all_agriculture_not_durian_specific,b400841d-e9d9-4a36-8896-13bdf5dfbd50,1053,https://catalog.disaster.go.th/dataset/7bdbedaf-f9cd-4c42-893a-0c88ad65b2f5/resource/b400841d-e9d9-4a36-8896-13bdf5dfbd50/download/2567__final.xlsx,ภัยแล้ง67-รายการพื้นที่เกิด
22,จันทบุรี,2567,local_area_record,มะขาม,มะขาม,5,2024-04-15 00:00:00,2024-04-15,,2024-05-16,duration_unconfirmed,,,all_agriculture_not_durian_specific,b400841d-e9d9-4a36-8896-13bdf5dfbd50,1054,https://catalog.disaster.go.th/dataset/7bdbedaf-f9cd-4c42-893a-0c88ad65b2f5/resource/b400841d-e9d9-4a36-8896-13bdf5dfbd50/download/2567__final.xlsx,ภัยแล้ง67-รายการพื้นที่เกิด
22,จันทบุรี,2567,local_area_record,มะขาม,มะขาม,6,2024-04-15 00:00:00,2024-04-15,,2024-05-16,duration_unconfirmed,,,all_agriculture_not_durian_specific,b400841d-e9d9-4a36-8896-13bdf5dfbd50,1055,https://catalog.disaster.go.th/dataset/7bdbedaf-f9cd-4c42-893a-0c88ad65b2f5/resource/b400841d-e9d9-4a36-8896-13bdf5dfbd50/download/2567__final.xlsx,ภัยแล้ง67-รายการพื้นที่เกิด
22,จันทบุรี,2567,local_area_record,มะขาม,ท่าหลวง,1,2024-04-15 00:00:00,2024-04-15,,2024-05-16,duration_unconfirmed,,,all_agriculture_not_durian_specific,b400841d-e9d9-4a36-8896-13bdf5dfbd50,1056,https://catalog.disaster.go.th/dataset/7bdbedaf-f9cd-4c42-893a-0c88ad65b2f5/resource/b400841d-e9d9-4a36-8896-13bdf5dfbd50/download/2567__final.xlsx,ภัยแล้ง67-รายการพื้นที่เกิด
22,จันทบุรี,2567,local_area_record,มะขาม,ท่าหลวง,2,2024-04-15 00:00:00,2024-04-15,,2024-05-16,duration_unconfirmed,,,all_agriculture_not_durian_specific,b400841d-e9d9-4a36-8896-13bdf5dfbd50,1057,https://catalog.disaster.go.th/dataset/7bdbedaf-f9cd-4c42-893a-0c88ad65b2f5/resource/b400841d-e9d9-4a36-8896-13bdf5dfbd50/download/2567__final.xlsx,ภัยแล้ง67-รายการพื้นที่เกิด
22,จันทบุรี,2567,local_area_record,มะขาม,ท่าหลวง,3,2024-04-15 00:00:00,2024-04-15,,2024-05-16,duration_unconfirmed,,,all_agriculture_not_durian_specific,b400841d-e9d9-4a36-8896-13bdf5dfbd50,1058,https://catalog.disaster.go.th/dataset/7bdbedaf-f9cd-4c42-893a-0c88ad65b2f5/resource/b400841d-e9d9-4a36-8896-13bdf5dfbd50/download/2567__final.xlsx,ภัยแล้ง67-รายการพื้นที่เกิด
22,จันทบุรี,2567,local_area_record,มะขาม,ท่าหลวง,8,2024-04-15 00:00:00,2024-04-15,,2024-05-16,duration_unconfirmed,,,all_agriculture_not_durian_specific,b400841d-e9d9-4a36-8896-13bdf5dfbd50,1059,https://catalog.disaster.go.th/dataset/7bdbedaf-f9cd-4c42-893a-0c88ad65b2f5/resource/b400841d-e9d9-4a36-8896-13bdf5dfbd50/download/2567__final.xlsx,ภัยแล้ง67-รายการพื้นที่เกิด
22,จันทบุรี,2567,local_area_record,มะขาม,วังแซ้ม,10,2024-04-15 00:00:00,2024-04-15,,2024-05-16,duration_unconfirmed,,,all_agriculture_not_durian_specific,b400841d-e9d9-4a36-8896-13bdf5dfbd50,1060,https://catalog.disaster.go.th/dataset/7bdbedaf-f9cd-4c42-893a-0c88ad65b2f5/resource/b400841d-e9d9-4a36-8896-13bdf5dfbd50/download/2567__final.xlsx,ภัยแล้ง67-รายการพื้นที่เกิด
22,จันทบุรี,2567,local_area_record,มะขาม,วังแซ้ม,9,2024-04-15 00:00:00,2024-04-15,,2024-05-16,duration_unconfirmed,,,all_agriculture_not_durian_specific,b400841d-e9d9-4a36-8896-13bdf5dfbd50,1061,https://catalog.disaster.go.th/dataset/7bdbedaf-f9cd-4c42-893a-0c88ad65b2f5/resource/b400841d-e9d9-4a36-8896-13bdf5dfbd50/download/2567__final.xlsx,ภัยแล้ง67-รายการพื้นที่เกิด
22,จันทบุรี,2567,local_area_record,มะขาม,ฉมัน,1,2024-04-15 00:00:00,2024-04-15,,2024-05-16,duration_unconfirmed,,,all_agriculture_not_durian_specific,b400841d-e9d9-4a36-8896-13bdf5dfbd50,1062,https://catalog.disaster.go.th/dataset/7bdbedaf-f9cd-4c42-893a-0c88ad65b2f5/resource/b400841d-e9d9-4a36-8896-13bdf5dfbd50/download/2567__final.xlsx,ภัยแล้ง67-รายการพื้นที่เกิด
22,จันทบุรี,2567,local_area_record,มะขาม,ฉมัน,2,2024-04-15 00:00:00,2024-04-15,,2024-05-16,duration_unconfirmed,,,all_agriculture_not_durian_specific,b400841d-e9d9-4a36-8896-13bdf5dfbd50,1063,https://catalog.disaster.go.th/dataset/7bdbedaf-f9cd-4c42-893a-0c88ad65b2f5/resource/b400841d-e9d9-4a36-8896-13bdf5dfbd50/download/2567__final.xlsx,ภัยแล้ง67-รายการพื้นที่เกิด
22,จันทบุรี,2567,local_area_record,มะขาม,ฉมัน,3,2024-04-15 00:00:00,2024-04-15,,2024-05-16,duration_unconfirmed,,,all_agriculture_not_durian_specific,b400841d-e9d9-4a36-8896-13bdf5dfbd50,1064,https://catalog.disaster.go.th/dataset/7bdbedaf-f9cd-4c42-893a-0c88ad65b2f5/resource/b400841d-e9d9-4a36-8896-13bdf5dfbd50/download/2567__final.xlsx,ภัยแล้ง67-รายการพื้นที่เกิด
22,จันทบุรี,2567,local_area_record,มะขาม,ฉมัน,4,2024-04-15 00:00:00,2024-04-15,,2024-05-16,duration_unconfirmed,,,all_agriculture_not_durian_specific,b400841d-e9d9-4a36-8896-13bdf5dfbd50,1065,https://catalog.disaster.go.th/dataset/7bdbedaf-f9cd-4c42-893a-0c88ad65b2f5/resource/b400841d-e9d9-4a36-8896-13bdf5dfbd50/download/2567__final.xlsx,ภัยแล้ง67-รายการพื้นที่เกิด
22,จันทบุรี,2567,local_area_record,มะขาม,ฉมัน,5,2024-04-15 00:00:00,2024-04-15,,2024-05-16,duration_unconfirmed,,,all_agriculture_not_durian_specific,b400841d-e9d9-4a36-8896-13bdf5dfbd50,1066,https://catalog.disaster.go.th/dataset/7bdbedaf-f9cd-4c42-893a-0c88ad65b2f5/resource/b400841d-e9d9-4a36-8896-13bdf5dfbd50/download/2567__final.xlsx,ภัยแล้ง67-รายการพื้นที่เกิด
22,จันทบุรี,2567,local_area_record,มะขาม,ฉมัน,6,2024-04-15 00:00:00,2024-04-15,,2024-05-16,duration_unconfirmed,,,all_agriculture_not_durian_specific,b400841d-e9d9-4a36-8896-13bdf5dfbd50,1067,https://catalog.disaster.go.th/dataset/7bdbedaf-f9cd-4c42-893a-0c88ad65b2f5/resource/b400841d-e9d9-4a36-8896-13bdf5dfbd50/download/2567__final.xlsx,ภัยแล้ง67-รายการพื้นที่เกิด
22,จันทบุรี,2567,local_area_record,มะขาม,ฉมัน,7,2024-04-15 00:00:00,2024-04-15,,2024-05-16,duration_unconfirmed,,,all_agriculture_not_durian_specific,b400841d-e9d9-4a36-8896-13bdf5dfbd50,1068,https://catalog.disaster.go.th/dataset/7bdbedaf-f9cd-4c42-893a-0c88ad65b2f5/resource/b400841d-e9d9-4a36-8896-13bdf5dfbd50/download/2567__final.xlsx,ภัยแล้ง67-รายการพื้นที่เกิด
22,จันทบุรี,2567,local_area_record,มะขาม,ฉมัน,8,2024-04-15 00:00:00,2024-04-15,,2024-05-16,duration_unconfirmed,,,all_agriculture_not_durian_specific,b400841d-e9d9-4a36-8896-13bdf5dfbd50,1069,https://catalog.disaster.go.th/dataset/7bdbedaf-f9cd-4c42-893a-0c88ad65b2f5/resource/b400841d-e9d9-4a36-8896-13bdf5dfbd50/download/2567__final.xlsx,ภัยแล้ง67-รายการพื้นที่เกิด
22,จันทบุรี,2567,local_area_record,มะขาม,ฉมัน,9,2024-04-15 00:00:00,2024-04-15,,2024-05-16,duration_unconfirmed,,,all_agriculture_not_durian_specific,b400841d-e9d9-4a36-8896-13bdf5dfbd50,1070,https://catalog.disaster.go.th/dataset/7bdbedaf-f9cd-4c42-893a-0c88ad65b2f5/resource/b400841d-e9d9-4a36-8896-13bdf5dfbd50/download/2567__final.xlsx,ภัยแล้ง67-รายการพื้นที่เกิด
22,จันทบุรี,2567,local_area_record,เขาคิชฌกูฏ,ตะเคียนทอง,2,2024-04-15 00:00:00,2024-04-15,,2024-05-15,duration_unconfirmed,,,all_agriculture_not_durian_specific,b400841d-e9d9-4a36-8896-13bdf5dfbd50,1071,https://catalog.disaster.go.th/dataset/7bdbedaf-f9cd-4c42-893a-0c88ad65b2f5/resource/b400841d-e9d9-4a36-8896-13bdf5dfbd50/download/2567__final.xlsx,ภัยแล้ง67-รายการพื้นที่เกิด
22,จันทบุรี,2567,local_area_record,เขาคิชฌกูฏ,ตะเคียนทอง,3,2024-04-15 00:00:00,2024-04-15,,2024-05-15,duration_unconfirmed,,,all_agriculture_not_durian_specific,b400841d-e9d9-4a36-8896-13bdf5dfbd50,1072,https://catalog.disaster.go.th/dataset/7bdbedaf-f9cd-4c42-893a-0c88ad65b2f5/resource/b400841d-e9d9-4a36-8896-13bdf5dfbd50/download/2567__final.xlsx,ภัยแล้ง67-รายการพื้นที่เกิด
22,จันทบุรี,2567,local_area_record,เขาคิชฌกูฏ,จันทเขลม,2,2024-04-15 00:00:00,2024-04-15,,2024-05-15,duration_unconfirmed,,,all_agriculture_not_durian_specific,b400841d-e9d9-4a36-8896-13bdf5dfbd50,1073,https://catalog.disaster.go.th/dataset/7bdbedaf-f9cd-4c42-893a-0c88ad65b2f5/resource/b400841d-e9d9-4a36-8896-13bdf5dfbd50/download/2567__final.xlsx,ภัยแล้ง67-รายการพื้นที่เกิด
22,จันทบุรี,2567,local_area_record,เขาคิชฌกูฏ,จันทเขลม,5,2024-04-15 00:00:00,2024-04-15,,2024-05-15,duration_unconfirmed,,,all_agriculture_not_durian_specific,b400841d-e9d9-4a36-8896-13bdf5dfbd50,1074,https://catalog.disaster.go.th/dataset/7bdbedaf-f9cd-4c42-893a-0c88ad65b2f5/resource/b400841d-e9d9-4a36-8896-13bdf5dfbd50/download/2567__final.xlsx,ภัยแล้ง67-รายการพื้นที่เกิด
22,จันทบุรี,2567,local_area_record,เขาคิชฌกูฏ,จันทเขลม,6,2024-04-15 00:00:00,2024-04-15,,2024-05-15,duration_unconfirmed,,,all_agriculture_not_durian_specific,b400841d-e9d9-4a36-8896-13bdf5dfbd50,1075,https://catalog.disaster.go.th/dataset/7bdbedaf-f9cd-4c42-893a-0c88ad65b2f5/resource/b400841d-e9d9-4a36-8896-13bdf5dfbd50/download/2567__final.xlsx,ภัยแล้ง67-รายการพื้นที่เกิด
22,จันทบุรี,2567,local_area_record,เขาคิชฌกูฏ,จันทเขลม,7,2024-04-15 00:00:00,2024-04-15,,2024-05-15,duration_unconfirmed,,,all_agriculture_not_durian_specific,b400841d-e9d9-4a36-8896-13bdf5dfbd50,1076,https://catalog.disaster.go.th/dataset/7bdbedaf-f9cd-4c42-893a-0c88ad65b2f5/resource/b400841d-e9d9-4a36-8896-13bdf5dfbd50/download/2567__final.xlsx,ภัยแล้ง67-รายการพื้นที่เกิด
22,จันทบุรี,2567,local_area_record,เขาคิชฌกูฏ,จันทเขลม,8,2024-04-15 00:00:00,2024-04-15,,2024-05-15,duration_unconfirmed,,,all_agriculture_not_durian_specific,b400841d-e9d9-4a36-8896-13bdf5dfbd50,1077,https://catalog.disaster.go.th/dataset/7bdbedaf-f9cd-4c42-893a-0c88ad65b2f5/resource/b400841d-e9d9-4a36-8896-13bdf5dfbd50/download/2567__final.xlsx,ภัยแล้ง67-รายการพื้นที่เกิด
84,สุราษฎร์ธานี,2567,local_area_record,กาญจนดิษฐ์,ทุ่งรัง,1,2024-04-17 00:00:00,2024-04-17,,2024-05-15,duration_unconfirmed,,,all_agriculture_not_durian_specific,b400841d-e9d9-4a36-8896-13bdf5dfbd50,1219,https://catalog.disaster.go.th/dataset/7bdbedaf-f9cd-4c42-893a-0c88ad65b2f5/resource/b400841d-e9d9-4a36-8896-13bdf5dfbd50/download/2567__final.xlsx,ภัยแล้ง67-รายการพื้นที่เกิด
84,สุราษฎร์ธานี,2567,local_area_record,กาญจนดิษฐ์,ทุ่งรัง,2,2024-04-17 00:00:00,2024-04-17,,2024-05-15,duration_unconfirmed,,,all_agriculture_not_durian_specific,b400841d-e9d9-4a36-8896-13bdf5dfbd50,1220,https://catalog.disaster.go.th/dataset/7bdbedaf-f9cd-4c42-893a-0c88ad65b2f5/resource/b400841d-e9d9-4a36-8896-13bdf5dfbd50/download/2567__final.xlsx,ภัยแล้ง67-รายการพื้นที่เกิด
84,สุราษฎร์ธานี,2567,local_area_record,กาญจนดิษฐ์,ทุ่งรัง,3,2024-04-17 00:00:00,2024-04-17,,2024-05-15,duration_unconfirmed,,,all_agriculture_not_durian_specific,b400841d-e9d9-4a36-8896-13bdf5dfbd50,1221,https://catalog.disaster.go.th/dataset/7bdbedaf-f9cd-4c42-893a-0c88ad65b2f5/resource/b400841d-e9d9-4a36-8896-13bdf5dfbd50/download/2567__final.xlsx,ภัยแล้ง67-รายการพื้นที่เกิด
84,สุราษฎร์ธานี,2567,local_area_record,กาญจนดิษฐ์,ทุ่งรัง,4,2024-04-17 00:00:00,2024-04-17,,2024-05-15,duration_unconfirmed,,,all_agriculture_not_durian_specific,b400841d-e9d9-4a36-8896-13bdf5dfbd50,1222,https://catalog.disaster.go.th/dataset/7bdbedaf-f9cd-4c42-893a-0c88ad65b2f5/resource/b400841d-e9d9-4a36-8896-13bdf5dfbd50/download/2567__final.xlsx,ภัยแล้ง67-รายการพื้นที่เกิด
84,สุราษฎร์ธานี,2567,local_area_record,กาญจนดิษฐ์,ทุ่งรัง,5,2024-04-17 00:00:00,2024-04-17,,2024-05-15,duration_unconfirmed,,,all_agriculture_not_durian_specific,b400841d-e9d9-4a36-8896-13bdf5dfbd50,1223,https://catalog.disaster.go.th/dataset/7bdbedaf-f9cd-4c42-893a-0c88ad65b2f5/resource/b400841d-e9d9-4a36-8896-13bdf5dfbd50/download/2567__final.xlsx,ภัยแล้ง67-รายการพื้นที่เกิด
84,สุราษฎร์ธานี,2567,local_area_record,กาญจนดิษฐ์,กรูด,1,2024-04-18 00:00:00,2024-04-18,,2024-05-15,duration_unconfirmed,,,all_agriculture_not_durian_specific,b400841d-e9d9-4a36-8896-13bdf5dfbd50,1225,https://catalog.disaster.go.th/dataset/7bdbedaf-f9cd-4c42-893a-0c88ad65b2f5/resource/b400841d-e9d9-4a36-8896-13bdf5dfbd50/download/2567__final.xlsx,ภัยแล้ง67-รายการพื้นที่เกิด
84,สุราษฎร์ธานี,2567,local_area_record,กาญจนดิษฐ์,กรูด,10,2024-04-18 00:00:00,2024-04-18,,2024-05-15,duration_unconfirmed,,,all_agriculture_not_durian_specific,b400841d-e9d9-4a36-8896-13bdf5dfbd50,1226,https://catalog.disaster.go.th/dataset/7bdbedaf-f9cd-4c42-893a-0c88ad65b2f5/resource/b400841d-e9d9-4a36-8896-13bdf5dfbd50/download/2567__final.xlsx,ภัยแล้ง67-รายการพื้นที่เกิด
84,สุราษฎร์ธานี,2567,local_area_record,กาญจนดิษฐ์,กรูด,2,2024-04-18 00:00:00,2024-04-18,,2024-05-15,duration_unconfirmed,,,all_agriculture_not_durian_specific,b400841d-e9d9-4a36-8896-13bdf5dfbd50,1227,https://catalog.disaster.go.th/dataset/7bdbedaf-f9cd-4c42-893a-0c88ad65b2f5/resource/b400841d-e9d9-4a36-8896-13bdf5dfbd50/download/2567__final.xlsx,ภัยแล้ง67-รายการพื้นที่เกิด
84,สุราษฎร์ธานี,2567,local_area_record,กาญจนดิษฐ์,กรูด,3,2024-04-18 00:00:00,2024-04-18,,2024-05-15,duration_unconfirmed,,,all_agriculture_not_durian_specific,b400841d-e9d9-4a36-8896-13bdf5dfbd50,1228,https://catalog.disaster.go.th/dataset/7bdbedaf-f9cd-4c42-893a-0c88ad65b2f5/resource/b400841d-e9d9-4a36-8896-13bdf5dfbd50/download/2567__final.xlsx,ภัยแล้ง67-รายการพื้นที่เกิด
84,สุราษฎร์ธานี,2567,local_area_record,กาญจนดิษฐ์,กรูด,4,2024-04-18 00:00:00,2024-04-18,,2024-05-15,duration_unconfirmed,,,all_agriculture_not_durian_specific,b400841d-e9d9-4a36-8896-13bdf5dfbd50,1229,https://catalog.disaster.go.th/dataset/7bdbedaf-f9cd-4c42-893a-0c88ad65b2f5/resource/b400841d-e9d9-4a36-8896-13bdf5dfbd50/download/2567__final.xlsx,ภัยแล้ง67-รายการพื้นที่เกิด
84,สุราษฎร์ธานี,2567,local_area_record,กาญจนดิษฐ์,กรูด,5,2024-04-18 00:00:00,2024-04-18,,2024-05-15,duration_unconfirmed,,,all_agriculture_not_durian_specific,b400841d-e9d9-4a36-8896-13bdf5dfbd50,1230,https://catalog.disaster.go.th/dataset/7bdbedaf-f9cd-4c42-893a-0c88ad65b2f5/resource/b400841d-e9d9-4a36-8896-13bdf5dfbd50/download/2567__final.xlsx,ภัยแล้ง67-รายการพื้นที่เกิด
84,สุราษฎร์ธานี,2567,local_area_record,กาญจนดิษฐ์,กรูด,6,2024-04-18 00:00:00,2024-04-18,,2024-05-15,duration_unconfirmed,,,all_agriculture_not_durian_specific,b400841d-e9d9-4a36-8896-13bdf5dfbd50,1231,https://catalog.disaster.go.th/dataset/7bdbedaf-f9cd-4c42-893a-0c88ad65b2f5/resource/b400841d-e9d9-4a36-8896-13bdf5dfbd50/download/2567__final.xlsx,ภัยแล้ง67-รายการพื้นที่เกิด
84,สุราษฎร์ธานี,2567,local_area_record,กาญจนดิษฐ์,กรูด,7,2024-04-18 00:00:00,2024-04-18,,2024-05-15,duration_unconfirmed,,,all_agriculture_not_durian_specific,b400841d-e9d9-4a36-8896-13bdf5dfbd50,1232,https://catalog.disaster.go.th/dataset/7bdbedaf-f9cd-4c42-893a-0c88ad65b2f5/resource/b400841d-e9d9-4a36-8896-13bdf5dfbd50/download/2567__final.xlsx,ภัยแล้ง67-รายการพื้นที่เกิด
84,สุราษฎร์ธานี,2567,local_area_record,กาญจนดิษฐ์,กรูด,8,2024-04-18 00:00:00,2024-04-18,,2024-05-15,duration_unconfirmed,,,all_agriculture_not_durian_specific,b400841d-e9d9-4a36-8896-13bdf5dfbd50,1233,https://catalog.disaster.go.th/dataset/7bdbedaf-f9cd-4c42-893a-0c88ad65b2f5/resource/b400841d-e9d9-4a36-8896-13bdf5dfbd50/download/2567__final.xlsx,ภัยแล้ง67-รายการพื้นที่เกิด
84,สุราษฎร์ธานี,2567,local_area_record,กาญจนดิษฐ์,กรูด,9,2024-04-18 00:00:00,2024-04-18,,2024-05-15,duration_unconfirmed,,,all_agriculture_not_durian_specific,b400841d-e9d9-4a36-8896-13bdf5dfbd50,1234,https://catalog.disaster.go.th/dataset/7bdbedaf-f9cd-4c42-893a-0c88ad65b2f5/resource/b400841d-e9d9-4a36-8896-13bdf5dfbd50/download/2567__final.xlsx,ภัยแล้ง67-รายการพื้นที่เกิด
84,สุราษฎร์ธานี,2567,local_area_record,กาญจนดิษฐ์,ช้างขวา,1,2024-04-19 00:00:00,2024-04-19,,2024-05-15,duration_unconfirmed,,,all_agriculture_not_durian_specific,b400841d-e9d9-4a36-8896-13bdf5dfbd50,1242,https://catalog.disaster.go.th/dataset/7bdbedaf-f9cd-4c42-893a-0c88ad65b2f5/resource/b400841d-e9d9-4a36-8896-13bdf5dfbd50/download/2567__final.xlsx,ภัยแล้ง67-รายการพื้นที่เกิด
84,สุราษฎร์ธานี,2567,local_area_record,กาญจนดิษฐ์,ช้างขวา,10,2024-04-19 00:00:00,2024-04-19,,2024-05-15,duration_unconfirmed,,,all_agriculture_not_durian_specific,b400841d-e9d9-4a36-8896-13bdf5dfbd50,1243,https://catalog.disaster.go.th/dataset/7bdbedaf-f9cd-4c42-893a-0c88ad65b2f5/resource/b400841d-e9d9-4a36-8896-13bdf5dfbd50/download/2567__final.xlsx,ภัยแล้ง67-รายการพื้นที่เกิด
84,สุราษฎร์ธานี,2567,local_area_record,กาญจนดิษฐ์,ช้างขวา,11,2024-04-19 00:00:00,2024-04-19,,2024-05-15,duration_unconfirmed,,,all_agriculture_not_durian_specific,b400841d-e9d9-4a36-8896-13bdf5dfbd50,1244,https://catalog.disaster.go.th/dataset/7bdbedaf-f9cd-4c42-893a-0c88ad65b2f5/resource/b400841d-e9d9-4a36-8896-13bdf5dfbd50/download/2567__final.xlsx,ภัยแล้ง67-รายการพื้นที่เกิด
84,สุราษฎร์ธานี,2567,local_area_record,กาญจนดิษฐ์,ช้างขวา,12,2024-04-19 00:00:00,2024-04-19,,2024-05-15,duration_unconfirmed,,,all_agriculture_not_durian_specific,b400841d-e9d9-4a36-8896-13bdf5dfbd50,1245,https://catalog.disaster.go.th/dataset/7bdbedaf-f9cd-4c42-893a-0c88ad65b2f5/resource/b400841d-e9d9-4a36-8896-13bdf5dfbd50/download/2567__final.xlsx,ภัยแล้ง67-รายการพื้นที่เกิด
84,สุราษฎร์ธานี,2567,local_area_record,กาญจนดิษฐ์,ช้างขวา,13,2024-04-19 00:00:00,2024-04-19,,2024-05-15,duration_unconfirmed,,,all_agriculture_not_durian_specific,b400841d-e9d9-4a36-8896-13bdf5dfbd50,1246,https://catalog.disaster.go.th/dataset/7bdbedaf-f9cd-4c42-893a-0c88ad65b2f5/resource/b400841d-e9d9-4a36-8896-13bdf5dfbd50/download/2567__final.xlsx,ภัยแล้ง67-รายการพื้นที่เกิด
84,สุราษฎร์ธานี,2567,local_area_record,กาญจนดิษฐ์,ช้างขวา,14,2024-04-19 00:00:00,2024-04-19,,2024-05-15,duration_unconfirmed,,,all_agriculture_not_durian_specific,b400841d-e9d9-4a36-8896-13bdf5dfbd50,1247,https://catalog.disaster.go.th/dataset/7bdbedaf-f9cd-4c42-893a-0c88ad65b2f5/resource/b400841d-e9d9-4a36-8896-13bdf5dfbd50/download/2567__final.xlsx,ภัยแล้ง67-รายการพื้นที่เกิด
84,สุราษฎร์ธานี,2567,local_area_record,กาญจนดิษฐ์,ช้างขวา,2,2024-04-19 00:00:00,2024-04-19,,2024-05-15,duration_unconfirmed,,,all_agriculture_not_durian_specific,b400841d-e9d9-4a36-8896-13bdf5dfbd50,1248,https://catalog.disaster.go.th/dataset/7bdbedaf-f9cd-4c42-893a-0c88ad65b2f5/resource/b400841d-e9d9-4a36-8896-13bdf5dfbd50/download/2567__final.xlsx,ภัยแล้ง67-รายการพื้นที่เกิด
84,สุราษฎร์ธานี,2567,local_area_record,กาญจนดิษฐ์,ช้างขวา,3,2024-04-19 00:00:00,2024-04-19,,2024-05-15,duration_unconfirmed,,,all_agriculture_not_durian_specific,b400841d-e9d9-4a36-8896-13bdf5dfbd50,1249,https://catalog.disaster.go.th/dataset/7bdbedaf-f9cd-4c42-893a-0c88ad65b2f5/resource/b400841d-e9d9-4a36-8896-13bdf5dfbd50/download/2567__final.xlsx,ภัยแล้ง67-รายการพื้นที่เกิด
84,สุราษฎร์ธานี,2567,local_area_record,กาญจนดิษฐ์,ช้างขวา,4,2024-04-19 00:00:00,2024-04-19,,2024-05-15,duration_unconfirmed,,,all_agriculture_not_durian_specific,b400841d-e9d9-4a36-8896-13bdf5dfbd50,1250,https://catalog.disaster.go.th/dataset/7bdbedaf-f9cd-4c42-893a-0c88ad65b2f5/resource/b400841d-e9d9-4a36-8896-13bdf5dfbd50/download/2567__final.xlsx,ภัยแล้ง67-รายการพื้นที่เกิด
84,สุราษฎร์ธานี,2567,local_area_record,กาญจนดิษฐ์,ช้างขวา,5,2024-04-19 00:00:00,2024-04-19,,2024-05-15,duration_unconfirmed,,,all_agriculture_not_durian_specific,b400841d-e9d9-4a36-8896-13bdf5dfbd50,1251,https://catalog.disaster.go.th/dataset/7bdbedaf-f9cd-4c42-893a-0c88ad65b2f5/resource/b400841d-e9d9-4a36-8896-13bdf5dfbd50/download/2567__final.xlsx,ภัยแล้ง67-รายการพื้นที่เกิด
84,สุราษฎร์ธานี,2567,local_area_record,กาญจนดิษฐ์,ช้างขวา,6,2024-04-19 00:00:00,2024-04-19,,2024-05-15,duration_unconfirmed,,,all_agriculture_not_durian_specific,b400841d-e9d9-4a36-8896-13bdf5dfbd50,1252,https://catalog.disaster.go.th/dataset/7bdbedaf-f9cd-4c42-893a-0c88ad65b2f5/resource/b400841d-e9d9-4a36-8896-13bdf5dfbd50/download/2567__final.xlsx,ภัยแล้ง67-รายการพื้นที่เกิด
84,สุราษฎร์ธานี,2567,local_area_record,กาญจนดิษฐ์,ช้างขวา,7,2024-04-19 00:00:00,2024-04-19,,2024-05-15,duration_unconfirmed,,,all_agriculture_not_durian_specific,b400841d-e9d9-4a36-8896-13bdf5dfbd50,1253,https://catalog.disaster.go.th/dataset/7bdbedaf-f9cd-4c42-893a-0c88ad65b2f5/resource/b400841d-e9d9-4a36-8896-13bdf5dfbd50/download/2567__final.xlsx,ภัยแล้ง67-รายการพื้นที่เกิด
84,สุราษฎร์ธานี,2567,local_area_record,กาญจนดิษฐ์,ช้างขวา,8,2024-04-19 00:00:00,2024-04-19,,2024-05-15,duration_unconfirmed,,,all_agriculture_not_durian_specific,b400841d-e9d9-4a36-8896-13bdf5dfbd50,1254,https://catalog.disaster.go.th/dataset/7bdbedaf-f9cd-4c42-893a-0c88ad65b2f5/resource/b400841d-e9d9-4a36-8896-13bdf5dfbd50/download/2567__final.xlsx,ภัยแล้ง67-รายการพื้นที่เกิด
84,สุราษฎร์ธานี,2567,local_area_record,กาญจนดิษฐ์,ช้างขวา,9,2024-04-19 00:00:00,2024-04-19,,2024-05-15,duration_unconfirmed,,,all_agriculture_not_durian_specific,b400841d-e9d9-4a36-8896-13bdf5dfbd50,1255,https://catalog.disaster.go.th/dataset/7bdbedaf-f9cd-4c42-893a-0c88ad65b2f5/resource/b400841d-e9d9-4a36-8896-13bdf5dfbd50/download/2567__final.xlsx,ภัยแล้ง67-รายการพื้นที่เกิด
84,สุราษฎร์ธานี,2567,local_area_record,กาญจนดิษฐ์,ท่าทองใหม่,1,2024-04-26 00:00:00,2024-04-26,,2024-05-15,duration_unconfirmed,,,all_agriculture_not_durian_specific,b400841d-e9d9-4a36-8896-13bdf5dfbd50,1615,https://catalog.disaster.go.th/dataset/7bdbedaf-f9cd-4c42-893a-0c88ad65b2f5/resource/b400841d-e9d9-4a36-8896-13bdf5dfbd50/download/2567__final.xlsx,ภัยแล้ง67-รายการพื้นที่เกิด
84,สุราษฎร์ธานี,2567,local_area_record,กาญจนดิษฐ์,ท่าทองใหม่,2,2024-04-26 00:00:00,2024-04-26,,2024-05-15,duration_unconfirmed,,,all_agriculture_not_durian_specific,b400841d-e9d9-4a36-8896-13bdf5dfbd50,1616,https://catalog.disaster.go.th/dataset/7bdbedaf-f9cd-4c42-893a-0c88ad65b2f5/resource/b400841d-e9d9-4a36-8896-13bdf5dfbd50/download/2567__final.xlsx,ภัยแล้ง67-รายการพื้นที่เกิด
84,สุราษฎร์ธานี,2567,local_area_record,กาญจนดิษฐ์,ท่าทองใหม่,3,2024-04-26 00:00:00,2024-04-26,,2024-05-15,duration_unconfirmed,,,all_agriculture_not_durian_specific,b400841d-e9d9-4a36-8896-13bdf5dfbd50,1617,https://catalog.disaster.go.th/dataset/7bdbedaf-f9cd-4c42-893a-0c88ad65b2f5/resource/b400841d-e9d9-4a36-8896-13bdf5dfbd50/download/2567__final.xlsx,ภัยแล้ง67-รายการพื้นที่เกิด
84,สุราษฎร์ธานี,2567,local_area_record,กาญจนดิษฐ์,ท่าทองใหม่,4,2024-04-26 00:00:00,2024-04-26,,2024-05-15,duration_unconfirmed,,,all_agriculture_not_durian_specific,b400841d-e9d9-4a36-8896-13bdf5dfbd50,1618,https://catalog.disaster.go.th/dataset/7bdbedaf-f9cd-4c42-893a-0c88ad65b2f5/resource/b400841d-e9d9-4a36-8896-13bdf5dfbd50/download/2567__final.xlsx,ภัยแล้ง67-รายการพื้นที่เกิด
84,สุราษฎร์ธานี,2567,local_area_record,กาญจนดิษฐ์,ท่าทองใหม่,5,2024-04-26 00:00:00,2024-04-26,,2024-05-15,duration_unconfirmed,,,all_agriculture_not_durian_specific,b400841d-e9d9-4a36-8896-13bdf5dfbd50,1619,https://catalog.disaster.go.th/dataset/7bdbedaf-f9cd-4c42-893a-0c88ad65b2f5/resource/b400841d-e9d9-4a36-8896-13bdf5dfbd50/download/2567__final.xlsx,ภัยแล้ง67-รายการพื้นที่เกิด
84,สุราษฎร์ธานี,2567,local_area_record,กาญจนดิษฐ์,กะแดะ,1,2024-04-26 00:00:00,2024-04-26,,2024-05-15,duration_unconfirmed,,,all_agriculture_not_durian_specific,b400841d-e9d9-4a36-8896-13bdf5dfbd50,1620,https://catalog.disaster.go.th/dataset/7bdbedaf-f9cd-4c42-893a-0c88ad65b2f5/resource/b400841d-e9d9-4a36-8896-13bdf5dfbd50/download/2567__final.xlsx,ภัยแล้ง67-รายการพื้นที่เกิด
84,สุราษฎร์ธานี,2567,local_area_record,กาญจนดิษฐ์,กะแดะ,2,2024-04-26 00:00:00,2024-04-26,,2024-05-15,duration_unconfirmed,,,all_agriculture_not_durian_specific,b400841d-e9d9-4a36-8896-13bdf5dfbd50,1621,https://catalog.disaster.go.th/dataset/7bdbedaf-f9cd-4c42-893a-0c88ad65b2f5/resource/b400841d-e9d9-4a36-8896-13bdf5dfbd50/download/2567__final.xlsx,ภัยแล้ง67-รายการพื้นที่เกิด
84,สุราษฎร์ธานี,2567,local_area_record,กาญจนดิษฐ์,กะแดะ,3,2024-04-26 00:00:00,2024-04-26,,2024-05-15,duration_unconfirmed,,,all_agriculture_not_durian_specific,b400841d-e9d9-4a36-8896-13bdf5dfbd50,1622,https://catalog.disaster.go.th/dataset/7bdbedaf-f9cd-4c42-893a-0c88ad65b2f5/resource/b400841d-e9d9-4a36-8896-13bdf5dfbd50/download/2567__final.xlsx,ภัยแล้ง67-รายการพื้นที่เกิด
84,สุราษฎร์ธานี,2567,local_area_record,กาญจนดิษฐ์,กะแดะ,4,2024-04-26 00:00:00,2024-04-26,,2024-05-15,duration_unconfirmed,,,all_agriculture_not_durian_specific,b400841d-e9d9-4a36-8896-13bdf5dfbd50,1623,https://catalog.disaster.go.th/dataset/7bdbedaf-f9cd-4c42-893a-0c88ad65b2f5/resource/b400841d-e9d9-4a36-8896-13bdf5dfbd50/download/2567__final.xlsx,ภัยแล้ง67-รายการพื้นที่เกิด
84,สุราษฎร์ธานี,2567,local_area_record,กาญจนดิษฐ์,กะแดะ,5,2024-04-26 00:00:00,2024-04-26,,2024-05-15,duration_unconfirmed,,,all_agriculture_not_durian_specific,b400841d-e9d9-4a36-8896-13bdf5dfbd50,1624,https://catalog.disaster.go.th/dataset/7bdbedaf-f9cd-4c42-893a-0c88ad65b2f5/resource/b400841d-e9d9-4a36-8896-13bdf5dfbd50/download/2567__final.xlsx,ภัยแล้ง67-รายการพื้นที่เกิด
84,สุราษฎร์ธานี,2567,local_area_record,กาญจนดิษฐ์,กะแดะ,6,2024-04-26 00:00:00,2024-04-26,,2024-05-15,duration_unconfirmed,,,all_agriculture_not_durian_specific,b400841d-e9d9-4a36-8896-13bdf5dfbd50,1625,https://catalog.disaster.go.th/dataset/7bdbedaf-f9cd-4c42-893a-0c88ad65b2f5/resource/b400841d-e9d9-4a36-8896-13bdf5dfbd50/download/2567__final.xlsx,ภัยแล้ง67-รายการพื้นที่เกิด
84,สุราษฎร์ธานี,2567,local_area_record,กาญจนดิษฐ์,กะแดะ,7,2024-04-26 00:00:00,2024-04-26,,2024-05-15,duration_unconfirmed,,,all_agriculture_not_durian_specific,b400841d-e9d9-4a36-8896-13bdf5dfbd50,1626,https://catalog.disaster.go.th/dataset/7bdbedaf-f9cd-4c42-893a-0c88ad65b2f5/resource/b400841d-e9d9-4a36-8896-13bdf5dfbd50/download/2567__final.xlsx,ภัยแล้ง67-รายการพื้นที่เกิด
84,สุราษฎร์ธานี,2567,local_area_record,กาญจนดิษฐ์,กะแดะ,8,2024-04-26 00:00:00,2024-04-26,,2024-05-15,duration_unconfirmed,,,all_agriculture_not_durian_specific,b400841d-e9d9-4a36-8896-13bdf5dfbd50,1627,https://catalog.disaster.go.th/dataset/7bdbedaf-f9cd-4c42-893a-0c88ad65b2f5/resource/b400841d-e9d9-4a36-8896-13bdf5dfbd50/download/2567__final.xlsx,ภัยแล้ง67-รายการพื้นที่เกิด
84,สุราษฎร์ธานี,2567,local_area_record,กาญจนดิษฐ์,กะแดะ,9,2024-04-26 00:00:00,2024-04-26,,2024-05-15,duration_unconfirmed,,,all_agriculture_not_durian_specific,b400841d-e9d9-4a36-8896-13bdf5dfbd50,1628,https://catalog.disaster.go.th/dataset/7bdbedaf-f9cd-4c42-893a-0c88ad65b2f5/resource/b400841d-e9d9-4a36-8896-13bdf5dfbd50/download/2567__final.xlsx,ภัยแล้ง67-รายการพื้นที่เกิด
86,ชุมพร,2567,local_area_record,สวี,ทุ่งระยะ,6,2024-05-03 00:00:00,2024-05-03,,2024-06-05,duration_unconfirmed,,,all_agriculture_not_durian_specific,b400841d-e9d9-4a36-8896-13bdf5dfbd50,2274,https://catalog.disaster.go.th/dataset/7bdbedaf-f9cd-4c42-893a-0c88ad65b2f5/resource/b400841d-e9d9-4a36-8896-13bdf5dfbd50/download/2567__final.xlsx,ภัยแล้ง67-รายการพื้นที่เกิด
86,ชุมพร,2567,local_area_record,สวี,ด่านสวี,1,2024-05-03 00:00:00,2024-05-03,,2024-06-05,duration_unconfirmed,,3112,all_agriculture_not_durian_specific,b400841d-e9d9-4a36-8896-13bdf5dfbd50,2275,https://catalog.disaster.go.th/dataset/7bdbedaf-f9cd-4c42-893a-0c88ad65b2f5/resource/b400841d-e9d9-4a36-8896-13bdf5dfbd50/download/2567__final.xlsx,ภัยแล้ง67-รายการพื้นที่เกิด
86,ชุมพร,2567,local_area_record,สวี,ด่านสวี,2,2024-05-03 00:00:00,2024-05-03,,2024-06-05,duration_unconfirmed,,,all_agriculture_not_durian_specific,b400841d-e9d9-4a36-8896-13bdf5dfbd50,2276,https://catalog.disaster.go.th/dataset/7bdbedaf-f9cd-4c42-893a-0c88ad65b2f5/resource/b400841d-e9d9-4a36-8896-13bdf5dfbd50/download/2567__final.xlsx,ภัยแล้ง67-รายการพื้นที่เกิด
86,ชุมพร,2567,local_area_record,สวี,ด่านสวี,3,2024-05-03 00:00:00,2024-05-03,,2024-06-05,duration_unconfirmed,,,all_agriculture_not_durian_specific,b400841d-e9d9-4a36-8896-13bdf5dfbd50,2277,https://catalog.disaster.go.th/dataset/7bdbedaf-f9cd-4c42-893a-0c88ad65b2f5/resource/b400841d-e9d9-4a36-8896-13bdf5dfbd50/download/2567__final.xlsx,ภัยแล้ง67-รายการพื้นที่เกิด
86,ชุมพร,2567,local_area_record,สวี,ด่านสวี,4,2024-05-03 00:00:00,2024-05-03,,2024-06-05,duration_unconfirmed,,,all_agriculture_not_durian_specific,b400841d-e9d9-4a36-8896-13bdf5dfbd50,2278,https://catalog.disaster.go.th/dataset/7bdbedaf-f9cd-4c42-893a-0c88ad65b2f5/resource/b400841d-e9d9-4a36-8896-13bdf5dfbd50/download/2567__final.xlsx,ภัยแล้ง67-รายการพื้นที่เกิด
86,ชุมพร,2567,local_area_record,สวี,ด่านสวี,5,2024-05-03 00:00:00,2024-05-03,,2024-06-05,duration_unconfirmed,,,all_agriculture_not_durian_specific,b400841d-e9d9-4a36-8896-13bdf5dfbd50,2279,https://catalog.disaster.go.th/dataset/7bdbedaf-f9cd-4c42-893a-0c88ad65b2f5/resource/b400841d-e9d9-4a36-8896-13bdf5dfbd50/download/2567__final.xlsx,ภัยแล้ง67-รายการพื้นที่เกิด
86,ชุมพร,2567,local_area_record,สวี,ด่านสวี,6,2024-05-03 00:00:00,2024-05-03,,2024-06-05,duration_unconfirmed,,,all_agriculture_not_durian_specific,b400841d-e9d9-4a36-8896-13bdf5dfbd50,2280,https://catalog.disaster.go.th/dataset/7bdbedaf-f9cd-4c42-893a-0c88ad65b2f5/resource/b400841d-e9d9-4a36-8896-13bdf5dfbd50/download/2567__final.xlsx,ภัยแล้ง67-รายการพื้นที่เกิด
86,ชุมพร,2567,local_area_record,สวี,ด่านสวี,7,2024-05-03 00:00:00,2024-05-03,,2024-06-05,duration_unconfirmed,,,all_agriculture_not_durian_specific,b400841d-e9d9-4a36-8896-13bdf5dfbd50,2281,https://catalog.disaster.go.th/dataset/7bdbedaf-f9cd-4c42-893a-0c88ad65b2f5/resource/b400841d-e9d9-4a36-8896-13bdf5dfbd50/download/2567__final.xlsx,ภัยแล้ง67-รายการพื้นที่เกิด
86,ชุมพร,2567,local_area_record,สวี,ด่านสวี,8,2024-05-03 00:00:00,2024-05-03,,2024-06-05,duration_unconfirmed,,,all_agriculture_not_durian_specific,b400841d-e9d9-4a36-8896-13bdf5dfbd50,2282,https://catalog.disaster.go.th/dataset/7bdbedaf-f9cd-4c42-893a-0c88ad65b2f5/resource/b400841d-e9d9-4a36-8896-13bdf5dfbd50/download/2567__final.xlsx,ภัยแล้ง67-รายการพื้นที่เกิด
86,ชุมพร,2567,local_area_record,สวี,ครน,11,2024-05-03 00:00:00,2024-05-03,,2024-06-05,duration_unconfirmed,,,all_agriculture_not_durian_specific,b400841d-e9d9-4a36-8896-13bdf5dfbd50,2283,https://catalog.disaster.go.th/dataset/7bdbedaf-f9cd-4c42-893a-0c88ad65b2f5/resource/b400841d-e9d9-4a36-8896-13bdf5dfbd50/download/2567__final.xlsx,ภัยแล้ง67-รายการพื้นที่เกิด
86,ชุมพร,2567,local_area_record,สวี,ครน,4,2024-05-03 00:00:00,2024-05-03,,2024-06-05,duration_unconfirmed,,,all_agriculture_not_durian_specific,b400841d-e9d9-4a36-8896-13bdf5dfbd50,2284,https://catalog.disaster.go.th/dataset/7bdbedaf-f9cd-4c42-893a-0c88ad65b2f5/resource/b400841d-e9d9-4a36-8896-13bdf5dfbd50/download/2567__final.xlsx,ภัยแล้ง67-รายการพื้นที่เกิด
86,ชุมพร,2567,local_area_record,สวี,ครน,5,2024-05-03 00:00:00,2024-05-03,,2024-06-05,duration_unconfirmed,,,all_agriculture_not_durian_specific,b400841d-e9d9-4a36-8896-13bdf5dfbd50,2285,https://catalog.disaster.go.th/dataset/7bdbedaf-f9cd-4c42-893a-0c88ad65b2f5/resource/b400841d-e9d9-4a36-8896-13bdf5dfbd50/download/2567__final.xlsx,ภัยแล้ง67-รายการพื้นที่เกิด
86,ชุมพร,2567,local_area_record,เมืองชุมพร,ปากน้ำ,10,2024-05-04 00:00:00,2024-05-04,,2024-06-05,duration_unconfirmed,,,all_agriculture_not_durian_specific,b400841d-e9d9-4a36-8896-13bdf5dfbd50,2286,https://catalog.disaster.go.th/dataset/7bdbedaf-f9cd-4c42-893a-0c88ad65b2f5/resource/b400841d-e9d9-4a36-8896-13bdf5dfbd50/download/2567__final.xlsx,ภัยแล้ง67-รายการพื้นที่เกิด
86,ชุมพร,2567,local_area_record,เมืองชุมพร,ปากน้ำ,4,2024-05-04 00:00:00,2024-05-04,,2024-06-05,duration_unconfirmed,,,all_agriculture_not_durian_specific,b400841d-e9d9-4a36-8896-13bdf5dfbd50,2287,https://catalog.disaster.go.th/dataset/7bdbedaf-f9cd-4c42-893a-0c88ad65b2f5/resource/b400841d-e9d9-4a36-8896-13bdf5dfbd50/download/2567__final.xlsx,ภัยแล้ง67-รายการพื้นที่เกิด
86,ชุมพร,2567,local_area_record,เมืองชุมพร,ปากน้ำ,5,2024-05-04 00:00:00,2024-05-04,,2024-06-05,duration_unconfirmed,,,all_agriculture_not_durian_specific,b400841d-e9d9-4a36-8896-13bdf5dfbd50,2288,https://catalog.disaster.go.th/dataset/7bdbedaf-f9cd-4c42-893a-0c88ad65b2f5/resource/b400841d-e9d9-4a36-8896-13bdf5dfbd50/download/2567__final.xlsx,ภัยแล้ง67-รายการพื้นที่เกิด
86,ชุมพร,2567,local_area_record,เมืองชุมพร,ปากน้ำ,6,2024-05-04 00:00:00,2024-05-04,,2024-06-05,duration_unconfirmed,,,all_agriculture_not_durian_specific,b400841d-e9d9-4a36-8896-13bdf5dfbd50,2289,https://catalog.disaster.go.th/dataset/7bdbedaf-f9cd-4c42-893a-0c88ad65b2f5/resource/b400841d-e9d9-4a36-8896-13bdf5dfbd50/download/2567__final.xlsx,ภัยแล้ง67-รายการพื้นที่เกิด
86,ชุมพร,2567,local_area_record,เมืองชุมพร,ปากน้ำ,7,2024-05-04 00:00:00,2024-05-04,,2024-06-05,duration_unconfirmed,,,all_agriculture_not_durian_specific,b400841d-e9d9-4a36-8896-13bdf5dfbd50,2290,https://catalog.disaster.go.th/dataset/7bdbedaf-f9cd-4c42-893a-0c88ad65b2f5/resource/b400841d-e9d9-4a36-8896-13bdf5dfbd50/download/2567__final.xlsx,ภัยแล้ง67-รายการพื้นที่เกิด
86,ชุมพร,2567,local_area_record,เมืองชุมพร,ปากน้ำ,8,2024-05-04 00:00:00,2024-05-04,,2024-06-05,duration_unconfirmed,,,all_agriculture_not_durian_specific,b400841d-e9d9-4a36-8896-13bdf5dfbd50,2291,https://catalog.disaster.go.th/dataset/7bdbedaf-f9cd-4c42-893a-0c88ad65b2f5/resource/b400841d-e9d9-4a36-8896-13bdf5dfbd50/download/2567__final.xlsx,ภัยแล้ง67-รายการพื้นที่เกิด
86,ชุมพร,2567,local_area_record,เมืองชุมพร,บางหมาก,1,2024-05-04 00:00:00,2024-05-04,,2024-06-05,duration_unconfirmed,,,all_agriculture_not_durian_specific,b400841d-e9d9-4a36-8896-13bdf5dfbd50,2292,https://catalog.disaster.go.th/dataset/7bdbedaf-f9cd-4c42-893a-0c88ad65b2f5/resource/b400841d-e9d9-4a36-8896-13bdf5dfbd50/download/2567__final.xlsx,ภัยแล้ง67-รายการพื้นที่เกิด
86,ชุมพร,2567,local_area_record,เมืองชุมพร,บางหมาก,10,2024-05-04 00:00:00,2024-05-04,,2024-06-05,duration_unconfirmed,,,all_agriculture_not_durian_specific,b400841d-e9d9-4a36-8896-13bdf5dfbd50,2293,https://catalog.disaster.go.th/dataset/7bdbedaf-f9cd-4c42-893a-0c88ad65b2f5/resource/b400841d-e9d9-4a36-8896-13bdf5dfbd50/download/2567__final.xlsx,ภัยแล้ง67-รายการพื้นที่เกิด
86,ชุมพร,2567,local_area_record,เมืองชุมพร,บางหมาก,11,2024-05-04 00:00:00,2024-05-04,,2024-06-05,duration_unconfirmed,,,all_agriculture_not_durian_specific,b400841d-e9d9-4a36-8896-13bdf5dfbd50,2294,https://catalog.disaster.go.th/dataset/7bdbedaf-f9cd-4c42-893a-0c88ad65b2f5/resource/b400841d-e9d9-4a36-8896-13bdf5dfbd50/download/2567__final.xlsx,ภัยแล้ง67-รายการพื้นที่เกิด
86,ชุมพร,2567,local_area_record,เมืองชุมพร,บางหมาก,12,2024-05-04 00:00:00,2024-05-04,,2024-06-05,duration_unconfirmed,,,all_agriculture_not_durian_specific,b400841d-e9d9-4a36-8896-13bdf5dfbd50,2295,https://catalog.disaster.go.th/dataset/7bdbedaf-f9cd-4c42-893a-0c88ad65b2f5/resource/b400841d-e9d9-4a36-8896-13bdf5dfbd50/download/2567__final.xlsx,ภัยแล้ง67-รายการพื้นที่เกิด
86,ชุมพร,2567,local_area_record,เมืองชุมพร,บางหมาก,2,2024-05-04 00:00:00,2024-05-04,,2024-06-05,duration_unconfirmed,,,all_agriculture_not_durian_specific,b400841d-e9d9-4a36-8896-13bdf5dfbd50,2296,https://catalog.disaster.go.th/dataset/7bdbedaf-f9cd-4c42-893a-0c88ad65b2f5/resource/b400841d-e9d9-4a36-8896-13bdf5dfbd50/download/2567__final.xlsx,ภัยแล้ง67-รายการพื้นที่เกิด
86,ชุมพร,2567,local_area_record,เมืองชุมพร,บางหมาก,3,2024-05-04 00:00:00,2024-05-04,,2024-06-05,duration_unconfirmed,,,all_agriculture_not_durian_specific,b400841d-e9d9-4a36-8896-13bdf5dfbd50,2297,https://catalog.disaster.go.th/dataset/7bdbedaf-f9cd-4c42-893a-0c88ad65b2f5/resource/b400841d-e9d9-4a36-8896-13bdf5dfbd50/download/2567__final.xlsx,ภัยแล้ง67-รายการพื้นที่เกิด
86,ชุมพร,2567,local_area_record,เมืองชุมพร,บางหมาก,4,2024-05-04 00:00:00,2024-05-04,,2024-06-05,duration_unconfirmed,,,all_agriculture_not_durian_specific,b400841d-e9d9-4a36-8896-13bdf5dfbd50,2298,https://catalog.disaster.go.th/dataset/7bdbedaf-f9cd-4c42-893a-0c88ad65b2f5/resource/b400841d-e9d9-4a36-8896-13bdf5dfbd50/download/2567__final.xlsx,ภัยแล้ง67-รายการพื้นที่เกิด
86,ชุมพร,2567,local_area_record,เมืองชุมพร,บางหมาก,5,2024-05-04 00:00:00,2024-05-04,,2024-06-05,duration_unconfirmed,,,all_agriculture_not_durian_specific,b400841d-e9d9-4a36-8896-13bdf5dfbd50,2299,https://catalog.disaster.go.th/dataset/7bdbedaf-f9cd-4c42-893a-0c88ad65b2f5/resource/b400841d-e9d9-4a36-8896-13bdf5dfbd50/download/2567__final.xlsx,ภัยแล้ง67-รายการพื้นที่เกิด
86,ชุมพร,2567,local_area_record,เมืองชุมพร,บางหมาก,6,2024-05-04 00:00:00,2024-05-04,,2024-06-05,duration_unconfirmed,,,all_agriculture_not_durian_specific,b400841d-e9d9-4a36-8896-13bdf5dfbd50,2300,https://catalog.disaster.go.th/dataset/7bdbedaf-f9cd-4c42-893a-0c88ad65b2f5/resource/b400841d-e9d9-4a36-8896-13bdf5dfbd50/download/2567__final.xlsx,ภัยแล้ง67-รายการพื้นที่เกิด
86,ชุมพร,2567,local_area_record,เมืองชุมพร,บางหมาก,7,2024-05-04 00:00:00,2024-05-04,,2024-06-05,duration_unconfirmed,,,all_agriculture_not_durian_specific,b400841d-e9d9-4a36-8896-13bdf5dfbd50,2301,https://catalog.disaster.go.th/dataset/7bdbedaf-f9cd-4c42-893a-0c88ad65b2f5/resource/b400841d-e9d9-4a36-8896-13bdf5dfbd50/download/2567__final.xlsx,ภัยแล้ง67-รายการพื้นที่เกิด
86,ชุมพร,2567,local_area_record,เมืองชุมพร,บางหมาก,8,2024-05-04 00:00:00,2024-05-04,,2024-06-05,duration_unconfirmed,,,all_agriculture_not_durian_specific,b400841d-e9d9-4a36-8896-13bdf5dfbd50,2302,https://catalog.disaster.go.th/dataset/7bdbedaf-f9cd-4c42-893a-0c88ad65b2f5/resource/b400841d-e9d9-4a36-8896-13bdf5dfbd50/download/2567__final.xlsx,ภัยแล้ง67-รายการพื้นที่เกิด
86,ชุมพร,2567,local_area_record,เมืองชุมพร,บางหมาก,9,2024-05-04 00:00:00,2024-05-04,,2024-06-05,duration_unconfirmed,,,all_agriculture_not_durian_specific,b400841d-e9d9-4a36-8896-13bdf5dfbd50,2303,https://catalog.disaster.go.th/dataset/7bdbedaf-f9cd-4c42-893a-0c88ad65b2f5/resource/b400841d-e9d9-4a36-8896-13bdf5dfbd50/download/2567__final.xlsx,ภัยแล้ง67-รายการพื้นที่เกิด
86,ชุมพร,2567,local_area_record,เมืองชุมพร,นาทุ่ง,1,2024-05-04 00:00:00,2024-05-04,,2024-06-05,duration_unconfirmed,,,all_agriculture_not_durian_specific,b400841d-e9d9-4a36-8896-13bdf5dfbd50,2304,https://catalog.disaster.go.th/dataset/7bdbedaf-f9cd-4c42-893a-0c88ad65b2f5/resource/b400841d-e9d9-4a36-8896-13bdf5dfbd50/download/2567__final.xlsx,ภัยแล้ง67-รายการพื้นที่เกิด
86,ชุมพร,2567,local_area_record,เมืองชุมพร,นาทุ่ง,2,2024-05-04 00:00:00,2024-05-04,,2024-06-05,duration_unconfirmed,,,all_agriculture_not_durian_specific,b400841d-e9d9-4a36-8896-13bdf5dfbd50,2305,https://catalog.disaster.go.th/dataset/7bdbedaf-f9cd-4c42-893a-0c88ad65b2f5/resource/b400841d-e9d9-4a36-8896-13bdf5dfbd50/download/2567__final.xlsx,ภัยแล้ง67-รายการพื้นที่เกิด
86,ชุมพร,2567,local_area_record,เมืองชุมพร,นาทุ่ง,3,2024-05-04 00:00:00,2024-05-04,,2024-06-05,duration_unconfirmed,,,all_agriculture_not_durian_specific,b400841d-e9d9-4a36-8896-13bdf5dfbd50,2306,https://catalog.disaster.go.th/dataset/7bdbedaf-f9cd-4c42-893a-0c88ad65b2f5/resource/b400841d-e9d9-4a36-8896-13bdf5dfbd50/download/2567__final.xlsx,ภัยแล้ง67-รายการพื้นที่เกิด
86,ชุมพร,2567,local_area_record,เมืองชุมพร,นาทุ่ง,4,2024-05-04 00:00:00,2024-05-04,,2024-06-05,duration_unconfirmed,,,all_agriculture_not_durian_specific,b400841d-e9d9-4a36-8896-13bdf5dfbd50,2307,https://catalog.disaster.go.th/dataset/7bdbedaf-f9cd-4c42-893a-0c88ad65b2f5/resource/b400841d-e9d9-4a36-8896-13bdf5dfbd50/download/2567__final.xlsx,ภัยแล้ง67-รายการพื้นที่เกิด
86,ชุมพร,2567,local_area_record,เมืองชุมพร,นาทุ่ง,5,2024-05-04 00:00:00,2024-05-04,,2024-06-05,duration_unconfirmed,,,all_agriculture_not_durian_specific,b400841d-e9d9-4a36-8896-13bdf5dfbd50,2308,https://catalog.disaster.go.th/dataset/7bdbedaf-f9cd-4c42-893a-0c88ad65b2f5/resource/b400841d-e9d9-4a36-8896-13bdf5dfbd50/download/2567__final.xlsx,ภัยแล้ง67-รายการพื้นที่เกิด
86,ชุมพร,2567,local_area_record,เมืองชุมพร,นาทุ่ง,6,2024-05-04 00:00:00,2024-05-04,,2024-06-05,duration_unconfirmed,,,all_agriculture_not_durian_specific,b400841d-e9d9-4a36-8896-13bdf5dfbd50,2309,https://catalog.disaster.go.th/dataset/7bdbedaf-f9cd-4c42-893a-0c88ad65b2f5/resource/b400841d-e9d9-4a36-8896-13bdf5dfbd50/download/2567__final.xlsx,ภัยแล้ง67-รายการพื้นที่เกิด
86,ชุมพร,2567,local_area_record,เมืองชุมพร,นาทุ่ง,7,2024-05-04 00:00:00,2024-05-04,,2024-06-05,duration_unconfirmed,,,all_agriculture_not_durian_specific,b400841d-e9d9-4a36-8896-13bdf5dfbd50,2310,https://catalog.disaster.go.th/dataset/7bdbedaf-f9cd-4c42-893a-0c88ad65b2f5/resource/b400841d-e9d9-4a36-8896-13bdf5dfbd50/download/2567__final.xlsx,ภัยแล้ง67-รายการพื้นที่เกิด
86,ชุมพร,2567,local_area_record,เมืองชุมพร,นาชะอัง,1,2024-05-04 00:00:00,2024-05-04,,2024-06-05,duration_unconfirmed,,,all_agriculture_not_durian_specific,b400841d-e9d9-4a36-8896-13bdf5dfbd50,2311,https://catalog.disaster.go.th/dataset/7bdbedaf-f9cd-4c42-893a-0c88ad65b2f5/resource/b400841d-e9d9-4a36-8896-13bdf5dfbd50/download/2567__final.xlsx,ภัยแล้ง67-รายการพื้นที่เกิด
86,ชุมพร,2567,local_area_record,เมืองชุมพร,นาชะอัง,2,2024-05-04 00:00:00,2024-05-04,,2024-06-05,duration_unconfirmed,,,all_agriculture_not_durian_specific,b400841d-e9d9-4a36-8896-13bdf5dfbd50,2312,https://catalog.disaster.go.th/dataset/7bdbedaf-f9cd-4c42-893a-0c88ad65b2f5/resource/b400841d-e9d9-4a36-8896-13bdf5dfbd50/download/2567__final.xlsx,ภัยแล้ง67-รายการพื้นที่เกิด
86,ชุมพร,2567,local_area_record,เมืองชุมพร,นาชะอัง,3,2024-05-04 00:00:00,2024-05-04,,2024-06-05,duration_unconfirmed,,,all_agriculture_not_durian_specific,b400841d-e9d9-4a36-8896-13bdf5dfbd50,2313,https://catalog.disaster.go.th/dataset/7bdbedaf-f9cd-4c42-893a-0c88ad65b2f5/resource/b400841d-e9d9-4a36-8896-13bdf5dfbd50/download/2567__final.xlsx,ภัยแล้ง67-รายการพื้นที่เกิด
86,ชุมพร,2567,local_area_record,เมืองชุมพร,นาชะอัง,4,2024-05-04 00:00:00,2024-05-04,,2024-06-05,duration_unconfirmed,,,all_agriculture_not_durian_specific,b400841d-e9d9-4a36-8896-13bdf5dfbd50,2314,https://catalog.disaster.go.th/dataset/7bdbedaf-f9cd-4c42-893a-0c88ad65b2f5/resource/b400841d-e9d9-4a36-8896-13bdf5dfbd50/download/2567__final.xlsx,ภัยแล้ง67-รายการพื้นที่เกิด
86,ชุมพร,2567,local_area_record,เมืองชุมพร,นาชะอัง,5,2024-05-04 00:00:00,2024-05-04,,2024-06-05,duration_unconfirmed,,,all_agriculture_not_durian_specific,b400841d-e9d9-4a36-8896-13bdf5dfbd50,2315,https://catalog.disaster.go.th/dataset/7bdbedaf-f9cd-4c42-893a-0c88ad65b2f5/resource/b400841d-e9d9-4a36-8896-13bdf5dfbd50/download/2567__final.xlsx,ภัยแล้ง67-รายการพื้นที่เกิด
86,ชุมพร,2567,local_area_record,เมืองชุมพร,นาชะอัง,6,2024-05-04 00:00:00,2024-05-04,,2024-06-05,duration_unconfirmed,,,all_agriculture_not_durian_specific,b400841d-e9d9-4a36-8896-13bdf5dfbd50,2316,https://catalog.disaster.go.th/dataset/7bdbedaf-f9cd-4c42-893a-0c88ad65b2f5/resource/b400841d-e9d9-4a36-8896-13bdf5dfbd50/download/2567__final.xlsx,ภัยแล้ง67-รายการพื้นที่เกิด
86,ชุมพร,2567,local_area_record,เมืองชุมพร,นาชะอัง,7,2024-05-04 00:00:00,2024-05-04,,2024-06-05,duration_unconfirmed,,,all_agriculture_not_durian_specific,b400841d-e9d9-4a36-8896-13bdf5dfbd50,2317,https://catalog.disaster.go.th/dataset/7bdbedaf-f9cd-4c42-893a-0c88ad65b2f5/resource/b400841d-e9d9-4a36-8896-13bdf5dfbd50/download/2567__final.xlsx,ภัยแล้ง67-รายการพื้นที่เกิด
86,ชุมพร,2567,local_area_record,เมืองชุมพร,นาชะอัง,8,2024-05-04 00:00:00,2024-05-04,,2024-06-05,duration_unconfirmed,,,all_agriculture_not_durian_specific,b400841d-e9d9-4a36-8896-13bdf5dfbd50,2318,https://catalog.disaster.go.th/dataset/7bdbedaf-f9cd-4c42-893a-0c88ad65b2f5/resource/b400841d-e9d9-4a36-8896-13bdf5dfbd50/download/2567__final.xlsx,ภัยแล้ง67-รายการพื้นที่เกิด
86,ชุมพร,2567,local_area_record,เมืองชุมพร,นาชะอัง,9,2024-05-04 00:00:00,2024-05-04,,2024-06-05,duration_unconfirmed,,,all_agriculture_not_durian_specific,b400841d-e9d9-4a36-8896-13bdf5dfbd50,2319,https://catalog.disaster.go.th/dataset/7bdbedaf-f9cd-4c42-893a-0c88ad65b2f5/resource/b400841d-e9d9-4a36-8896-13bdf5dfbd50/download/2567__final.xlsx,ภัยแล้ง67-รายการพื้นที่เกิด
86,ชุมพร,2567,local_area_record,เมืองชุมพร,ตากแดด,3,2024-05-04 00:00:00,2024-05-04,,2024-06-05,duration_unconfirmed,,6745,all_agriculture_not_durian_specific,b400841d-e9d9-4a36-8896-13bdf5dfbd50,2320,https://catalog.disaster.go.th/dataset/7bdbedaf-f9cd-4c42-893a-0c88ad65b2f5/resource/b400841d-e9d9-4a36-8896-13bdf5dfbd50/download/2567__final.xlsx,ภัยแล้ง67-รายการพื้นที่เกิด
86,ชุมพร,2567,local_area_record,เมืองชุมพร,ตากแดด,4,2024-05-04 00:00:00,2024-05-04,,2024-06-05,duration_unconfirmed,,,all_agriculture_not_durian_specific,b400841d-e9d9-4a36-8896-13bdf5dfbd50,2321,https://catalog.disaster.go.th/dataset/7bdbedaf-f9cd-4c42-893a-0c88ad65b2f5/resource/b400841d-e9d9-4a36-8896-13bdf5dfbd50/download/2567__final.xlsx,ภัยแล้ง67-รายการพื้นที่เกิด
86,ชุมพร,2567,local_area_record,เมืองชุมพร,ตากแดด,5,2024-05-04 00:00:00,2024-05-04,,2024-06-05,duration_unconfirmed,,,all_agriculture_not_durian_specific,b400841d-e9d9-4a36-8896-13bdf5dfbd50,2322,https://catalog.disaster.go.th/dataset/7bdbedaf-f9cd-4c42-893a-0c88ad65b2f5/resource/b400841d-e9d9-4a36-8896-13bdf5dfbd50/download/2567__final.xlsx,ภัยแล้ง67-รายการพื้นที่เกิด
86,ชุมพร,2567,local_area_record,เมืองชุมพร,ตากแดด,7,2024-05-04 00:00:00,2024-05-04,,2024-06-05,duration_unconfirmed,,,all_agriculture_not_durian_specific,b400841d-e9d9-4a36-8896-13bdf5dfbd50,2323,https://catalog.disaster.go.th/dataset/7bdbedaf-f9cd-4c42-893a-0c88ad65b2f5/resource/b400841d-e9d9-4a36-8896-13bdf5dfbd50/download/2567__final.xlsx,ภัยแล้ง67-รายการพื้นที่เกิด
86,ชุมพร,2567,local_area_record,เมืองชุมพร,ตากแดด,8,2024-05-04 00:00:00,2024-05-04,,2024-06-05,duration_unconfirmed,,,all_agriculture_not_durian_specific,b400841d-e9d9-4a36-8896-13bdf5dfbd50,2324,https://catalog.disaster.go.th/dataset/7bdbedaf-f9cd-4c42-893a-0c88ad65b2f5/resource/b400841d-e9d9-4a36-8896-13bdf5dfbd50/download/2567__final.xlsx,ภัยแล้ง67-รายการพื้นที่เกิด
86,ชุมพร,2567,local_area_record,เมืองชุมพร,ตากแดด,9,2024-05-04 00:00:00,2024-05-04,,2024-06-05,duration_unconfirmed,,,all_agriculture_not_durian_specific,b400841d-e9d9-4a36-8896-13bdf5dfbd50,2325,https://catalog.disaster.go.th/dataset/7bdbedaf-f9cd-4c42-893a-0c88ad65b2f5/resource/b400841d-e9d9-4a36-8896-13bdf5dfbd50/download/2567__final.xlsx,ภัยแล้ง67-รายการพื้นที่เกิด
86,ชุมพร,2567,local_area_record,เมืองชุมพร,บางลึก,1,2024-05-04 00:00:00,2024-05-04,,2024-06-05,duration_unconfirmed,,,all_agriculture_not_durian_specific,b400841d-e9d9-4a36-8896-13bdf5dfbd50,2326,https://catalog.disaster.go.th/dataset/7bdbedaf-f9cd-4c42-893a-0c88ad65b2f5/resource/b400841d-e9d9-4a36-8896-13bdf5dfbd50/download/2567__final.xlsx,ภัยแล้ง67-รายการพื้นที่เกิด
86,ชุมพร,2567,local_area_record,เมืองชุมพร,บางลึก,10,2024-05-04 00:00:00,2024-05-04,,2024-06-05,duration_unconfirmed,,,all_agriculture_not_durian_specific,b400841d-e9d9-4a36-8896-13bdf5dfbd50,2327,https://catalog.disaster.go.th/dataset/7bdbedaf-f9cd-4c42-893a-0c88ad65b2f5/resource/b400841d-e9d9-4a36-8896-13bdf5dfbd50/download/2567__final.xlsx,ภัยแล้ง67-รายการพื้นที่เกิด
86,ชุมพร,2567,local_area_record,เมืองชุมพร,บางลึก,11,2024-05-04 00:00:00,2024-05-04,,2024-06-05,duration_unconfirmed,,,all_agriculture_not_durian_specific,b400841d-e9d9-4a36-8896-13bdf5dfbd50,2328,https://catalog.disaster.go.th/dataset/7bdbedaf-f9cd-4c42-893a-0c88ad65b2f5/resource/b400841d-e9d9-4a36-8896-13bdf5dfbd50/download/2567__final.xlsx,ภัยแล้ง67-รายการพื้นที่เกิด
86,ชุมพร,2567,local_area_record,เมืองชุมพร,บางลึก,12,2024-05-04 00:00:00,2024-05-04,,2024-06-05,duration_unconfirmed,,,all_agriculture_not_durian_specific,b400841d-e9d9-4a36-8896-13bdf5dfbd50,2329,https://catalog.disaster.go.th/dataset/7bdbedaf-f9cd-4c42-893a-0c88ad65b2f5/resource/b400841d-e9d9-4a36-8896-13bdf5dfbd50/download/2567__final.xlsx,ภัยแล้ง67-รายการพื้นที่เกิด
86,ชุมพร,2567,local_area_record,เมืองชุมพร,บางลึก,2,2024-05-04 00:00:00,2024-05-04,,2024-06-05,duration_unconfirmed,,,all_agriculture_not_durian_specific,b400841d-e9d9-4a36-8896-13bdf5dfbd50,2330,https://catalog.disaster.go.th/dataset/7bdbedaf-f9cd-4c42-893a-0c88ad65b2f5/resource/b400841d-e9d9-4a36-8896-13bdf5dfbd50/download/2567__final.xlsx,ภัยแล้ง67-รายการพื้นที่เกิด
86,ชุมพร,2567,local_area_record,เมืองชุมพร,บางลึก,3,2024-05-04 00:00:00,2024-05-04,,2024-06-05,duration_unconfirmed,,,all_agriculture_not_durian_specific,b400841d-e9d9-4a36-8896-13bdf5dfbd50,2331,https://catalog.disaster.go.th/dataset/7bdbedaf-f9cd-4c42-893a-0c88ad65b2f5/resource/b400841d-e9d9-4a36-8896-13bdf5dfbd50/download/2567__final.xlsx,ภัยแล้ง67-รายการพื้นที่เกิด
86,ชุมพร,2567,local_area_record,เมืองชุมพร,บางลึก,4,2024-05-04 00:00:00,2024-05-04,,2024-06-05,duration_unconfirmed,,,all_agriculture_not_durian_specific,b400841d-e9d9-4a36-8896-13bdf5dfbd50,2332,https://catalog.disaster.go.th/dataset/7bdbedaf-f9cd-4c42-893a-0c88ad65b2f5/resource/b400841d-e9d9-4a36-8896-13bdf5dfbd50/download/2567__final.xlsx,ภัยแล้ง67-รายการพื้นที่เกิด
86,ชุมพร,2567,local_area_record,เมืองชุมพร,บางลึก,5,2024-05-04 00:00:00,2024-05-04,,2024-06-05,duration_unconfirmed,,,all_agriculture_not_durian_specific,b400841d-e9d9-4a36-8896-13bdf5dfbd50,2333,https://catalog.disaster.go.th/dataset/7bdbedaf-f9cd-4c42-893a-0c88ad65b2f5/resource/b400841d-e9d9-4a36-8896-13bdf5dfbd50/download/2567__final.xlsx,ภัยแล้ง67-รายการพื้นที่เกิด
86,ชุมพร,2567,local_area_record,เมืองชุมพร,บางลึก,6,2024-05-04 00:00:00,2024-05-04,,2024-06-05,duration_unconfirmed,,,all_agriculture_not_durian_specific,b400841d-e9d9-4a36-8896-13bdf5dfbd50,2334,https://catalog.disaster.go.th/dataset/7bdbedaf-f9cd-4c42-893a-0c88ad65b2f5/resource/b400841d-e9d9-4a36-8896-13bdf5dfbd50/download/2567__final.xlsx,ภัยแล้ง67-รายการพื้นที่เกิด
86,ชุมพร,2567,local_area_record,เมืองชุมพร,บางลึก,7,2024-05-04 00:00:00,2024-05-04,,2024-06-05,duration_unconfirmed,,,all_agriculture_not_durian_specific,b400841d-e9d9-4a36-8896-13bdf5dfbd50,2335,https://catalog.disaster.go.th/dataset/7bdbedaf-f9cd-4c42-893a-0c88ad65b2f5/resource/b400841d-e9d9-4a36-8896-13bdf5dfbd50/download/2567__final.xlsx,ภัยแล้ง67-รายการพื้นที่เกิด
86,ชุมพร,2567,local_area_record,เมืองชุมพร,บางลึก,8,2024-05-04 00:00:00,2024-05-04,,2024-06-05,duration_unconfirmed,,,all_agriculture_not_durian_specific,b400841d-e9d9-4a36-8896-13bdf5dfbd50,2336,https://catalog.disaster.go.th/dataset/7bdbedaf-f9cd-4c42-893a-0c88ad65b2f5/resource/b400841d-e9d9-4a36-8896-13bdf5dfbd50/download/2567__final.xlsx,ภัยแล้ง67-รายการพื้นที่เกิด
86,ชุมพร,2567,local_area_record,เมืองชุมพร,บางลึก,9,2024-05-04 00:00:00,2024-05-04,,2024-06-05,duration_unconfirmed,,,all_agriculture_not_durian_specific,b400841d-e9d9-4a36-8896-13bdf5dfbd50,2337,https://catalog.disaster.go.th/dataset/7bdbedaf-f9cd-4c42-893a-0c88ad65b2f5/resource/b400841d-e9d9-4a36-8896-13bdf5dfbd50/download/2567__final.xlsx,ภัยแล้ง67-รายการพื้นที่เกิด
86,ชุมพร,2567,local_area_record,เมืองชุมพร,หาดพันไกร,10,2024-05-04 00:00:00,2024-05-04,,2024-06-05,duration_unconfirmed,,,all_agriculture_not_durian_specific,b400841d-e9d9-4a36-8896-13bdf5dfbd50,2338,https://catalog.disaster.go.th/dataset/7bdbedaf-f9cd-4c42-893a-0c88ad65b2f5/resource/b400841d-e9d9-4a36-8896-13bdf5dfbd50/download/2567__final.xlsx,ภัยแล้ง67-รายการพื้นที่เกิด
86,ชุมพร,2567,local_area_record,เมืองชุมพร,หาดพันไกร,9,2024-05-04 00:00:00,2024-05-04,,2024-06-05,duration_unconfirmed,,,all_agriculture_not_durian_specific,b400841d-e9d9-4a36-8896-13bdf5dfbd50,2339,https://catalog.disaster.go.th/dataset/7bdbedaf-f9cd-4c42-893a-0c88ad65b2f5/resource/b400841d-e9d9-4a36-8896-13bdf5dfbd50/download/2567__final.xlsx,ภัยแล้ง67-รายการพื้นที่เกิด
86,ชุมพร,2567,local_area_record,เมืองชุมพร,วังไผ่,11,2024-05-04 00:00:00,2024-05-04,,2024-06-05,duration_unconfirmed,,,all_agriculture_not_durian_specific,b400841d-e9d9-4a36-8896-13bdf5dfbd50,2340,https://catalog.disaster.go.th/dataset/7bdbedaf-f9cd-4c42-893a-0c88ad65b2f5/resource/b400841d-e9d9-4a36-8896-13bdf5dfbd50/download/2567__final.xlsx,ภัยแล้ง67-รายการพื้นที่เกิด
86,ชุมพร,2567,local_area_record,เมืองชุมพร,วังไผ่,12,2024-05-04 00:00:00,2024-05-04,,2024-06-05,duration_unconfirmed,,,all_agriculture_not_durian_specific,b400841d-e9d9-4a36-8896-13bdf5dfbd50,2341,https://catalog.disaster.go.th/dataset/7bdbedaf-f9cd-4c42-893a-0c88ad65b2f5/resource/b400841d-e9d9-4a36-8896-13bdf5dfbd50/download/2567__final.xlsx,ภัยแล้ง67-รายการพื้นที่เกิด
86,ชุมพร,2567,local_area_record,เมืองชุมพร,วังไผ่,13,2024-05-04 00:00:00,2024-05-04,,2024-06-05,duration_unconfirmed,,,all_agriculture_not_durian_specific,b400841d-e9d9-4a36-8896-13bdf5dfbd50,2342,https://catalog.disaster.go.th/dataset/7bdbedaf-f9cd-4c42-893a-0c88ad65b2f5/resource/b400841d-e9d9-4a36-8896-13bdf5dfbd50/download/2567__final.xlsx,ภัยแล้ง67-รายการพื้นที่เกิด
86,ชุมพร,2567,local_area_record,เมืองชุมพร,วังไผ่,3,2024-05-04 00:00:00,2024-05-04,,2024-06-05,duration_unconfirmed,,,all_agriculture_not_durian_specific,b400841d-e9d9-4a36-8896-13bdf5dfbd50,2343,https://catalog.disaster.go.th/dataset/7bdbedaf-f9cd-4c42-893a-0c88ad65b2f5/resource/b400841d-e9d9-4a36-8896-13bdf5dfbd50/download/2567__final.xlsx,ภัยแล้ง67-รายการพื้นที่เกิด
86,ชุมพร,2567,local_area_record,เมืองชุมพร,วังไผ่,4,2024-05-04 00:00:00,2024-05-04,,2024-06-05,duration_unconfirmed,,,all_agriculture_not_durian_specific,b400841d-e9d9-4a36-8896-13bdf5dfbd50,2344,https://catalog.disaster.go.th/dataset/7bdbedaf-f9cd-4c42-893a-0c88ad65b2f5/resource/b400841d-e9d9-4a36-8896-13bdf5dfbd50/download/2567__final.xlsx,ภัยแล้ง67-รายการพื้นที่เกิด
86,ชุมพร,2567,local_area_record,เมืองชุมพร,วังไผ่,5,2024-05-04 00:00:00,2024-05-04,,2024-06-05,duration_unconfirmed,,,all_agriculture_not_durian_specific,b400841d-e9d9-4a36-8896-13bdf5dfbd50,2345,https://catalog.disaster.go.th/dataset/7bdbedaf-f9cd-4c42-893a-0c88ad65b2f5/resource/b400841d-e9d9-4a36-8896-13bdf5dfbd50/download/2567__final.xlsx,ภัยแล้ง67-รายการพื้นที่เกิด
86,ชุมพร,2567,local_area_record,เมืองชุมพร,วังไผ่,7,2024-05-04 00:00:00,2024-05-04,,2024-06-05,duration_unconfirmed,,,all_agriculture_not_durian_specific,b400841d-e9d9-4a36-8896-13bdf5dfbd50,2346,https://catalog.disaster.go.th/dataset/7bdbedaf-f9cd-4c42-893a-0c88ad65b2f5/resource/b400841d-e9d9-4a36-8896-13bdf5dfbd50/download/2567__final.xlsx,ภัยแล้ง67-รายการพื้นที่เกิด
86,ชุมพร,2567,local_area_record,เมืองชุมพร,วังไผ่,8,2024-05-04 00:00:00,2024-05-04,,2024-06-05,duration_unconfirmed,,,all_agriculture_not_durian_specific,b400841d-e9d9-4a36-8896-13bdf5dfbd50,2347,https://catalog.disaster.go.th/dataset/7bdbedaf-f9cd-4c42-893a-0c88ad65b2f5/resource/b400841d-e9d9-4a36-8896-13bdf5dfbd50/download/2567__final.xlsx,ภัยแล้ง67-รายการพื้นที่เกิด
86,ชุมพร,2567,local_area_record,เมืองชุมพร,วังไผ่,9,2024-05-04 00:00:00,2024-05-04,,2024-06-05,duration_unconfirmed,,,all_agriculture_not_durian_specific,b400841d-e9d9-4a36-8896-13bdf5dfbd50,2348,https://catalog.disaster.go.th/dataset/7bdbedaf-f9cd-4c42-893a-0c88ad65b2f5/resource/b400841d-e9d9-4a36-8896-13bdf5dfbd50/download/2567__final.xlsx,ภัยแล้ง67-รายการพื้นที่เกิด
86,ชุมพร,2567,local_area_record,เมืองชุมพร,วังใหม่,1,2024-05-04 00:00:00,2024-05-04,,2024-06-05,duration_unconfirmed,,,all_agriculture_not_durian_specific,b400841d-e9d9-4a36-8896-13bdf5dfbd50,2349,https://catalog.disaster.go.th/dataset/7bdbedaf-f9cd-4c42-893a-0c88ad65b2f5/resource/b400841d-e9d9-4a36-8896-13bdf5dfbd50/download/2567__final.xlsx,ภัยแล้ง67-รายการพื้นที่เกิด
86,ชุมพร,2567,local_area_record,เมืองชุมพร,วังใหม่,2,2024-05-04 00:00:00,2024-05-04,,2024-06-05,duration_unconfirmed,,,all_agriculture_not_durian_specific,b400841d-e9d9-4a36-8896-13bdf5dfbd50,2350,https://catalog.disaster.go.th/dataset/7bdbedaf-f9cd-4c42-893a-0c88ad65b2f5/resource/b400841d-e9d9-4a36-8896-13bdf5dfbd50/download/2567__final.xlsx,ภัยแล้ง67-รายการพื้นที่เกิด
86,ชุมพร,2567,local_area_record,เมืองชุมพร,วังใหม่,3,2024-05-04 00:00:00,2024-05-04,,2024-06-05,duration_unconfirmed,,,all_agriculture_not_durian_specific,b400841d-e9d9-4a36-8896-13bdf5dfbd50,2351,https://catalog.disaster.go.th/dataset/7bdbedaf-f9cd-4c42-893a-0c88ad65b2f5/resource/b400841d-e9d9-4a36-8896-13bdf5dfbd50/download/2567__final.xlsx,ภัยแล้ง67-รายการพื้นที่เกิด
86,ชุมพร,2567,local_area_record,เมืองชุมพร,วังใหม่,4,2024-05-04 00:00:00,2024-05-04,,2024-06-05,duration_unconfirmed,,,all_agriculture_not_durian_specific,b400841d-e9d9-4a36-8896-13bdf5dfbd50,2352,https://catalog.disaster.go.th/dataset/7bdbedaf-f9cd-4c42-893a-0c88ad65b2f5/resource/b400841d-e9d9-4a36-8896-13bdf5dfbd50/download/2567__final.xlsx,ภัยแล้ง67-รายการพื้นที่เกิด
86,ชุมพร,2567,local_area_record,เมืองชุมพร,วังใหม่,5,2024-05-04 00:00:00,2024-05-04,,2024-06-05,duration_unconfirmed,,,all_agriculture_not_durian_specific,b400841d-e9d9-4a36-8896-13bdf5dfbd50,2353,https://catalog.disaster.go.th/dataset/7bdbedaf-f9cd-4c42-893a-0c88ad65b2f5/resource/b400841d-e9d9-4a36-8896-13bdf5dfbd50/download/2567__final.xlsx,ภัยแล้ง67-รายการพื้นที่เกิด
86,ชุมพร,2567,local_area_record,เมืองชุมพร,วังใหม่,6,2024-05-04 00:00:00,2024-05-04,,2024-06-05,duration_unconfirmed,,,all_agriculture_not_durian_specific,b400841d-e9d9-4a36-8896-13bdf5dfbd50,2354,https://catalog.disaster.go.th/dataset/7bdbedaf-f9cd-4c42-893a-0c88ad65b2f5/resource/b400841d-e9d9-4a36-8896-13bdf5dfbd50/download/2567__final.xlsx,ภัยแล้ง67-รายการพื้นที่เกิด
86,ชุมพร,2567,local_area_record,เมืองชุมพร,วังใหม่,7,2024-05-04 00:00:00,2024-05-04,,2024-06-05,duration_unconfirmed,,,all_agriculture_not_durian_specific,b400841d-e9d9-4a36-8896-13bdf5dfbd50,2355,https://catalog.disaster.go.th/dataset/7bdbedaf-f9cd-4c42-893a-0c88ad65b2f5/resource/b400841d-e9d9-4a36-8896-13bdf5dfbd50/download/2567__final.xlsx,ภัยแล้ง67-รายการพื้นที่เกิด
86,ชุมพร,2567,local_area_record,เมืองชุมพร,วังใหม่,8,2024-05-04 00:00:00,2024-05-04,,2024-06-05,duration_unconfirmed,,,all_agriculture_not_durian_specific,b400841d-e9d9-4a36-8896-13bdf5dfbd50,2356,https://catalog.disaster.go.th/dataset/7bdbedaf-f9cd-4c42-893a-0c88ad65b2f5/resource/b400841d-e9d9-4a36-8896-13bdf5dfbd50/download/2567__final.xlsx,ภัยแล้ง67-รายการพื้นที่เกิด
86,ชุมพร,2567,local_area_record,เมืองชุมพร,วังใหม่,9,2024-05-04 00:00:00,2024-05-04,,2024-06-05,duration_unconfirmed,,,all_agriculture_not_durian_specific,b400841d-e9d9-4a36-8896-13bdf5dfbd50,2357,https://catalog.disaster.go.th/dataset/7bdbedaf-f9cd-4c42-893a-0c88ad65b2f5/resource/b400841d-e9d9-4a36-8896-13bdf5dfbd50/download/2567__final.xlsx,ภัยแล้ง67-รายการพื้นที่เกิด
86,ชุมพร,2567,local_area_record,เมืองชุมพร,บ้านนา,1,2024-05-04 00:00:00,2024-05-04,,2024-06-05,duration_unconfirmed,,,all_agriculture_not_durian_specific,b400841d-e9d9-4a36-8896-13bdf5dfbd50,2358,https://catalog.disaster.go.th/dataset/7bdbedaf-f9cd-4c42-893a-0c88ad65b2f5/resource/b400841d-e9d9-4a36-8896-13bdf5dfbd50/download/2567__final.xlsx,ภัยแล้ง67-รายการพื้นที่เกิด
86,ชุมพร,2567,local_area_record,เมืองชุมพร,บ้านนา,10,2024-05-04 00:00:00,2024-05-04,,2024-06-05,duration_unconfirmed,,,all_agriculture_not_durian_specific,b400841d-e9d9-4a36-8896-13bdf5dfbd50,2359,https://catalog.disaster.go.th/dataset/7bdbedaf-f9cd-4c42-893a-0c88ad65b2f5/resource/b400841d-e9d9-4a36-8896-13bdf5dfbd50/download/2567__final.xlsx,ภัยแล้ง67-รายการพื้นที่เกิด
86,ชุมพร,2567,local_area_record,เมืองชุมพร,บ้านนา,11,2024-05-04 00:00:00,2024-05-04,,2024-06-05,duration_unconfirmed,,,all_agriculture_not_durian_specific,b400841d-e9d9-4a36-8896-13bdf5dfbd50,2360,https://catalog.disaster.go.th/dataset/7bdbedaf-f9cd-4c42-893a-0c88ad65b2f5/resource/b400841d-e9d9-4a36-8896-13bdf5dfbd50/download/2567__final.xlsx,ภัยแล้ง67-รายการพื้นที่เกิด
86,ชุมพร,2567,local_area_record,เมืองชุมพร,บ้านนา,12,2024-05-04 00:00:00,2024-05-04,,2024-06-05,duration_unconfirmed,,,all_agriculture_not_durian_specific,b400841d-e9d9-4a36-8896-13bdf5dfbd50,2361,https://catalog.disaster.go.th/dataset/7bdbedaf-f9cd-4c42-893a-0c88ad65b2f5/resource/b400841d-e9d9-4a36-8896-13bdf5dfbd50/download/2567__final.xlsx,ภัยแล้ง67-รายการพื้นที่เกิด
86,ชุมพร,2567,local_area_record,เมืองชุมพร,บ้านนา,13,2024-05-04 00:00:00,2024-05-04,,2024-06-05,duration_unconfirmed,,,all_agriculture_not_durian_specific,b400841d-e9d9-4a36-8896-13bdf5dfbd50,2362,https://catalog.disaster.go.th/dataset/7bdbedaf-f9cd-4c42-893a-0c88ad65b2f5/resource/b400841d-e9d9-4a36-8896-13bdf5dfbd50/download/2567__final.xlsx,ภัยแล้ง67-รายการพื้นที่เกิด
86,ชุมพร,2567,local_area_record,เมืองชุมพร,บ้านนา,2,2024-05-04 00:00:00,2024-05-04,,2024-06-05,duration_unconfirmed,,,all_agriculture_not_durian_specific,b400841d-e9d9-4a36-8896-13bdf5dfbd50,2363,https://catalog.disaster.go.th/dataset/7bdbedaf-f9cd-4c42-893a-0c88ad65b2f5/resource/b400841d-e9d9-4a36-8896-13bdf5dfbd50/download/2567__final.xlsx,ภัยแล้ง67-รายการพื้นที่เกิด
86,ชุมพร,2567,local_area_record,เมืองชุมพร,บ้านนา,3,2024-05-04 00:00:00,2024-05-04,,2024-06-05,duration_unconfirmed,,,all_agriculture_not_durian_specific,b400841d-e9d9-4a36-8896-13bdf5dfbd50,2364,https://catalog.disaster.go.th/dataset/7bdbedaf-f9cd-4c42-893a-0c88ad65b2f5/resource/b400841d-e9d9-4a36-8896-13bdf5dfbd50/download/2567__final.xlsx,ภัยแล้ง67-รายการพื้นที่เกิด
86,ชุมพร,2567,local_area_record,เมืองชุมพร,บ้านนา,4,2024-05-04 00:00:00,2024-05-04,,2024-06-05,duration_unconfirmed,,,all_agriculture_not_durian_specific,b400841d-e9d9-4a36-8896-13bdf5dfbd50,2365,https://catalog.disaster.go.th/dataset/7bdbedaf-f9cd-4c42-893a-0c88ad65b2f5/resource/b400841d-e9d9-4a36-8896-13bdf5dfbd50/download/2567__final.xlsx,ภัยแล้ง67-รายการพื้นที่เกิด
86,ชุมพร,2567,local_area_record,เมืองชุมพร,บ้านนา,5,2024-05-04 00:00:00,2024-05-04,,2024-06-05,duration_unconfirmed,,,all_agriculture_not_durian_specific,b400841d-e9d9-4a36-8896-13bdf5dfbd50,2366,https://catalog.disaster.go.th/dataset/7bdbedaf-f9cd-4c42-893a-0c88ad65b2f5/resource/b400841d-e9d9-4a36-8896-13bdf5dfbd50/download/2567__final.xlsx,ภัยแล้ง67-รายการพื้นที่เกิด
86,ชุมพร,2567,local_area_record,เมืองชุมพร,บ้านนา,6,2024-05-04 00:00:00,2024-05-04,,2024-06-05,duration_unconfirmed,,,all_agriculture_not_durian_specific,b400841d-e9d9-4a36-8896-13bdf5dfbd50,2367,https://catalog.disaster.go.th/dataset/7bdbedaf-f9cd-4c42-893a-0c88ad65b2f5/resource/b400841d-e9d9-4a36-8896-13bdf5dfbd50/download/2567__final.xlsx,ภัยแล้ง67-รายการพื้นที่เกิด
86,ชุมพร,2567,local_area_record,เมืองชุมพร,บ้านนา,7,2024-05-04 00:00:00,2024-05-04,,2024-06-05,duration_unconfirmed,,,all_agriculture_not_durian_specific,b400841d-e9d9-4a36-8896-13bdf5dfbd50,2368,https://catalog.disaster.go.th/dataset/7bdbedaf-f9cd-4c42-893a-0c88ad65b2f5/resource/b400841d-e9d9-4a36-8896-13bdf5dfbd50/download/2567__final.xlsx,ภัยแล้ง67-รายการพื้นที่เกิด
86,ชุมพร,2567,local_area_record,เมืองชุมพร,บ้านนา,8,2024-05-04 00:00:00,2024-05-04,,2024-06-05,duration_unconfirmed,,,all_agriculture_not_durian_specific,b400841d-e9d9-4a36-8896-13bdf5dfbd50,2369,https://catalog.disaster.go.th/dataset/7bdbedaf-f9cd-4c42-893a-0c88ad65b2f5/resource/b400841d-e9d9-4a36-8896-13bdf5dfbd50/download/2567__final.xlsx,ภัยแล้ง67-รายการพื้นที่เกิด
86,ชุมพร,2567,local_area_record,เมืองชุมพร,บ้านนา,9,2024-05-04 00:00:00,2024-05-04,,2024-06-05,duration_unconfirmed,,,all_agriculture_not_durian_specific,b400841d-e9d9-4a36-8896-13bdf5dfbd50,2370,https://catalog.disaster.go.th/dataset/7bdbedaf-f9cd-4c42-893a-0c88ad65b2f5/resource/b400841d-e9d9-4a36-8896-13bdf5dfbd50/download/2567__final.xlsx,ภัยแล้ง67-รายการพื้นที่เกิด
86,ชุมพร,2567,local_area_record,เมืองชุมพร,ขุนกระทิง,1,2024-05-04 00:00:00,2024-05-04,,2024-06-05,duration_unconfirmed,,,all_agriculture_not_durian_specific,b400841d-e9d9-4a36-8896-13bdf5dfbd50,2371,https://catalog.disaster.go.th/dataset/7bdbedaf-f9cd-4c42-893a-0c88ad65b2f5/resource/b400841d-e9d9-4a36-8896-13bdf5dfbd50/download/2567__final.xlsx,ภัยแล้ง67-รายการพื้นที่เกิด
86,ชุมพร,2567,local_area_record,เมืองชุมพร,ขุนกระทิง,2,2024-05-04 00:00:00,2024-05-04,,2024-06-05,duration_unconfirmed,,,all_agriculture_not_durian_specific,b400841d-e9d9-4a36-8896-13bdf5dfbd50,2372,https://catalog.disaster.go.th/dataset/7bdbedaf-f9cd-4c42-893a-0c88ad65b2f5/resource/b400841d-e9d9-4a36-8896-13bdf5dfbd50/download/2567__final.xlsx,ภัยแล้ง67-รายการพื้นที่เกิด
86,ชุมพร,2567,local_area_record,เมืองชุมพร,ขุนกระทิง,3,2024-05-04 00:00:00,2024-05-04,,2024-06-05,duration_unconfirmed,,,all_agriculture_not_durian_specific,b400841d-e9d9-4a36-8896-13bdf5dfbd50,2373,https://catalog.disaster.go.th/dataset/7bdbedaf-f9cd-4c42-893a-0c88ad65b2f5/resource/b400841d-e9d9-4a36-8896-13bdf5dfbd50/download/2567__final.xlsx,ภัยแล้ง67-รายการพื้นที่เกิด
86,ชุมพร,2567,local_area_record,เมืองชุมพร,ขุนกระทิง,4,2024-05-04 00:00:00,2024-05-04,,2024-06-05,duration_unconfirmed,,,all_agriculture_not_durian_specific,b400841d-e9d9-4a36-8896-13bdf5dfbd50,2374,https://catalog.disaster.go.th/dataset/7bdbedaf-f9cd-4c42-893a-0c88ad65b2f5/resource/b400841d-e9d9-4a36-8896-13bdf5dfbd50/download/2567__final.xlsx,ภัยแล้ง67-รายการพื้นที่เกิด
86,ชุมพร,2567,local_area_record,เมืองชุมพร,ขุนกระทิง,5,2024-05-04 00:00:00,2024-05-04,,2024-06-05,duration_unconfirmed,,,all_agriculture_not_durian_specific,b400841d-e9d9-4a36-8896-13bdf5dfbd50,2375,https://catalog.disaster.go.th/dataset/7bdbedaf-f9cd-4c42-893a-0c88ad65b2f5/resource/b400841d-e9d9-4a36-8896-13bdf5dfbd50/download/2567__final.xlsx,ภัยแล้ง67-รายการพื้นที่เกิด
86,ชุมพร,2567,local_area_record,เมืองชุมพร,ขุนกระทิง,6,2024-05-04 00:00:00,2024-05-04,,2024-06-05,duration_unconfirmed,,,all_agriculture_not_durian_specific,b400841d-e9d9-4a36-8896-13bdf5dfbd50,2376,https://catalog.disaster.go.th/dataset/7bdbedaf-f9cd-4c42-893a-0c88ad65b2f5/resource/b400841d-e9d9-4a36-8896-13bdf5dfbd50/download/2567__final.xlsx,ภัยแล้ง67-รายการพื้นที่เกิด
86,ชุมพร,2567,local_area_record,เมืองชุมพร,ขุนกระทิง,7,2024-05-04 00:00:00,2024-05-04,,2024-06-05,duration_unconfirmed,,,all_agriculture_not_durian_specific,b400841d-e9d9-4a36-8896-13bdf5dfbd50,2377,https://catalog.disaster.go.th/dataset/7bdbedaf-f9cd-4c42-893a-0c88ad65b2f5/resource/b400841d-e9d9-4a36-8896-13bdf5dfbd50/download/2567__final.xlsx,ภัยแล้ง67-รายการพื้นที่เกิด
86,ชุมพร,2567,local_area_record,เมืองชุมพร,ขุนกระทิง,8,2024-05-04 00:00:00,2024-05-04,,2024-06-05,duration_unconfirmed,,,all_agriculture_not_durian_specific,b400841d-e9d9-4a36-8896-13bdf5dfbd50,2378,https://catalog.disaster.go.th/dataset/7bdbedaf-f9cd-4c42-893a-0c88ad65b2f5/resource/b400841d-e9d9-4a36-8896-13bdf5dfbd50/download/2567__final.xlsx,ภัยแล้ง67-รายการพื้นที่เกิด
86,ชุมพร,2567,local_area_record,เมืองชุมพร,ทุ่งคา,1,2024-05-04 00:00:00,2024-05-04,,2024-06-05,duration_unconfirmed,,,all_agriculture_not_durian_specific,b400841d-e9d9-4a36-8896-13bdf5dfbd50,2379,https://catalog.disaster.go.th/dataset/7bdbedaf-f9cd-4c42-893a-0c88ad65b2f5/resource/b400841d-e9d9-4a36-8896-13bdf5dfbd50/download/2567__final.xlsx,ภัยแล้ง67-รายการพื้นที่เกิด
86,ชุมพร,2567,local_area_record,เมืองชุมพร,ทุ่งคา,10,2024-05-04 00:00:00,2024-05-04,,2024-06-05,duration_unconfirmed,,,all_agriculture_not_durian_specific,b400841d-e9d9-4a36-8896-13bdf5dfbd50,2380,https://catalog.disaster.go.th/dataset/7bdbedaf-f9cd-4c42-893a-0c88ad65b2f5/resource/b400841d-e9d9-4a36-8896-13bdf5dfbd50/download/2567__final.xlsx,ภัยแล้ง67-รายการพื้นที่เกิด
86,ชุมพร,2567,local_area_record,เมืองชุมพร,ทุ่งคา,11,2024-05-04 00:00:00,2024-05-04,,2024-06-05,duration_unconfirmed,,,all_agriculture_not_durian_specific,b400841d-e9d9-4a36-8896-13bdf5dfbd50,2381,https://catalog.disaster.go.th/dataset/7bdbedaf-f9cd-4c42-893a-0c88ad65b2f5/resource/b400841d-e9d9-4a36-8896-13bdf5dfbd50/download/2567__final.xlsx,ภัยแล้ง67-รายการพื้นที่เกิด
86,ชุมพร,2567,local_area_record,เมืองชุมพร,ทุ่งคา,2,2024-05-04 00:00:00,2024-05-04,,2024-06-05,duration_unconfirmed,,,all_agriculture_not_durian_specific,b400841d-e9d9-4a36-8896-13bdf5dfbd50,2382,https://catalog.disaster.go.th/dataset/7bdbedaf-f9cd-4c42-893a-0c88ad65b2f5/resource/b400841d-e9d9-4a36-8896-13bdf5dfbd50/download/2567__final.xlsx,ภัยแล้ง67-รายการพื้นที่เกิด
86,ชุมพร,2567,local_area_record,เมืองชุมพร,ทุ่งคา,3,2024-05-04 00:00:00,2024-05-04,,2024-06-05,duration_unconfirmed,,150,all_agriculture_not_durian_specific,b400841d-e9d9-4a36-8896-13bdf5dfbd50,2383,https://catalog.disaster.go.th/dataset/7bdbedaf-f9cd-4c42-893a-0c88ad65b2f5/resource/b400841d-e9d9-4a36-8896-13bdf5dfbd50/download/2567__final.xlsx,ภัยแล้ง67-รายการพื้นที่เกิด
86,ชุมพร,2567,local_area_record,เมืองชุมพร,ทุ่งคา,4,2024-05-04 00:00:00,2024-05-04,,2024-06-05,duration_unconfirmed,,,all_agriculture_not_durian_specific,b400841d-e9d9-4a36-8896-13bdf5dfbd50,2384,https://catalog.disaster.go.th/dataset/7bdbedaf-f9cd-4c42-893a-0c88ad65b2f5/resource/b400841d-e9d9-4a36-8896-13bdf5dfbd50/download/2567__final.xlsx,ภัยแล้ง67-รายการพื้นที่เกิด
86,ชุมพร,2567,local_area_record,เมืองชุมพร,ทุ่งคา,5,2024-05-04 00:00:00,2024-05-04,,2024-06-05,duration_unconfirmed,,,all_agriculture_not_durian_specific,b400841d-e9d9-4a36-8896-13bdf5dfbd50,2385,https://catalog.disaster.go.th/dataset/7bdbedaf-f9cd-4c42-893a-0c88ad65b2f5/resource/b400841d-e9d9-4a36-8896-13bdf5dfbd50/download/2567__final.xlsx,ภัยแล้ง67-รายการพื้นที่เกิด
86,ชุมพร,2567,local_area_record,เมืองชุมพร,ทุ่งคา,6,2024-05-04 00:00:00,2024-05-04,,2024-06-05,duration_unconfirmed,,,all_agriculture_not_durian_specific,b400841d-e9d9-4a36-8896-13bdf5dfbd50,2386,https://catalog.disaster.go.th/dataset/7bdbedaf-f9cd-4c42-893a-0c88ad65b2f5/resource/b400841d-e9d9-4a36-8896-13bdf5dfbd50/download/2567__final.xlsx,ภัยแล้ง67-รายการพื้นที่เกิด
86,ชุมพร,2567,local_area_record,เมืองชุมพร,ทุ่งคา,7,2024-05-04 00:00:00,2024-05-04,,2024-06-05,duration_unconfirmed,,,all_agriculture_not_durian_specific,b400841d-e9d9-4a36-8896-13bdf5dfbd50,2387,https://catalog.disaster.go.th/dataset/7bdbedaf-f9cd-4c42-893a-0c88ad65b2f5/resource/b400841d-e9d9-4a36-8896-13bdf5dfbd50/download/2567__final.xlsx,ภัยแล้ง67-รายการพื้นที่เกิด
86,ชุมพร,2567,local_area_record,เมืองชุมพร,ทุ่งคา,8,2024-05-04 00:00:00,2024-05-04,,2024-06-05,duration_unconfirmed,,,all_agriculture_not_durian_specific,b400841d-e9d9-4a36-8896-13bdf5dfbd50,2388,https://catalog.disaster.go.th/dataset/7bdbedaf-f9cd-4c42-893a-0c88ad65b2f5/resource/b400841d-e9d9-4a36-8896-13bdf5dfbd50/download/2567__final.xlsx,ภัยแล้ง67-รายการพื้นที่เกิด
86,ชุมพร,2567,local_area_record,เมืองชุมพร,ทุ่งคา,9,2024-05-04 00:00:00,2024-05-04,,2024-06-05,duration_unconfirmed,,,all_agriculture_not_durian_specific,b400841d-e9d9-4a36-8896-13bdf5dfbd50,2389,https://catalog.disaster.go.th/dataset/7bdbedaf-f9cd-4c42-893a-0c88ad65b2f5/resource/b400841d-e9d9-4a36-8896-13bdf5dfbd50/download/2567__final.xlsx,ภัยแล้ง67-รายการพื้นที่เกิด
86,ชุมพร,2567,local_area_record,เมืองชุมพร,วิสัยเหนือ,1,2024-05-04 00:00:00,2024-05-04,,2024-06-05,duration_unconfirmed,,,all_agriculture_not_durian_specific,b400841d-e9d9-4a36-8896-13bdf5dfbd50,2390,https://catalog.disaster.go.th/dataset/7bdbedaf-f9cd-4c42-893a-0c88ad65b2f5/resource/b400841d-e9d9-4a36-8896-13bdf5dfbd50/download/2567__final.xlsx,ภัยแล้ง67-รายการพื้นที่เกิด
86,ชุมพร,2567,local_area_record,เมืองชุมพร,วิสัยเหนือ,10,2024-05-04 00:00:00,2024-05-04,,2024-06-05,duration_unconfirmed,,,all_agriculture_not_durian_specific,b400841d-e9d9-4a36-8896-13bdf5dfbd50,2391,https://catalog.disaster.go.th/dataset/7bdbedaf-f9cd-4c42-893a-0c88ad65b2f5/resource/b400841d-e9d9-4a36-8896-13bdf5dfbd50/download/2567__final.xlsx,ภัยแล้ง67-รายการพื้นที่เกิด
86,ชุมพร,2567,local_area_record,เมืองชุมพร,วิสัยเหนือ,11,2024-05-04 00:00:00,2024-05-04,,2024-06-05,duration_unconfirmed,,,all_agriculture_not_durian_specific,b400841d-e9d9-4a36-8896-13bdf5dfbd50,2392,https://catalog.disaster.go.th/dataset/7bdbedaf-f9cd-4c42-893a-0c88ad65b2f5/resource/b400841d-e9d9-4a36-8896-13bdf5dfbd50/download/2567__final.xlsx,ภัยแล้ง67-รายการพื้นที่เกิด
86,ชุมพร,2567,local_area_record,เมืองชุมพร,วิสัยเหนือ,12,2024-05-04 00:00:00,2024-05-04,,2024-06-05,duration_unconfirmed,,,all_agriculture_not_durian_specific,b400841d-e9d9-4a36-8896-13bdf5dfbd50,2393,https://catalog.disaster.go.th/dataset/7bdbedaf-f9cd-4c42-893a-0c88ad65b2f5/resource/b400841d-e9d9-4a36-8896-13bdf5dfbd50/download/2567__final.xlsx,ภัยแล้ง67-รายการพื้นที่เกิด
86,ชุมพร,2567,local_area_record,เมืองชุมพร,วิสัยเหนือ,2,2024-05-04 00:00:00,2024-05-04,,2024-06-05,duration_unconfirmed,,,all_agriculture_not_durian_specific,b400841d-e9d9-4a36-8896-13bdf5dfbd50,2394,https://catalog.disaster.go.th/dataset/7bdbedaf-f9cd-4c42-893a-0c88ad65b2f5/resource/b400841d-e9d9-4a36-8896-13bdf5dfbd50/download/2567__final.xlsx,ภัยแล้ง67-รายการพื้นที่เกิด
86,ชุมพร,2567,local_area_record,เมืองชุมพร,วิสัยเหนือ,3,2024-05-04 00:00:00,2024-05-04,,2024-06-05,duration_unconfirmed,,,all_agriculture_not_durian_specific,b400841d-e9d9-4a36-8896-13bdf5dfbd50,2395,https://catalog.disaster.go.th/dataset/7bdbedaf-f9cd-4c42-893a-0c88ad65b2f5/resource/b400841d-e9d9-4a36-8896-13bdf5dfbd50/download/2567__final.xlsx,ภัยแล้ง67-รายการพื้นที่เกิด
86,ชุมพร,2567,local_area_record,เมืองชุมพร,วิสัยเหนือ,4,2024-05-04 00:00:00,2024-05-04,,2024-06-05,duration_unconfirmed,,,all_agriculture_not_durian_specific,b400841d-e9d9-4a36-8896-13bdf5dfbd50,2396,https://catalog.disaster.go.th/dataset/7bdbedaf-f9cd-4c42-893a-0c88ad65b2f5/resource/b400841d-e9d9-4a36-8896-13bdf5dfbd50/download/2567__final.xlsx,ภัยแล้ง67-รายการพื้นที่เกิด
86,ชุมพร,2567,local_area_record,เมืองชุมพร,วิสัยเหนือ,5,2024-05-04 00:00:00,2024-05-04,,2024-06-05,duration_unconfirmed,,,all_agriculture_not_durian_specific,b400841d-e9d9-4a36-8896-13bdf5dfbd50,2397,https://catalog.disaster.go.th/dataset/7bdbedaf-f9cd-4c42-893a-0c88ad65b2f5/resource/b400841d-e9d9-4a36-8896-13bdf5dfbd50/download/2567__final.xlsx,ภัยแล้ง67-รายการพื้นที่เกิด
86,ชุมพร,2567,local_area_record,เมืองชุมพร,วิสัยเหนือ,6,2024-05-04 00:00:00,2024-05-04,,2024-06-05,duration_unconfirmed,,,all_agriculture_not_durian_specific,b400841d-e9d9-4a36-8896-13bdf5dfbd50,2398,https://catalog.disaster.go.th/dataset/7bdbedaf-f9cd-4c42-893a-0c88ad65b2f5/resource/b400841d-e9d9-4a36-8896-13bdf5dfbd50/download/2567__final.xlsx,ภัยแล้ง67-รายการพื้นที่เกิด
86,ชุมพร,2567,local_area_record,เมืองชุมพร,วิสัยเหนือ,7,2024-05-04 00:00:00,2024-05-04,,2024-06-05,duration_unconfirmed,,,all_agriculture_not_durian_specific,b400841d-e9d9-4a36-8896-13bdf5dfbd50,2399,https://catalog.disaster.go.th/dataset/7bdbedaf-f9cd-4c42-893a-0c88ad65b2f5/resource/b400841d-e9d9-4a36-8896-13bdf5dfbd50/download/2567__final.xlsx,ภัยแล้ง67-รายการพื้นที่เกิด
86,ชุมพร,2567,local_area_record,เมืองชุมพร,วิสัยเหนือ,8,2024-05-04 00:00:00,2024-05-04,,2024-06-05,duration_unconfirmed,,,all_agriculture_not_durian_specific,b400841d-e9d9-4a36-8896-13bdf5dfbd50,2400,https://catalog.disaster.go.th/dataset/7bdbedaf-f9cd-4c42-893a-0c88ad65b2f5/resource/b400841d-e9d9-4a36-8896-13bdf5dfbd50/download/2567__final.xlsx,ภัยแล้ง67-รายการพื้นที่เกิด
86,ชุมพร,2567,local_area_record,เมืองชุมพร,วิสัยเหนือ,9,2024-05-04 00:00:00,2024-05-04,,2024-06-05,duration_unconfirmed,,,all_agriculture_not_durian_specific,b400841d-e9d9-4a36-8896-13bdf5dfbd50,2401,https://catalog.disaster.go.th/dataset/7bdbedaf-f9cd-4c42-893a-0c88ad65b2f5/resource/b400841d-e9d9-4a36-8896-13bdf5dfbd50/download/2567__final.xlsx,ภัยแล้ง67-รายการพื้นที่เกิด
86,ชุมพร,2567,local_area_record,เมืองชุมพร,ถ้ำสิงห์,1,2024-05-04 00:00:00,2024-05-04,,2024-06-05,duration_unconfirmed,,,all_agriculture_not_durian_specific,b400841d-e9d9-4a36-8896-13bdf5dfbd50,2402,https://catalog.disaster.go.th/dataset/7bdbedaf-f9cd-4c42-893a-0c88ad65b2f5/resource/b400841d-e9d9-4a36-8896-13bdf5dfbd50/download/2567__final.xlsx,ภัยแล้ง67-รายการพื้นที่เกิด
86,ชุมพร,2567,local_area_record,เมืองชุมพร,ถ้ำสิงห์,2,2024-05-04 00:00:00,2024-05-04,,2024-06-05,duration_unconfirmed,,,all_agriculture_not_durian_specific,b400841d-e9d9-4a36-8896-13bdf5dfbd50,2403,https://catalog.disaster.go.th/dataset/7bdbedaf-f9cd-4c42-893a-0c88ad65b2f5/resource/b400841d-e9d9-4a36-8896-13bdf5dfbd50/download/2567__final.xlsx,ภัยแล้ง67-รายการพื้นที่เกิด
86,ชุมพร,2567,local_area_record,เมืองชุมพร,ถ้ำสิงห์,3,2024-05-04 00:00:00,2024-05-04,,2024-06-05,duration_unconfirmed,,3430,all_agriculture_not_durian_specific,b400841d-e9d9-4a36-8896-13bdf5dfbd50,2404,https://catalog.disaster.go.th/dataset/7bdbedaf-f9cd-4c42-893a-0c88ad65b2f5/resource/b400841d-e9d9-4a36-8896-13bdf5dfbd50/download/2567__final.xlsx,ภัยแล้ง67-รายการพื้นที่เกิด
86,ชุมพร,2567,local_area_record,เมืองชุมพร,ถ้ำสิงห์,4,2024-05-04 00:00:00,2024-05-04,,2024-06-05,duration_unconfirmed,,,all_agriculture_not_durian_specific,b400841d-e9d9-4a36-8896-13bdf5dfbd50,2405,https://catalog.disaster.go.th/dataset/7bdbedaf-f9cd-4c42-893a-0c88ad65b2f5/resource/b400841d-e9d9-4a36-8896-13bdf5dfbd50/download/2567__final.xlsx,ภัยแล้ง67-รายการพื้นที่เกิด
86,ชุมพร,2567,local_area_record,เมืองชุมพร,ถ้ำสิงห์,5,2024-05-04 00:00:00,2024-05-04,,2024-06-05,duration_unconfirmed,,,all_agriculture_not_durian_specific,b400841d-e9d9-4a36-8896-13bdf5dfbd50,2406,https://catalog.disaster.go.th/dataset/7bdbedaf-f9cd-4c42-893a-0c88ad65b2f5/resource/b400841d-e9d9-4a36-8896-13bdf5dfbd50/download/2567__final.xlsx,ภัยแล้ง67-รายการพื้นที่เกิด
86,ชุมพร,2567,local_area_record,เมืองชุมพร,ถ้ำสิงห์,6,2024-05-04 00:00:00,2024-05-04,,2024-06-05,duration_unconfirmed,,,all_agriculture_not_durian_specific,b400841d-e9d9-4a36-8896-13bdf5dfbd50,2407,https://catalog.disaster.go.th/dataset/7bdbedaf-f9cd-4c42-893a-0c88ad65b2f5/resource/b400841d-e9d9-4a36-8896-13bdf5dfbd50/download/2567__final.xlsx,ภัยแล้ง67-รายการพื้นที่เกิด
86,ชุมพร,2567,local_area_record,ท่าแซะ,ท่าแซะ,17,2024-05-04 00:00:00,2024-05-04,,2024-07-03,duration_unconfirmed,,,all_agriculture_not_durian_specific,b400841d-e9d9-4a36-8896-13bdf5dfbd50,2408,https://catalog.disaster.go.th/dataset/7bdbedaf-f9cd-4c42-893a-0c88ad65b2f5/resource/b400841d-e9d9-4a36-8896-13bdf5dfbd50/download/2567__final.xlsx,ภัยแล้ง67-รายการพื้นที่เกิด
86,ชุมพร,2567,local_area_record,ท่าแซะ,ท่าแซะ,18,2024-05-04 00:00:00,2024-05-04,,2024-07-03,duration_unconfirmed,,,all_agriculture_not_durian_specific,b400841d-e9d9-4a36-8896-13bdf5dfbd50,2409,https://catalog.disaster.go.th/dataset/7bdbedaf-f9cd-4c42-893a-0c88ad65b2f5/resource/b400841d-e9d9-4a36-8896-13bdf5dfbd50/download/2567__final.xlsx,ภัยแล้ง67-รายการพื้นที่เกิด
86,ชุมพร,2567,local_area_record,ท่าแซะ,ท่าแซะ,4,2024-05-04 00:00:00,2024-05-04,,2024-07-03,duration_unconfirmed,,175,all_agriculture_not_durian_specific,b400841d-e9d9-4a36-8896-13bdf5dfbd50,2410,https://catalog.disaster.go.th/dataset/7bdbedaf-f9cd-4c42-893a-0c88ad65b2f5/resource/b400841d-e9d9-4a36-8896-13bdf5dfbd50/download/2567__final.xlsx,ภัยแล้ง67-รายการพื้นที่เกิด
86,ชุมพร,2567,local_area_record,ท่าแซะ,ท่าแซะ,7,2024-05-04 00:00:00,2024-05-04,,2024-07-03,duration_unconfirmed,,,all_agriculture_not_durian_specific,b400841d-e9d9-4a36-8896-13bdf5dfbd50,2411,https://catalog.disaster.go.th/dataset/7bdbedaf-f9cd-4c42-893a-0c88ad65b2f5/resource/b400841d-e9d9-4a36-8896-13bdf5dfbd50/download/2567__final.xlsx,ภัยแล้ง67-รายการพื้นที่เกิด
86,ชุมพร,2567,local_area_record,ท่าแซะ,รับร่อ,10,2024-05-04 00:00:00,2024-05-04,,2024-07-03,duration_unconfirmed,,,all_agriculture_not_durian_specific,b400841d-e9d9-4a36-8896-13bdf5dfbd50,2412,https://catalog.disaster.go.th/dataset/7bdbedaf-f9cd-4c42-893a-0c88ad65b2f5/resource/b400841d-e9d9-4a36-8896-13bdf5dfbd50/download/2567__final.xlsx,ภัยแล้ง67-รายการพื้นที่เกิด
86,ชุมพร,2567,local_area_record,ท่าแซะ,รับร่อ,11,2024-05-04 00:00:00,2024-05-04,,2024-07-03,duration_unconfirmed,,,all_agriculture_not_durian_specific,b400841d-e9d9-4a36-8896-13bdf5dfbd50,2413,https://catalog.disaster.go.th/dataset/7bdbedaf-f9cd-4c42-893a-0c88ad65b2f5/resource/b400841d-e9d9-4a36-8896-13bdf5dfbd50/download/2567__final.xlsx,ภัยแล้ง67-รายการพื้นที่เกิด
86,ชุมพร,2567,local_area_record,ท่าแซะ,รับร่อ,12,2024-05-04 00:00:00,2024-05-04,,2024-07-03,duration_unconfirmed,,,all_agriculture_not_durian_specific,b400841d-e9d9-4a36-8896-13bdf5dfbd50,2414,https://catalog.disaster.go.th/dataset/7bdbedaf-f9cd-4c42-893a-0c88ad65b2f5/resource/b400841d-e9d9-4a36-8896-13bdf5dfbd50/download/2567__final.xlsx,ภัยแล้ง67-รายการพื้นที่เกิด
86,ชุมพร,2567,local_area_record,ท่าแซะ,รับร่อ,14,2024-05-04 00:00:00,2024-05-04,,2024-07-03,duration_unconfirmed,,,all_agriculture_not_durian_specific,b400841d-e9d9-4a36-8896-13bdf5dfbd50,2415,https://catalog.disaster.go.th/dataset/7bdbedaf-f9cd-4c42-893a-0c88ad65b2f5/resource/b400841d-e9d9-4a36-8896-13bdf5dfbd50/download/2567__final.xlsx,ภัยแล้ง67-รายการพื้นที่เกิด
86,ชุมพร,2567,local_area_record,ท่าแซะ,รับร่อ,15,2024-05-04 00:00:00,2024-05-04,,2024-07-03,duration_unconfirmed,,,all_agriculture_not_durian_specific,b400841d-e9d9-4a36-8896-13bdf5dfbd50,2416,https://catalog.disaster.go.th/dataset/7bdbedaf-f9cd-4c42-893a-0c88ad65b2f5/resource/b400841d-e9d9-4a36-8896-13bdf5dfbd50/download/2567__final.xlsx,ภัยแล้ง67-รายการพื้นที่เกิด
86,ชุมพร,2567,local_area_record,ท่าแซะ,รับร่อ,16,2024-05-04 00:00:00,2024-05-04,,2024-07-03,duration_unconfirmed,,,all_agriculture_not_durian_specific,b400841d-e9d9-4a36-8896-13bdf5dfbd50,2417,https://catalog.disaster.go.th/dataset/7bdbedaf-f9cd-4c42-893a-0c88ad65b2f5/resource/b400841d-e9d9-4a36-8896-13bdf5dfbd50/download/2567__final.xlsx,ภัยแล้ง67-รายการพื้นที่เกิด
86,ชุมพร,2567,local_area_record,ท่าแซะ,รับร่อ,17,2024-05-04 00:00:00,2024-05-04,,2024-07-03,duration_unconfirmed,,,all_agriculture_not_durian_specific,b400841d-e9d9-4a36-8896-13bdf5dfbd50,2418,https://catalog.disaster.go.th/dataset/7bdbedaf-f9cd-4c42-893a-0c88ad65b2f5/resource/b400841d-e9d9-4a36-8896-13bdf5dfbd50/download/2567__final.xlsx,ภัยแล้ง67-รายการพื้นที่เกิด
86,ชุมพร,2567,local_area_record,ท่าแซะ,รับร่อ,18,2024-05-04 00:00:00,2024-05-04,,2024-07-03,duration_unconfirmed,,,all_agriculture_not_durian_specific,b400841d-e9d9-4a36-8896-13bdf5dfbd50,2419,https://catalog.disaster.go.th/dataset/7bdbedaf-f9cd-4c42-893a-0c88ad65b2f5/resource/b400841d-e9d9-4a36-8896-13bdf5dfbd50/download/2567__final.xlsx,ภัยแล้ง67-รายการพื้นที่เกิด
86,ชุมพร,2567,local_area_record,ท่าแซะ,รับร่อ,19,2024-05-04 00:00:00,2024-05-04,,2024-07-03,duration_unconfirmed,,,all_agriculture_not_durian_specific,b400841d-e9d9-4a36-8896-13bdf5dfbd50,2420,https://catalog.disaster.go.th/dataset/7bdbedaf-f9cd-4c42-893a-0c88ad65b2f5/resource/b400841d-e9d9-4a36-8896-13bdf5dfbd50/download/2567__final.xlsx,ภัยแล้ง67-รายการพื้นที่เกิด
86,ชุมพร,2567,local_area_record,ท่าแซะ,รับร่อ,20,2024-05-04 00:00:00,2024-05-04,,2024-07-03,duration_unconfirmed,,,all_agriculture_not_durian_specific,b400841d-e9d9-4a36-8896-13bdf5dfbd50,2421,https://catalog.disaster.go.th/dataset/7bdbedaf-f9cd-4c42-893a-0c88ad65b2f5/resource/b400841d-e9d9-4a36-8896-13bdf5dfbd50/download/2567__final.xlsx,ภัยแล้ง67-รายการพื้นที่เกิด
86,ชุมพร,2567,local_area_record,ท่าแซะ,รับร่อ,21,2024-05-04 00:00:00,2024-05-04,,2024-07-03,duration_unconfirmed,,,all_agriculture_not_durian_specific,b400841d-e9d9-4a36-8896-13bdf5dfbd50,2422,https://catalog.disaster.go.th/dataset/7bdbedaf-f9cd-4c42-893a-0c88ad65b2f5/resource/b400841d-e9d9-4a36-8896-13bdf5dfbd50/download/2567__final.xlsx,ภัยแล้ง67-รายการพื้นที่เกิด
86,ชุมพร,2567,local_area_record,ท่าแซะ,รับร่อ,22,2024-05-04 00:00:00,2024-05-04,,2024-07-03,duration_unconfirmed,,,all_agriculture_not_durian_specific,b400841d-e9d9-4a36-8896-13bdf5dfbd50,2423,https://catalog.disaster.go.th/dataset/7bdbedaf-f9cd-4c42-893a-0c88ad65b2f5/resource/b400841d-e9d9-4a36-8896-13bdf5dfbd50/download/2567__final.xlsx,ภัยแล้ง67-รายการพื้นที่เกิด
86,ชุมพร,2567,local_area_record,ท่าแซะ,รับร่อ,23,2024-05-04 00:00:00,2024-05-04,,2024-07-03,duration_unconfirmed,,,all_agriculture_not_durian_specific,b400841d-e9d9-4a36-8896-13bdf5dfbd50,2424,https://catalog.disaster.go.th/dataset/7bdbedaf-f9cd-4c42-893a-0c88ad65b2f5/resource/b400841d-e9d9-4a36-8896-13bdf5dfbd50/download/2567__final.xlsx,ภัยแล้ง67-รายการพื้นที่เกิด
86,ชุมพร,2567,local_area_record,ปะทิว,ทะเลทรัพย์,1,2024-05-04 00:00:00,2024-05-04,,2024-07-02,duration_unconfirmed,,28,all_agriculture_not_durian_specific,b400841d-e9d9-4a36-8896-13bdf5dfbd50,2425,https://catalog.disaster.go.th/dataset/7bdbedaf-f9cd-4c42-893a-0c88ad65b2f5/resource/b400841d-e9d9-4a36-8896-13bdf5dfbd50/download/2567__final.xlsx,ภัยแล้ง67-รายการพื้นที่เกิด
86,ชุมพร,2567,local_area_record,ปะทิว,ทะเลทรัพย์,3,2024-05-04 00:00:00,2024-05-04,,2024-07-02,duration_unconfirmed,,,all_agriculture_not_durian_specific,b400841d-e9d9-4a36-8896-13bdf5dfbd50,2426,https://catalog.disaster.go.th/dataset/7bdbedaf-f9cd-4c42-893a-0c88ad65b2f5/resource/b400841d-e9d9-4a36-8896-13bdf5dfbd50/download/2567__final.xlsx,ภัยแล้ง67-รายการพื้นที่เกิด
86,ชุมพร,2567,local_area_record,ปะทิว,ทะเลทรัพย์,4,2024-05-04 00:00:00,2024-05-04,,2024-07-02,duration_unconfirmed,,398,all_agriculture_not_durian_specific,b400841d-e9d9-4a36-8896-13bdf5dfbd50,2427,https://catalog.disaster.go.th/dataset/7bdbedaf-f9cd-4c42-893a-0c88ad65b2f5/resource/b400841d-e9d9-4a36-8896-13bdf5dfbd50/download/2567__final.xlsx,ภัยแล้ง67-รายการพื้นที่เกิด
86,ชุมพร,2567,local_area_record,ปะทิว,ทะเลทรัพย์,5,2024-05-04 00:00:00,2024-05-04,,2024-07-02,duration_unconfirmed,,,all_agriculture_not_durian_specific,b400841d-e9d9-4a36-8896-13bdf5dfbd50,2428,https://catalog.disaster.go.th/dataset/7bdbedaf-f9cd-4c42-893a-0c88ad65b2f5/resource/b400841d-e9d9-4a36-8896-13bdf5dfbd50/download/2567__final.xlsx,ภัยแล้ง67-รายการพื้นที่เกิด
86,ชุมพร,2567,local_area_record,ปะทิว,ทะเลทรัพย์,6,2024-05-04 00:00:00,2024-05-04,,2024-07-02,duration_unconfirmed,,,all_agriculture_not_durian_specific,b400841d-e9d9-4a36-8896-13bdf5dfbd50,2429,https://catalog.disaster.go.th/dataset/7bdbedaf-f9cd-4c42-893a-0c88ad65b2f5/resource/b400841d-e9d9-4a36-8896-13bdf5dfbd50/download/2567__final.xlsx,ภัยแล้ง67-รายการพื้นที่เกิด
86,ชุมพร,2567,local_area_record,ปะทิว,ทะเลทรัพย์,7,2024-05-04 00:00:00,2024-05-04,,2024-07-02,duration_unconfirmed,,,all_agriculture_not_durian_specific,b400841d-e9d9-4a36-8896-13bdf5dfbd50,2430,https://catalog.disaster.go.th/dataset/7bdbedaf-f9cd-4c42-893a-0c88ad65b2f5/resource/b400841d-e9d9-4a36-8896-13bdf5dfbd50/download/2567__final.xlsx,ภัยแล้ง67-รายการพื้นที่เกิด
86,ชุมพร,2567,local_area_record,ปะทิว,ทะเลทรัพย์,8,2024-05-04 00:00:00,2024-05-04,,2024-07-02,duration_unconfirmed,,41,all_agriculture_not_durian_specific,b400841d-e9d9-4a36-8896-13bdf5dfbd50,2431,https://catalog.disaster.go.th/dataset/7bdbedaf-f9cd-4c42-893a-0c88ad65b2f5/resource/b400841d-e9d9-4a36-8896-13bdf5dfbd50/download/2567__final.xlsx,ภัยแล้ง67-รายการพื้นที่เกิด
86,ชุมพร,2567,local_area_record,ปะทิว,สะพลี,1,2024-05-04 00:00:00,2024-05-04,,2024-07-02,duration_unconfirmed,,,all_agriculture_not_durian_specific,b400841d-e9d9-4a36-8896-13bdf5dfbd50,2432,https://catalog.disaster.go.th/dataset/7bdbedaf-f9cd-4c42-893a-0c88ad65b2f5/resource/b400841d-e9d9-4a36-8896-13bdf5dfbd50/download/2567__final.xlsx,ภัยแล้ง67-รายการพื้นที่เกิด
86,ชุมพร,2567,local_area_record,ปะทิว,สะพลี,10,2024-05-04 00:00:00,2024-05-04,,2024-07-02,duration_unconfirmed,,,all_agriculture_not_durian_specific,b400841d-e9d9-4a36-8896-13bdf5dfbd50,2433,https://catalog.disaster.go.th/dataset/7bdbedaf-f9cd-4c42-893a-0c88ad65b2f5/resource/b400841d-e9d9-4a36-8896-13bdf5dfbd50/download/2567__final.xlsx,ภัยแล้ง67-รายการพื้นที่เกิด
86,ชุมพร,2567,local_area_record,ปะทิว,สะพลี,11,2024-05-04 00:00:00,2024-05-04,,2024-07-02,duration_unconfirmed,,,all_agriculture_not_durian_specific,b400841d-e9d9-4a36-8896-13bdf5dfbd50,2434,https://catalog.disaster.go.th/dataset/7bdbedaf-f9cd-4c42-893a-0c88ad65b2f5/resource/b400841d-e9d9-4a36-8896-13bdf5dfbd50/download/2567__final.xlsx,ภัยแล้ง67-รายการพื้นที่เกิด
86,ชุมพร,2567,local_area_record,ปะทิว,สะพลี,2,2024-05-04 00:00:00,2024-05-04,,2024-07-02,duration_unconfirmed,,,all_agriculture_not_durian_specific,b400841d-e9d9-4a36-8896-13bdf5dfbd50,2435,https://catalog.disaster.go.th/dataset/7bdbedaf-f9cd-4c42-893a-0c88ad65b2f5/resource/b400841d-e9d9-4a36-8896-13bdf5dfbd50/download/2567__final.xlsx,ภัยแล้ง67-รายการพื้นที่เกิด
86,ชุมพร,2567,local_area_record,ปะทิว,สะพลี,3,2024-05-04 00:00:00,2024-05-04,,2024-07-02,duration_unconfirmed,,,all_agriculture_not_durian_specific,b400841d-e9d9-4a36-8896-13bdf5dfbd50,2436,https://catalog.disaster.go.th/dataset/7bdbedaf-f9cd-4c42-893a-0c88ad65b2f5/resource/b400841d-e9d9-4a36-8896-13bdf5dfbd50/download/2567__final.xlsx,ภัยแล้ง67-รายการพื้นที่เกิด
86,ชุมพร,2567,local_area_record,ปะทิว,สะพลี,4,2024-05-04 00:00:00,2024-05-04,,2024-07-02,duration_unconfirmed,,,all_agriculture_not_durian_specific,b400841d-e9d9-4a36-8896-13bdf5dfbd50,2437,https://catalog.disaster.go.th/dataset/7bdbedaf-f9cd-4c42-893a-0c88ad65b2f5/resource/b400841d-e9d9-4a36-8896-13bdf5dfbd50/download/2567__final.xlsx,ภัยแล้ง67-รายการพื้นที่เกิด
86,ชุมพร,2567,local_area_record,ปะทิว,สะพลี,5,2024-05-04 00:00:00,2024-05-04,,2024-07-02,duration_unconfirmed,,,all_agriculture_not_durian_specific,b400841d-e9d9-4a36-8896-13bdf5dfbd50,2438,https://catalog.disaster.go.th/dataset/7bdbedaf-f9cd-4c42-893a-0c88ad65b2f5/resource/b400841d-e9d9-4a36-8896-13bdf5dfbd50/download/2567__final.xlsx,ภัยแล้ง67-รายการพื้นที่เกิด
86,ชุมพร,2567,local_area_record,ปะทิว,สะพลี,6,2024-05-04 00:00:00,2024-05-04,,2024-07-02,duration_unconfirmed,,,all_agriculture_not_durian_specific,b400841d-e9d9-4a36-8896-13bdf5dfbd50,2439,https://catalog.disaster.go.th/dataset/7bdbedaf-f9cd-4c42-893a-0c88ad65b2f5/resource/b400841d-e9d9-4a36-8896-13bdf5dfbd50/download/2567__final.xlsx,ภัยแล้ง67-รายการพื้นที่เกิด
86,ชุมพร,2567,local_area_record,ปะทิว,สะพลี,7,2024-05-04 00:00:00,2024-05-04,,2024-07-02,duration_unconfirmed,,,all_agriculture_not_durian_specific,b400841d-e9d9-4a36-8896-13bdf5dfbd50,2440,https://catalog.disaster.go.th/dataset/7bdbedaf-f9cd-4c42-893a-0c88ad65b2f5/resource/b400841d-e9d9-4a36-8896-13bdf5dfbd50/download/2567__final.xlsx,ภัยแล้ง67-รายการพื้นที่เกิด
86,ชุมพร,2567,local_area_record,ปะทิว,สะพลี,8,2024-05-04 00:00:00,2024-05-04,,2024-07-02,duration_unconfirmed,,,all_agriculture_not_durian_specific,b400841d-e9d9-4a36-8896-13bdf5dfbd50,2441,https://catalog.disaster.go.th/dataset/7bdbedaf-f9cd-4c42-893a-0c88ad65b2f5/resource/b400841d-e9d9-4a36-8896-13bdf5dfbd50/download/2567__final.xlsx,ภัยแล้ง67-รายการพื้นที่เกิด
86,ชุมพร,2567,local_area_record,ปะทิว,สะพลี,9,2024-05-04 00:00:00,2024-05-04,,2024-07-02,duration_unconfirmed,,,all_agriculture_not_durian_specific,b400841d-e9d9-4a36-8896-13bdf5dfbd50,2442,https://catalog.disaster.go.th/dataset/7bdbedaf-f9cd-4c42-893a-0c88ad65b2f5/resource/b400841d-e9d9-4a36-8896-13bdf5dfbd50/download/2567__final.xlsx,ภัยแล้ง67-รายการพื้นที่เกิด
86,ชุมพร,2567,local_area_record,ปะทิว,ชุมโค,11,2024-05-04 00:00:00,2024-05-04,,2024-07-02,duration_unconfirmed,,465,all_agriculture_not_durian_specific,b400841d-e9d9-4a36-8896-13bdf5dfbd50,2443,https://catalog.disaster.go.th/dataset/7bdbedaf-f9cd-4c42-893a-0c88ad65b2f5/resource/b400841d-e9d9-4a36-8896-13bdf5dfbd50/download/2567__final.xlsx,ภัยแล้ง67-รายการพื้นที่เกิด
86,ชุมพร,2567,local_area_record,ปะทิว,ชุมโค,12,2024-05-04 00:00:00,2024-05-04,,2024-07-02,duration_unconfirmed,,509,all_agriculture_not_durian_specific,b400841d-e9d9-4a36-8896-13bdf5dfbd50,2444,https://catalog.disaster.go.th/dataset/7bdbedaf-f9cd-4c42-893a-0c88ad65b2f5/resource/b400841d-e9d9-4a36-8896-13bdf5dfbd50/download/2567__final.xlsx,ภัยแล้ง67-รายการพื้นที่เกิด
86,ชุมพร,2567,local_area_record,ปะทิว,ชุมโค,8,2024-05-04 00:00:00,2024-05-04,,2024-07-02,duration_unconfirmed,,516,all_agriculture_not_durian_specific,b400841d-e9d9-4a36-8896-13bdf5dfbd50,2445,https://catalog.disaster.go.th/dataset/7bdbedaf-f9cd-4c42-893a-0c88ad65b2f5/resource/b400841d-e9d9-4a36-8896-13bdf5dfbd50/download/2567__final.xlsx,ภัยแล้ง67-รายการพื้นที่เกิด
86,ชุมพร,2567,local_area_record,ปะทิว,ดอนยาง,10,2024-05-04 00:00:00,2024-05-04,,2024-07-02,duration_unconfirmed,,,all_agriculture_not_durian_specific,b400841d-e9d9-4a36-8896-13bdf5dfbd50,2446,https://catalog.disaster.go.th/dataset/7bdbedaf-f9cd-4c42-893a-0c88ad65b2f5/resource/b400841d-e9d9-4a36-8896-13bdf5dfbd50/download/2567__final.xlsx,ภัยแล้ง67-รายการพื้นที่เกิด
86,ชุมพร,2567,local_area_record,ปะทิว,ดอนยาง,11,2024-05-04 00:00:00,2024-05-04,,2024-07-02,duration_unconfirmed,,,all_agriculture_not_durian_specific,b400841d-e9d9-4a36-8896-13bdf5dfbd50,2447,https://catalog.disaster.go.th/dataset/7bdbedaf-f9cd-4c42-893a-0c88ad65b2f5/resource/b400841d-e9d9-4a36-8896-13bdf5dfbd50/download/2567__final.xlsx,ภัยแล้ง67-รายการพื้นที่เกิด
86,ชุมพร,2567,local_area_record,ปะทิว,ดอนยาง,14,2024-05-04 00:00:00,2024-05-04,,2024-07-02,duration_unconfirmed,,,all_agriculture_not_durian_specific,b400841d-e9d9-4a36-8896-13bdf5dfbd50,2448,https://catalog.disaster.go.th/dataset/7bdbedaf-f9cd-4c42-893a-0c88ad65b2f5/resource/b400841d-e9d9-4a36-8896-13bdf5dfbd50/download/2567__final.xlsx,ภัยแล้ง67-รายการพื้นที่เกิด
86,ชุมพร,2567,local_area_record,ปะทิว,ดอนยาง,16,2024-05-04 00:00:00,2024-05-04,,2024-07-02,duration_unconfirmed,,,all_agriculture_not_durian_specific,b400841d-e9d9-4a36-8896-13bdf5dfbd50,2449,https://catalog.disaster.go.th/dataset/7bdbedaf-f9cd-4c42-893a-0c88ad65b2f5/resource/b400841d-e9d9-4a36-8896-13bdf5dfbd50/download/2567__final.xlsx,ภัยแล้ง67-รายการพื้นที่เกิด
86,ชุมพร,2567,local_area_record,ปะทิว,ดอนยาง,3,2024-05-04 00:00:00,2024-05-04,,2024-07-02,duration_unconfirmed,,1213,all_agriculture_not_durian_specific,b400841d-e9d9-4a36-8896-13bdf5dfbd50,2450,https://catalog.disaster.go.th/dataset/7bdbedaf-f9cd-4c42-893a-0c88ad65b2f5/resource/b400841d-e9d9-4a36-8896-13bdf5dfbd50/download/2567__final.xlsx,ภัยแล้ง67-รายการพื้นที่เกิด
86,ชุมพร,2567,local_area_record,ปะทิว,ดอนยาง,5,2024-05-04 00:00:00,2024-05-04,,2024-07-02,duration_unconfirmed,,,all_agriculture_not_durian_specific,b400841d-e9d9-4a36-8896-13bdf5dfbd50,2451,https://catalog.disaster.go.th/dataset/7bdbedaf-f9cd-4c42-893a-0c88ad65b2f5/resource/b400841d-e9d9-4a36-8896-13bdf5dfbd50/download/2567__final.xlsx,ภัยแล้ง67-รายการพื้นที่เกิด
86,ชุมพร,2567,local_area_record,ปะทิว,ดอนยาง,8,2024-05-04 00:00:00,2024-05-04,,2024-07-02,duration_unconfirmed,,,all_agriculture_not_durian_specific,b400841d-e9d9-4a36-8896-13bdf5dfbd50,2452,https://catalog.disaster.go.th/dataset/7bdbedaf-f9cd-4c42-893a-0c88ad65b2f5/resource/b400841d-e9d9-4a36-8896-13bdf5dfbd50/download/2567__final.xlsx,ภัยแล้ง67-รายการพื้นที่เกิด
86,ชุมพร,2567,local_area_record,ปะทิว,ปากคลอง,2,2024-05-04 00:00:00,2024-05-04,,2024-07-02,duration_unconfirmed,,,all_agriculture_not_durian_specific,b400841d-e9d9-4a36-8896-13bdf5dfbd50,2453,https://catalog.disaster.go.th/dataset/7bdbedaf-f9cd-4c42-893a-0c88ad65b2f5/resource/b400841d-e9d9-4a36-8896-13bdf5dfbd50/download/2567__final.xlsx,ภัยแล้ง67-รายการพื้นที่เกิด
86,ชุมพร,2567,local_area_record,ปะทิว,ปากคลอง,3,2024-05-04 00:00:00,2024-05-04,,2024-07-02,duration_unconfirmed,,,all_agriculture_not_durian_specific,b400841d-e9d9-4a36-8896-13bdf5dfbd50,2454,https://catalog.disaster.go.th/dataset/7bdbedaf-f9cd-4c42-893a-0c88ad65b2f5/resource/b400841d-e9d9-4a36-8896-13bdf5dfbd50/download/2567__final.xlsx,ภัยแล้ง67-รายการพื้นที่เกิด
86,ชุมพร,2567,local_area_record,ปะทิว,ปากคลอง,6,2024-05-04 00:00:00,2024-05-04,,2024-07-02,duration_unconfirmed,,,all_agriculture_not_durian_specific,b400841d-e9d9-4a36-8896-13bdf5dfbd50,2455,https://catalog.disaster.go.th/dataset/7bdbedaf-f9cd-4c42-893a-0c88ad65b2f5/resource/b400841d-e9d9-4a36-8896-13bdf5dfbd50/download/2567__final.xlsx,ภัยแล้ง67-รายการพื้นที่เกิด
86,ชุมพร,2567,local_area_record,ปะทิว,ปากคลอง,7,2024-05-04 00:00:00,2024-05-04,,2024-07-02,duration_unconfirmed,,,all_agriculture_not_durian_specific,b400841d-e9d9-4a36-8896-13bdf5dfbd50,2456,https://catalog.disaster.go.th/dataset/7bdbedaf-f9cd-4c42-893a-0c88ad65b2f5/resource/b400841d-e9d9-4a36-8896-13bdf5dfbd50/download/2567__final.xlsx,ภัยแล้ง67-รายการพื้นที่เกิด
86,ชุมพร,2567,local_area_record,ปะทิว,เขาไชยราช,1,2024-05-04 00:00:00,2024-05-04,,2024-07-02,duration_unconfirmed,,,all_agriculture_not_durian_specific,b400841d-e9d9-4a36-8896-13bdf5dfbd50,2457,https://catalog.disaster.go.th/dataset/7bdbedaf-f9cd-4c42-893a-0c88ad65b2f5/resource/b400841d-e9d9-4a36-8896-13bdf5dfbd50/download/2567__final.xlsx,ภัยแล้ง67-รายการพื้นที่เกิด
86,ชุมพร,2567,local_area_record,ปะทิว,เขาไชยราช,4,2024-05-04 00:00:00,2024-05-04,,2024-07-02,duration_unconfirmed,,,all_agriculture_not_durian_specific,b400841d-e9d9-4a36-8896-13bdf5dfbd50,2458,https://catalog.disaster.go.th/dataset/7bdbedaf-f9cd-4c42-893a-0c88ad65b2f5/resource/b400841d-e9d9-4a36-8896-13bdf5dfbd50/download/2567__final.xlsx,ภัยแล้ง67-รายการพื้นที่เกิด
86,ชุมพร,2567,local_area_record,หลังสวน,บ้านควน,13,2024-05-04 00:00:00,2024-05-04,,2024-07-02,duration_unconfirmed,,,all_agriculture_not_durian_specific,b400841d-e9d9-4a36-8896-13bdf5dfbd50,2459,https://catalog.disaster.go.th/dataset/7bdbedaf-f9cd-4c42-893a-0c88ad65b2f5/resource/b400841d-e9d9-4a36-8896-13bdf5dfbd50/download/2567__final.xlsx,ภัยแล้ง67-รายการพื้นที่เกิด
86,ชุมพร,2567,local_area_record,หลังสวน,บ้านควน,17,2024-05-04 00:00:00,2024-05-04,,2024-07-02,duration_unconfirmed,,,all_agriculture_not_durian_specific,b400841d-e9d9-4a36-8896-13bdf5dfbd50,2460,https://catalog.disaster.go.th/dataset/7bdbedaf-f9cd-4c42-893a-0c88ad65b2f5/resource/b400841d-e9d9-4a36-8896-13bdf5dfbd50/download/2567__final.xlsx,ภัยแล้ง67-รายการพื้นที่เกิด
86,ชุมพร,2567,local_area_record,หลังสวน,บ้านควน,4,2024-05-04 00:00:00,2024-05-04,,2024-07-02,duration_unconfirmed,,462,all_agriculture_not_durian_specific,b400841d-e9d9-4a36-8896-13bdf5dfbd50,2461,https://catalog.disaster.go.th/dataset/7bdbedaf-f9cd-4c42-893a-0c88ad65b2f5/resource/b400841d-e9d9-4a36-8896-13bdf5dfbd50/download/2567__final.xlsx,ภัยแล้ง67-รายการพื้นที่เกิด
86,ชุมพร,2567,local_area_record,หลังสวน,บ้านควน,9,2024-05-04 00:00:00,2024-05-04,,2024-07-02,duration_unconfirmed,,,all_agriculture_not_durian_specific,b400841d-e9d9-4a36-8896-13bdf5dfbd50,2462,https://catalog.disaster.go.th/dataset/7bdbedaf-f9cd-4c42-893a-0c88ad65b2f5/resource/b400841d-e9d9-4a36-8896-13bdf5dfbd50/download/2567__final.xlsx,ภัยแล้ง67-รายการพื้นที่เกิด
86,ชุมพร,2567,local_area_record,หลังสวน,บางน้ำจืด,1,2024-05-04 00:00:00,2024-05-04,,2024-07-02,duration_unconfirmed,,,all_agriculture_not_durian_specific,b400841d-e9d9-4a36-8896-13bdf5dfbd50,2463,https://catalog.disaster.go.th/dataset/7bdbedaf-f9cd-4c42-893a-0c88ad65b2f5/resource/b400841d-e9d9-4a36-8896-13bdf5dfbd50/download/2567__final.xlsx,ภัยแล้ง67-รายการพื้นที่เกิด
86,ชุมพร,2567,local_area_record,หลังสวน,บางน้ำจืด,10,2024-05-04 00:00:00,2024-05-04,,2024-07-02,duration_unconfirmed,,,all_agriculture_not_durian_specific,b400841d-e9d9-4a36-8896-13bdf5dfbd50,2464,https://catalog.disaster.go.th/dataset/7bdbedaf-f9cd-4c42-893a-0c88ad65b2f5/resource/b400841d-e9d9-4a36-8896-13bdf5dfbd50/download/2567__final.xlsx,ภัยแล้ง67-รายการพื้นที่เกิด
86,ชุมพร,2567,local_area_record,หลังสวน,บางน้ำจืด,11,2024-05-04 00:00:00,2024-05-04,,2024-07-02,duration_unconfirmed,,,all_agriculture_not_durian_specific,b400841d-e9d9-4a36-8896-13bdf5dfbd50,2465,https://catalog.disaster.go.th/dataset/7bdbedaf-f9cd-4c42-893a-0c88ad65b2f5/resource/b400841d-e9d9-4a36-8896-13bdf5dfbd50/download/2567__final.xlsx,ภัยแล้ง67-รายการพื้นที่เกิด
86,ชุมพร,2567,local_area_record,หลังสวน,บางน้ำจืด,13,2024-05-04 00:00:00,2024-05-04,,2024-07-02,duration_unconfirmed,,,all_agriculture_not_durian_specific,b400841d-e9d9-4a36-8896-13bdf5dfbd50,2466,https://catalog.disaster.go.th/dataset/7bdbedaf-f9cd-4c42-893a-0c88ad65b2f5/resource/b400841d-e9d9-4a36-8896-13bdf5dfbd50/download/2567__final.xlsx,ภัยแล้ง67-รายการพื้นที่เกิด
86,ชุมพร,2567,local_area_record,หลังสวน,บางน้ำจืด,14,2024-05-04 00:00:00,2024-05-04,,2024-07-02,duration_unconfirmed,,,all_agriculture_not_durian_specific,b400841d-e9d9-4a36-8896-13bdf5dfbd50,2467,https://catalog.disaster.go.th/dataset/7bdbedaf-f9cd-4c42-893a-0c88ad65b2f5/resource/b400841d-e9d9-4a36-8896-13bdf5dfbd50/download/2567__final.xlsx,ภัยแล้ง67-รายการพื้นที่เกิด
86,ชุมพร,2567,local_area_record,หลังสวน,บางน้ำจืด,2,2024-05-04 00:00:00,2024-05-04,,2024-07-02,duration_unconfirmed,,,all_agriculture_not_durian_specific,b400841d-e9d9-4a36-8896-13bdf5dfbd50,2468,https://catalog.disaster.go.th/dataset/7bdbedaf-f9cd-4c42-893a-0c88ad65b2f5/resource/b400841d-e9d9-4a36-8896-13bdf5dfbd50/download/2567__final.xlsx,ภัยแล้ง67-รายการพื้นที่เกิด
86,ชุมพร,2567,local_area_record,หลังสวน,บางน้ำจืด,3,2024-05-04 00:00:00,2024-05-04,,2024-07-02,duration_unconfirmed,,,all_agriculture_not_durian_specific,b400841d-e9d9-4a36-8896-13bdf5dfbd50,2469,https://catalog.disaster.go.th/dataset/7bdbedaf-f9cd-4c42-893a-0c88ad65b2f5/resource/b400841d-e9d9-4a36-8896-13bdf5dfbd50/download/2567__final.xlsx,ภัยแล้ง67-รายการพื้นที่เกิด
86,ชุมพร,2567,local_area_record,หลังสวน,บางน้ำจืด,4,2024-05-04 00:00:00,2024-05-04,,2024-07-02,duration_unconfirmed,,,all_agriculture_not_durian_specific,b400841d-e9d9-4a36-8896-13bdf5dfbd50,2470,https://catalog.disaster.go.th/dataset/7bdbedaf-f9cd-4c42-893a-0c88ad65b2f5/resource/b400841d-e9d9-4a36-8896-13bdf5dfbd50/download/2567__final.xlsx,ภัยแล้ง67-รายการพื้นที่เกิด
86,ชุมพร,2567,local_area_record,หลังสวน,บางน้ำจืด,5,2024-05-04 00:00:00,2024-05-04,,2024-07-02,duration_unconfirmed,,,all_agriculture_not_durian_specific,b400841d-e9d9-4a36-8896-13bdf5dfbd50,2471,https://catalog.disaster.go.th/dataset/7bdbedaf-f9cd-4c42-893a-0c88ad65b2f5/resource/b400841d-e9d9-4a36-8896-13bdf5dfbd50/download/2567__final.xlsx,ภัยแล้ง67-รายการพื้นที่เกิด
86,ชุมพร,2567,local_area_record,หลังสวน,บางน้ำจืด,6,2024-05-04 00:00:00,2024-05-04,,2024-07-02,duration_unconfirmed,,,all_agriculture_not_durian_specific,b400841d-e9d9-4a36-8896-13bdf5dfbd50,2472,https://catalog.disaster.go.th/dataset/7bdbedaf-f9cd-4c42-893a-0c88ad65b2f5/resource/b400841d-e9d9-4a36-8896-13bdf5dfbd50/download/2567__final.xlsx,ภัยแล้ง67-รายการพื้นที่เกิด
86,ชุมพร,2567,local_area_record,หลังสวน,บางน้ำจืด,7,2024-05-04 00:00:00,2024-05-04,,2024-07-02,duration_unconfirmed,,,all_agriculture_not_durian_specific,b400841d-e9d9-4a36-8896-13bdf5dfbd50,2473,https://catalog.disaster.go.th/dataset/7bdbedaf-f9cd-4c42-893a-0c88ad65b2f5/resource/b400841d-e9d9-4a36-8896-13bdf5dfbd50/download/2567__final.xlsx,ภัยแล้ง67-รายการพื้นที่เกิด
86,ชุมพร,2567,local_area_record,หลังสวน,บางน้ำจืด,8,2024-05-04 00:00:00,2024-05-04,,2024-07-02,duration_unconfirmed,,,all_agriculture_not_durian_specific,b400841d-e9d9-4a36-8896-13bdf5dfbd50,2474,https://catalog.disaster.go.th/dataset/7bdbedaf-f9cd-4c42-893a-0c88ad65b2f5/resource/b400841d-e9d9-4a36-8896-13bdf5dfbd50/download/2567__final.xlsx,ภัยแล้ง67-รายการพื้นที่เกิด
86,ชุมพร,2567,local_area_record,หลังสวน,บางน้ำจืด,9,2024-05-04 00:00:00,2024-05-04,,2024-07-02,duration_unconfirmed,,,all_agriculture_not_durian_specific,b400841d-e9d9-4a36-8896-13bdf5dfbd50,2475,https://catalog.disaster.go.th/dataset/7bdbedaf-f9cd-4c42-893a-0c88ad65b2f5/resource/b400841d-e9d9-4a36-8896-13bdf5dfbd50/download/2567__final.xlsx,ภัยแล้ง67-รายการพื้นที่เกิด
86,ชุมพร,2567,local_area_record,หลังสวน,วังตะกอ,1,2024-05-04 00:00:00,2024-05-04,,2024-07-02,duration_unconfirmed,,,all_agriculture_not_durian_specific,b400841d-e9d9-4a36-8896-13bdf5dfbd50,2476,https://catalog.disaster.go.th/dataset/7bdbedaf-f9cd-4c42-893a-0c88ad65b2f5/resource/b400841d-e9d9-4a36-8896-13bdf5dfbd50/download/2567__final.xlsx,ภัยแล้ง67-รายการพื้นที่เกิด
86,ชุมพร,2567,local_area_record,หลังสวน,วังตะกอ,10,2024-05-04 00:00:00,2024-05-04,,2024-07-02,duration_unconfirmed,,,all_agriculture_not_durian_specific,b400841d-e9d9-4a36-8896-13bdf5dfbd50,2477,https://catalog.disaster.go.th/dataset/7bdbedaf-f9cd-4c42-893a-0c88ad65b2f5/resource/b400841d-e9d9-4a36-8896-13bdf5dfbd50/download/2567__final.xlsx,ภัยแล้ง67-รายการพื้นที่เกิด
86,ชุมพร,2567,local_area_record,หลังสวน,วังตะกอ,11,2024-05-04 00:00:00,2024-05-04,,2024-07-02,duration_unconfirmed,,,all_agriculture_not_durian_specific,b400841d-e9d9-4a36-8896-13bdf5dfbd50,2478,https://catalog.disaster.go.th/dataset/7bdbedaf-f9cd-4c42-893a-0c88ad65b2f5/resource/b400841d-e9d9-4a36-8896-13bdf5dfbd50/download/2567__final.xlsx,ภัยแล้ง67-รายการพื้นที่เกิด
86,ชุมพร,2567,local_area_record,หลังสวน,วังตะกอ,12,2024-05-04 00:00:00,2024-05-04,,2024-07-02,duration_unconfirmed,,,all_agriculture_not_durian_specific,b400841d-e9d9-4a36-8896-13bdf5dfbd50,2479,https://catalog.disaster.go.th/dataset/7bdbedaf-f9cd-4c42-893a-0c88ad65b2f5/resource/b400841d-e9d9-4a36-8896-13bdf5dfbd50/download/2567__final.xlsx,ภัยแล้ง67-รายการพื้นที่เกิด
86,ชุมพร,2567,local_area_record,หลังสวน,วังตะกอ,13,2024-05-04 00:00:00,2024-05-04,,2024-07-02,duration_unconfirmed,,,all_agriculture_not_durian_specific,b400841d-e9d9-4a36-8896-13bdf5dfbd50,2480,https://catalog.disaster.go.th/dataset/7bdbedaf-f9cd-4c42-893a-0c88ad65b2f5/resource/b400841d-e9d9-4a36-8896-13bdf5dfbd50/download/2567__final.xlsx,ภัยแล้ง67-รายการพื้นที่เกิด
86,ชุมพร,2567,local_area_record,หลังสวน,วังตะกอ,2,2024-05-04 00:00:00,2024-05-04,,2024-07-02,duration_unconfirmed,,,all_agriculture_not_durian_specific,b400841d-e9d9-4a36-8896-13bdf5dfbd50,2481,https://catalog.disaster.go.th/dataset/7bdbedaf-f9cd-4c42-893a-0c88ad65b2f5/resource/b400841d-e9d9-4a36-8896-13bdf5dfbd50/download/2567__final.xlsx,ภัยแล้ง67-รายการพื้นที่เกิด
86,ชุมพร,2567,local_area_record,หลังสวน,วังตะกอ,3,2024-05-04 00:00:00,2024-05-04,,2024-07-02,duration_unconfirmed,,,all_agriculture_not_durian_specific,b400841d-e9d9-4a36-8896-13bdf5dfbd50,2482,https://catalog.disaster.go.th/dataset/7bdbedaf-f9cd-4c42-893a-0c88ad65b2f5/resource/b400841d-e9d9-4a36-8896-13bdf5dfbd50/download/2567__final.xlsx,ภัยแล้ง67-รายการพื้นที่เกิด
86,ชุมพร,2567,local_area_record,หลังสวน,วังตะกอ,4,2024-05-04 00:00:00,2024-05-04,,2024-07-02,duration_unconfirmed,,,all_agriculture_not_durian_specific,b400841d-e9d9-4a36-8896-13bdf5dfbd50,2483,https://catalog.disaster.go.th/dataset/7bdbedaf-f9cd-4c42-893a-0c88ad65b2f5/resource/b400841d-e9d9-4a36-8896-13bdf5dfbd50/download/2567__final.xlsx,ภัยแล้ง67-รายการพื้นที่เกิด
86,ชุมพร,2567,local_area_record,หลังสวน,วังตะกอ,5,2024-05-04 00:00:00,2024-05-04,,2024-07-02,duration_unconfirmed,,,all_agriculture_not_durian_specific,b400841d-e9d9-4a36-8896-13bdf5dfbd50,2484,https://catalog.disaster.go.th/dataset/7bdbedaf-f9cd-4c42-893a-0c88ad65b2f5/resource/b400841d-e9d9-4a36-8896-13bdf5dfbd50/download/2567__final.xlsx,ภัยแล้ง67-รายการพื้นที่เกิด
86,ชุมพร,2567,local_area_record,หลังสวน,วังตะกอ,6,2024-05-04 00:00:00,2024-05-04,,2024-07-02,duration_unconfirmed,,,all_agriculture_not_durian_specific,b400841d-e9d9-4a36-8896-13bdf5dfbd50,2485,https://catalog.disaster.go.th/dataset/7bdbedaf-f9cd-4c42-893a-0c88ad65b2f5/resource/b400841d-e9d9-4a36-8896-13bdf5dfbd50/download/2567__final.xlsx,ภัยแล้ง67-รายการพื้นที่เกิด
86,ชุมพร,2567,local_area_record,หลังสวน,วังตะกอ,7,2024-05-04 00:00:00,2024-05-04,,2024-07-02,duration_unconfirmed,,,all_agriculture_not_durian_specific,b400841d-e9d9-4a36-8896-13bdf5dfbd50,2486,https://catalog.disaster.go.th/dataset/7bdbedaf-f9cd-4c42-893a-0c88ad65b2f5/resource/b400841d-e9d9-4a36-8896-13bdf5dfbd50/download/2567__final.xlsx,ภัยแล้ง67-รายการพื้นที่เกิด
86,ชุมพร,2567,local_area_record,หลังสวน,วังตะกอ,8,2024-05-04 00:00:00,2024-05-04,,2024-07-02,duration_unconfirmed,,,all_agriculture_not_durian_specific,b400841d-e9d9-4a36-8896-13bdf5dfbd50,2487,https://catalog.disaster.go.th/dataset/7bdbedaf-f9cd-4c42-893a-0c88ad65b2f5/resource/b400841d-e9d9-4a36-8896-13bdf5dfbd50/download/2567__final.xlsx,ภัยแล้ง67-รายการพื้นที่เกิด
86,ชุมพร,2567,local_area_record,หลังสวน,วังตะกอ,9,2024-05-04 00:00:00,2024-05-04,,2024-07-02,duration_unconfirmed,,,all_agriculture_not_durian_specific,b400841d-e9d9-4a36-8896-13bdf5dfbd50,2488,https://catalog.disaster.go.th/dataset/7bdbedaf-f9cd-4c42-893a-0c88ad65b2f5/resource/b400841d-e9d9-4a36-8896-13bdf5dfbd50/download/2567__final.xlsx,ภัยแล้ง67-รายการพื้นที่เกิด
86,ชุมพร,2567,local_area_record,หลังสวน,หาดยาย,1,2024-05-04 00:00:00,2024-05-04,,2024-07-02,duration_unconfirmed,,,all_agriculture_not_durian_specific,b400841d-e9d9-4a36-8896-13bdf5dfbd50,2489,https://catalog.disaster.go.th/dataset/7bdbedaf-f9cd-4c42-893a-0c88ad65b2f5/resource/b400841d-e9d9-4a36-8896-13bdf5dfbd50/download/2567__final.xlsx,ภัยแล้ง67-รายการพื้นที่เกิด
86,ชุมพร,2567,local_area_record,หลังสวน,หาดยาย,10,2024-05-04 00:00:00,2024-05-04,,2024-07-02,duration_unconfirmed,,,all_agriculture_not_durian_specific,b400841d-e9d9-4a36-8896-13bdf5dfbd50,2490,https://catalog.disaster.go.th/dataset/7bdbedaf-f9cd-4c42-893a-0c88ad65b2f5/resource/b400841d-e9d9-4a36-8896-13bdf5dfbd50/download/2567__final.xlsx,ภัยแล้ง67-รายการพื้นที่เกิด
86,ชุมพร,2567,local_area_record,หลังสวน,หาดยาย,11,2024-05-04 00:00:00,2024-05-04,,2024-07-02,duration_unconfirmed,,,all_agriculture_not_durian_specific,b400841d-e9d9-4a36-8896-13bdf5dfbd50,2491,https://catalog.disaster.go.th/dataset/7bdbedaf-f9cd-4c42-893a-0c88ad65b2f5/resource/b400841d-e9d9-4a36-8896-13bdf5dfbd50/download/2567__final.xlsx,ภัยแล้ง67-รายการพื้นที่เกิด
86,ชุมพร,2567,local_area_record,หลังสวน,หาดยาย,12,2024-05-04 00:00:00,2024-05-04,,2024-07-02,duration_unconfirmed,,,all_agriculture_not_durian_specific,b400841d-e9d9-4a36-8896-13bdf5dfbd50,2492,https://catalog.disaster.go.th/dataset/7bdbedaf-f9cd-4c42-893a-0c88ad65b2f5/resource/b400841d-e9d9-4a36-8896-13bdf5dfbd50/download/2567__final.xlsx,ภัยแล้ง67-รายการพื้นที่เกิด
86,ชุมพร,2567,local_area_record,หลังสวน,หาดยาย,13,2024-05-04 00:00:00,2024-05-04,,2024-07-02,duration_unconfirmed,,,all_agriculture_not_durian_specific,b400841d-e9d9-4a36-8896-13bdf5dfbd50,2493,https://catalog.disaster.go.th/dataset/7bdbedaf-f9cd-4c42-893a-0c88ad65b2f5/resource/b400841d-e9d9-4a36-8896-13bdf5dfbd50/download/2567__final.xlsx,ภัยแล้ง67-รายการพื้นที่เกิด
86,ชุมพร,2567,local_area_record,หลังสวน,หาดยาย,2,2024-05-04 00:00:00,2024-05-04,,2024-07-02,duration_unconfirmed,,,all_agriculture_not_durian_specific,b400841d-e9d9-4a36-8896-13bdf5dfbd50,2494,https://catalog.disaster.go.th/dataset/7bdbedaf-f9cd-4c42-893a-0c88ad65b2f5/resource/b400841d-e9d9-4a36-8896-13bdf5dfbd50/download/2567__final.xlsx,ภัยแล้ง67-รายการพื้นที่เกิด
86,ชุมพร,2567,local_area_record,หลังสวน,หาดยาย,4,2024-05-04 00:00:00,2024-05-04,,2024-07-02,duration_unconfirmed,,,all_agriculture_not_durian_specific,b400841d-e9d9-4a36-8896-13bdf5dfbd50,2495,https://catalog.disaster.go.th/dataset/7bdbedaf-f9cd-4c42-893a-0c88ad65b2f5/resource/b400841d-e9d9-4a36-8896-13bdf5dfbd50/download/2567__final.xlsx,ภัยแล้ง67-รายการพื้นที่เกิด
86,ชุมพร,2567,local_area_record,หลังสวน,หาดยาย,5,2024-05-04 00:00:00,2024-05-04,,2024-07-02,duration_unconfirmed,,,all_agriculture_not_durian_specific,b400841d-e9d9-4a36-8896-13bdf5dfbd50,2496,https://catalog.disaster.go.th/dataset/7bdbedaf-f9cd-4c42-893a-0c88ad65b2f5/resource/b400841d-e9d9-4a36-8896-13bdf5dfbd50/download/2567__final.xlsx,ภัยแล้ง67-รายการพื้นที่เกิด
86,ชุมพร,2567,local_area_record,หลังสวน,หาดยาย,7,2024-05-04 00:00:00,2024-05-04,,2024-07-02,duration_unconfirmed,,,all_agriculture_not_durian_specific,b400841d-e9d9-4a36-8896-13bdf5dfbd50,2497,https://catalog.disaster.go.th/dataset/7bdbedaf-f9cd-4c42-893a-0c88ad65b2f5/resource/b400841d-e9d9-4a36-8896-13bdf5dfbd50/download/2567__final.xlsx,ภัยแล้ง67-รายการพื้นที่เกิด
86,ชุมพร,2567,local_area_record,หลังสวน,หาดยาย,8,2024-05-04 00:00:00,2024-05-04,,2024-07-02,duration_unconfirmed,,,all_agriculture_not_durian_specific,b400841d-e9d9-4a36-8896-13bdf5dfbd50,2498,https://catalog.disaster.go.th/dataset/7bdbedaf-f9cd-4c42-893a-0c88ad65b2f5/resource/b400841d-e9d9-4a36-8896-13bdf5dfbd50/download/2567__final.xlsx,ภัยแล้ง67-รายการพื้นที่เกิด
86,ชุมพร,2567,local_area_record,หลังสวน,หาดยาย,9,2024-05-04 00:00:00,2024-05-04,,2024-07-02,duration_unconfirmed,,,all_agriculture_not_durian_specific,b400841d-e9d9-4a36-8896-13bdf5dfbd50,2499,https://catalog.disaster.go.th/dataset/7bdbedaf-f9cd-4c42-893a-0c88ad65b2f5/resource/b400841d-e9d9-4a36-8896-13bdf5dfbd50/download/2567__final.xlsx,ภัยแล้ง67-รายการพื้นที่เกิด
86,ชุมพร,2567,local_area_record,ละแม,ละแม,13,2024-05-04 00:00:00,2024-05-04,,2024-05-20,duration_unconfirmed,,,all_agriculture_not_durian_specific,b400841d-e9d9-4a36-8896-13bdf5dfbd50,2500,https://catalog.disaster.go.th/dataset/7bdbedaf-f9cd-4c42-893a-0c88ad65b2f5/resource/b400841d-e9d9-4a36-8896-13bdf5dfbd50/download/2567__final.xlsx,ภัยแล้ง67-รายการพื้นที่เกิด
86,ชุมพร,2567,local_area_record,ละแม,ละแม,15,2024-05-04 00:00:00,2024-05-04,,2024-05-20,duration_unconfirmed,,,all_agriculture_not_durian_specific,b400841d-e9d9-4a36-8896-13bdf5dfbd50,2501,https://catalog.disaster.go.th/dataset/7bdbedaf-f9cd-4c42-893a-0c88ad65b2f5/resource/b400841d-e9d9-4a36-8896-13bdf5dfbd50/download/2567__final.xlsx,ภัยแล้ง67-รายการพื้นที่เกิด
86,ชุมพร,2567,local_area_record,ละแม,ละแม,17,2024-05-04 00:00:00,2024-05-04,,2024-05-20,duration_unconfirmed,,,all_agriculture_not_durian_specific,b400841d-e9d9-4a36-8896-13bdf5dfbd50,2502,https://catalog.disaster.go.th/dataset/7bdbedaf-f9cd-4c42-893a-0c88ad65b2f5/resource/b400841d-e9d9-4a36-8896-13bdf5dfbd50/download/2567__final.xlsx,ภัยแล้ง67-รายการพื้นที่เกิด
86,ชุมพร,2567,local_area_record,ละแม,ละแม,18,2024-05-04 00:00:00,2024-05-04,,2024-05-20,duration_unconfirmed,,1060,all_agriculture_not_durian_specific,b400841d-e9d9-4a36-8896-13bdf5dfbd50,2503,https://catalog.disaster.go.th/dataset/7bdbedaf-f9cd-4c42-893a-0c88ad65b2f5/resource/b400841d-e9d9-4a36-8896-13bdf5dfbd50/download/2567__final.xlsx,ภัยแล้ง67-รายการพื้นที่เกิด
86,ชุมพร,2567,local_area_record,ละแม,ละแม,19,2024-05-04 00:00:00,2024-05-04,,2024-05-20,duration_unconfirmed,,,all_agriculture_not_durian_specific,b400841d-e9d9-4a36-8896-13bdf5dfbd50,2504,https://catalog.disaster.go.th/dataset/7bdbedaf-f9cd-4c42-893a-0c88ad65b2f5/resource/b400841d-e9d9-4a36-8896-13bdf5dfbd50/download/2567__final.xlsx,ภัยแล้ง67-รายการพื้นที่เกิด
86,ชุมพร,2567,local_area_record,ละแม,ละแม,20,2024-05-04 00:00:00,2024-05-04,,2024-05-20,duration_unconfirmed,,,all_agriculture_not_durian_specific,b400841d-e9d9-4a36-8896-13bdf5dfbd50,2505,https://catalog.disaster.go.th/dataset/7bdbedaf-f9cd-4c42-893a-0c88ad65b2f5/resource/b400841d-e9d9-4a36-8896-13bdf5dfbd50/download/2567__final.xlsx,ภัยแล้ง67-รายการพื้นที่เกิด
86,ชุมพร,2567,local_area_record,ละแม,ทุ่งหลวง,2,2024-05-04 00:00:00,2024-05-04,,2024-05-20,duration_unconfirmed,,,all_agriculture_not_durian_specific,b400841d-e9d9-4a36-8896-13bdf5dfbd50,2506,https://catalog.disaster.go.th/dataset/7bdbedaf-f9cd-4c42-893a-0c88ad65b2f5/resource/b400841d-e9d9-4a36-8896-13bdf5dfbd50/download/2567__final.xlsx,ภัยแล้ง67-รายการพื้นที่เกิด
86,ชุมพร,2567,local_area_record,ละแม,ทุ่งหลวง,7,2024-05-04 00:00:00,2024-05-04,,2024-05-20,duration_unconfirmed,,,all_agriculture_not_durian_specific,b400841d-e9d9-4a36-8896-13bdf5dfbd50,2507,https://catalog.disaster.go.th/dataset/7bdbedaf-f9cd-4c42-893a-0c88ad65b2f5/resource/b400841d-e9d9-4a36-8896-13bdf5dfbd50/download/2567__final.xlsx,ภัยแล้ง67-รายการพื้นที่เกิด
86,ชุมพร,2567,local_area_record,ละแม,สวนแตง,10,2024-05-04 00:00:00,2024-05-04,,2024-05-20,duration_unconfirmed,,,all_agriculture_not_durian_specific,b400841d-e9d9-4a36-8896-13bdf5dfbd50,2508,https://catalog.disaster.go.th/dataset/7bdbedaf-f9cd-4c42-893a-0c88ad65b2f5/resource/b400841d-e9d9-4a36-8896-13bdf5dfbd50/download/2567__final.xlsx,ภัยแล้ง67-รายการพื้นที่เกิด
86,ชุมพร,2567,local_area_record,ละแม,สวนแตง,2,2024-05-04 00:00:00,2024-05-04,,2024-05-20,duration_unconfirmed,,,all_agriculture_not_durian_specific,b400841d-e9d9-4a36-8896-13bdf5dfbd50,2509,https://catalog.disaster.go.th/dataset/7bdbedaf-f9cd-4c42-893a-0c88ad65b2f5/resource/b400841d-e9d9-4a36-8896-13bdf5dfbd50/download/2567__final.xlsx,ภัยแล้ง67-รายการพื้นที่เกิด
86,ชุมพร,2567,local_area_record,ละแม,สวนแตง,3,2024-05-04 00:00:00,2024-05-04,,2024-05-20,duration_unconfirmed,,,all_agriculture_not_durian_specific,b400841d-e9d9-4a36-8896-13bdf5dfbd50,2510,https://catalog.disaster.go.th/dataset/7bdbedaf-f9cd-4c42-893a-0c88ad65b2f5/resource/b400841d-e9d9-4a36-8896-13bdf5dfbd50/download/2567__final.xlsx,ภัยแล้ง67-รายการพื้นที่เกิด
86,ชุมพร,2567,local_area_record,ละแม,สวนแตง,4,2024-05-04 00:00:00,2024-05-04,,2024-05-20,duration_unconfirmed,,,all_agriculture_not_durian_specific,b400841d-e9d9-4a36-8896-13bdf5dfbd50,2511,https://catalog.disaster.go.th/dataset/7bdbedaf-f9cd-4c42-893a-0c88ad65b2f5/resource/b400841d-e9d9-4a36-8896-13bdf5dfbd50/download/2567__final.xlsx,ภัยแล้ง67-รายการพื้นที่เกิด
86,ชุมพร,2567,local_area_record,ละแม,สวนแตง,5,2024-05-04 00:00:00,2024-05-04,,2024-05-20,duration_unconfirmed,,,all_agriculture_not_durian_specific,b400841d-e9d9-4a36-8896-13bdf5dfbd50,2512,https://catalog.disaster.go.th/dataset/7bdbedaf-f9cd-4c42-893a-0c88ad65b2f5/resource/b400841d-e9d9-4a36-8896-13bdf5dfbd50/download/2567__final.xlsx,ภัยแล้ง67-รายการพื้นที่เกิด
86,ชุมพร,2567,local_area_record,ละแม,สวนแตง,6,2024-05-04 00:00:00,2024-05-04,,2024-05-20,duration_unconfirmed,,,all_agriculture_not_durian_specific,b400841d-e9d9-4a36-8896-13bdf5dfbd50,2513,https://catalog.disaster.go.th/dataset/7bdbedaf-f9cd-4c42-893a-0c88ad65b2f5/resource/b400841d-e9d9-4a36-8896-13bdf5dfbd50/download/2567__final.xlsx,ภัยแล้ง67-รายการพื้นที่เกิด
86,ชุมพร,2567,local_area_record,ละแม,สวนแตง,7,2024-05-04 00:00:00,2024-05-04,,2024-05-20,duration_unconfirmed,,,all_agriculture_not_durian_specific,b400841d-e9d9-4a36-8896-13bdf5dfbd50,2514,https://catalog.disaster.go.th/dataset/7bdbedaf-f9cd-4c42-893a-0c88ad65b2f5/resource/b400841d-e9d9-4a36-8896-13bdf5dfbd50/download/2567__final.xlsx,ภัยแล้ง67-รายการพื้นที่เกิด
86,ชุมพร,2567,local_area_record,ละแม,สวนแตง,8,2024-05-04 00:00:00,2024-05-04,,2024-05-20,duration_unconfirmed,,,all_agriculture_not_durian_specific,b400841d-e9d9-4a36-8896-13bdf5dfbd50,2515,https://catalog.disaster.go.th/dataset/7bdbedaf-f9cd-4c42-893a-0c88ad65b2f5/resource/b400841d-e9d9-4a36-8896-13bdf5dfbd50/download/2567__final.xlsx,ภัยแล้ง67-รายการพื้นที่เกิด
86,ชุมพร,2567,local_area_record,ละแม,สวนแตง,9,2024-05-04 00:00:00,2024-05-04,,2024-05-20,duration_unconfirmed,,,all_agriculture_not_durian_specific,b400841d-e9d9-4a36-8896-13bdf5dfbd50,2516,https://catalog.disaster.go.th/dataset/7bdbedaf-f9cd-4c42-893a-0c88ad65b2f5/resource/b400841d-e9d9-4a36-8896-13bdf5dfbd50/download/2567__final.xlsx,ภัยแล้ง67-รายการพื้นที่เกิด
86,ชุมพร,2567,local_area_record,ละแม,ทุ่งคาวัด,1,2024-05-04 00:00:00,2024-05-04,,2024-05-20,duration_unconfirmed,,,all_agriculture_not_durian_specific,b400841d-e9d9-4a36-8896-13bdf5dfbd50,2517,https://catalog.disaster.go.th/dataset/7bdbedaf-f9cd-4c42-893a-0c88ad65b2f5/resource/b400841d-e9d9-4a36-8896-13bdf5dfbd50/download/2567__final.xlsx,ภัยแล้ง67-รายการพื้นที่เกิด
86,ชุมพร,2567,local_area_record,ละแม,ทุ่งคาวัด,4,2024-05-04 00:00:00,2024-05-04,,2024-05-20,duration_unconfirmed,,,all_agriculture_not_durian_specific,b400841d-e9d9-4a36-8896-13bdf5dfbd50,2518,https://catalog.disaster.go.th/dataset/7bdbedaf-f9cd-4c42-893a-0c88ad65b2f5/resource/b400841d-e9d9-4a36-8896-13bdf5dfbd50/download/2567__final.xlsx,ภัยแล้ง67-รายการพื้นที่เกิด
86,ชุมพร,2567,local_area_record,ละแม,ทุ่งคาวัด,5,2024-05-04 00:00:00,2024-05-04,,2024-05-20,duration_unconfirmed,,,all_agriculture_not_durian_specific,b400841d-e9d9-4a36-8896-13bdf5dfbd50,2519,https://catalog.disaster.go.th/dataset/7bdbedaf-f9cd-4c42-893a-0c88ad65b2f5/resource/b400841d-e9d9-4a36-8896-13bdf5dfbd50/download/2567__final.xlsx,ภัยแล้ง67-รายการพื้นที่เกิด
86,ชุมพร,2567,local_area_record,ละแม,ทุ่งคาวัด,6,2024-05-04 00:00:00,2024-05-04,,2024-05-20,duration_unconfirmed,,,all_agriculture_not_durian_specific,b400841d-e9d9-4a36-8896-13bdf5dfbd50,2520,https://catalog.disaster.go.th/dataset/7bdbedaf-f9cd-4c42-893a-0c88ad65b2f5/resource/b400841d-e9d9-4a36-8896-13bdf5dfbd50/download/2567__final.xlsx,ภัยแล้ง67-รายการพื้นที่เกิด
86,ชุมพร,2567,local_area_record,ละแม,ทุ่งคาวัด,7,2024-05-04 00:00:00,2024-05-04,,2024-05-20,duration_unconfirmed,,,all_agriculture_not_durian_specific,b400841d-e9d9-4a36-8896-13bdf5dfbd50,2521,https://catalog.disaster.go.th/dataset/7bdbedaf-f9cd-4c42-893a-0c88ad65b2f5/resource/b400841d-e9d9-4a36-8896-13bdf5dfbd50/download/2567__final.xlsx,ภัยแล้ง67-รายการพื้นที่เกิด
86,ชุมพร,2567,local_area_record,ละแม,ทุ่งคาวัด,8,2024-05-04 00:00:00,2024-05-04,,2024-05-20,duration_unconfirmed,,,all_agriculture_not_durian_specific,b400841d-e9d9-4a36-8896-13bdf5dfbd50,2522,https://catalog.disaster.go.th/dataset/7bdbedaf-f9cd-4c42-893a-0c88ad65b2f5/resource/b400841d-e9d9-4a36-8896-13bdf5dfbd50/download/2567__final.xlsx,ภัยแล้ง67-รายการพื้นที่เกิด
86,ชุมพร,2567,local_area_record,พะโต๊ะ,ปังหวาน,1,2024-05-04 00:00:00,2024-05-04,,2024-06-20,duration_unconfirmed,,,all_agriculture_not_durian_specific,b400841d-e9d9-4a36-8896-13bdf5dfbd50,2523,https://catalog.disaster.go.th/dataset/7bdbedaf-f9cd-4c42-893a-0c88ad65b2f5/resource/b400841d-e9d9-4a36-8896-13bdf5dfbd50/download/2567__final.xlsx,ภัยแล้ง67-รายการพื้นที่เกิด
86,ชุมพร,2567,local_area_record,พะโต๊ะ,ปังหวาน,2,2024-05-04 00:00:00,2024-05-04,,2024-06-20,duration_unconfirmed,,,all_agriculture_not_durian_specific,b400841d-e9d9-4a36-8896-13bdf5dfbd50,2524,https://catalog.disaster.go.th/dataset/7bdbedaf-f9cd-4c42-893a-0c88ad65b2f5/resource/b400841d-e9d9-4a36-8896-13bdf5dfbd50/download/2567__final.xlsx,ภัยแล้ง67-รายการพื้นที่เกิด
86,ชุมพร,2567,local_area_record,พะโต๊ะ,ปังหวาน,3,2024-05-04 00:00:00,2024-05-04,,2024-06-20,duration_unconfirmed,,,all_agriculture_not_durian_specific,b400841d-e9d9-4a36-8896-13bdf5dfbd50,2525,https://catalog.disaster.go.th/dataset/7bdbedaf-f9cd-4c42-893a-0c88ad65b2f5/resource/b400841d-e9d9-4a36-8896-13bdf5dfbd50/download/2567__final.xlsx,ภัยแล้ง67-รายการพื้นที่เกิด
86,ชุมพร,2567,local_area_record,พะโต๊ะ,ปังหวาน,4,2024-05-04 00:00:00,2024-05-04,,2024-06-20,duration_unconfirmed,,,all_agriculture_not_durian_specific,b400841d-e9d9-4a36-8896-13bdf5dfbd50,2526,https://catalog.disaster.go.th/dataset/7bdbedaf-f9cd-4c42-893a-0c88ad65b2f5/resource/b400841d-e9d9-4a36-8896-13bdf5dfbd50/download/2567__final.xlsx,ภัยแล้ง67-รายการพื้นที่เกิด
86,ชุมพร,2567,local_area_record,พะโต๊ะ,ปังหวาน,5,2024-05-04 00:00:00,2024-05-04,,2024-06-20,duration_unconfirmed,,,all_agriculture_not_durian_specific,b400841d-e9d9-4a36-8896-13bdf5dfbd50,2527,https://catalog.disaster.go.th/dataset/7bdbedaf-f9cd-4c42-893a-0c88ad65b2f5/resource/b400841d-e9d9-4a36-8896-13bdf5dfbd50/download/2567__final.xlsx,ภัยแล้ง67-รายการพื้นที่เกิด
86,ชุมพร,2567,local_area_record,พะโต๊ะ,ปังหวาน,6,2024-05-04 00:00:00,2024-05-04,,2024-06-20,duration_unconfirmed,,,all_agriculture_not_durian_specific,b400841d-e9d9-4a36-8896-13bdf5dfbd50,2528,https://catalog.disaster.go.th/dataset/7bdbedaf-f9cd-4c42-893a-0c88ad65b2f5/resource/b400841d-e9d9-4a36-8896-13bdf5dfbd50/download/2567__final.xlsx,ภัยแล้ง67-รายการพื้นที่เกิด
86,ชุมพร,2567,local_area_record,พะโต๊ะ,ปังหวาน,7,2024-05-04 00:00:00,2024-05-04,,2024-06-20,duration_unconfirmed,,,all_agriculture_not_durian_specific,b400841d-e9d9-4a36-8896-13bdf5dfbd50,2529,https://catalog.disaster.go.th/dataset/7bdbedaf-f9cd-4c42-893a-0c88ad65b2f5/resource/b400841d-e9d9-4a36-8896-13bdf5dfbd50/download/2567__final.xlsx,ภัยแล้ง67-รายการพื้นที่เกิด
86,ชุมพร,2567,local_area_record,พะโต๊ะ,ปังหวาน,8,2024-05-04 00:00:00,2024-05-04,,2024-06-20,duration_unconfirmed,,,all_agriculture_not_durian_specific,b400841d-e9d9-4a36-8896-13bdf5dfbd50,2530,https://catalog.disaster.go.th/dataset/7bdbedaf-f9cd-4c42-893a-0c88ad65b2f5/resource/b400841d-e9d9-4a36-8896-13bdf5dfbd50/download/2567__final.xlsx,ภัยแล้ง67-รายการพื้นที่เกิด
86,ชุมพร,2567,local_area_record,พะโต๊ะ,ปังหวาน,9,2024-05-04 00:00:00,2024-05-04,,2024-06-20,duration_unconfirmed,,,all_agriculture_not_durian_specific,b400841d-e9d9-4a36-8896-13bdf5dfbd50,2531,https://catalog.disaster.go.th/dataset/7bdbedaf-f9cd-4c42-893a-0c88ad65b2f5/resource/b400841d-e9d9-4a36-8896-13bdf5dfbd50/download/2567__final.xlsx,ภัยแล้ง67-รายการพื้นที่เกิด
86,ชุมพร,2567,local_area_record,พะโต๊ะ,พระรักษ์,1,2024-05-04 00:00:00,2024-05-04,,2024-06-20,duration_unconfirmed,,,all_agriculture_not_durian_specific,b400841d-e9d9-4a36-8896-13bdf5dfbd50,2532,https://catalog.disaster.go.th/dataset/7bdbedaf-f9cd-4c42-893a-0c88ad65b2f5/resource/b400841d-e9d9-4a36-8896-13bdf5dfbd50/download/2567__final.xlsx,ภัยแล้ง67-รายการพื้นที่เกิด
86,ชุมพร,2567,local_area_record,พะโต๊ะ,พระรักษ์,2,2024-05-04 00:00:00,2024-05-04,,2024-06-20,duration_unconfirmed,,,all_agriculture_not_durian_specific,b400841d-e9d9-4a36-8896-13bdf5dfbd50,2533,https://catalog.disaster.go.th/dataset/7bdbedaf-f9cd-4c42-893a-0c88ad65b2f5/resource/b400841d-e9d9-4a36-8896-13bdf5dfbd50/download/2567__final.xlsx,ภัยแล้ง67-รายการพื้นที่เกิด
86,ชุมพร,2567,local_area_record,พะโต๊ะ,พระรักษ์,3,2024-05-04 00:00:00,2024-05-04,,2024-06-20,duration_unconfirmed,,,all_agriculture_not_durian_specific,b400841d-e9d9-4a36-8896-13bdf5dfbd50,2534,https://catalog.disaster.go.th/dataset/7bdbedaf-f9cd-4c42-893a-0c88ad65b2f5/resource/b400841d-e9d9-4a36-8896-13bdf5dfbd50/download/2567__final.xlsx,ภัยแล้ง67-รายการพื้นที่เกิด
86,ชุมพร,2567,local_area_record,พะโต๊ะ,พระรักษ์,4,2024-05-04 00:00:00,2024-05-04,,2024-06-20,duration_unconfirmed,,,all_agriculture_not_durian_specific,b400841d-e9d9-4a36-8896-13bdf5dfbd50,2535,https://catalog.disaster.go.th/dataset/7bdbedaf-f9cd-4c42-893a-0c88ad65b2f5/resource/b400841d-e9d9-4a36-8896-13bdf5dfbd50/download/2567__final.xlsx,ภัยแล้ง67-รายการพื้นที่เกิด
86,ชุมพร,2567,local_area_record,พะโต๊ะ,พระรักษ์,5,2024-05-04 00:00:00,2024-05-04,,2024-06-20,duration_unconfirmed,,,all_agriculture_not_durian_specific,b400841d-e9d9-4a36-8896-13bdf5dfbd50,2536,https://catalog.disaster.go.th/dataset/7bdbedaf-f9cd-4c42-893a-0c88ad65b2f5/resource/b400841d-e9d9-4a36-8896-13bdf5dfbd50/download/2567__final.xlsx,ภัยแล้ง67-รายการพื้นที่เกิด
86,ชุมพร,2567,local_area_record,พะโต๊ะ,พระรักษ์,6,2024-05-04 00:00:00,2024-05-04,,2024-06-20,duration_unconfirmed,,,all_agriculture_not_durian_specific,b400841d-e9d9-4a36-8896-13bdf5dfbd50,2537,https://catalog.disaster.go.th/dataset/7bdbedaf-f9cd-4c42-893a-0c88ad65b2f5/resource/b400841d-e9d9-4a36-8896-13bdf5dfbd50/download/2567__final.xlsx,ภัยแล้ง67-รายการพื้นที่เกิด
86,ชุมพร,2567,local_area_record,พะโต๊ะ,พระรักษ์,7,2024-05-04 00:00:00,2024-05-04,,2024-06-20,duration_unconfirmed,,,all_agriculture_not_durian_specific,b400841d-e9d9-4a36-8896-13bdf5dfbd50,2538,https://catalog.disaster.go.th/dataset/7bdbedaf-f9cd-4c42-893a-0c88ad65b2f5/resource/b400841d-e9d9-4a36-8896-13bdf5dfbd50/download/2567__final.xlsx,ภัยแล้ง67-รายการพื้นที่เกิด
86,ชุมพร,2567,local_area_record,พะโต๊ะ,พระรักษ์,8,2024-05-04 00:00:00,2024-05-04,,2024-06-20,duration_unconfirmed,,,all_agriculture_not_durian_specific,b400841d-e9d9-4a36-8896-13bdf5dfbd50,2539,https://catalog.disaster.go.th/dataset/7bdbedaf-f9cd-4c42-893a-0c88ad65b2f5/resource/b400841d-e9d9-4a36-8896-13bdf5dfbd50/download/2567__final.xlsx,ภัยแล้ง67-รายการพื้นที่เกิด
86,ชุมพร,2567,local_area_record,พะโต๊ะ,พระรักษ์,9,2024-05-04 00:00:00,2024-05-04,,2024-06-20,duration_unconfirmed,,,all_agriculture_not_durian_specific,b400841d-e9d9-4a36-8896-13bdf5dfbd50,2540,https://catalog.disaster.go.th/dataset/7bdbedaf-f9cd-4c42-893a-0c88ad65b2f5/resource/b400841d-e9d9-4a36-8896-13bdf5dfbd50/download/2567__final.xlsx,ภัยแล้ง67-รายการพื้นที่เกิด
86,ชุมพร,2567,local_area_record,สวี,นาโพธิ์,1,2024-05-04 00:00:00,2024-05-04,,2024-05-27,duration_unconfirmed,,,all_agriculture_not_durian_specific,b400841d-e9d9-4a36-8896-13bdf5dfbd50,2541,https://catalog.disaster.go.th/dataset/7bdbedaf-f9cd-4c42-893a-0c88ad65b2f5/resource/b400841d-e9d9-4a36-8896-13bdf5dfbd50/download/2567__final.xlsx,ภัยแล้ง67-รายการพื้นที่เกิด
86,ชุมพร,2567,local_area_record,สวี,นาโพธิ์,2,2024-05-04 00:00:00,2024-05-04,,2024-05-27,duration_unconfirmed,,,all_agriculture_not_durian_specific,b400841d-e9d9-4a36-8896-13bdf5dfbd50,2542,https://catalog.disaster.go.th/dataset/7bdbedaf-f9cd-4c42-893a-0c88ad65b2f5/resource/b400841d-e9d9-4a36-8896-13bdf5dfbd50/download/2567__final.xlsx,ภัยแล้ง67-รายการพื้นที่เกิด
86,ชุมพร,2567,local_area_record,สวี,นาโพธิ์,3,2024-05-04 00:00:00,2024-05-04,,2024-05-27,duration_unconfirmed,,,all_agriculture_not_durian_specific,b400841d-e9d9-4a36-8896-13bdf5dfbd50,2543,https://catalog.disaster.go.th/dataset/7bdbedaf-f9cd-4c42-893a-0c88ad65b2f5/resource/b400841d-e9d9-4a36-8896-13bdf5dfbd50/download/2567__final.xlsx,ภัยแล้ง67-รายการพื้นที่เกิด
86,ชุมพร,2567,local_area_record,สวี,นาโพธิ์,4,2024-05-04 00:00:00,2024-05-04,,2024-05-27,duration_unconfirmed,,,all_agriculture_not_durian_specific,b400841d-e9d9-4a36-8896-13bdf5dfbd50,2544,https://catalog.disaster.go.th/dataset/7bdbedaf-f9cd-4c42-893a-0c88ad65b2f5/resource/b400841d-e9d9-4a36-8896-13bdf5dfbd50/download/2567__final.xlsx,ภัยแล้ง67-รายการพื้นที่เกิด
86,ชุมพร,2567,local_area_record,สวี,นาโพธิ์,5,2024-05-04 00:00:00,2024-05-04,,2024-05-27,duration_unconfirmed,,,all_agriculture_not_durian_specific,b400841d-e9d9-4a36-8896-13bdf5dfbd50,2545,https://catalog.disaster.go.th/dataset/7bdbedaf-f9cd-4c42-893a-0c88ad65b2f5/resource/b400841d-e9d9-4a36-8896-13bdf5dfbd50/download/2567__final.xlsx,ภัยแล้ง67-รายการพื้นที่เกิด
86,ชุมพร,2567,local_area_record,สวี,นาโพธิ์,6,2024-05-04 00:00:00,2024-05-04,,2024-05-27,duration_unconfirmed,,,all_agriculture_not_durian_specific,b400841d-e9d9-4a36-8896-13bdf5dfbd50,2546,https://catalog.disaster.go.th/dataset/7bdbedaf-f9cd-4c42-893a-0c88ad65b2f5/resource/b400841d-e9d9-4a36-8896-13bdf5dfbd50/download/2567__final.xlsx,ภัยแล้ง67-รายการพื้นที่เกิด
86,ชุมพร,2567,local_area_record,สวี,นาโพธิ์,7,2024-05-04 00:00:00,2024-05-04,,2024-05-27,duration_unconfirmed,,,all_agriculture_not_durian_specific,b400841d-e9d9-4a36-8896-13bdf5dfbd50,2547,https://catalog.disaster.go.th/dataset/7bdbedaf-f9cd-4c42-893a-0c88ad65b2f5/resource/b400841d-e9d9-4a36-8896-13bdf5dfbd50/download/2567__final.xlsx,ภัยแล้ง67-รายการพื้นที่เกิด
86,ชุมพร,2567,local_area_record,สวี,นาโพธิ์,8,2024-05-04 00:00:00,2024-05-04,,2024-05-27,duration_unconfirmed,,,all_agriculture_not_durian_specific,b400841d-e9d9-4a36-8896-13bdf5dfbd50,2548,https://catalog.disaster.go.th/dataset/7bdbedaf-f9cd-4c42-893a-0c88ad65b2f5/resource/b400841d-e9d9-4a36-8896-13bdf5dfbd50/download/2567__final.xlsx,ภัยแล้ง67-รายการพื้นที่เกิด
86,ชุมพร,2567,local_area_record,สวี,สวี,1,2024-05-04 00:00:00,2024-05-04,,2024-05-27,duration_unconfirmed,,,all_agriculture_not_durian_specific,b400841d-e9d9-4a36-8896-13bdf5dfbd50,2549,https://catalog.disaster.go.th/dataset/7bdbedaf-f9cd-4c42-893a-0c88ad65b2f5/resource/b400841d-e9d9-4a36-8896-13bdf5dfbd50/download/2567__final.xlsx,ภัยแล้ง67-รายการพื้นที่เกิด
86,ชุมพร,2567,local_area_record,สวี,สวี,2,2024-05-04 00:00:00,2024-05-04,,2024-05-27,duration_unconfirmed,,,all_agriculture_not_durian_specific,b400841d-e9d9-4a36-8896-13bdf5dfbd50,2550,https://catalog.disaster.go.th/dataset/7bdbedaf-f9cd-4c42-893a-0c88ad65b2f5/resource/b400841d-e9d9-4a36-8896-13bdf5dfbd50/download/2567__final.xlsx,ภัยแล้ง67-รายการพื้นที่เกิด
86,ชุมพร,2567,local_area_record,สวี,สวี,3,2024-05-04 00:00:00,2024-05-04,,2024-05-27,duration_unconfirmed,,,all_agriculture_not_durian_specific,b400841d-e9d9-4a36-8896-13bdf5dfbd50,2551,https://catalog.disaster.go.th/dataset/7bdbedaf-f9cd-4c42-893a-0c88ad65b2f5/resource/b400841d-e9d9-4a36-8896-13bdf5dfbd50/download/2567__final.xlsx,ภัยแล้ง67-รายการพื้นที่เกิด
86,ชุมพร,2567,local_area_record,สวี,สวี,4,2024-05-04 00:00:00,2024-05-04,,2024-05-27,duration_unconfirmed,,,all_agriculture_not_durian_specific,b400841d-e9d9-4a36-8896-13bdf5dfbd50,2552,https://catalog.disaster.go.th/dataset/7bdbedaf-f9cd-4c42-893a-0c88ad65b2f5/resource/b400841d-e9d9-4a36-8896-13bdf5dfbd50/download/2567__final.xlsx,ภัยแล้ง67-รายการพื้นที่เกิด
86,ชุมพร,2567,local_area_record,สวี,ทุ่งระยะ,1,2024-05-04 00:00:00,2024-05-04,,2024-05-27,duration_unconfirmed,,,all_agriculture_not_durian_specific,b400841d-e9d9-4a36-8896-13bdf5dfbd50,2553,https://catalog.disaster.go.th/dataset/7bdbedaf-f9cd-4c42-893a-0c88ad65b2f5/resource/b400841d-e9d9-4a36-8896-13bdf5dfbd50/download/2567__final.xlsx,ภัยแล้ง67-รายการพื้นที่เกิด
86,ชุมพร,2567,local_area_record,สวี,ทุ่งระยะ,10,2024-05-04 00:00:00,2024-05-04,,2024-05-27,duration_unconfirmed,,,all_agriculture_not_durian_specific,b400841d-e9d9-4a36-8896-13bdf5dfbd50,2554,https://catalog.disaster.go.th/dataset/7bdbedaf-f9cd-4c42-893a-0c88ad65b2f5/resource/b400841d-e9d9-4a36-8896-13bdf5dfbd50/download/2567__final.xlsx,ภัยแล้ง67-รายการพื้นที่เกิด
86,ชุมพร,2567,local_area_record,สวี,ทุ่งระยะ,11,2024-05-04 00:00:00,2024-05-04,,2024-05-27,duration_unconfirmed,,,all_agriculture_not_durian_specific,b400841d-e9d9-4a36-8896-13bdf5dfbd50,2555,https://catalog.disaster.go.th/dataset/7bdbedaf-f9cd-4c42-893a-0c88ad65b2f5/resource/b400841d-e9d9-4a36-8896-13bdf5dfbd50/download/2567__final.xlsx,ภัยแล้ง67-รายการพื้นที่เกิด
86,ชุมพร,2567,local_area_record,สวี,ทุ่งระยะ,2,2024-05-04 00:00:00,2024-05-04,,2024-05-27,duration_unconfirmed,,,all_agriculture_not_durian_specific,b400841d-e9d9-4a36-8896-13bdf5dfbd50,2556,https://catalog.disaster.go.th/dataset/7bdbedaf-f9cd-4c42-893a-0c88ad65b2f5/resource/b400841d-e9d9-4a36-8896-13bdf5dfbd50/download/2567__final.xlsx,ภัยแล้ง67-รายการพื้นที่เกิด
86,ชุมพร,2567,local_area_record,สวี,ทุ่งระยะ,3,2024-05-04 00:00:00,2024-05-04,,2024-05-27,duration_unconfirmed,,,all_agriculture_not_durian_specific,b400841d-e9d9-4a36-8896-13bdf5dfbd50,2557,https://catalog.disaster.go.th/dataset/7bdbedaf-f9cd-4c42-893a-0c88ad65b2f5/resource/b400841d-e9d9-4a36-8896-13bdf5dfbd50/download/2567__final.xlsx,ภัยแล้ง67-รายการพื้นที่เกิด
86,ชุมพร,2567,local_area_record,สวี,ทุ่งระยะ,4,2024-05-04 00:00:00,2024-05-04,,2024-05-27,duration_unconfirmed,,,all_agriculture_not_durian_specific,b400841d-e9d9-4a36-8896-13bdf5dfbd50,2558,https://catalog.disaster.go.th/dataset/7bdbedaf-f9cd-4c42-893a-0c88ad65b2f5/resource/b400841d-e9d9-4a36-8896-13bdf5dfbd50/download/2567__final.xlsx,ภัยแล้ง67-รายการพื้นที่เกิด
86,ชุมพร,2567,local_area_record,สวี,ทุ่งระยะ,5,2024-05-04 00:00:00,2024-05-04,,2024-05-27,duration_unconfirmed,,,all_agriculture_not_durian_specific,b400841d-e9d9-4a36-8896-13bdf5dfbd50,2559,https://catalog.disaster.go.th/dataset/7bdbedaf-f9cd-4c42-893a-0c88ad65b2f5/resource/b400841d-e9d9-4a36-8896-13bdf5dfbd50/download/2567__final.xlsx,ภัยแล้ง67-รายการพื้นที่เกิด
86,ชุมพร,2567,local_area_record,สวี,ทุ่งระยะ,7,2024-05-04 00:00:00,2024-05-04,,2024-05-27,duration_unconfirmed,,,all_agriculture_not_durian_specific,b400841d-e9d9-4a36-8896-13bdf5dfbd50,2560,https://catalog.disaster.go.th/dataset/7bdbedaf-f9cd-4c42-893a-0c88ad65b2f5/resource/b400841d-e9d9-4a36-8896-13bdf5dfbd50/download/2567__final.xlsx,ภัยแล้ง67-รายการพื้นที่เกิด
86,ชุมพร,2567,local_area_record,สวี,ทุ่งระยะ,8,2024-05-04 00:00:00,2024-05-04,,2024-05-27,duration_unconfirmed,,,all_agriculture_not_durian_specific,b400841d-e9d9-4a36-8896-13bdf5dfbd50,2561,https://catalog.disaster.go.th/dataset/7bdbedaf-f9cd-4c42-893a-0c88ad65b2f5/resource/b400841d-e9d9-4a36-8896-13bdf5dfbd50/download/2567__final.xlsx,ภัยแล้ง67-รายการพื้นที่เกิด
86,ชุมพร,2567,local_area_record,สวี,ทุ่งระยะ,9,2024-05-04 00:00:00,2024-05-04,,2024-05-27,duration_unconfirmed,,,all_agriculture_not_durian_specific,b400841d-e9d9-4a36-8896-13bdf5dfbd50,2562,https://catalog.disaster.go.th/dataset/7bdbedaf-f9cd-4c42-893a-0c88ad65b2f5/resource/b400841d-e9d9-4a36-8896-13bdf5dfbd50/download/2567__final.xlsx,ภัยแล้ง67-รายการพื้นที่เกิด
86,ชุมพร,2567,local_area_record,สวี,ท่าหิน,1,2024-05-04 00:00:00,2024-05-04,,2024-05-27,duration_unconfirmed,,,all_agriculture_not_durian_specific,b400841d-e9d9-4a36-8896-13bdf5dfbd50,2563,https://catalog.disaster.go.th/dataset/7bdbedaf-f9cd-4c42-893a-0c88ad65b2f5/resource/b400841d-e9d9-4a36-8896-13bdf5dfbd50/download/2567__final.xlsx,ภัยแล้ง67-รายการพื้นที่เกิด
86,ชุมพร,2567,local_area_record,สวี,ท่าหิน,10,2024-05-04 00:00:00,2024-05-04,,2024-05-27,duration_unconfirmed,,,all_agriculture_not_durian_specific,b400841d-e9d9-4a36-8896-13bdf5dfbd50,2564,https://catalog.disaster.go.th/dataset/7bdbedaf-f9cd-4c42-893a-0c88ad65b2f5/resource/b400841d-e9d9-4a36-8896-13bdf5dfbd50/download/2567__final.xlsx,ภัยแล้ง67-รายการพื้นที่เกิด
86,ชุมพร,2567,local_area_record,สวี,ท่าหิน,2,2024-05-04 00:00:00,2024-05-04,,2024-05-27,duration_unconfirmed,,,all_agriculture_not_durian_specific,b400841d-e9d9-4a36-8896-13bdf5dfbd50,2565,https://catalog.disaster.go.th/dataset/7bdbedaf-f9cd-4c42-893a-0c88ad65b2f5/resource/b400841d-e9d9-4a36-8896-13bdf5dfbd50/download/2567__final.xlsx,ภัยแล้ง67-รายการพื้นที่เกิด
86,ชุมพร,2567,local_area_record,สวี,ท่าหิน,3,2024-05-04 00:00:00,2024-05-04,,2024-05-27,duration_unconfirmed,,,all_agriculture_not_durian_specific,b400841d-e9d9-4a36-8896-13bdf5dfbd50,2566,https://catalog.disaster.go.th/dataset/7bdbedaf-f9cd-4c42-893a-0c88ad65b2f5/resource/b400841d-e9d9-4a36-8896-13bdf5dfbd50/download/2567__final.xlsx,ภัยแล้ง67-รายการพื้นที่เกิด
86,ชุมพร,2567,local_area_record,สวี,ท่าหิน,4,2024-05-04 00:00:00,2024-05-04,,2024-05-27,duration_unconfirmed,,,all_agriculture_not_durian_specific,b400841d-e9d9-4a36-8896-13bdf5dfbd50,2567,https://catalog.disaster.go.th/dataset/7bdbedaf-f9cd-4c42-893a-0c88ad65b2f5/resource/b400841d-e9d9-4a36-8896-13bdf5dfbd50/download/2567__final.xlsx,ภัยแล้ง67-รายการพื้นที่เกิด
86,ชุมพร,2567,local_area_record,สวี,ท่าหิน,5,2024-05-04 00:00:00,2024-05-04,,2024-05-27,duration_unconfirmed,,,all_agriculture_not_durian_specific,b400841d-e9d9-4a36-8896-13bdf5dfbd50,2568,https://catalog.disaster.go.th/dataset/7bdbedaf-f9cd-4c42-893a-0c88ad65b2f5/resource/b400841d-e9d9-4a36-8896-13bdf5dfbd50/download/2567__final.xlsx,ภัยแล้ง67-รายการพื้นที่เกิด
86,ชุมพร,2567,local_area_record,สวี,ท่าหิน,6,2024-05-04 00:00:00,2024-05-04,,2024-05-27,duration_unconfirmed,,,all_agriculture_not_durian_specific,b400841d-e9d9-4a36-8896-13bdf5dfbd50,2569,https://catalog.disaster.go.th/dataset/7bdbedaf-f9cd-4c42-893a-0c88ad65b2f5/resource/b400841d-e9d9-4a36-8896-13bdf5dfbd50/download/2567__final.xlsx,ภัยแล้ง67-รายการพื้นที่เกิด
86,ชุมพร,2567,local_area_record,สวี,ท่าหิน,7,2024-05-04 00:00:00,2024-05-04,,2024-05-27,duration_unconfirmed,,,all_agriculture_not_durian_specific,b400841d-e9d9-4a36-8896-13bdf5dfbd50,2570,https://catalog.disaster.go.th/dataset/7bdbedaf-f9cd-4c42-893a-0c88ad65b2f5/resource/b400841d-e9d9-4a36-8896-13bdf5dfbd50/download/2567__final.xlsx,ภัยแล้ง67-รายการพื้นที่เกิด
86,ชุมพร,2567,local_area_record,สวี,ท่าหิน,8,2024-05-04 00:00:00,2024-05-04,,2024-05-27,duration_unconfirmed,,,all_agriculture_not_durian_specific,b400841d-e9d9-4a36-8896-13bdf5dfbd50,2571,https://catalog.disaster.go.th/dataset/7bdbedaf-f9cd-4c42-893a-0c88ad65b2f5/resource/b400841d-e9d9-4a36-8896-13bdf5dfbd50/download/2567__final.xlsx,ภัยแล้ง67-รายการพื้นที่เกิด
86,ชุมพร,2567,local_area_record,สวี,ท่าหิน,9,2024-05-04 00:00:00,2024-05-04,,2024-05-27,duration_unconfirmed,,,all_agriculture_not_durian_specific,b400841d-e9d9-4a36-8896-13bdf5dfbd50,2572,https://catalog.disaster.go.th/dataset/7bdbedaf-f9cd-4c42-893a-0c88ad65b2f5/resource/b400841d-e9d9-4a36-8896-13bdf5dfbd50/download/2567__final.xlsx,ภัยแล้ง67-รายการพื้นที่เกิด
86,ชุมพร,2567,local_area_record,สวี,ปากแพรก,1,2024-05-04 00:00:00,2024-05-04,,2024-05-27,duration_unconfirmed,,,all_agriculture_not_durian_specific,b400841d-e9d9-4a36-8896-13bdf5dfbd50,2573,https://catalog.disaster.go.th/dataset/7bdbedaf-f9cd-4c42-893a-0c88ad65b2f5/resource/b400841d-e9d9-4a36-8896-13bdf5dfbd50/download/2567__final.xlsx,ภัยแล้ง67-รายการพื้นที่เกิด
86,ชุมพร,2567,local_area_record,สวี,ปากแพรก,2,2024-05-04 00:00:00,2024-05-04,,2024-05-27,duration_unconfirmed,,,all_agriculture_not_durian_specific,b400841d-e9d9-4a36-8896-13bdf5dfbd50,2574,https://catalog.disaster.go.th/dataset/7bdbedaf-f9cd-4c42-893a-0c88ad65b2f5/resource/b400841d-e9d9-4a36-8896-13bdf5dfbd50/download/2567__final.xlsx,ภัยแล้ง67-รายการพื้นที่เกิด
86,ชุมพร,2567,local_area_record,สวี,ปากแพรก,3,2024-05-04 00:00:00,2024-05-04,,2024-05-27,duration_unconfirmed,,,all_agriculture_not_durian_specific,b400841d-e9d9-4a36-8896-13bdf5dfbd50,2575,https://catalog.disaster.go.th/dataset/7bdbedaf-f9cd-4c42-893a-0c88ad65b2f5/resource/b400841d-e9d9-4a36-8896-13bdf5dfbd50/download/2567__final.xlsx,ภัยแล้ง67-รายการพื้นที่เกิด
86,ชุมพร,2567,local_area_record,สวี,ปากแพรก,4,2024-05-04 00:00:00,2024-05-04,,2024-05-27,duration_unconfirmed,,,all_agriculture_not_durian_specific,b400841d-e9d9-4a36-8896-13bdf5dfbd50,2576,https://catalog.disaster.go.th/dataset/7bdbedaf-f9cd-4c42-893a-0c88ad65b2f5/resource/b400841d-e9d9-4a36-8896-13bdf5dfbd50/download/2567__final.xlsx,ภัยแล้ง67-รายการพื้นที่เกิด
86,ชุมพร,2567,local_area_record,สวี,ปากแพรก,5,2024-05-04 00:00:00,2024-05-04,,2024-05-27,duration_unconfirmed,,,all_agriculture_not_durian_specific,b400841d-e9d9-4a36-8896-13bdf5dfbd50,2577,https://catalog.disaster.go.th/dataset/7bdbedaf-f9cd-4c42-893a-0c88ad65b2f5/resource/b400841d-e9d9-4a36-8896-13bdf5dfbd50/download/2567__final.xlsx,ภัยแล้ง67-รายการพื้นที่เกิด
86,ชุมพร,2567,local_area_record,สวี,ปากแพรก,6,2024-05-04 00:00:00,2024-05-04,,2024-05-27,duration_unconfirmed,,,all_agriculture_not_durian_specific,b400841d-e9d9-4a36-8896-13bdf5dfbd50,2578,https://catalog.disaster.go.th/dataset/7bdbedaf-f9cd-4c42-893a-0c88ad65b2f5/resource/b400841d-e9d9-4a36-8896-13bdf5dfbd50/download/2567__final.xlsx,ภัยแล้ง67-รายการพื้นที่เกิด
86,ชุมพร,2567,local_area_record,สวี,ด่านสวี,10,2024-05-04 00:00:00,2024-05-04,,2024-05-27,duration_unconfirmed,,,all_agriculture_not_durian_specific,b400841d-e9d9-4a36-8896-13bdf5dfbd50,2579,https://catalog.disaster.go.th/dataset/7bdbedaf-f9cd-4c42-893a-0c88ad65b2f5/resource/b400841d-e9d9-4a36-8896-13bdf5dfbd50/download/2567__final.xlsx,ภัยแล้ง67-รายการพื้นที่เกิด
86,ชุมพร,2567,local_area_record,สวี,ด่านสวี,11,2024-05-04 00:00:00,2024-05-04,,2024-05-27,duration_unconfirmed,,,all_agriculture_not_durian_specific,b400841d-e9d9-4a36-8896-13bdf5dfbd50,2580,https://catalog.disaster.go.th/dataset/7bdbedaf-f9cd-4c42-893a-0c88ad65b2f5/resource/b400841d-e9d9-4a36-8896-13bdf5dfbd50/download/2567__final.xlsx,ภัยแล้ง67-รายการพื้นที่เกิด
86,ชุมพร,2567,local_area_record,สวี,ด่านสวี,9,2024-05-04 00:00:00,2024-05-04,,2024-05-27,duration_unconfirmed,,,all_agriculture_not_durian_specific,b400841d-e9d9-4a36-8896-13bdf5dfbd50,2581,https://catalog.disaster.go.th/dataset/7bdbedaf-f9cd-4c42-893a-0c88ad65b2f5/resource/b400841d-e9d9-4a36-8896-13bdf5dfbd50/download/2567__final.xlsx,ภัยแล้ง67-รายการพื้นที่เกิด
86,ชุมพร,2567,local_area_record,สวี,ครน,1,2024-05-04 00:00:00,2024-05-04,,2024-05-27,duration_unconfirmed,,,all_agriculture_not_durian_specific,b400841d-e9d9-4a36-8896-13bdf5dfbd50,2582,https://catalog.disaster.go.th/dataset/7bdbedaf-f9cd-4c42-893a-0c88ad65b2f5/resource/b400841d-e9d9-4a36-8896-13bdf5dfbd50/download/2567__final.xlsx,ภัยแล้ง67-รายการพื้นที่เกิด
86,ชุมพร,2567,local_area_record,สวี,ครน,10,2024-05-04 00:00:00,2024-05-04,,2024-05-27,duration_unconfirmed,,,all_agriculture_not_durian_specific,b400841d-e9d9-4a36-8896-13bdf5dfbd50,2583,https://catalog.disaster.go.th/dataset/7bdbedaf-f9cd-4c42-893a-0c88ad65b2f5/resource/b400841d-e9d9-4a36-8896-13bdf5dfbd50/download/2567__final.xlsx,ภัยแล้ง67-รายการพื้นที่เกิด
86,ชุมพร,2567,local_area_record,สวี,ครน,12,2024-05-04 00:00:00,2024-05-04,,2024-05-27,duration_unconfirmed,,,all_agriculture_not_durian_specific,b400841d-e9d9-4a36-8896-13bdf5dfbd50,2584,https://catalog.disaster.go.th/dataset/7bdbedaf-f9cd-4c42-893a-0c88ad65b2f5/resource/b400841d-e9d9-4a36-8896-13bdf5dfbd50/download/2567__final.xlsx,ภัยแล้ง67-รายการพื้นที่เกิด
86,ชุมพร,2567,local_area_record,สวี,ครน,13,2024-05-04 00:00:00,2024-05-04,,2024-05-27,duration_unconfirmed,,,all_agriculture_not_durian_specific,b400841d-e9d9-4a36-8896-13bdf5dfbd50,2585,https://catalog.disaster.go.th/dataset/7bdbedaf-f9cd-4c42-893a-0c88ad65b2f5/resource/b400841d-e9d9-4a36-8896-13bdf5dfbd50/download/2567__final.xlsx,ภัยแล้ง67-รายการพื้นที่เกิด
86,ชุมพร,2567,local_area_record,สวี,ครน,14,2024-05-04 00:00:00,2024-05-04,,2024-05-27,duration_unconfirmed,,,all_agriculture_not_durian_specific,b400841d-e9d9-4a36-8896-13bdf5dfbd50,2586,https://catalog.disaster.go.th/dataset/7bdbedaf-f9cd-4c42-893a-0c88ad65b2f5/resource/b400841d-e9d9-4a36-8896-13bdf5dfbd50/download/2567__final.xlsx,ภัยแล้ง67-รายการพื้นที่เกิด
86,ชุมพร,2567,local_area_record,สวี,ครน,2,2024-05-04 00:00:00,2024-05-04,,2024-05-27,duration_unconfirmed,,,all_agriculture_not_durian_specific,b400841d-e9d9-4a36-8896-13bdf5dfbd50,2587,https://catalog.disaster.go.th/dataset/7bdbedaf-f9cd-4c42-893a-0c88ad65b2f5/resource/b400841d-e9d9-4a36-8896-13bdf5dfbd50/download/2567__final.xlsx,ภัยแล้ง67-รายการพื้นที่เกิด
86,ชุมพร,2567,local_area_record,สวี,ครน,3,2024-05-04 00:00:00,2024-05-04,,2024-05-27,duration_unconfirmed,,,all_agriculture_not_durian_specific,b400841d-e9d9-4a36-8896-13bdf5dfbd50,2588,https://catalog.disaster.go.th/dataset/7bdbedaf-f9cd-4c42-893a-0c88ad65b2f5/resource/b400841d-e9d9-4a36-8896-13bdf5dfbd50/download/2567__final.xlsx,ภัยแล้ง67-รายการพื้นที่เกิด
86,ชุมพร,2567,local_area_record,สวี,ครน,6,2024-05-04 00:00:00,2024-05-04,,2024-05-27,duration_unconfirmed,,,all_agriculture_not_durian_specific,b400841d-e9d9-4a36-8896-13bdf5dfbd50,2589,https://catalog.disaster.go.th/dataset/7bdbedaf-f9cd-4c42-893a-0c88ad65b2f5/resource/b400841d-e9d9-4a36-8896-13bdf5dfbd50/download/2567__final.xlsx,ภัยแล้ง67-รายการพื้นที่เกิด
86,ชุมพร,2567,local_area_record,สวี,ครน,7,2024-05-04 00:00:00,2024-05-04,,2024-05-27,duration_unconfirmed,,,all_agriculture_not_durian_specific,b400841d-e9d9-4a36-8896-13bdf5dfbd50,2590,https://catalog.disaster.go.th/dataset/7bdbedaf-f9cd-4c42-893a-0c88ad65b2f5/resource/b400841d-e9d9-4a36-8896-13bdf5dfbd50/download/2567__final.xlsx,ภัยแล้ง67-รายการพื้นที่เกิด
86,ชุมพร,2567,local_area_record,สวี,ครน,8,2024-05-04 00:00:00,2024-05-04,,2024-05-27,duration_unconfirmed,,,all_agriculture_not_durian_specific,b400841d-e9d9-4a36-8896-13bdf5dfbd50,2591,https://catalog.disaster.go.th/dataset/7bdbedaf-f9cd-4c42-893a-0c88ad65b2f5/resource/b400841d-e9d9-4a36-8896-13bdf5dfbd50/download/2567__final.xlsx,ภัยแล้ง67-รายการพื้นที่เกิด
86,ชุมพร,2567,local_area_record,สวี,ครน,9,2024-05-04 00:00:00,2024-05-04,,2024-05-27,duration_unconfirmed,,,all_agriculture_not_durian_specific,b400841d-e9d9-4a36-8896-13bdf5dfbd50,2592,https://catalog.disaster.go.th/dataset/7bdbedaf-f9cd-4c42-893a-0c88ad65b2f5/resource/b400841d-e9d9-4a36-8896-13bdf5dfbd50/download/2567__final.xlsx,ภัยแล้ง67-รายการพื้นที่เกิด
86,ชุมพร,2567,local_area_record,สวี,วิสัยใต้,1,2024-05-04 00:00:00,2024-05-04,,2024-05-27,duration_unconfirmed,,,all_agriculture_not_durian_specific,b400841d-e9d9-4a36-8896-13bdf5dfbd50,2593,https://catalog.disaster.go.th/dataset/7bdbedaf-f9cd-4c42-893a-0c88ad65b2f5/resource/b400841d-e9d9-4a36-8896-13bdf5dfbd50/download/2567__final.xlsx,ภัยแล้ง67-รายการพื้นที่เกิด
86,ชุมพร,2567,local_area_record,สวี,วิสัยใต้,10,2024-05-04 00:00:00,2024-05-04,,2024-05-27,duration_unconfirmed,,,all_agriculture_not_durian_specific,b400841d-e9d9-4a36-8896-13bdf5dfbd50,2594,https://catalog.disaster.go.th/dataset/7bdbedaf-f9cd-4c42-893a-0c88ad65b2f5/resource/b400841d-e9d9-4a36-8896-13bdf5dfbd50/download/2567__final.xlsx,ภัยแล้ง67-รายการพื้นที่เกิด
86,ชุมพร,2567,local_area_record,สวี,วิสัยใต้,2,2024-05-04 00:00:00,2024-05-04,,2024-05-27,duration_unconfirmed,,,all_agriculture_not_durian_specific,b400841d-e9d9-4a36-8896-13bdf5dfbd50,2595,https://catalog.disaster.go.th/dataset/7bdbedaf-f9cd-4c42-893a-0c88ad65b2f5/resource/b400841d-e9d9-4a36-8896-13bdf5dfbd50/download/2567__final.xlsx,ภัยแล้ง67-รายการพื้นที่เกิด
86,ชุมพร,2567,local_area_record,สวี,วิสัยใต้,3,2024-05-04 00:00:00,2024-05-04,,2024-05-27,duration_unconfirmed,,,all_agriculture_not_durian_specific,b400841d-e9d9-4a36-8896-13bdf5dfbd50,2596,https://catalog.disaster.go.th/dataset/7bdbedaf-f9cd-4c42-893a-0c88ad65b2f5/resource/b400841d-e9d9-4a36-8896-13bdf5dfbd50/download/2567__final.xlsx,ภัยแล้ง67-รายการพื้นที่เกิด
86,ชุมพร,2567,local_area_record,สวี,วิสัยใต้,4,2024-05-04 00:00:00,2024-05-04,,2024-05-27,duration_unconfirmed,,,all_agriculture_not_durian_specific,b400841d-e9d9-4a36-8896-13bdf5dfbd50,2597,https://catalog.disaster.go.th/dataset/7bdbedaf-f9cd-4c42-893a-0c88ad65b2f5/resource/b400841d-e9d9-4a36-8896-13bdf5dfbd50/download/2567__final.xlsx,ภัยแล้ง67-รายการพื้นที่เกิด
86,ชุมพร,2567,local_area_record,สวี,วิสัยใต้,5,2024-05-04 00:00:00,2024-05-04,,2024-05-27,duration_unconfirmed,,,all_agriculture_not_durian_specific,b400841d-e9d9-4a36-8896-13bdf5dfbd50,2598,https://catalog.disaster.go.th/dataset/7bdbedaf-f9cd-4c42-893a-0c88ad65b2f5/resource/b400841d-e9d9-4a36-8896-13bdf5dfbd50/download/2567__final.xlsx,ภัยแล้ง67-รายการพื้นที่เกิด
86,ชุมพร,2567,local_area_record,สวี,วิสัยใต้,6,2024-05-04 00:00:00,2024-05-04,,2024-05-27,duration_unconfirmed,,,all_agriculture_not_durian_specific,b400841d-e9d9-4a36-8896-13bdf5dfbd50,2599,https://catalog.disaster.go.th/dataset/7bdbedaf-f9cd-4c42-893a-0c88ad65b2f5/resource/b400841d-e9d9-4a36-8896-13bdf5dfbd50/download/2567__final.xlsx,ภัยแล้ง67-รายการพื้นที่เกิด
86,ชุมพร,2567,local_area_record,สวี,วิสัยใต้,7,2024-05-04 00:00:00,2024-05-04,,2024-05-27,duration_unconfirmed,,,all_agriculture_not_durian_specific,b400841d-e9d9-4a36-8896-13bdf5dfbd50,2600,https://catalog.disaster.go.th/dataset/7bdbedaf-f9cd-4c42-893a-0c88ad65b2f5/resource/b400841d-e9d9-4a36-8896-13bdf5dfbd50/download/2567__final.xlsx,ภัยแล้ง67-รายการพื้นที่เกิด
86,ชุมพร,2567,local_area_record,สวี,วิสัยใต้,8,2024-05-04 00:00:00,2024-05-04,,2024-05-27,duration_unconfirmed,,,all_agriculture_not_durian_specific,b400841d-e9d9-4a36-8896-13bdf5dfbd50,2601,https://catalog.disaster.go.th/dataset/7bdbedaf-f9cd-4c42-893a-0c88ad65b2f5/resource/b400841d-e9d9-4a36-8896-13bdf5dfbd50/download/2567__final.xlsx,ภัยแล้ง67-รายการพื้นที่เกิด
86,ชุมพร,2567,local_area_record,สวี,วิสัยใต้,9,2024-05-04 00:00:00,2024-05-04,,2024-05-27,duration_unconfirmed,,,all_agriculture_not_durian_specific,b400841d-e9d9-4a36-8896-13bdf5dfbd50,2602,https://catalog.disaster.go.th/dataset/7bdbedaf-f9cd-4c42-893a-0c88ad65b2f5/resource/b400841d-e9d9-4a36-8896-13bdf5dfbd50/download/2567__final.xlsx,ภัยแล้ง67-รายการพื้นที่เกิด
86,ชุมพร,2567,local_area_record,สวี,นาสัก,1,2024-05-04 00:00:00,2024-05-04,,2024-05-27,duration_unconfirmed,,,all_agriculture_not_durian_specific,b400841d-e9d9-4a36-8896-13bdf5dfbd50,2603,https://catalog.disaster.go.th/dataset/7bdbedaf-f9cd-4c42-893a-0c88ad65b2f5/resource/b400841d-e9d9-4a36-8896-13bdf5dfbd50/download/2567__final.xlsx,ภัยแล้ง67-รายการพื้นที่เกิด
86,ชุมพร,2567,local_area_record,สวี,นาสัก,10,2024-05-04 00:00:00,2024-05-04,,2024-05-27,duration_unconfirmed,,,all_agriculture_not_durian_specific,b400841d-e9d9-4a36-8896-13bdf5dfbd50,2604,https://catalog.disaster.go.th/dataset/7bdbedaf-f9cd-4c42-893a-0c88ad65b2f5/resource/b400841d-e9d9-4a36-8896-13bdf5dfbd50/download/2567__final.xlsx,ภัยแล้ง67-รายการพื้นที่เกิด
86,ชุมพร,2567,local_area_record,สวี,นาสัก,11,2024-05-04 00:00:00,2024-05-04,,2024-05-27,duration_unconfirmed,,,all_agriculture_not_durian_specific,b400841d-e9d9-4a36-8896-13bdf5dfbd50,2605,https://catalog.disaster.go.th/dataset/7bdbedaf-f9cd-4c42-893a-0c88ad65b2f5/resource/b400841d-e9d9-4a36-8896-13bdf5dfbd50/download/2567__final.xlsx,ภัยแล้ง67-รายการพื้นที่เกิด
86,ชุมพร,2567,local_area_record,สวี,นาสัก,12,2024-05-04 00:00:00,2024-05-04,,2024-05-27,duration_unconfirmed,,,all_agriculture_not_durian_specific,b400841d-e9d9-4a36-8896-13bdf5dfbd50,2606,https://catalog.disaster.go.th/dataset/7bdbedaf-f9cd-4c42-893a-0c88ad65b2f5/resource/b400841d-e9d9-4a36-8896-13bdf5dfbd50/download/2567__final.xlsx,ภัยแล้ง67-รายการพื้นที่เกิด
86,ชุมพร,2567,local_area_record,สวี,นาสัก,13,2024-05-04 00:00:00,2024-05-04,,2024-05-27,duration_unconfirmed,,,all_agriculture_not_durian_specific,b400841d-e9d9-4a36-8896-13bdf5dfbd50,2607,https://catalog.disaster.go.th/dataset/7bdbedaf-f9cd-4c42-893a-0c88ad65b2f5/resource/b400841d-e9d9-4a36-8896-13bdf5dfbd50/download/2567__final.xlsx,ภัยแล้ง67-รายการพื้นที่เกิด
86,ชุมพร,2567,local_area_record,สวี,นาสัก,14,2024-05-04 00:00:00,2024-05-04,,2024-05-27,duration_unconfirmed,,,all_agriculture_not_durian_specific,b400841d-e9d9-4a36-8896-13bdf5dfbd50,2608,https://catalog.disaster.go.th/dataset/7bdbedaf-f9cd-4c42-893a-0c88ad65b2f5/resource/b400841d-e9d9-4a36-8896-13bdf5dfbd50/download/2567__final.xlsx,ภัยแล้ง67-รายการพื้นที่เกิด
86,ชุมพร,2567,local_area_record,สวี,นาสัก,15,2024-05-04 00:00:00,2024-05-04,,2024-05-27,duration_unconfirmed,,,all_agriculture_not_durian_specific,b400841d-e9d9-4a36-8896-13bdf5dfbd50,2609,https://catalog.disaster.go.th/dataset/7bdbedaf-f9cd-4c42-893a-0c88ad65b2f5/resource/b400841d-e9d9-4a36-8896-13bdf5dfbd50/download/2567__final.xlsx,ภัยแล้ง67-รายการพื้นที่เกิด
86,ชุมพร,2567,local_area_record,สวี,นาสัก,16,2024-05-04 00:00:00,2024-05-04,,2024-05-27,duration_unconfirmed,,,all_agriculture_not_durian_specific,b400841d-e9d9-4a36-8896-13bdf5dfbd50,2610,https://catalog.disaster.go.th/dataset/7bdbedaf-f9cd-4c42-893a-0c88ad65b2f5/resource/b400841d-e9d9-4a36-8896-13bdf5dfbd50/download/2567__final.xlsx,ภัยแล้ง67-รายการพื้นที่เกิด
86,ชุมพร,2567,local_area_record,สวี,นาสัก,17,2024-05-04 00:00:00,2024-05-04,,2024-05-27,duration_unconfirmed,,,all_agriculture_not_durian_specific,b400841d-e9d9-4a36-8896-13bdf5dfbd50,2611,https://catalog.disaster.go.th/dataset/7bdbedaf-f9cd-4c42-893a-0c88ad65b2f5/resource/b400841d-e9d9-4a36-8896-13bdf5dfbd50/download/2567__final.xlsx,ภัยแล้ง67-รายการพื้นที่เกิด
86,ชุมพร,2567,local_area_record,สวี,นาสัก,18,2024-05-04 00:00:00,2024-05-04,,2024-05-27,duration_unconfirmed,,,all_agriculture_not_durian_specific,b400841d-e9d9-4a36-8896-13bdf5dfbd50,2612,https://catalog.disaster.go.th/dataset/7bdbedaf-f9cd-4c42-893a-0c88ad65b2f5/resource/b400841d-e9d9-4a36-8896-13bdf5dfbd50/download/2567__final.xlsx,ภัยแล้ง67-รายการพื้นที่เกิด
86,ชุมพร,2567,local_area_record,สวี,นาสัก,19,2024-05-04 00:00:00,2024-05-04,,2024-05-27,duration_unconfirmed,,,all_agriculture_not_durian_specific,b400841d-e9d9-4a36-8896-13bdf5dfbd50,2613,https://catalog.disaster.go.th/dataset/7bdbedaf-f9cd-4c42-893a-0c88ad65b2f5/resource/b400841d-e9d9-4a36-8896-13bdf5dfbd50/download/2567__final.xlsx,ภัยแล้ง67-รายการพื้นที่เกิด
86,ชุมพร,2567,local_area_record,สวี,นาสัก,2,2024-05-04 00:00:00,2024-05-04,,2024-05-27,duration_unconfirmed,,,all_agriculture_not_durian_specific,b400841d-e9d9-4a36-8896-13bdf5dfbd50,2614,https://catalog.disaster.go.th/dataset/7bdbedaf-f9cd-4c42-893a-0c88ad65b2f5/resource/b400841d-e9d9-4a36-8896-13bdf5dfbd50/download/2567__final.xlsx,ภัยแล้ง67-รายการพื้นที่เกิด
86,ชุมพร,2567,local_area_record,สวี,นาสัก,3,2024-05-04 00:00:00,2024-05-04,,2024-05-27,duration_unconfirmed,,,all_agriculture_not_durian_specific,b400841d-e9d9-4a36-8896-13bdf5dfbd50,2615,https://catalog.disaster.go.th/dataset/7bdbedaf-f9cd-4c42-893a-0c88ad65b2f5/resource/b400841d-e9d9-4a36-8896-13bdf5dfbd50/download/2567__final.xlsx,ภัยแล้ง67-รายการพื้นที่เกิด
86,ชุมพร,2567,local_area_record,สวี,นาสัก,4,2024-05-04 00:00:00,2024-05-04,,2024-05-27,duration_unconfirmed,,,all_agriculture_not_durian_specific,b400841d-e9d9-4a36-8896-13bdf5dfbd50,2616,https://catalog.disaster.go.th/dataset/7bdbedaf-f9cd-4c42-893a-0c88ad65b2f5/resource/b400841d-e9d9-4a36-8896-13bdf5dfbd50/download/2567__final.xlsx,ภัยแล้ง67-รายการพื้นที่เกิด
86,ชุมพร,2567,local_area_record,สวี,นาสัก,5,2024-05-04 00:00:00,2024-05-04,,2024-05-27,duration_unconfirmed,,,all_agriculture_not_durian_specific,b400841d-e9d9-4a36-8896-13bdf5dfbd50,2617,https://catalog.disaster.go.th/dataset/7bdbedaf-f9cd-4c42-893a-0c88ad65b2f5/resource/b400841d-e9d9-4a36-8896-13bdf5dfbd50/download/2567__final.xlsx,ภัยแล้ง67-รายการพื้นที่เกิด
86,ชุมพร,2567,local_area_record,สวี,นาสัก,6,2024-05-04 00:00:00,2024-05-04,,2024-05-27,duration_unconfirmed,,,all_agriculture_not_durian_specific,b400841d-e9d9-4a36-8896-13bdf5dfbd50,2618,https://catalog.disaster.go.th/dataset/7bdbedaf-f9cd-4c42-893a-0c88ad65b2f5/resource/b400841d-e9d9-4a36-8896-13bdf5dfbd50/download/2567__final.xlsx,ภัยแล้ง67-รายการพื้นที่เกิด
86,ชุมพร,2567,local_area_record,สวี,นาสัก,7,2024-05-04 00:00:00,2024-05-04,,2024-05-27,duration_unconfirmed,,,all_agriculture_not_durian_specific,b400841d-e9d9-4a36-8896-13bdf5dfbd50,2619,https://catalog.disaster.go.th/dataset/7bdbedaf-f9cd-4c42-893a-0c88ad65b2f5/resource/b400841d-e9d9-4a36-8896-13bdf5dfbd50/download/2567__final.xlsx,ภัยแล้ง67-รายการพื้นที่เกิด
86,ชุมพร,2567,local_area_record,สวี,นาสัก,8,2024-05-04 00:00:00,2024-05-04,,2024-05-27,duration_unconfirmed,,,all_agriculture_not_durian_specific,b400841d-e9d9-4a36-8896-13bdf5dfbd50,2620,https://catalog.disaster.go.th/dataset/7bdbedaf-f9cd-4c42-893a-0c88ad65b2f5/resource/b400841d-e9d9-4a36-8896-13bdf5dfbd50/download/2567__final.xlsx,ภัยแล้ง67-รายการพื้นที่เกิด
86,ชุมพร,2567,local_area_record,สวี,นาสัก,9,2024-05-04 00:00:00,2024-05-04,,2024-05-27,duration_unconfirmed,,,all_agriculture_not_durian_specific,b400841d-e9d9-4a36-8896-13bdf5dfbd50,2621,https://catalog.disaster.go.th/dataset/7bdbedaf-f9cd-4c42-893a-0c88ad65b2f5/resource/b400841d-e9d9-4a36-8896-13bdf5dfbd50/download/2567__final.xlsx,ภัยแล้ง67-รายการพื้นที่เกิด
86,ชุมพร,2567,local_area_record,สวี,เขาทะลุ,1,2024-05-04 00:00:00,2024-05-04,,2024-05-27,duration_unconfirmed,,,all_agriculture_not_durian_specific,b400841d-e9d9-4a36-8896-13bdf5dfbd50,2622,https://catalog.disaster.go.th/dataset/7bdbedaf-f9cd-4c42-893a-0c88ad65b2f5/resource/b400841d-e9d9-4a36-8896-13bdf5dfbd50/download/2567__final.xlsx,ภัยแล้ง67-รายการพื้นที่เกิด
86,ชุมพร,2567,local_area_record,สวี,เขาทะลุ,10,2024-05-04 00:00:00,2024-05-04,,2024-05-27,duration_unconfirmed,,,all_agriculture_not_durian_specific,b400841d-e9d9-4a36-8896-13bdf5dfbd50,2623,https://catalog.disaster.go.th/dataset/7bdbedaf-f9cd-4c42-893a-0c88ad65b2f5/resource/b400841d-e9d9-4a36-8896-13bdf5dfbd50/download/2567__final.xlsx,ภัยแล้ง67-รายการพื้นที่เกิด
86,ชุมพร,2567,local_area_record,สวี,เขาทะลุ,11,2024-05-04 00:00:00,2024-05-04,,2024-05-27,duration_unconfirmed,,,all_agriculture_not_durian_specific,b400841d-e9d9-4a36-8896-13bdf5dfbd50,2624,https://catalog.disaster.go.th/dataset/7bdbedaf-f9cd-4c42-893a-0c88ad65b2f5/resource/b400841d-e9d9-4a36-8896-13bdf5dfbd50/download/2567__final.xlsx,ภัยแล้ง67-รายการพื้นที่เกิด
86,ชุมพร,2567,local_area_record,สวี,เขาทะลุ,2,2024-05-04 00:00:00,2024-05-04,,2024-05-27,duration_unconfirmed,,,all_agriculture_not_durian_specific,b400841d-e9d9-4a36-8896-13bdf5dfbd50,2625,https://catalog.disaster.go.th/dataset/7bdbedaf-f9cd-4c42-893a-0c88ad65b2f5/resource/b400841d-e9d9-4a36-8896-13bdf5dfbd50/download/2567__final.xlsx,ภัยแล้ง67-รายการพื้นที่เกิด
86,ชุมพร,2567,local_area_record,สวี,เขาทะลุ,3,2024-05-04 00:00:00,2024-05-04,,2024-05-27,duration_unconfirmed,,,all_agriculture_not_durian_specific,b400841d-e9d9-4a36-8896-13bdf5dfbd50,2626,https://catalog.disaster.go.th/dataset/7bdbedaf-f9cd-4c42-893a-0c88ad65b2f5/resource/b400841d-e9d9-4a36-8896-13bdf5dfbd50/download/2567__final.xlsx,ภัยแล้ง67-รายการพื้นที่เกิด
86,ชุมพร,2567,local_area_record,สวี,เขาทะลุ,4,2024-05-04 00:00:00,2024-05-04,,2024-05-27,duration_unconfirmed,,,all_agriculture_not_durian_specific,b400841d-e9d9-4a36-8896-13bdf5dfbd50,2627,https://catalog.disaster.go.th/dataset/7bdbedaf-f9cd-4c42-893a-0c88ad65b2f5/resource/b400841d-e9d9-4a36-8896-13bdf5dfbd50/download/2567__final.xlsx,ภัยแล้ง67-รายการพื้นที่เกิด
86,ชุมพร,2567,local_area_record,สวี,เขาทะลุ,5,2024-05-04 00:00:00,2024-05-04,,2024-05-27,duration_unconfirmed,,,all_agriculture_not_durian_specific,b400841d-e9d9-4a36-8896-13bdf5dfbd50,2628,https://catalog.disaster.go.th/dataset/7bdbedaf-f9cd-4c42-893a-0c88ad65b2f5/resource/b400841d-e9d9-4a36-8896-13bdf5dfbd50/download/2567__final.xlsx,ภัยแล้ง67-รายการพื้นที่เกิด
86,ชุมพร,2567,local_area_record,สวี,เขาทะลุ,6,2024-05-04 00:00:00,2024-05-04,,2024-05-27,duration_unconfirmed,,,all_agriculture_not_durian_specific,b400841d-e9d9-4a36-8896-13bdf5dfbd50,2629,https://catalog.disaster.go.th/dataset/7bdbedaf-f9cd-4c42-893a-0c88ad65b2f5/resource/b400841d-e9d9-4a36-8896-13bdf5dfbd50/download/2567__final.xlsx,ภัยแล้ง67-รายการพื้นที่เกิด
86,ชุมพร,2567,local_area_record,สวี,เขาทะลุ,7,2024-05-04 00:00:00,2024-05-04,,2024-05-27,duration_unconfirmed,,,all_agriculture_not_durian_specific,b400841d-e9d9-4a36-8896-13bdf5dfbd50,2630,https://catalog.disaster.go.th/dataset/7bdbedaf-f9cd-4c42-893a-0c88ad65b2f5/resource/b400841d-e9d9-4a36-8896-13bdf5dfbd50/download/2567__final.xlsx,ภัยแล้ง67-รายการพื้นที่เกิด
86,ชุมพร,2567,local_area_record,สวี,เขาทะลุ,8,2024-05-04 00:00:00,2024-05-04,,2024-05-27,duration_unconfirmed,,,all_agriculture_not_durian_specific,b400841d-e9d9-4a36-8896-13bdf5dfbd50,2631,https://catalog.disaster.go.th/dataset/7bdbedaf-f9cd-4c42-893a-0c88ad65b2f5/resource/b400841d-e9d9-4a36-8896-13bdf5dfbd50/download/2567__final.xlsx,ภัยแล้ง67-รายการพื้นที่เกิด
86,ชุมพร,2567,local_area_record,สวี,เขาทะลุ,9,2024-05-04 00:00:00,2024-05-04,,2024-05-27,duration_unconfirmed,,,all_agriculture_not_durian_specific,b400841d-e9d9-4a36-8896-13bdf5dfbd50,2632,https://catalog.disaster.go.th/dataset/7bdbedaf-f9cd-4c42-893a-0c88ad65b2f5/resource/b400841d-e9d9-4a36-8896-13bdf5dfbd50/download/2567__final.xlsx,ภัยแล้ง67-รายการพื้นที่เกิด
86,ชุมพร,2567,local_area_record,สวี,เขาค่าย,1,2024-05-04 00:00:00,2024-05-04,,2024-05-27,duration_unconfirmed,,,all_agriculture_not_durian_specific,b400841d-e9d9-4a36-8896-13bdf5dfbd50,2633,https://catalog.disaster.go.th/dataset/7bdbedaf-f9cd-4c42-893a-0c88ad65b2f5/resource/b400841d-e9d9-4a36-8896-13bdf5dfbd50/download/2567__final.xlsx,ภัยแล้ง67-รายการพื้นที่เกิด
86,ชุมพร,2567,local_area_record,สวี,เขาค่าย,10,2024-05-04 00:00:00,2024-05-04,,2024-05-27,duration_unconfirmed,,,all_agriculture_not_durian_specific,b400841d-e9d9-4a36-8896-13bdf5dfbd50,2634,https://catalog.disaster.go.th/dataset/7bdbedaf-f9cd-4c42-893a-0c88ad65b2f5/resource/b400841d-e9d9-4a36-8896-13bdf5dfbd50/download/2567__final.xlsx,ภัยแล้ง67-รายการพื้นที่เกิด
86,ชุมพร,2567,local_area_record,สวี,เขาค่าย,11,2024-05-04 00:00:00,2024-05-04,,2024-05-27,duration_unconfirmed,,,all_agriculture_not_durian_specific,b400841d-e9d9-4a36-8896-13bdf5dfbd50,2635,https://catalog.disaster.go.th/dataset/7bdbedaf-f9cd-4c42-893a-0c88ad65b2f5/resource/b400841d-e9d9-4a36-8896-13bdf5dfbd50/download/2567__final.xlsx,ภัยแล้ง67-รายการพื้นที่เกิด
86,ชุมพร,2567,local_area_record,สวี,เขาค่าย,12,2024-05-04 00:00:00,2024-05-04,,2024-05-27,duration_unconfirmed,,,all_agriculture_not_durian_specific,b400841d-e9d9-4a36-8896-13bdf5dfbd50,2636,https://catalog.disaster.go.th/dataset/7bdbedaf-f9cd-4c42-893a-0c88ad65b2f5/resource/b400841d-e9d9-4a36-8896-13bdf5dfbd50/download/2567__final.xlsx,ภัยแล้ง67-รายการพื้นที่เกิด
86,ชุมพร,2567,local_area_record,สวี,เขาค่าย,2,2024-05-04 00:00:00,2024-05-04,,2024-05-27,duration_unconfirmed,,,all_agriculture_not_durian_specific,b400841d-e9d9-4a36-8896-13bdf5dfbd50,2637,https://catalog.disaster.go.th/dataset/7bdbedaf-f9cd-4c42-893a-0c88ad65b2f5/resource/b400841d-e9d9-4a36-8896-13bdf5dfbd50/download/2567__final.xlsx,ภัยแล้ง67-รายการพื้นที่เกิด
86,ชุมพร,2567,local_area_record,สวี,เขาค่าย,3,2024-05-04 00:00:00,2024-05-04,,2024-05-27,duration_unconfirmed,,,all_agriculture_not_durian_specific,b400841d-e9d9-4a36-8896-13bdf5dfbd50,2638,https://catalog.disaster.go.th/dataset/7bdbedaf-f9cd-4c42-893a-0c88ad65b2f5/resource/b400841d-e9d9-4a36-8896-13bdf5dfbd50/download/2567__final.xlsx,ภัยแล้ง67-รายการพื้นที่เกิด
86,ชุมพร,2567,local_area_record,สวี,เขาค่าย,4,2024-05-04 00:00:00,2024-05-04,,2024-05-27,duration_unconfirmed,,,all_agriculture_not_durian_specific,b400841d-e9d9-4a36-8896-13bdf5dfbd50,2639,https://catalog.disaster.go.th/dataset/7bdbedaf-f9cd-4c42-893a-0c88ad65b2f5/resource/b400841d-e9d9-4a36-8896-13bdf5dfbd50/download/2567__final.xlsx,ภัยแล้ง67-รายการพื้นที่เกิด
86,ชุมพร,2567,local_area_record,สวี,เขาค่าย,5,2024-05-04 00:00:00,2024-05-04,,2024-05-27,duration_unconfirmed,,,all_agriculture_not_durian_specific,b400841d-e9d9-4a36-8896-13bdf5dfbd50,2640,https://catalog.disaster.go.th/dataset/7bdbedaf-f9cd-4c42-893a-0c88ad65b2f5/resource/b400841d-e9d9-4a36-8896-13bdf5dfbd50/download/2567__final.xlsx,ภัยแล้ง67-รายการพื้นที่เกิด
86,ชุมพร,2567,local_area_record,สวี,เขาค่าย,6,2024-05-04 00:00:00,2024-05-04,,2024-05-27,duration_unconfirmed,,,all_agriculture_not_durian_specific,b400841d-e9d9-4a36-8896-13bdf5dfbd50,2641,https://catalog.disaster.go.th/dataset/7bdbedaf-f9cd-4c42-893a-0c88ad65b2f5/resource/b400841d-e9d9-4a36-8896-13bdf5dfbd50/download/2567__final.xlsx,ภัยแล้ง67-รายการพื้นที่เกิด
86,ชุมพร,2567,local_area_record,สวี,เขาค่าย,7,2024-05-04 00:00:00,2024-05-04,,2024-05-27,duration_unconfirmed,,,all_agriculture_not_durian_specific,b400841d-e9d9-4a36-8896-13bdf5dfbd50,2642,https://catalog.disaster.go.th/dataset/7bdbedaf-f9cd-4c42-893a-0c88ad65b2f5/resource/b400841d-e9d9-4a36-8896-13bdf5dfbd50/download/2567__final.xlsx,ภัยแล้ง67-รายการพื้นที่เกิด
86,ชุมพร,2567,local_area_record,สวี,เขาค่าย,8,2024-05-04 00:00:00,2024-05-04,,2024-05-27,duration_unconfirmed,,,all_agriculture_not_durian_specific,b400841d-e9d9-4a36-8896-13bdf5dfbd50,2643,https://catalog.disaster.go.th/dataset/7bdbedaf-f9cd-4c42-893a-0c88ad65b2f5/resource/b400841d-e9d9-4a36-8896-13bdf5dfbd50/download/2567__final.xlsx,ภัยแล้ง67-รายการพื้นที่เกิด
86,ชุมพร,2567,local_area_record,สวี,เขาค่าย,9,2024-05-04 00:00:00,2024-05-04,,2024-05-27,duration_unconfirmed,,,all_agriculture_not_durian_specific,b400841d-e9d9-4a36-8896-13bdf5dfbd50,2644,https://catalog.disaster.go.th/dataset/7bdbedaf-f9cd-4c42-893a-0c88ad65b2f5/resource/b400841d-e9d9-4a36-8896-13bdf5dfbd50/download/2567__final.xlsx,ภัยแล้ง67-รายการพื้นที่เกิด
86,ชุมพร,2567,local_area_record,ทุ่งตะโก,ปากตะโก,1,2024-05-04 00:00:00,2024-05-04,,2024-05-30,duration_unconfirmed,,,all_agriculture_not_durian_specific,b400841d-e9d9-4a36-8896-13bdf5dfbd50,2645,https://catalog.disaster.go.th/dataset/7bdbedaf-f9cd-4c42-893a-0c88ad65b2f5/resource/b400841d-e9d9-4a36-8896-13bdf5dfbd50/download/2567__final.xlsx,ภัยแล้ง67-รายการพื้นที่เกิด
86,ชุมพร,2567,local_area_record,ทุ่งตะโก,ปากตะโก,2,2024-05-04 00:00:00,2024-05-04,,2024-05-30,duration_unconfirmed,,,all_agriculture_not_durian_specific,b400841d-e9d9-4a36-8896-13bdf5dfbd50,2646,https://catalog.disaster.go.th/dataset/7bdbedaf-f9cd-4c42-893a-0c88ad65b2f5/resource/b400841d-e9d9-4a36-8896-13bdf5dfbd50/download/2567__final.xlsx,ภัยแล้ง67-รายการพื้นที่เกิด
86,ชุมพร,2567,local_area_record,ทุ่งตะโก,ปากตะโก,3,2024-05-04 00:00:00,2024-05-04,,2024-05-30,duration_unconfirmed,,,all_agriculture_not_durian_specific,b400841d-e9d9-4a36-8896-13bdf5dfbd50,2647,https://catalog.disaster.go.th/dataset/7bdbedaf-f9cd-4c42-893a-0c88ad65b2f5/resource/b400841d-e9d9-4a36-8896-13bdf5dfbd50/download/2567__final.xlsx,ภัยแล้ง67-รายการพื้นที่เกิด
86,ชุมพร,2567,local_area_record,ทุ่งตะโก,ปากตะโก,4,2024-05-04 00:00:00,2024-05-04,,2024-05-30,duration_unconfirmed,,,all_agriculture_not_durian_specific,b400841d-e9d9-4a36-8896-13bdf5dfbd50,2648,https://catalog.disaster.go.th/dataset/7bdbedaf-f9cd-4c42-893a-0c88ad65b2f5/resource/b400841d-e9d9-4a36-8896-13bdf5dfbd50/download/2567__final.xlsx,ภัยแล้ง67-รายการพื้นที่เกิด
86,ชุมพร,2567,local_area_record,ทุ่งตะโก,ปากตะโก,5,2024-05-04 00:00:00,2024-05-04,,2024-05-30,duration_unconfirmed,,,all_agriculture_not_durian_specific,b400841d-e9d9-4a36-8896-13bdf5dfbd50,2649,https://catalog.disaster.go.th/dataset/7bdbedaf-f9cd-4c42-893a-0c88ad65b2f5/resource/b400841d-e9d9-4a36-8896-13bdf5dfbd50/download/2567__final.xlsx,ภัยแล้ง67-รายการพื้นที่เกิด
86,ชุมพร,2567,local_area_record,ทุ่งตะโก,ทุ่งตะไคร,1,2024-05-04 00:00:00,2024-05-04,,2024-05-30,duration_unconfirmed,,,all_agriculture_not_durian_specific,b400841d-e9d9-4a36-8896-13bdf5dfbd50,2650,https://catalog.disaster.go.th/dataset/7bdbedaf-f9cd-4c42-893a-0c88ad65b2f5/resource/b400841d-e9d9-4a36-8896-13bdf5dfbd50/download/2567__final.xlsx,ภัยแล้ง67-รายการพื้นที่เกิด
86,ชุมพร,2567,local_area_record,ทุ่งตะโก,ทุ่งตะไคร,2,2024-05-04 00:00:00,2024-05-04,,2024-05-30,duration_unconfirmed,,,all_agriculture_not_durian_specific,b400841d-e9d9-4a36-8896-13bdf5dfbd50,2651,https://catalog.disaster.go.th/dataset/7bdbedaf-f9cd-4c42-893a-0c88ad65b2f5/resource/b400841d-e9d9-4a36-8896-13bdf5dfbd50/download/2567__final.xlsx,ภัยแล้ง67-รายการพื้นที่เกิด
86,ชุมพร,2567,local_area_record,ทุ่งตะโก,ทุ่งตะไคร,3,2024-05-04 00:00:00,2024-05-04,,2024-05-30,duration_unconfirmed,,,all_agriculture_not_durian_specific,b400841d-e9d9-4a36-8896-13bdf5dfbd50,2652,https://catalog.disaster.go.th/dataset/7bdbedaf-f9cd-4c42-893a-0c88ad65b2f5/resource/b400841d-e9d9-4a36-8896-13bdf5dfbd50/download/2567__final.xlsx,ภัยแล้ง67-รายการพื้นที่เกิด
86,ชุมพร,2567,local_area_record,ทุ่งตะโก,ทุ่งตะไคร,4,2024-05-04 00:00:00,2024-05-04,,2024-05-30,duration_unconfirmed,,,all_agriculture_not_durian_specific,b400841d-e9d9-4a36-8896-13bdf5dfbd50,2653,https://catalog.disaster.go.th/dataset/7bdbedaf-f9cd-4c42-893a-0c88ad65b2f5/resource/b400841d-e9d9-4a36-8896-13bdf5dfbd50/download/2567__final.xlsx,ภัยแล้ง67-รายการพื้นที่เกิด
86,ชุมพร,2567,local_area_record,ทุ่งตะโก,ทุ่งตะไคร,5,2024-05-04 00:00:00,2024-05-04,,2024-05-30,duration_unconfirmed,,,all_agriculture_not_durian_specific,b400841d-e9d9-4a36-8896-13bdf5dfbd50,2654,https://catalog.disaster.go.th/dataset/7bdbedaf-f9cd-4c42-893a-0c88ad65b2f5/resource/b400841d-e9d9-4a36-8896-13bdf5dfbd50/download/2567__final.xlsx,ภัยแล้ง67-รายการพื้นที่เกิด
86,ชุมพร,2567,local_area_record,ทุ่งตะโก,ทุ่งตะไคร,6,2024-05-04 00:00:00,2024-05-04,,2024-05-30,duration_unconfirmed,,,all_agriculture_not_durian_specific,b400841d-e9d9-4a36-8896-13bdf5dfbd50,2655,https://catalog.disaster.go.th/dataset/7bdbedaf-f9cd-4c42-893a-0c88ad65b2f5/resource/b400841d-e9d9-4a36-8896-13bdf5dfbd50/download/2567__final.xlsx,ภัยแล้ง67-รายการพื้นที่เกิด
86,ชุมพร,2567,local_area_record,ทุ่งตะโก,ทุ่งตะไคร,7,2024-05-04 00:00:00,2024-05-04,,2024-05-30,duration_unconfirmed,,,all_agriculture_not_durian_specific,b400841d-e9d9-4a36-8896-13bdf5dfbd50,2656,https://catalog.disaster.go.th/dataset/7bdbedaf-f9cd-4c42-893a-0c88ad65b2f5/resource/b400841d-e9d9-4a36-8896-13bdf5dfbd50/download/2567__final.xlsx,ภัยแล้ง67-รายการพื้นที่เกิด
86,ชุมพร,2567,local_area_record,ทุ่งตะโก,ทุ่งตะไคร,8,2024-05-04 00:00:00,2024-05-04,,2024-05-30,duration_unconfirmed,,,all_agriculture_not_durian_specific,b400841d-e9d9-4a36-8896-13bdf5dfbd50,2657,https://catalog.disaster.go.th/dataset/7bdbedaf-f9cd-4c42-893a-0c88ad65b2f5/resource/b400841d-e9d9-4a36-8896-13bdf5dfbd50/download/2567__final.xlsx,ภัยแล้ง67-รายการพื้นที่เกิด
86,ชุมพร,2567,local_area_record,ทุ่งตะโก,ตะโก,1,2024-05-04 00:00:00,2024-05-04,,2024-05-30,duration_unconfirmed,,,all_agriculture_not_durian_specific,b400841d-e9d9-4a36-8896-13bdf5dfbd50,2658,https://catalog.disaster.go.th/dataset/7bdbedaf-f9cd-4c42-893a-0c88ad65b2f5/resource/b400841d-e9d9-4a36-8896-13bdf5dfbd50/download/2567__final.xlsx,ภัยแล้ง67-รายการพื้นที่เกิด
86,ชุมพร,2567,local_area_record,ทุ่งตะโก,ตะโก,10,2024-05-04 00:00:00,2024-05-04,,2024-05-30,duration_unconfirmed,,,all_agriculture_not_durian_specific,b400841d-e9d9-4a36-8896-13bdf5dfbd50,2659,https://catalog.disaster.go.th/dataset/7bdbedaf-f9cd-4c42-893a-0c88ad65b2f5/resource/b400841d-e9d9-4a36-8896-13bdf5dfbd50/download/2567__final.xlsx,ภัยแล้ง67-รายการพื้นที่เกิด
86,ชุมพร,2567,local_area_record,ทุ่งตะโก,ตะโก,11,2024-05-04 00:00:00,2024-05-04,,2024-05-30,duration_unconfirmed,,,all_agriculture_not_durian_specific,b400841d-e9d9-4a36-8896-13bdf5dfbd50,2660,https://catalog.disaster.go.th/dataset/7bdbedaf-f9cd-4c42-893a-0c88ad65b2f5/resource/b400841d-e9d9-4a36-8896-13bdf5dfbd50/download/2567__final.xlsx,ภัยแล้ง67-รายการพื้นที่เกิด
86,ชุมพร,2567,local_area_record,ทุ่งตะโก,ตะโก,12,2024-05-04 00:00:00,2024-05-04,,2024-05-30,duration_unconfirmed,,,all_agriculture_not_durian_specific,b400841d-e9d9-4a36-8896-13bdf5dfbd50,2661,https://catalog.disaster.go.th/dataset/7bdbedaf-f9cd-4c42-893a-0c88ad65b2f5/resource/b400841d-e9d9-4a36-8896-13bdf5dfbd50/download/2567__final.xlsx,ภัยแล้ง67-รายการพื้นที่เกิด
86,ชุมพร,2567,local_area_record,ทุ่งตะโก,ตะโก,13,2024-05-04 00:00:00,2024-05-04,,2024-05-30,duration_unconfirmed,,,all_agriculture_not_durian_specific,b400841d-e9d9-4a36-8896-13bdf5dfbd50,2662,https://catalog.disaster.go.th/dataset/7bdbedaf-f9cd-4c42-893a-0c88ad65b2f5/resource/b400841d-e9d9-4a36-8896-13bdf5dfbd50/download/2567__final.xlsx,ภัยแล้ง67-รายการพื้นที่เกิด
86,ชุมพร,2567,local_area_record,ทุ่งตะโก,ตะโก,14,2024-05-04 00:00:00,2024-05-04,,2024-05-30,duration_unconfirmed,,,all_agriculture_not_durian_specific,b400841d-e9d9-4a36-8896-13bdf5dfbd50,2663,https://catalog.disaster.go.th/dataset/7bdbedaf-f9cd-4c42-893a-0c88ad65b2f5/resource/b400841d-e9d9-4a36-8896-13bdf5dfbd50/download/2567__final.xlsx,ภัยแล้ง67-รายการพื้นที่เกิด
86,ชุมพร,2567,local_area_record,ทุ่งตะโก,ตะโก,2,2024-05-04 00:00:00,2024-05-04,,2024-05-30,duration_unconfirmed,,,all_agriculture_not_durian_specific,b400841d-e9d9-4a36-8896-13bdf5dfbd50,2664,https://catalog.disaster.go.th/dataset/7bdbedaf-f9cd-4c42-893a-0c88ad65b2f5/resource/b400841d-e9d9-4a36-8896-13bdf5dfbd50/download/2567__final.xlsx,ภัยแล้ง67-รายการพื้นที่เกิด
86,ชุมพร,2567,local_area_record,ทุ่งตะโก,ตะโก,3,2024-05-04 00:00:00,2024-05-04,,2024-05-30,duration_unconfirmed,,,all_agriculture_not_durian_specific,b400841d-e9d9-4a36-8896-13bdf5dfbd50,2665,https://catalog.disaster.go.th/dataset/7bdbedaf-f9cd-4c42-893a-0c88ad65b2f5/resource/b400841d-e9d9-4a36-8896-13bdf5dfbd50/download/2567__final.xlsx,ภัยแล้ง67-รายการพื้นที่เกิด
86,ชุมพร,2567,local_area_record,ทุ่งตะโก,ตะโก,4,2024-05-04 00:00:00,2024-05-04,,2024-05-30,duration_unconfirmed,,,all_agriculture_not_durian_specific,b400841d-e9d9-4a36-8896-13bdf5dfbd50,2666,https://catalog.disaster.go.th/dataset/7bdbedaf-f9cd-4c42-893a-0c88ad65b2f5/resource/b400841d-e9d9-4a36-8896-13bdf5dfbd50/download/2567__final.xlsx,ภัยแล้ง67-รายการพื้นที่เกิด
86,ชุมพร,2567,local_area_record,ทุ่งตะโก,ตะโก,5,2024-05-04 00:00:00,2024-05-04,,2024-05-30,duration_unconfirmed,,,all_agriculture_not_durian_specific,b400841d-e9d9-4a36-8896-13bdf5dfbd50,2667,https://catalog.disaster.go.th/dataset/7bdbedaf-f9cd-4c42-893a-0c88ad65b2f5/resource/b400841d-e9d9-4a36-8896-13bdf5dfbd50/download/2567__final.xlsx,ภัยแล้ง67-รายการพื้นที่เกิด
86,ชุมพร,2567,local_area_record,ทุ่งตะโก,ตะโก,6,2024-05-04 00:00:00,2024-05-04,,2024-05-30,duration_unconfirmed,,,all_agriculture_not_durian_specific,b400841d-e9d9-4a36-8896-13bdf5dfbd50,2668,https://catalog.disaster.go.th/dataset/7bdbedaf-f9cd-4c42-893a-0c88ad65b2f5/resource/b400841d-e9d9-4a36-8896-13bdf5dfbd50/download/2567__final.xlsx,ภัยแล้ง67-รายการพื้นที่เกิด
86,ชุมพร,2567,local_area_record,ทุ่งตะโก,ตะโก,7,2024-05-04 00:00:00,2024-05-04,,2024-05-30,duration_unconfirmed,,,all_agriculture_not_durian_specific,b400841d-e9d9-4a36-8896-13bdf5dfbd50,2669,https://catalog.disaster.go.th/dataset/7bdbedaf-f9cd-4c42-893a-0c88ad65b2f5/resource/b400841d-e9d9-4a36-8896-13bdf5dfbd50/download/2567__final.xlsx,ภัยแล้ง67-รายการพื้นที่เกิด
86,ชุมพร,2567,local_area_record,ทุ่งตะโก,ตะโก,8,2024-05-04 00:00:00,2024-05-04,,2024-05-30,duration_unconfirmed,,,all_agriculture_not_durian_specific,b400841d-e9d9-4a36-8896-13bdf5dfbd50,2670,https://catalog.disaster.go.th/dataset/7bdbedaf-f9cd-4c42-893a-0c88ad65b2f5/resource/b400841d-e9d9-4a36-8896-13bdf5dfbd50/download/2567__final.xlsx,ภัยแล้ง67-รายการพื้นที่เกิด
86,ชุมพร,2567,local_area_record,ทุ่งตะโก,ตะโก,9,2024-05-04 00:00:00,2024-05-04,,2024-05-30,duration_unconfirmed,,,all_agriculture_not_durian_specific,b400841d-e9d9-4a36-8896-13bdf5dfbd50,2671,https://catalog.disaster.go.th/dataset/7bdbedaf-f9cd-4c42-893a-0c88ad65b2f5/resource/b400841d-e9d9-4a36-8896-13bdf5dfbd50/download/2567__final.xlsx,ภัยแล้ง67-รายการพื้นที่เกิด
86,ชุมพร,2567,local_area_record,ทุ่งตะโก,ช่องไม้แก้ว,1,2024-05-04 00:00:00,2024-05-04,,2024-05-30,duration_unconfirmed,,,all_agriculture_not_durian_specific,b400841d-e9d9-4a36-8896-13bdf5dfbd50,2672,https://catalog.disaster.go.th/dataset/7bdbedaf-f9cd-4c42-893a-0c88ad65b2f5/resource/b400841d-e9d9-4a36-8896-13bdf5dfbd50/download/2567__final.xlsx,ภัยแล้ง67-รายการพื้นที่เกิด
86,ชุมพร,2567,local_area_record,ทุ่งตะโก,ช่องไม้แก้ว,2,2024-05-04 00:00:00,2024-05-04,,2024-05-30,duration_unconfirmed,,,all_agriculture_not_durian_specific,b400841d-e9d9-4a36-8896-13bdf5dfbd50,2673,https://catalog.disaster.go.th/dataset/7bdbedaf-f9cd-4c42-893a-0c88ad65b2f5/resource/b400841d-e9d9-4a36-8896-13bdf5dfbd50/download/2567__final.xlsx,ภัยแล้ง67-รายการพื้นที่เกิด
86,ชุมพร,2567,local_area_record,ทุ่งตะโก,ช่องไม้แก้ว,3,2024-05-04 00:00:00,2024-05-04,,2024-05-30,duration_unconfirmed,,,all_agriculture_not_durian_specific,b400841d-e9d9-4a36-8896-13bdf5dfbd50,2674,https://catalog.disaster.go.th/dataset/7bdbedaf-f9cd-4c42-893a-0c88ad65b2f5/resource/b400841d-e9d9-4a36-8896-13bdf5dfbd50/download/2567__final.xlsx,ภัยแล้ง67-รายการพื้นที่เกิด
86,ชุมพร,2567,local_area_record,ทุ่งตะโก,ช่องไม้แก้ว,4,2024-05-04 00:00:00,2024-05-04,,2024-05-30,duration_unconfirmed,,,all_agriculture_not_durian_specific,b400841d-e9d9-4a36-8896-13bdf5dfbd50,2675,https://catalog.disaster.go.th/dataset/7bdbedaf-f9cd-4c42-893a-0c88ad65b2f5/resource/b400841d-e9d9-4a36-8896-13bdf5dfbd50/download/2567__final.xlsx,ภัยแล้ง67-รายการพื้นที่เกิด
86,ชุมพร,2567,local_area_record,ทุ่งตะโก,ช่องไม้แก้ว,5,2024-05-04 00:00:00,2024-05-04,,2024-05-30,duration_unconfirmed,,,all_agriculture_not_durian_specific,b400841d-e9d9-4a36-8896-13bdf5dfbd50,2676,https://catalog.disaster.go.th/dataset/7bdbedaf-f9cd-4c42-893a-0c88ad65b2f5/resource/b400841d-e9d9-4a36-8896-13bdf5dfbd50/download/2567__final.xlsx,ภัยแล้ง67-รายการพื้นที่เกิด
86,ชุมพร,2567,local_area_record,ทุ่งตะโก,ช่องไม้แก้ว,6,2024-05-04 00:00:00,2024-05-04,,2024-05-30,duration_unconfirmed,,,all_agriculture_not_durian_specific,b400841d-e9d9-4a36-8896-13bdf5dfbd50,2677,https://catalog.disaster.go.th/dataset/7bdbedaf-f9cd-4c42-893a-0c88ad65b2f5/resource/b400841d-e9d9-4a36-8896-13bdf5dfbd50/download/2567__final.xlsx,ภัยแล้ง67-รายการพื้นที่เกิด
86,ชุมพร,2567,local_area_record,ทุ่งตะโก,ช่องไม้แก้ว,7,2024-05-04 00:00:00,2024-05-04,,2024-05-30,duration_unconfirmed,,,all_agriculture_not_durian_specific,b400841d-e9d9-4a36-8896-13bdf5dfbd50,2678,https://catalog.disaster.go.th/dataset/7bdbedaf-f9cd-4c42-893a-0c88ad65b2f5/resource/b400841d-e9d9-4a36-8896-13bdf5dfbd50/download/2567__final.xlsx,ภัยแล้ง67-รายการพื้นที่เกิด
86,ชุมพร,2567,local_area_record,ทุ่งตะโก,ช่องไม้แก้ว,8,2024-05-04 00:00:00,2024-05-04,,2024-05-30,duration_unconfirmed,,,all_agriculture_not_durian_specific,b400841d-e9d9-4a36-8896-13bdf5dfbd50,2679,https://catalog.disaster.go.th/dataset/7bdbedaf-f9cd-4c42-893a-0c88ad65b2f5/resource/b400841d-e9d9-4a36-8896-13bdf5dfbd50/download/2567__final.xlsx,ภัยแล้ง67-รายการพื้นที่เกิด
86,ชุมพร,2567,local_area_record,ท่าแซะ,สลุย,1,2024-05-05 00:00:00,2024-05-05,,2024-07-03,duration_unconfirmed,,1280,all_agriculture_not_durian_specific,b400841d-e9d9-4a36-8896-13bdf5dfbd50,2680,https://catalog.disaster.go.th/dataset/7bdbedaf-f9cd-4c42-893a-0c88ad65b2f5/resource/b400841d-e9d9-4a36-8896-13bdf5dfbd50/download/2567__final.xlsx,ภัยแล้ง67-รายการพื้นที่เกิด
86,ชุมพร,2567,local_area_record,ท่าแซะ,สลุย,2,2024-05-05 00:00:00,2024-05-05,,2024-07-03,duration_unconfirmed,,,all_agriculture_not_durian_specific,b400841d-e9d9-4a36-8896-13bdf5dfbd50,2681,https://catalog.disaster.go.th/dataset/7bdbedaf-f9cd-4c42-893a-0c88ad65b2f5/resource/b400841d-e9d9-4a36-8896-13bdf5dfbd50/download/2567__final.xlsx,ภัยแล้ง67-รายการพื้นที่เกิด
86,ชุมพร,2567,local_area_record,ท่าแซะ,สลุย,3,2024-05-05 00:00:00,2024-05-05,,2024-07-03,duration_unconfirmed,,,all_agriculture_not_durian_specific,b400841d-e9d9-4a36-8896-13bdf5dfbd50,2682,https://catalog.disaster.go.th/dataset/7bdbedaf-f9cd-4c42-893a-0c88ad65b2f5/resource/b400841d-e9d9-4a36-8896-13bdf5dfbd50/download/2567__final.xlsx,ภัยแล้ง67-รายการพื้นที่เกิด
86,ชุมพร,2567,local_area_record,ท่าแซะ,สลุย,4,2024-05-05 00:00:00,2024-05-05,,2024-07-03,duration_unconfirmed,,,all_agriculture_not_durian_specific,b400841d-e9d9-4a36-8896-13bdf5dfbd50,2683,https://catalog.disaster.go.th/dataset/7bdbedaf-f9cd-4c42-893a-0c88ad65b2f5/resource/b400841d-e9d9-4a36-8896-13bdf5dfbd50/download/2567__final.xlsx,ภัยแล้ง67-รายการพื้นที่เกิด
86,ชุมพร,2567,local_area_record,ท่าแซะ,สลุย,5,2024-05-05 00:00:00,2024-05-05,,2024-07-03,duration_unconfirmed,,,all_agriculture_not_durian_specific,b400841d-e9d9-4a36-8896-13bdf5dfbd50,2684,https://catalog.disaster.go.th/dataset/7bdbedaf-f9cd-4c42-893a-0c88ad65b2f5/resource/b400841d-e9d9-4a36-8896-13bdf5dfbd50/download/2567__final.xlsx,ภัยแล้ง67-รายการพื้นที่เกิด
86,ชุมพร,2567,local_area_record,ท่าแซะ,สลุย,6,2024-05-05 00:00:00,2024-05-05,,2024-07-03,duration_unconfirmed,,,all_agriculture_not_durian_specific,b400841d-e9d9-4a36-8896-13bdf5dfbd50,2685,https://catalog.disaster.go.th/dataset/7bdbedaf-f9cd-4c42-893a-0c88ad65b2f5/resource/b400841d-e9d9-4a36-8896-13bdf5dfbd50/download/2567__final.xlsx,ภัยแล้ง67-รายการพื้นที่เกิด
86,ชุมพร,2567,local_area_record,ท่าแซะ,สลุย,7,2024-05-05 00:00:00,2024-05-05,,2024-07-03,duration_unconfirmed,,,all_agriculture_not_durian_specific,b400841d-e9d9-4a36-8896-13bdf5dfbd50,2686,https://catalog.disaster.go.th/dataset/7bdbedaf-f9cd-4c42-893a-0c88ad65b2f5/resource/b400841d-e9d9-4a36-8896-13bdf5dfbd50/download/2567__final.xlsx,ภัยแล้ง67-รายการพื้นที่เกิด
86,ชุมพร,2567,local_area_record,ท่าแซะ,สลุย,8,2024-05-05 00:00:00,2024-05-05,,2024-07-03,duration_unconfirmed,,,all_agriculture_not_durian_specific,b400841d-e9d9-4a36-8896-13bdf5dfbd50,2687,https://catalog.disaster.go.th/dataset/7bdbedaf-f9cd-4c42-893a-0c88ad65b2f5/resource/b400841d-e9d9-4a36-8896-13bdf5dfbd50/download/2567__final.xlsx,ภัยแล้ง67-รายการพื้นที่เกิด
86,ชุมพร,2567,local_area_record,ท่าแซะ,รับร่อ,1,2024-05-05 00:00:00,2024-05-05,,2024-07-03,duration_unconfirmed,,,all_agriculture_not_durian_specific,b400841d-e9d9-4a36-8896-13bdf5dfbd50,2688,https://catalog.disaster.go.th/dataset/7bdbedaf-f9cd-4c42-893a-0c88ad65b2f5/resource/b400841d-e9d9-4a36-8896-13bdf5dfbd50/download/2567__final.xlsx,ภัยแล้ง67-รายการพื้นที่เกิด
86,ชุมพร,2567,local_area_record,ท่าแซะ,รับร่อ,2,2024-05-05 00:00:00,2024-05-05,,2024-07-03,duration_unconfirmed,,,all_agriculture_not_durian_specific,b400841d-e9d9-4a36-8896-13bdf5dfbd50,2689,https://catalog.disaster.go.th/dataset/7bdbedaf-f9cd-4c42-893a-0c88ad65b2f5/resource/b400841d-e9d9-4a36-8896-13bdf5dfbd50/download/2567__final.xlsx,ภัยแล้ง67-รายการพื้นที่เกิด
86,ชุมพร,2567,local_area_record,ท่าแซะ,รับร่อ,3,2024-05-05 00:00:00,2024-05-05,,2024-07-03,duration_unconfirmed,,,all_agriculture_not_durian_specific,b400841d-e9d9-4a36-8896-13bdf5dfbd50,2690,https://catalog.disaster.go.th/dataset/7bdbedaf-f9cd-4c42-893a-0c88ad65b2f5/resource/b400841d-e9d9-4a36-8896-13bdf5dfbd50/download/2567__final.xlsx,ภัยแล้ง67-รายการพื้นที่เกิด
86,ชุมพร,2567,local_area_record,ท่าแซะ,รับร่อ,4,2024-05-05 00:00:00,2024-05-05,,2024-07-03,duration_unconfirmed,,,all_agriculture_not_durian_specific,b400841d-e9d9-4a36-8896-13bdf5dfbd50,2691,https://catalog.disaster.go.th/dataset/7bdbedaf-f9cd-4c42-893a-0c88ad65b2f5/resource/b400841d-e9d9-4a36-8896-13bdf5dfbd50/download/2567__final.xlsx,ภัยแล้ง67-รายการพื้นที่เกิด
86,ชุมพร,2567,local_area_record,ท่าแซะ,รับร่อ,5,2024-05-05 00:00:00,2024-05-05,,2024-07-03,duration_unconfirmed,,,all_agriculture_not_durian_specific,b400841d-e9d9-4a36-8896-13bdf5dfbd50,2692,https://catalog.disaster.go.th/dataset/7bdbedaf-f9cd-4c42-893a-0c88ad65b2f5/resource/b400841d-e9d9-4a36-8896-13bdf5dfbd50/download/2567__final.xlsx,ภัยแล้ง67-รายการพื้นที่เกิด
86,ชุมพร,2567,local_area_record,ท่าแซะ,รับร่อ,6,2024-05-05 00:00:00,2024-05-05,,2024-07-03,duration_unconfirmed,,,all_agriculture_not_durian_specific,b400841d-e9d9-4a36-8896-13bdf5dfbd50,2693,https://catalog.disaster.go.th/dataset/7bdbedaf-f9cd-4c42-893a-0c88ad65b2f5/resource/b400841d-e9d9-4a36-8896-13bdf5dfbd50/download/2567__final.xlsx,ภัยแล้ง67-รายการพื้นที่เกิด
86,ชุมพร,2567,local_area_record,ท่าแซะ,รับร่อ,7,2024-05-05 00:00:00,2024-05-05,,2024-07-03,duration_unconfirmed,,,all_agriculture_not_durian_specific,b400841d-e9d9-4a36-8896-13bdf5dfbd50,2694,https://catalog.disaster.go.th/dataset/7bdbedaf-f9cd-4c42-893a-0c88ad65b2f5/resource/b400841d-e9d9-4a36-8896-13bdf5dfbd50/download/2567__final.xlsx,ภัยแล้ง67-รายการพื้นที่เกิด
86,ชุมพร,2567,local_area_record,ท่าแซะ,รับร่อ,8,2024-05-05 00:00:00,2024-05-05,,2024-07-03,duration_unconfirmed,,,all_agriculture_not_durian_specific,b400841d-e9d9-4a36-8896-13bdf5dfbd50,2695,https://catalog.disaster.go.th/dataset/7bdbedaf-f9cd-4c42-893a-0c88ad65b2f5/resource/b400841d-e9d9-4a36-8896-13bdf5dfbd50/download/2567__final.xlsx,ภัยแล้ง67-รายการพื้นที่เกิด
86,ชุมพร,2567,local_area_record,ท่าแซะ,รับร่อ,9,2024-05-05 00:00:00,2024-05-05,,2024-07-03,duration_unconfirmed,,,all_agriculture_not_durian_specific,b400841d-e9d9-4a36-8896-13bdf5dfbd50,2696,https://catalog.disaster.go.th/dataset/7bdbedaf-f9cd-4c42-893a-0c88ad65b2f5/resource/b400841d-e9d9-4a36-8896-13bdf5dfbd50/download/2567__final.xlsx,ภัยแล้ง67-รายการพื้นที่เกิด
86,ชุมพร,2567,local_area_record,ท่าแซะ,ท่าข้าม,1,2024-05-05 00:00:00,2024-05-05,,2024-07-03,duration_unconfirmed,,1000,all_agriculture_not_durian_specific,b400841d-e9d9-4a36-8896-13bdf5dfbd50,2697,https://catalog.disaster.go.th/dataset/7bdbedaf-f9cd-4c42-893a-0c88ad65b2f5/resource/b400841d-e9d9-4a36-8896-13bdf5dfbd50/download/2567__final.xlsx,ภัยแล้ง67-รายการพื้นที่เกิด
86,ชุมพร,2567,local_area_record,ท่าแซะ,ท่าข้าม,10,2024-05-05 00:00:00,2024-05-05,,2024-07-03,duration_unconfirmed,,,all_agriculture_not_durian_specific,b400841d-e9d9-4a36-8896-13bdf5dfbd50,2698,https://catalog.disaster.go.th/dataset/7bdbedaf-f9cd-4c42-893a-0c88ad65b2f5/resource/b400841d-e9d9-4a36-8896-13bdf5dfbd50/download/2567__final.xlsx,ภัยแล้ง67-รายการพื้นที่เกิด
86,ชุมพร,2567,local_area_record,ท่าแซะ,ท่าข้าม,11,2024-05-05 00:00:00,2024-05-05,,2024-07-03,duration_unconfirmed,,,all_agriculture_not_durian_specific,b400841d-e9d9-4a36-8896-13bdf5dfbd50,2699,https://catalog.disaster.go.th/dataset/7bdbedaf-f9cd-4c42-893a-0c88ad65b2f5/resource/b400841d-e9d9-4a36-8896-13bdf5dfbd50/download/2567__final.xlsx,ภัยแล้ง67-รายการพื้นที่เกิด
86,ชุมพร,2567,local_area_record,ท่าแซะ,ท่าข้าม,12,2024-05-05 00:00:00,2024-05-05,,2024-07-03,duration_unconfirmed,,,all_agriculture_not_durian_specific,b400841d-e9d9-4a36-8896-13bdf5dfbd50,2700,https://catalog.disaster.go.th/dataset/7bdbedaf-f9cd-4c42-893a-0c88ad65b2f5/resource/b400841d-e9d9-4a36-8896-13bdf5dfbd50/download/2567__final.xlsx,ภัยแล้ง67-รายการพื้นที่เกิด
86,ชุมพร,2567,local_area_record,ท่าแซะ,ท่าข้าม,13,2024-05-05 00:00:00,2024-05-05,,2024-07-03,duration_unconfirmed,,,all_agriculture_not_durian_specific,b400841d-e9d9-4a36-8896-13bdf5dfbd50,2701,https://catalog.disaster.go.th/dataset/7bdbedaf-f9cd-4c42-893a-0c88ad65b2f5/resource/b400841d-e9d9-4a36-8896-13bdf5dfbd50/download/2567__final.xlsx,ภัยแล้ง67-รายการพื้นที่เกิด
86,ชุมพร,2567,local_area_record,ท่าแซะ,ท่าข้าม,14,2024-05-05 00:00:00,2024-05-05,,2024-07-03,duration_unconfirmed,,,all_agriculture_not_durian_specific,b400841d-e9d9-4a36-8896-13bdf5dfbd50,2702,https://catalog.disaster.go.th/dataset/7bdbedaf-f9cd-4c42-893a-0c88ad65b2f5/resource/b400841d-e9d9-4a36-8896-13bdf5dfbd50/download/2567__final.xlsx,ภัยแล้ง67-รายการพื้นที่เกิด
86,ชุมพร,2567,local_area_record,ท่าแซะ,ท่าข้าม,15,2024-05-05 00:00:00,2024-05-05,,2024-07-03,duration_unconfirmed,,,all_agriculture_not_durian_specific,b400841d-e9d9-4a36-8896-13bdf5dfbd50,2703,https://catalog.disaster.go.th/dataset/7bdbedaf-f9cd-4c42-893a-0c88ad65b2f5/resource/b400841d-e9d9-4a36-8896-13bdf5dfbd50/download/2567__final.xlsx,ภัยแล้ง67-รายการพื้นที่เกิด
86,ชุมพร,2567,local_area_record,ท่าแซะ,ท่าข้าม,2,2024-05-05 00:00:00,2024-05-05,,2024-07-03,duration_unconfirmed,,,all_agriculture_not_durian_specific,b400841d-e9d9-4a36-8896-13bdf5dfbd50,2704,https://catalog.disaster.go.th/dataset/7bdbedaf-f9cd-4c42-893a-0c88ad65b2f5/resource/b400841d-e9d9-4a36-8896-13bdf5dfbd50/download/2567__final.xlsx,ภัยแล้ง67-รายการพื้นที่เกิด
86,ชุมพร,2567,local_area_record,ท่าแซะ,ท่าข้าม,3,2024-05-05 00:00:00,2024-05-05,,2024-07-03,duration_unconfirmed,,,all_agriculture_not_durian_specific,b400841d-e9d9-4a36-8896-13bdf5dfbd50,2705,https://catalog.disaster.go.th/dataset/7bdbedaf-f9cd-4c42-893a-0c88ad65b2f5/resource/b400841d-e9d9-4a36-8896-13bdf5dfbd50/download/2567__final.xlsx,ภัยแล้ง67-รายการพื้นที่เกิด
86,ชุมพร,2567,local_area_record,ท่าแซะ,ท่าข้าม,4,2024-05-05 00:00:00,2024-05-05,,2024-07-03,duration_unconfirmed,,,all_agriculture_not_durian_specific,b400841d-e9d9-4a36-8896-13bdf5dfbd50,2706,https://catalog.disaster.go.th/dataset/7bdbedaf-f9cd-4c42-893a-0c88ad65b2f5/resource/b400841d-e9d9-4a36-8896-13bdf5dfbd50/download/2567__final.xlsx,ภัยแล้ง67-รายการพื้นที่เกิด
86,ชุมพร,2567,local_area_record,ท่าแซะ,ท่าข้าม,5,2024-05-05 00:00:00,2024-05-05,,2024-07-03,duration_unconfirmed,,,all_agriculture_not_durian_specific,b400841d-e9d9-4a36-8896-13bdf5dfbd50,2707,https://catalog.disaster.go.th/dataset/7bdbedaf-f9cd-4c42-893a-0c88ad65b2f5/resource/b400841d-e9d9-4a36-8896-13bdf5dfbd50/download/2567__final.xlsx,ภัยแล้ง67-รายการพื้นที่เกิด
86,ชุมพร,2567,local_area_record,ท่าแซะ,ท่าข้าม,6,2024-05-05 00:00:00,2024-05-05,,2024-07-03,duration_unconfirmed,,,all_agriculture_not_durian_specific,b400841d-e9d9-4a36-8896-13bdf5dfbd50,2708,https://catalog.disaster.go.th/dataset/7bdbedaf-f9cd-4c42-893a-0c88ad65b2f5/resource/b400841d-e9d9-4a36-8896-13bdf5dfbd50/download/2567__final.xlsx,ภัยแล้ง67-รายการพื้นที่เกิด
86,ชุมพร,2567,local_area_record,ท่าแซะ,ท่าข้าม,7,2024-05-05 00:00:00,2024-05-05,,2024-07-03,duration_unconfirmed,,,all_agriculture_not_durian_specific,b400841d-e9d9-4a36-8896-13bdf5dfbd50,2709,https://catalog.disaster.go.th/dataset/7bdbedaf-f9cd-4c42-893a-0c88ad65b2f5/resource/b400841d-e9d9-4a36-8896-13bdf5dfbd50/download/2567__final.xlsx,ภัยแล้ง67-รายการพื้นที่เกิด
86,ชุมพร,2567,local_area_record,ท่าแซะ,ท่าข้าม,8,2024-05-05 00:00:00,2024-05-05,,2024-07-03,duration_unconfirmed,,,all_agriculture_not_durian_specific,b400841d-e9d9-4a36-8896-13bdf5dfbd50,2710,https://catalog.disaster.go.th/dataset/7bdbedaf-f9cd-4c42-893a-0c88ad65b2f5/resource/b400841d-e9d9-4a36-8896-13bdf5dfbd50/download/2567__final.xlsx,ภัยแล้ง67-รายการพื้นที่เกิด
86,ชุมพร,2567,local_area_record,ท่าแซะ,ท่าข้าม,9,2024-05-05 00:00:00,2024-05-05,,2024-07-03,duration_unconfirmed,,,all_agriculture_not_durian_specific,b400841d-e9d9-4a36-8896-13bdf5dfbd50,2711,https://catalog.disaster.go.th/dataset/7bdbedaf-f9cd-4c42-893a-0c88ad65b2f5/resource/b400841d-e9d9-4a36-8896-13bdf5dfbd50/download/2567__final.xlsx,ภัยแล้ง67-รายการพื้นที่เกิด
86,ชุมพร,2567,local_area_record,ท่าแซะ,หงษ์เจริญ,1,2024-05-05 00:00:00,2024-05-05,,2024-07-03,duration_unconfirmed,,120,all_agriculture_not_durian_specific,b400841d-e9d9-4a36-8896-13bdf5dfbd50,2712,https://catalog.disaster.go.th/dataset/7bdbedaf-f9cd-4c42-893a-0c88ad65b2f5/resource/b400841d-e9d9-4a36-8896-13bdf5dfbd50/download/2567__final.xlsx,ภัยแล้ง67-รายการพื้นที่เกิด
86,ชุมพร,2567,local_area_record,ท่าแซะ,หงษ์เจริญ,10,2024-05-05 00:00:00,2024-05-05,,2024-07-03,duration_unconfirmed,,,all_agriculture_not_durian_specific,b400841d-e9d9-4a36-8896-13bdf5dfbd50,2713,https://catalog.disaster.go.th/dataset/7bdbedaf-f9cd-4c42-893a-0c88ad65b2f5/resource/b400841d-e9d9-4a36-8896-13bdf5dfbd50/download/2567__final.xlsx,ภัยแล้ง67-รายการพื้นที่เกิด
86,ชุมพร,2567,local_area_record,ท่าแซะ,หงษ์เจริญ,11,2024-05-05 00:00:00,2024-05-05,,2024-07-03,duration_unconfirmed,,,all_agriculture_not_durian_specific,b400841d-e9d9-4a36-8896-13bdf5dfbd50,2714,https://catalog.disaster.go.th/dataset/7bdbedaf-f9cd-4c42-893a-0c88ad65b2f5/resource/b400841d-e9d9-4a36-8896-13bdf5dfbd50/download/2567__final.xlsx,ภัยแล้ง67-รายการพื้นที่เกิด
86,ชุมพร,2567,local_area_record,ท่าแซะ,หงษ์เจริญ,12,2024-05-05 00:00:00,2024-05-05,,2024-07-03,duration_unconfirmed,,,all_agriculture_not_durian_specific,b400841d-e9d9-4a36-8896-13bdf5dfbd50,2715,https://catalog.disaster.go.th/dataset/7bdbedaf-f9cd-4c42-893a-0c88ad65b2f5/resource/b400841d-e9d9-4a36-8896-13bdf5dfbd50/download/2567__final.xlsx,ภัยแล้ง67-รายการพื้นที่เกิด
86,ชุมพร,2567,local_area_record,ท่าแซะ,หงษ์เจริญ,13,2024-05-05 00:00:00,2024-05-05,,2024-07-03,duration_unconfirmed,,,all_agriculture_not_durian_specific,b400841d-e9d9-4a36-8896-13bdf5dfbd50,2716,https://catalog.disaster.go.th/dataset/7bdbedaf-f9cd-4c42-893a-0c88ad65b2f5/resource/b400841d-e9d9-4a36-8896-13bdf5dfbd50/download/2567__final.xlsx,ภัยแล้ง67-รายการพื้นที่เกิด
86,ชุมพร,2567,local_area_record,ท่าแซะ,หงษ์เจริญ,14,2024-05-05 00:00:00,2024-05-05,,2024-07-03,duration_unconfirmed,,,all_agriculture_not_durian_specific,b400841d-e9d9-4a36-8896-13bdf5dfbd50,2717,https://catalog.disaster.go.th/dataset/7bdbedaf-f9cd-4c42-893a-0c88ad65b2f5/resource/b400841d-e9d9-4a36-8896-13bdf5dfbd50/download/2567__final.xlsx,ภัยแล้ง67-รายการพื้นที่เกิด
86,ชุมพร,2567,local_area_record,ท่าแซะ,หงษ์เจริญ,2,2024-05-05 00:00:00,2024-05-05,,2024-07-03,duration_unconfirmed,,,all_agriculture_not_durian_specific,b400841d-e9d9-4a36-8896-13bdf5dfbd50,2718,https://catalog.disaster.go.th/dataset/7bdbedaf-f9cd-4c42-893a-0c88ad65b2f5/resource/b400841d-e9d9-4a36-8896-13bdf5dfbd50/download/2567__final.xlsx,ภัยแล้ง67-รายการพื้นที่เกิด
86,ชุมพร,2567,local_area_record,ท่าแซะ,หงษ์เจริญ,3,2024-05-05 00:00:00,2024-05-05,,2024-07-03,duration_unconfirmed,,,all_agriculture_not_durian_specific,b400841d-e9d9-4a36-8896-13bdf5dfbd50,2719,https://catalog.disaster.go.th/dataset/7bdbedaf-f9cd-4c42-893a-0c88ad65b2f5/resource/b400841d-e9d9-4a36-8896-13bdf5dfbd50/download/2567__final.xlsx,ภัยแล้ง67-รายการพื้นที่เกิด
86,ชุมพร,2567,local_area_record,ท่าแซะ,หงษ์เจริญ,4,2024-05-05 00:00:00,2024-05-05,,2024-07-03,duration_unconfirmed,,,all_agriculture_not_durian_specific,b400841d-e9d9-4a36-8896-13bdf5dfbd50,2720,https://catalog.disaster.go.th/dataset/7bdbedaf-f9cd-4c42-893a-0c88ad65b2f5/resource/b400841d-e9d9-4a36-8896-13bdf5dfbd50/download/2567__final.xlsx,ภัยแล้ง67-รายการพื้นที่เกิด
86,ชุมพร,2567,local_area_record,ท่าแซะ,หงษ์เจริญ,5,2024-05-05 00:00:00,2024-05-05,,2024-07-03,duration_unconfirmed,,,all_agriculture_not_durian_specific,b400841d-e9d9-4a36-8896-13bdf5dfbd50,2721,https://catalog.disaster.go.th/dataset/7bdbedaf-f9cd-4c42-893a-0c88ad65b2f5/resource/b400841d-e9d9-4a36-8896-13bdf5dfbd50/download/2567__final.xlsx,ภัยแล้ง67-รายการพื้นที่เกิด
86,ชุมพร,2567,local_area_record,ท่าแซะ,หงษ์เจริญ,6,2024-05-05 00:00:00,2024-05-05,,2024-07-03,duration_unconfirmed,,,all_agriculture_not_durian_specific,b400841d-e9d9-4a36-8896-13bdf5dfbd50,2722,https://catalog.disaster.go.th/dataset/7bdbedaf-f9cd-4c42-893a-0c88ad65b2f5/resource/b400841d-e9d9-4a36-8896-13bdf5dfbd50/download/2567__final.xlsx,ภัยแล้ง67-รายการพื้นที่เกิด
86,ชุมพร,2567,local_area_record,ท่าแซะ,หงษ์เจริญ,7,2024-05-05 00:00:00,2024-05-05,,2024-07-03,duration_unconfirmed,,,all_agriculture_not_durian_specific,b400841d-e9d9-4a36-8896-13bdf5dfbd50,2723,https://catalog.disaster.go.th/dataset/7bdbedaf-f9cd-4c42-893a-0c88ad65b2f5/resource/b400841d-e9d9-4a36-8896-13bdf5dfbd50/download/2567__final.xlsx,ภัยแล้ง67-รายการพื้นที่เกิด
86,ชุมพร,2567,local_area_record,ท่าแซะ,หงษ์เจริญ,8,2024-05-05 00:00:00,2024-05-05,,2024-07-03,duration_unconfirmed,,,all_agriculture_not_durian_specific,b400841d-e9d9-4a36-8896-13bdf5dfbd50,2724,https://catalog.disaster.go.th/dataset/7bdbedaf-f9cd-4c42-893a-0c88ad65b2f5/resource/b400841d-e9d9-4a36-8896-13bdf5dfbd50/download/2567__final.xlsx,ภัยแล้ง67-รายการพื้นที่เกิด
86,ชุมพร,2567,local_area_record,ท่าแซะ,หงษ์เจริญ,9,2024-05-05 00:00:00,2024-05-05,,2024-07-03,duration_unconfirmed,,,all_agriculture_not_durian_specific,b400841d-e9d9-4a36-8896-13bdf5dfbd50,2725,https://catalog.disaster.go.th/dataset/7bdbedaf-f9cd-4c42-893a-0c88ad65b2f5/resource/b400841d-e9d9-4a36-8896-13bdf5dfbd50/download/2567__final.xlsx,ภัยแล้ง67-รายการพื้นที่เกิด
86,ชุมพร,2567,local_area_record,หลังสวน,ท่ามะพลา,2,2024-05-06 00:00:00,2024-05-06,,2024-07-02,duration_unconfirmed,,,all_agriculture_not_durian_specific,b400841d-e9d9-4a36-8896-13bdf5dfbd50,2726,https://catalog.disaster.go.th/dataset/7bdbedaf-f9cd-4c42-893a-0c88ad65b2f5/resource/b400841d-e9d9-4a36-8896-13bdf5dfbd50/download/2567__final.xlsx,ภัยแล้ง67-รายการพื้นที่เกิด
86,ชุมพร,2567,local_area_record,หลังสวน,ท่ามะพลา,6,2024-05-06 00:00:00,2024-05-06,,2024-07-02,duration_unconfirmed,,,all_agriculture_not_durian_specific,b400841d-e9d9-4a36-8896-13bdf5dfbd50,2727,https://catalog.disaster.go.th/dataset/7bdbedaf-f9cd-4c42-893a-0c88ad65b2f5/resource/b400841d-e9d9-4a36-8896-13bdf5dfbd50/download/2567__final.xlsx,ภัยแล้ง67-รายการพื้นที่เกิด
86,ชุมพร,2567,local_area_record,หลังสวน,ท่ามะพลา,9,2024-05-06 00:00:00,2024-05-06,,2024-07-02,duration_unconfirmed,,,all_agriculture_not_durian_specific,b400841d-e9d9-4a36-8896-13bdf5dfbd50,2728,https://catalog.disaster.go.th/dataset/7bdbedaf-f9cd-4c42-893a-0c88ad65b2f5/resource/b400841d-e9d9-4a36-8896-13bdf5dfbd50/download/2567__final.xlsx,ภัยแล้ง67-รายการพื้นที่เกิด
86,ชุมพร,2567,local_area_record,หลังสวน,บางมะพร้าว,1,2024-05-06 00:00:00,2024-05-06,,2024-07-02,duration_unconfirmed,,,all_agriculture_not_durian_specific,b400841d-e9d9-4a36-8896-13bdf5dfbd50,2729,https://catalog.disaster.go.th/dataset/7bdbedaf-f9cd-4c42-893a-0c88ad65b2f5/resource/b400841d-e9d9-4a36-8896-13bdf5dfbd50/download/2567__final.xlsx,ภัยแล้ง67-รายการพื้นที่เกิด
86,ชุมพร,2567,local_area_record,หลังสวน,บางมะพร้าว,10,2024-05-06 00:00:00,2024-05-06,,2024-07-02,duration_unconfirmed,,,all_agriculture_not_durian_specific,b400841d-e9d9-4a36-8896-13bdf5dfbd50,2730,https://catalog.disaster.go.th/dataset/7bdbedaf-f9cd-4c42-893a-0c88ad65b2f5/resource/b400841d-e9d9-4a36-8896-13bdf5dfbd50/download/2567__final.xlsx,ภัยแล้ง67-รายการพื้นที่เกิด
86,ชุมพร,2567,local_area_record,หลังสวน,บางมะพร้าว,11,2024-05-06 00:00:00,2024-05-06,,2024-07-02,duration_unconfirmed,,,all_agriculture_not_durian_specific,b400841d-e9d9-4a36-8896-13bdf5dfbd50,2731,https://catalog.disaster.go.th/dataset/7bdbedaf-f9cd-4c42-893a-0c88ad65b2f5/resource/b400841d-e9d9-4a36-8896-13bdf5dfbd50/download/2567__final.xlsx,ภัยแล้ง67-รายการพื้นที่เกิด
86,ชุมพร,2567,local_area_record,หลังสวน,บางมะพร้าว,12,2024-05-06 00:00:00,2024-05-06,,2024-07-02,duration_unconfirmed,,,all_agriculture_not_durian_specific,b400841d-e9d9-4a36-8896-13bdf5dfbd50,2732,https://catalog.disaster.go.th/dataset/7bdbedaf-f9cd-4c42-893a-0c88ad65b2f5/resource/b400841d-e9d9-4a36-8896-13bdf5dfbd50/download/2567__final.xlsx,ภัยแล้ง67-รายการพื้นที่เกิด
86,ชุมพร,2567,local_area_record,หลังสวน,บางมะพร้าว,14,2024-05-06 00:00:00,2024-05-06,,2024-07-02,duration_unconfirmed,,,all_agriculture_not_durian_specific,b400841d-e9d9-4a36-8896-13bdf5dfbd50,2733,https://catalog.disaster.go.th/dataset/7bdbedaf-f9cd-4c42-893a-0c88ad65b2f5/resource/b400841d-e9d9-4a36-8896-13bdf5dfbd50/download/2567__final.xlsx,ภัยแล้ง67-รายการพื้นที่เกิด
86,ชุมพร,2567,local_area_record,หลังสวน,บางมะพร้าว,2,2024-05-06 00:00:00,2024-05-06,,2024-07-02,duration_unconfirmed,,,all_agriculture_not_durian_specific,b400841d-e9d9-4a36-8896-13bdf5dfbd50,2734,https://catalog.disaster.go.th/dataset/7bdbedaf-f9cd-4c42-893a-0c88ad65b2f5/resource/b400841d-e9d9-4a36-8896-13bdf5dfbd50/download/2567__final.xlsx,ภัยแล้ง67-รายการพื้นที่เกิด
86,ชุมพร,2567,local_area_record,หลังสวน,บางมะพร้าว,3,2024-05-06 00:00:00,2024-05-06,,2024-07-02,duration_unconfirmed,,,all_agriculture_not_durian_specific,b400841d-e9d9-4a36-8896-13bdf5dfbd50,2735,https://catalog.disaster.go.th/dataset/7bdbedaf-f9cd-4c42-893a-0c88ad65b2f5/resource/b400841d-e9d9-4a36-8896-13bdf5dfbd50/download/2567__final.xlsx,ภัยแล้ง67-รายการพื้นที่เกิด
86,ชุมพร,2567,local_area_record,หลังสวน,บางมะพร้าว,4,2024-05-06 00:00:00,2024-05-06,,2024-07-02,duration_unconfirmed,,,all_agriculture_not_durian_specific,b400841d-e9d9-4a36-8896-13bdf5dfbd50,2736,https://catalog.disaster.go.th/dataset/7bdbedaf-f9cd-4c42-893a-0c88ad65b2f5/resource/b400841d-e9d9-4a36-8896-13bdf5dfbd50/download/2567__final.xlsx,ภัยแล้ง67-รายการพื้นที่เกิด
86,ชุมพร,2567,local_area_record,หลังสวน,บางมะพร้าว,5,2024-05-06 00:00:00,2024-05-06,,2024-07-02,duration_unconfirmed,,,all_agriculture_not_durian_specific,b400841d-e9d9-4a36-8896-13bdf5dfbd50,2737,https://catalog.disaster.go.th/dataset/7bdbedaf-f9cd-4c42-893a-0c88ad65b2f5/resource/b400841d-e9d9-4a36-8896-13bdf5dfbd50/download/2567__final.xlsx,ภัยแล้ง67-รายการพื้นที่เกิด
86,ชุมพร,2567,local_area_record,หลังสวน,บางมะพร้าว,6,2024-05-06 00:00:00,2024-05-06,,2024-07-02,duration_unconfirmed,,,all_agriculture_not_durian_specific,b400841d-e9d9-4a36-8896-13bdf5dfbd50,2738,https://catalog.disaster.go.th/dataset/7bdbedaf-f9cd-4c42-893a-0c88ad65b2f5/resource/b400841d-e9d9-4a36-8896-13bdf5dfbd50/download/2567__final.xlsx,ภัยแล้ง67-รายการพื้นที่เกิด
86,ชุมพร,2567,local_area_record,หลังสวน,บางมะพร้าว,7,2024-05-06 00:00:00,2024-05-06,,2024-07-02,duration_unconfirmed,,,all_agriculture_not_durian_specific,b400841d-e9d9-4a36-8896-13bdf5dfbd50,2739,https://catalog.disaster.go.th/dataset/7bdbedaf-f9cd-4c42-893a-0c88ad65b2f5/resource/b400841d-e9d9-4a36-8896-13bdf5dfbd50/download/2567__final.xlsx,ภัยแล้ง67-รายการพื้นที่เกิด
86,ชุมพร,2567,local_area_record,หลังสวน,บางมะพร้าว,8,2024-05-06 00:00:00,2024-05-06,,2024-07-02,duration_unconfirmed,,,all_agriculture_not_durian_specific,b400841d-e9d9-4a36-8896-13bdf5dfbd50,2740,https://catalog.disaster.go.th/dataset/7bdbedaf-f9cd-4c42-893a-0c88ad65b2f5/resource/b400841d-e9d9-4a36-8896-13bdf5dfbd50/download/2567__final.xlsx,ภัยแล้ง67-รายการพื้นที่เกิด
86,ชุมพร,2567,local_area_record,หลังสวน,บางมะพร้าว,9,2024-05-06 00:00:00,2024-05-06,,2024-07-02,duration_unconfirmed,,,all_agriculture_not_durian_specific,b400841d-e9d9-4a36-8896-13bdf5dfbd50,2741,https://catalog.disaster.go.th/dataset/7bdbedaf-f9cd-4c42-893a-0c88ad65b2f5/resource/b400841d-e9d9-4a36-8896-13bdf5dfbd50/download/2567__final.xlsx,ภัยแล้ง67-รายการพื้นที่เกิด
86,ชุมพร,2567,local_area_record,หลังสวน,แหลมทราย,1,2024-05-06 00:00:00,2024-05-06,,2024-07-02,duration_unconfirmed,,30,all_agriculture_not_durian_specific,b400841d-e9d9-4a36-8896-13bdf5dfbd50,2742,https://catalog.disaster.go.th/dataset/7bdbedaf-f9cd-4c42-893a-0c88ad65b2f5/resource/b400841d-e9d9-4a36-8896-13bdf5dfbd50/download/2567__final.xlsx,ภัยแล้ง67-รายการพื้นที่เกิด
86,ชุมพร,2567,local_area_record,หลังสวน,แหลมทราย,10,2024-05-06 00:00:00,2024-05-06,,2024-07-02,duration_unconfirmed,,,all_agriculture_not_durian_specific,b400841d-e9d9-4a36-8896-13bdf5dfbd50,2743,https://catalog.disaster.go.th/dataset/7bdbedaf-f9cd-4c42-893a-0c88ad65b2f5/resource/b400841d-e9d9-4a36-8896-13bdf5dfbd50/download/2567__final.xlsx,ภัยแล้ง67-รายการพื้นที่เกิด
86,ชุมพร,2567,local_area_record,หลังสวน,แหลมทราย,11,2024-05-06 00:00:00,2024-05-06,,2024-07-02,duration_unconfirmed,,,all_agriculture_not_durian_specific,b400841d-e9d9-4a36-8896-13bdf5dfbd50,2744,https://catalog.disaster.go.th/dataset/7bdbedaf-f9cd-4c42-893a-0c88ad65b2f5/resource/b400841d-e9d9-4a36-8896-13bdf5dfbd50/download/2567__final.xlsx,ภัยแล้ง67-รายการพื้นที่เกิด
86,ชุมพร,2567,local_area_record,หลังสวน,แหลมทราย,12,2024-05-06 00:00:00,2024-05-06,,2024-07-02,duration_unconfirmed,,,all_agriculture_not_durian_specific,b400841d-e9d9-4a36-8896-13bdf5dfbd50,2745,https://catalog.disaster.go.th/dataset/7bdbedaf-f9cd-4c42-893a-0c88ad65b2f5/resource/b400841d-e9d9-4a36-8896-13bdf5dfbd50/download/2567__final.xlsx,ภัยแล้ง67-รายการพื้นที่เกิด
86,ชุมพร,2567,local_area_record,หลังสวน,แหลมทราย,2,2024-05-06 00:00:00,2024-05-06,,2024-07-02,duration_unconfirmed,,,all_agriculture_not_durian_specific,b400841d-e9d9-4a36-8896-13bdf5dfbd50,2746,https://catalog.disaster.go.th/dataset/7bdbedaf-f9cd-4c42-893a-0c88ad65b2f5/resource/b400841d-e9d9-4a36-8896-13bdf5dfbd50/download/2567__final.xlsx,ภัยแล้ง67-รายการพื้นที่เกิด
86,ชุมพร,2567,local_area_record,หลังสวน,แหลมทราย,3,2024-05-06 00:00:00,2024-05-06,,2024-07-02,duration_unconfirmed,,,all_agriculture_not_durian_specific,b400841d-e9d9-4a36-8896-13bdf5dfbd50,2747,https://catalog.disaster.go.th/dataset/7bdbedaf-f9cd-4c42-893a-0c88ad65b2f5/resource/b400841d-e9d9-4a36-8896-13bdf5dfbd50/download/2567__final.xlsx,ภัยแล้ง67-รายการพื้นที่เกิด
86,ชุมพร,2567,local_area_record,หลังสวน,แหลมทราย,4,2024-05-06 00:00:00,2024-05-06,,2024-07-02,duration_unconfirmed,,,all_agriculture_not_durian_specific,b400841d-e9d9-4a36-8896-13bdf5dfbd50,2748,https://catalog.disaster.go.th/dataset/7bdbedaf-f9cd-4c42-893a-0c88ad65b2f5/resource/b400841d-e9d9-4a36-8896-13bdf5dfbd50/download/2567__final.xlsx,ภัยแล้ง67-รายการพื้นที่เกิด
86,ชุมพร,2567,local_area_record,หลังสวน,แหลมทราย,5,2024-05-06 00:00:00,2024-05-06,,2024-07-02,duration_unconfirmed,,,all_agriculture_not_durian_specific,b400841d-e9d9-4a36-8896-13bdf5dfbd50,2749,https://catalog.disaster.go.th/dataset/7bdbedaf-f9cd-4c42-893a-0c88ad65b2f5/resource/b400841d-e9d9-4a36-8896-13bdf5dfbd50/download/2567__final.xlsx,ภัยแล้ง67-รายการพื้นที่เกิด
86,ชุมพร,2567,local_area_record,หลังสวน,แหลมทราย,6,2024-05-06 00:00:00,2024-05-06,,2024-07-02,duration_unconfirmed,,,all_agriculture_not_durian_specific,b400841d-e9d9-4a36-8896-13bdf5dfbd50,2750,https://catalog.disaster.go.th/dataset/7bdbedaf-f9cd-4c42-893a-0c88ad65b2f5/resource/b400841d-e9d9-4a36-8896-13bdf5dfbd50/download/2567__final.xlsx,ภัยแล้ง67-รายการพื้นที่เกิด
86,ชุมพร,2567,local_area_record,หลังสวน,แหลมทราย,7,2024-05-06 00:00:00,2024-05-06,,2024-07-02,duration_unconfirmed,,,all_agriculture_not_durian_specific,b400841d-e9d9-4a36-8896-13bdf5dfbd50,2751,https://catalog.disaster.go.th/dataset/7bdbedaf-f9cd-4c42-893a-0c88ad65b2f5/resource/b400841d-e9d9-4a36-8896-13bdf5dfbd50/download/2567__final.xlsx,ภัยแล้ง67-รายการพื้นที่เกิด
86,ชุมพร,2567,local_area_record,หลังสวน,แหลมทราย,8,2024-05-06 00:00:00,2024-05-06,,2024-07-02,duration_unconfirmed,,,all_agriculture_not_durian_specific,b400841d-e9d9-4a36-8896-13bdf5dfbd50,2752,https://catalog.disaster.go.th/dataset/7bdbedaf-f9cd-4c42-893a-0c88ad65b2f5/resource/b400841d-e9d9-4a36-8896-13bdf5dfbd50/download/2567__final.xlsx,ภัยแล้ง67-รายการพื้นที่เกิด
86,ชุมพร,2567,local_area_record,หลังสวน,แหลมทราย,9,2024-05-06 00:00:00,2024-05-06,,2024-07-02,duration_unconfirmed,,,all_agriculture_not_durian_specific,b400841d-e9d9-4a36-8896-13bdf5dfbd50,2753,https://catalog.disaster.go.th/dataset/7bdbedaf-f9cd-4c42-893a-0c88ad65b2f5/resource/b400841d-e9d9-4a36-8896-13bdf5dfbd50/download/2567__final.xlsx,ภัยแล้ง67-รายการพื้นที่เกิด
33,ศรีสะเกษ,2567,local_area_record,ศิลาลาด,หนองบัวดง,1,2024-05-07 00:00:00,2024-05-07,,,duration_unconfirmed,,1.2,all_agriculture_not_durian_specific,b400841d-e9d9-4a36-8896-13bdf5dfbd50,2754,https://catalog.disaster.go.th/dataset/7bdbedaf-f9cd-4c42-893a-0c88ad65b2f5/resource/b400841d-e9d9-4a36-8896-13bdf5dfbd50/download/2567__final.xlsx,ภัยแล้ง67-รายการพื้นที่เกิด
33,ศรีสะเกษ,2567,local_area_record,ศิลาลาด,หนองบัวดง,2,2024-05-07 00:00:00,2024-05-07,,,duration_unconfirmed,,25,all_agriculture_not_durian_specific,b400841d-e9d9-4a36-8896-13bdf5dfbd50,2755,https://catalog.disaster.go.th/dataset/7bdbedaf-f9cd-4c42-893a-0c88ad65b2f5/resource/b400841d-e9d9-4a36-8896-13bdf5dfbd50/download/2567__final.xlsx,ภัยแล้ง67-รายการพื้นที่เกิด
33,ศรีสะเกษ,2567,local_area_record,ศิลาลาด,หนองบัวดง,4,2024-05-07 00:00:00,2024-05-07,,,duration_unconfirmed,,60,all_agriculture_not_durian_specific,b400841d-e9d9-4a36-8896-13bdf5dfbd50,2756,https://catalog.disaster.go.th/dataset/7bdbedaf-f9cd-4c42-893a-0c88ad65b2f5/resource/b400841d-e9d9-4a36-8896-13bdf5dfbd50/download/2567__final.xlsx,ภัยแล้ง67-รายการพื้นที่เกิด
33,ศรีสะเกษ,2567,local_area_record,ศิลาลาด,หนองบัวดง,5,2024-05-07 00:00:00,2024-05-07,,,duration_unconfirmed,,50,all_agriculture_not_durian_specific,b400841d-e9d9-4a36-8896-13bdf5dfbd50,2757,https://catalog.disaster.go.th/dataset/7bdbedaf-f9cd-4c42-893a-0c88ad65b2f5/resource/b400841d-e9d9-4a36-8896-13bdf5dfbd50/download/2567__final.xlsx,ภัยแล้ง67-รายการพื้นที่เกิด
33,ศรีสะเกษ,2567,local_area_record,ศิลาลาด,หนองบัวดง,6,2024-05-07 00:00:00,2024-05-07,,,duration_unconfirmed,,10,all_agriculture_not_durian_specific,b400841d-e9d9-4a36-8896-13bdf5dfbd50,2758,https://catalog.disaster.go.th/dataset/7bdbedaf-f9cd-4c42-893a-0c88ad65b2f5/resource/b400841d-e9d9-4a36-8896-13bdf5dfbd50/download/2567__final.xlsx,ภัยแล้ง67-รายการพื้นที่เกิด
33,ศรีสะเกษ,2567,local_area_record,ศิลาลาด,หนองบัวดง,7,2024-05-07 00:00:00,2024-05-07,,,duration_unconfirmed,,5,all_agriculture_not_durian_specific,b400841d-e9d9-4a36-8896-13bdf5dfbd50,2759,https://catalog.disaster.go.th/dataset/7bdbedaf-f9cd-4c42-893a-0c88ad65b2f5/resource/b400841d-e9d9-4a36-8896-13bdf5dfbd50/download/2567__final.xlsx,ภัยแล้ง67-รายการพื้นที่เกิด
86,ชุมพร,2567,local_area_record,ละแม,ละแม,1,2024-05-07 00:00:00,2024-05-07,,2024-05-20,duration_unconfirmed,,90,all_agriculture_not_durian_specific,b400841d-e9d9-4a36-8896-13bdf5dfbd50,2814,https://catalog.disaster.go.th/dataset/7bdbedaf-f9cd-4c42-893a-0c88ad65b2f5/resource/b400841d-e9d9-4a36-8896-13bdf5dfbd50/download/2567__final.xlsx,ภัยแล้ง67-รายการพื้นที่เกิด
86,ชุมพร,2567,local_area_record,ละแม,ละแม,12,2024-05-07 00:00:00,2024-05-07,,2024-05-20,duration_unconfirmed,,,all_agriculture_not_durian_specific,b400841d-e9d9-4a36-8896-13bdf5dfbd50,2815,https://catalog.disaster.go.th/dataset/7bdbedaf-f9cd-4c42-893a-0c88ad65b2f5/resource/b400841d-e9d9-4a36-8896-13bdf5dfbd50/download/2567__final.xlsx,ภัยแล้ง67-รายการพื้นที่เกิด
86,ชุมพร,2567,local_area_record,ละแม,ละแม,14,2024-05-07 00:00:00,2024-05-07,,2024-05-20,duration_unconfirmed,,,all_agriculture_not_durian_specific,b400841d-e9d9-4a36-8896-13bdf5dfbd50,2816,https://catalog.disaster.go.th/dataset/7bdbedaf-f9cd-4c42-893a-0c88ad65b2f5/resource/b400841d-e9d9-4a36-8896-13bdf5dfbd50/download/2567__final.xlsx,ภัยแล้ง67-รายการพื้นที่เกิด
86,ชุมพร,2567,local_area_record,ละแม,ละแม,16,2024-05-07 00:00:00,2024-05-07,,2024-05-20,duration_unconfirmed,,,all_agriculture_not_durian_specific,b400841d-e9d9-4a36-8896-13bdf5dfbd50,2817,https://catalog.disaster.go.th/dataset/7bdbedaf-f9cd-4c42-893a-0c88ad65b2f5/resource/b400841d-e9d9-4a36-8896-13bdf5dfbd50/download/2567__final.xlsx,ภัยแล้ง67-รายการพื้นที่เกิด
86,ชุมพร,2567,local_area_record,ละแม,ละแม,2,2024-05-07 00:00:00,2024-05-07,,2024-05-20,duration_unconfirmed,,,all_agriculture_not_durian_specific,b400841d-e9d9-4a36-8896-13bdf5dfbd50,2818,https://catalog.disaster.go.th/dataset/7bdbedaf-f9cd-4c42-893a-0c88ad65b2f5/resource/b400841d-e9d9-4a36-8896-13bdf5dfbd50/download/2567__final.xlsx,ภัยแล้ง67-รายการพื้นที่เกิด
86,ชุมพร,2567,local_area_record,ละแม,ละแม,3,2024-05-07 00:00:00,2024-05-07,,2024-05-20,duration_unconfirmed,,,all_agriculture_not_durian_specific,b400841d-e9d9-4a36-8896-13bdf5dfbd50,2819,https://catalog.disaster.go.th/dataset/7bdbedaf-f9cd-4c42-893a-0c88ad65b2f5/resource/b400841d-e9d9-4a36-8896-13bdf5dfbd50/download/2567__final.xlsx,ภัยแล้ง67-รายการพื้นที่เกิด
86,ชุมพร,2567,local_area_record,ละแม,ละแม,4,2024-05-07 00:00:00,2024-05-07,,2024-05-20,duration_unconfirmed,,,all_agriculture_not_durian_specific,b400841d-e9d9-4a36-8896-13bdf5dfbd50,2820,https://catalog.disaster.go.th/dataset/7bdbedaf-f9cd-4c42-893a-0c88ad65b2f5/resource/b400841d-e9d9-4a36-8896-13bdf5dfbd50/download/2567__final.xlsx,ภัยแล้ง67-รายการพื้นที่เกิด
86,ชุมพร,2567,local_area_record,ละแม,ละแม,5,2024-05-07 00:00:00,2024-05-07,,2024-05-20,duration_unconfirmed,,,all_agriculture_not_durian_specific,b400841d-e9d9-4a36-8896-13bdf5dfbd50,2821,https://catalog.disaster.go.th/dataset/7bdbedaf-f9cd-4c42-893a-0c88ad65b2f5/resource/b400841d-e9d9-4a36-8896-13bdf5dfbd50/download/2567__final.xlsx,ภัยแล้ง67-รายการพื้นที่เกิด
86,ชุมพร,2567,local_area_record,ละแม,ละแม,6,2024-05-07 00:00:00,2024-05-07,,2024-05-20,duration_unconfirmed,,,all_agriculture_not_durian_specific,b400841d-e9d9-4a36-8896-13bdf5dfbd50,2822,https://catalog.disaster.go.th/dataset/7bdbedaf-f9cd-4c42-893a-0c88ad65b2f5/resource/b400841d-e9d9-4a36-8896-13bdf5dfbd50/download/2567__final.xlsx,ภัยแล้ง67-รายการพื้นที่เกิด
86,ชุมพร,2567,local_area_record,ละแม,ละแม,7,2024-05-07 00:00:00,2024-05-07,,2024-05-20,duration_unconfirmed,,,all_agriculture_not_durian_specific,b400841d-e9d9-4a36-8896-13bdf5dfbd50,2823,https://catalog.disaster.go.th/dataset/7bdbedaf-f9cd-4c42-893a-0c88ad65b2f5/resource/b400841d-e9d9-4a36-8896-13bdf5dfbd50/download/2567__final.xlsx,ภัยแล้ง67-รายการพื้นที่เกิด
86,ชุมพร,2567,local_area_record,ละแม,ละแม,8,2024-05-07 00:00:00,2024-05-07,,2024-05-20,duration_unconfirmed,,,all_agriculture_not_durian_specific,b400841d-e9d9-4a36-8896-13bdf5dfbd50,2824,https://catalog.disaster.go.th/dataset/7bdbedaf-f9cd-4c42-893a-0c88ad65b2f5/resource/b400841d-e9d9-4a36-8896-13bdf5dfbd50/download/2567__final.xlsx,ภัยแล้ง67-รายการพื้นที่เกิด
86,ชุมพร,2567,local_area_record,ละแม,ทุ่งหลวง,1,2024-05-07 00:00:00,2024-05-07,,2024-05-20,duration_unconfirmed,,,all_agriculture_not_durian_specific,b400841d-e9d9-4a36-8896-13bdf5dfbd50,2825,https://catalog.disaster.go.th/dataset/7bdbedaf-f9cd-4c42-893a-0c88ad65b2f5/resource/b400841d-e9d9-4a36-8896-13bdf5dfbd50/download/2567__final.xlsx,ภัยแล้ง67-รายการพื้นที่เกิด
86,ชุมพร,2567,local_area_record,ละแม,ทุ่งหลวง,3,2024-05-07 00:00:00,2024-05-07,,2024-05-20,duration_unconfirmed,,,all_agriculture_not_durian_specific,b400841d-e9d9-4a36-8896-13bdf5dfbd50,2826,https://catalog.disaster.go.th/dataset/7bdbedaf-f9cd-4c42-893a-0c88ad65b2f5/resource/b400841d-e9d9-4a36-8896-13bdf5dfbd50/download/2567__final.xlsx,ภัยแล้ง67-รายการพื้นที่เกิด
86,ชุมพร,2567,local_area_record,ละแม,ทุ่งหลวง,4,2024-05-07 00:00:00,2024-05-07,,2024-05-20,duration_unconfirmed,,,all_agriculture_not_durian_specific,b400841d-e9d9-4a36-8896-13bdf5dfbd50,2827,https://catalog.disaster.go.th/dataset/7bdbedaf-f9cd-4c42-893a-0c88ad65b2f5/resource/b400841d-e9d9-4a36-8896-13bdf5dfbd50/download/2567__final.xlsx,ภัยแล้ง67-รายการพื้นที่เกิด
86,ชุมพร,2567,local_area_record,ละแม,ทุ่งหลวง,5,2024-05-07 00:00:00,2024-05-07,,2024-05-20,duration_unconfirmed,,,all_agriculture_not_durian_specific,b400841d-e9d9-4a36-8896-13bdf5dfbd50,2828,https://catalog.disaster.go.th/dataset/7bdbedaf-f9cd-4c42-893a-0c88ad65b2f5/resource/b400841d-e9d9-4a36-8896-13bdf5dfbd50/download/2567__final.xlsx,ภัยแล้ง67-รายการพื้นที่เกิด
86,ชุมพร,2567,local_area_record,ละแม,ทุ่งหลวง,6,2024-05-07 00:00:00,2024-05-07,,2024-05-20,duration_unconfirmed,,,all_agriculture_not_durian_specific,b400841d-e9d9-4a36-8896-13bdf5dfbd50,2829,https://catalog.disaster.go.th/dataset/7bdbedaf-f9cd-4c42-893a-0c88ad65b2f5/resource/b400841d-e9d9-4a36-8896-13bdf5dfbd50/download/2567__final.xlsx,ภัยแล้ง67-รายการพื้นที่เกิด
86,ชุมพร,2567,local_area_record,ละแม,ทุ่งหลวง,8,2024-05-07 00:00:00,2024-05-07,,2024-05-20,duration_unconfirmed,,,all_agriculture_not_durian_specific,b400841d-e9d9-4a36-8896-13bdf5dfbd50,2830,https://catalog.disaster.go.th/dataset/7bdbedaf-f9cd-4c42-893a-0c88ad65b2f5/resource/b400841d-e9d9-4a36-8896-13bdf5dfbd50/download/2567__final.xlsx,ภัยแล้ง67-รายการพื้นที่เกิด
86,ชุมพร,2567,local_area_record,ละแม,ทุ่งหลวง,9,2024-05-07 00:00:00,2024-05-07,,2024-05-20,duration_unconfirmed,,,all_agriculture_not_durian_specific,b400841d-e9d9-4a36-8896-13bdf5dfbd50,2831,https://catalog.disaster.go.th/dataset/7bdbedaf-f9cd-4c42-893a-0c88ad65b2f5/resource/b400841d-e9d9-4a36-8896-13bdf5dfbd50/download/2567__final.xlsx,ภัยแล้ง67-รายการพื้นที่เกิด
86,ชุมพร,2567,local_area_record,ละแม,สวนแตง,1,2024-05-07 00:00:00,2024-05-07,,2024-05-20,duration_unconfirmed,,,all_agriculture_not_durian_specific,b400841d-e9d9-4a36-8896-13bdf5dfbd50,2832,https://catalog.disaster.go.th/dataset/7bdbedaf-f9cd-4c42-893a-0c88ad65b2f5/resource/b400841d-e9d9-4a36-8896-13bdf5dfbd50/download/2567__final.xlsx,ภัยแล้ง67-รายการพื้นที่เกิด
86,ชุมพร,2567,local_area_record,เมืองชุมพร,หาดพันไกร,1,2024-05-09 00:00:00,2024-05-09,,2024-06-05,duration_unconfirmed,,,all_agriculture_not_durian_specific,b400841d-e9d9-4a36-8896-13bdf5dfbd50,2879,https://catalog.disaster.go.th/dataset/7bdbedaf-f9cd-4c42-893a-0c88ad65b2f5/resource/b400841d-e9d9-4a36-8896-13bdf5dfbd50/download/2567__final.xlsx,ภัยแล้ง67-รายการพื้นที่เกิด
86,ชุมพร,2567,local_area_record,เมืองชุมพร,หาดพันไกร,11,2024-05-09 00:00:00,2024-05-09,,2024-06-05,duration_unconfirmed,,,all_agriculture_not_durian_specific,b400841d-e9d9-4a36-8896-13bdf5dfbd50,2880,https://catalog.disaster.go.th/dataset/7bdbedaf-f9cd-4c42-893a-0c88ad65b2f5/resource/b400841d-e9d9-4a36-8896-13bdf5dfbd50/download/2567__final.xlsx,ภัยแล้ง67-รายการพื้นที่เกิด
86,ชุมพร,2567,local_area_record,เมืองชุมพร,หาดพันไกร,12,2024-05-09 00:00:00,2024-05-09,,2024-06-05,duration_unconfirmed,,,all_agriculture_not_durian_specific,b400841d-e9d9-4a36-8896-13bdf5dfbd50,2881,https://catalog.disaster.go.th/dataset/7bdbedaf-f9cd-4c42-893a-0c88ad65b2f5/resource/b400841d-e9d9-4a36-8896-13bdf5dfbd50/download/2567__final.xlsx,ภัยแล้ง67-รายการพื้นที่เกิด
86,ชุมพร,2567,local_area_record,เมืองชุมพร,หาดพันไกร,2,2024-05-09 00:00:00,2024-05-09,,2024-06-05,duration_unconfirmed,,,all_agriculture_not_durian_specific,b400841d-e9d9-4a36-8896-13bdf5dfbd50,2882,https://catalog.disaster.go.th/dataset/7bdbedaf-f9cd-4c42-893a-0c88ad65b2f5/resource/b400841d-e9d9-4a36-8896-13bdf5dfbd50/download/2567__final.xlsx,ภัยแล้ง67-รายการพื้นที่เกิด
86,ชุมพร,2567,local_area_record,เมืองชุมพร,หาดพันไกร,3,2024-05-09 00:00:00,2024-05-09,,2024-06-05,duration_unconfirmed,,,all_agriculture_not_durian_specific,b400841d-e9d9-4a36-8896-13bdf5dfbd50,2883,https://catalog.disaster.go.th/dataset/7bdbedaf-f9cd-4c42-893a-0c88ad65b2f5/resource/b400841d-e9d9-4a36-8896-13bdf5dfbd50/download/2567__final.xlsx,ภัยแล้ง67-รายการพื้นที่เกิด
86,ชุมพร,2567,local_area_record,เมืองชุมพร,หาดพันไกร,4,2024-05-09 00:00:00,2024-05-09,,2024-06-05,duration_unconfirmed,,,all_agriculture_not_durian_specific,b400841d-e9d9-4a36-8896-13bdf5dfbd50,2884,https://catalog.disaster.go.th/dataset/7bdbedaf-f9cd-4c42-893a-0c88ad65b2f5/resource/b400841d-e9d9-4a36-8896-13bdf5dfbd50/download/2567__final.xlsx,ภัยแล้ง67-รายการพื้นที่เกิด
86,ชุมพร,2567,local_area_record,เมืองชุมพร,หาดพันไกร,5,2024-05-09 00:00:00,2024-05-09,,2024-06-05,duration_unconfirmed,,,all_agriculture_not_durian_specific,b400841d-e9d9-4a36-8896-13bdf5dfbd50,2885,https://catalog.disaster.go.th/dataset/7bdbedaf-f9cd-4c42-893a-0c88ad65b2f5/resource/b400841d-e9d9-4a36-8896-13bdf5dfbd50/download/2567__final.xlsx,ภัยแล้ง67-รายการพื้นที่เกิด
86,ชุมพร,2567,local_area_record,เมืองชุมพร,หาดพันไกร,6,2024-05-09 00:00:00,2024-05-09,,2024-06-05,duration_unconfirmed,,,all_agriculture_not_durian_specific,b400841d-e9d9-4a36-8896-13bdf5dfbd50,2886,https://catalog.disaster.go.th/dataset/7bdbedaf-f9cd-4c42-893a-0c88ad65b2f5/resource/b400841d-e9d9-4a36-8896-13bdf5dfbd50/download/2567__final.xlsx,ภัยแล้ง67-รายการพื้นที่เกิด
86,ชุมพร,2567,local_area_record,เมืองชุมพร,หาดพันไกร,7,2024-05-09 00:00:00,2024-05-09,,2024-06-05,duration_unconfirmed,,,all_agriculture_not_durian_specific,b400841d-e9d9-4a36-8896-13bdf5dfbd50,2887,https://catalog.disaster.go.th/dataset/7bdbedaf-f9cd-4c42-893a-0c88ad65b2f5/resource/b400841d-e9d9-4a36-8896-13bdf5dfbd50/download/2567__final.xlsx,ภัยแล้ง67-รายการพื้นที่เกิด
86,ชุมพร,2567,local_area_record,เมืองชุมพร,หาดพันไกร,8,2024-05-09 00:00:00,2024-05-09,,2024-06-05,duration_unconfirmed,,,all_agriculture_not_durian_specific,b400841d-e9d9-4a36-8896-13bdf5dfbd50,2888,https://catalog.disaster.go.th/dataset/7bdbedaf-f9cd-4c42-893a-0c88ad65b2f5/resource/b400841d-e9d9-4a36-8896-13bdf5dfbd50/download/2567__final.xlsx,ภัยแล้ง67-รายการพื้นที่เกิด
86,ชุมพร,2567,local_area_record,ท่าแซะ,รับร่อ,13,2024-05-15 00:00:00,2024-05-15,,2024-07-03,duration_unconfirmed,,23,all_agriculture_not_durian_specific,b400841d-e9d9-4a36-8896-13bdf5dfbd50,2961,https://catalog.disaster.go.th/dataset/7bdbedaf-f9cd-4c42-893a-0c88ad65b2f5/resource/b400841d-e9d9-4a36-8896-13bdf5dfbd50/download/2567__final.xlsx,ภัยแล้ง67-รายการพื้นที่เกิด
86,ชุมพร,2567,local_area_record,ปะทิว,ดอนยาง,12,2024-05-24 00:00:00,2024-05-24,,2024-07-02,duration_unconfirmed,,,all_agriculture_not_durian_specific,b400841d-e9d9-4a36-8896-13bdf5dfbd50,2962,https://catalog.disaster.go.th/dataset/7bdbedaf-f9cd-4c42-893a-0c88ad65b2f5/resource/b400841d-e9d9-4a36-8896-13bdf5dfbd50/download/2567__final.xlsx,ภัยแล้ง67-รายการพื้นที่เกิด
86,ชุมพร,2567,local_area_record,ปะทิว,ดอนยาง,13,2024-05-24 00:00:00,2024-05-24,,2024-07-02,duration_unconfirmed,,,all_agriculture_not_durian_specific,b400841d-e9d9-4a36-8896-13bdf5dfbd50,2963,https://catalog.disaster.go.th/dataset/7bdbedaf-f9cd-4c42-893a-0c88ad65b2f5/resource/b400841d-e9d9-4a36-8896-13bdf5dfbd50/download/2567__final.xlsx,ภัยแล้ง67-รายการพื้นที่เกิด
86,ชุมพร,2567,local_area_record,ปะทิว,ดอนยาง,15,2024-05-24 00:00:00,2024-05-24,,2024-07-02,duration_unconfirmed,,,all_agriculture_not_durian_specific,b400841d-e9d9-4a36-8896-13bdf5dfbd50,2964,https://catalog.disaster.go.th/dataset/7bdbedaf-f9cd-4c42-893a-0c88ad65b2f5/resource/b400841d-e9d9-4a36-8896-13bdf5dfbd50/download/2567__final.xlsx,ภัยแล้ง67-รายการพื้นที่เกิด
86,ชุมพร,2567,local_area_record,ปะทิว,ดอนยาง,2,2024-05-24 00:00:00,2024-05-24,,2024-07-02,duration_unconfirmed,,5000,all_agriculture_not_durian_specific,b400841d-e9d9-4a36-8896-13bdf5dfbd50,2965,https://catalog.disaster.go.th/dataset/7bdbedaf-f9cd-4c42-893a-0c88ad65b2f5/resource/b400841d-e9d9-4a36-8896-13bdf5dfbd50/download/2567__final.xlsx,ภัยแล้ง67-รายการพื้นที่เกิด
86,ชุมพร,2567,local_area_record,ปะทิว,ดอนยาง,4,2024-05-24 00:00:00,2024-05-24,,2024-07-02,duration_unconfirmed,,,all_agriculture_not_durian_specific,b400841d-e9d9-4a36-8896-13bdf5dfbd50,2966,https://catalog.disaster.go.th/dataset/7bdbedaf-f9cd-4c42-893a-0c88ad65b2f5/resource/b400841d-e9d9-4a36-8896-13bdf5dfbd50/download/2567__final.xlsx,ภัยแล้ง67-รายการพื้นที่เกิด
86,ชุมพร,2567,local_area_record,ปะทิว,ดอนยาง,9,2024-05-24 00:00:00,2024-05-24,,2024-07-02,duration_unconfirmed,,,all_agriculture_not_durian_specific,b400841d-e9d9-4a36-8896-13bdf5dfbd50,2967,https://catalog.disaster.go.th/dataset/7bdbedaf-f9cd-4c42-893a-0c88ad65b2f5/resource/b400841d-e9d9-4a36-8896-13bdf5dfbd50/download/2567__final.xlsx,ภัยแล้ง67-รายการพื้นที่เกิด
33,ศรีสะเกษ,2567,local_area_record,ขุขันธ์,กันทรารมย์,11,2024-06-13 00:00:00,2024-06-13,,,duration_unconfirmed,,18,all_agriculture_not_durian_specific,b400841d-e9d9-4a36-8896-13bdf5dfbd50,2968,https://catalog.disaster.go.th/dataset/7bdbedaf-f9cd-4c42-893a-0c88ad65b2f5/resource/b400841d-e9d9-4a36-8896-13bdf5dfbd50/download/2567__final.xlsx,ภัยแล้ง67-รายการพื้นที่เกิด
33,ศรีสะเกษ,2567,local_area_record,ขุขันธ์,กันทรารมย์,2,2024-06-13 00:00:00,2024-06-13,,,duration_unconfirmed,,5,all_agriculture_not_durian_specific,b400841d-e9d9-4a36-8896-13bdf5dfbd50,2969,https://catalog.disaster.go.th/dataset/7bdbedaf-f9cd-4c42-893a-0c88ad65b2f5/resource/b400841d-e9d9-4a36-8896-13bdf5dfbd50/download/2567__final.xlsx,ภัยแล้ง67-รายการพื้นที่เกิด
33,ศรีสะเกษ,2567,local_area_record,ขุขันธ์,กันทรารมย์,4,2024-06-13 00:00:00,2024-06-13,,,duration_unconfirmed,,10,all_agriculture_not_durian_specific,b400841d-e9d9-4a36-8896-13bdf5dfbd50,2970,https://catalog.disaster.go.th/dataset/7bdbedaf-f9cd-4c42-893a-0c88ad65b2f5/resource/b400841d-e9d9-4a36-8896-13bdf5dfbd50/download/2567__final.xlsx,ภัยแล้ง67-รายการพื้นที่เกิด
33,ศรีสะเกษ,2567,local_area_record,ขุขันธ์,โสน,1,2024-06-13 00:00:00,2024-06-13,,2024-06-24,duration_unconfirmed,,1.3,all_agriculture_not_durian_specific,b400841d-e9d9-4a36-8896-13bdf5dfbd50,2971,https://catalog.disaster.go.th/dataset/7bdbedaf-f9cd-4c42-893a-0c88ad65b2f5/resource/b400841d-e9d9-4a36-8896-13bdf5dfbd50/download/2567__final.xlsx,ภัยแล้ง67-รายการพื้นที่เกิด
33,ศรีสะเกษ,2567,local_area_record,ขุขันธ์,โสน,2,2024-06-13 00:00:00,2024-06-13,,,duration_unconfirmed,,1.2,all_agriculture_not_durian_specific,b400841d-e9d9-4a36-8896-13bdf5dfbd50,2972,https://catalog.disaster.go.th/dataset/7bdbedaf-f9cd-4c42-893a-0c88ad65b2f5/resource/b400841d-e9d9-4a36-8896-13bdf5dfbd50/download/2567__final.xlsx,ภัยแล้ง67-รายการพื้นที่เกิด
33,ศรีสะเกษ,2567,local_area_record,ขุขันธ์,โสน,22,2024-06-13 00:00:00,2024-06-13,,2024-06-24,duration_unconfirmed,,14,all_agriculture_not_durian_specific,b400841d-e9d9-4a36-8896-13bdf5dfbd50,2973,https://catalog.disaster.go.th/dataset/7bdbedaf-f9cd-4c42-893a-0c88ad65b2f5/resource/b400841d-e9d9-4a36-8896-13bdf5dfbd50/download/2567__final.xlsx,ภัยแล้ง67-รายการพื้นที่เกิด
33,ศรีสะเกษ,2567,local_area_record,ขุขันธ์,โสน,3,2024-06-13 00:00:00,2024-06-13,,,duration_unconfirmed,,7.3,all_agriculture_not_durian_specific,b400841d-e9d9-4a36-8896-13bdf5dfbd50,2974,https://catalog.disaster.go.th/dataset/7bdbedaf-f9cd-4c42-893a-0c88ad65b2f5/resource/b400841d-e9d9-4a36-8896-13bdf5dfbd50/download/2567__final.xlsx,ภัยแล้ง67-รายการพื้นที่เกิด
33,ศรีสะเกษ,2567,local_area_record,ขุขันธ์,หัวเสือ,12,2024-06-13 00:00:00,2024-06-13,,2024-06-24,duration_unconfirmed,,12,all_agriculture_not_durian_specific,b400841d-e9d9-4a36-8896-13bdf5dfbd50,2975,https://catalog.disaster.go.th/dataset/7bdbedaf-f9cd-4c42-893a-0c88ad65b2f5/resource/b400841d-e9d9-4a36-8896-13bdf5dfbd50/download/2567__final.xlsx,ภัยแล้ง67-รายการพื้นที่เกิด
33,ศรีสะเกษ,2567,local_area_record,ขุขันธ์,ปราสาท,4,2024-06-13 00:00:00,2024-06-13,,2024-06-24,duration_unconfirmed,,118,all_agriculture_not_durian_specific,b400841d-e9d9-4a36-8896-13bdf5dfbd50,2976,https://catalog.disaster.go.th/dataset/7bdbedaf-f9cd-4c42-893a-0c88ad65b2f5/resource/b400841d-e9d9-4a36-8896-13bdf5dfbd50/download/2567__final.xlsx,ภัยแล้ง67-รายการพื้นที่เกิด
33,ศรีสะเกษ,2567,local_area_record,ขุขันธ์,ห้วยสำราญ,5,2024-06-13 00:00:00,2024-06-13,,,duration_unconfirmed,,5.1,all_agriculture_not_durian_specific,b400841d-e9d9-4a36-8896-13bdf5dfbd50,2977,https://catalog.disaster.go.th/dataset/7bdbedaf-f9cd-4c42-893a-0c88ad65b2f5/resource/b400841d-e9d9-4a36-8896-13bdf5dfbd50/download/2567__final.xlsx,ภัยแล้ง67-รายการพื้นที่เกิด
33,ศรีสะเกษ,2568,province_annual_aggregate,,3,,,,,,duration_unconfirmed,3,0,all_agriculture_not_durian_specific,63659906-6786-4e19-86d6-ea6ed1a7d724,13,https://catalog.disaster.go.th/dataset/7bdbedaf-f9cd-4c42-893a-0c88ad65b2f5/resource/63659906-6786-4e19-86d6-ea6ed1a7d724/download/untitled.xlsx,ภัยแล้ง68
