sheet_row,event_id,recorded_at,recorded_at_th,device_id,soil_moisture_percent,soil_temperature_c,soil_ec,soil_ph,soil_n,soil_p,soil_k,air_temperature_c,humidity_percent,outdoor_temperature_c,outdoor_humidity_percent,pressure_hpa,wind_avg,wind_gust,rain_1h_mm,rain_24h_mm,rain_rate_mm_h,uv_index,dew_point_c,feels_like_c,heat_index_c,light_lux,timestamp,weather_stale_suspected,weather_missing_original,weather_cleaning_reason,timestamp_th,gap_minutes,soil_delta_pp,date_th
2,farm_gateway_s3:1786679100,2026-08-14T03:45:00Z,46248.447916666664,farm_gateway_s3,27.2,29.0,0,7.3,0,0,0,30.8,68.0,31.7,70.0,1006.0,0.0,0.0,0.2,0.2,0.0,3.0,25.5,37.7,39.4,73700.0,2026-08-14 03:45:00+00:00,False,False,,2026-08-14 10:45:00+07:00,,,2026-08-14
3,farm_gateway_s3:1786680000,2026-08-14T04:00:00Z,46248.458333333336,farm_gateway_s3,27.2,29.1,0,7.3,0,0,0,31.1,68.0,32.0,71.0,1006.0,0.0,0.0,0.2,0.2,0.0,2.0,26.0,38.2,40.8,61820.0,2026-08-14 04:00:00+00:00,False,False,,2026-08-14 11:00:00+07:00,15.0,0.0,2026-08-14
4,farm_gateway_s3:1786680900,2026-08-14T04:15:00Z,46248.46875,farm_gateway_s3,27.2,29.2,0,7.3,0,0,0,31.3,68.0,32.5,67.0,1006.0,0.0,0.0,0.2,0.2,0.0,2.0,25.5,38.6,40.9,57200.0,2026-08-14 04:15:00+00:00,False,False,,2026-08-14 11:15:00+07:00,15.0,0.0,2026-08-14
5,farm_gateway_s3:1786681800,2026-08-14T04:30:00Z,46248.479166666664,farm_gateway_s3,27.1,29.3,0,7.3,0,0,0,31.6,67.0,33.4,66.0,1006.0,0.0,0.0,0.0,0.2,0.0,2.0,26.1,39.8,43.0,65340.0,2026-08-14 04:30:00+00:00,False,False,,2026-08-14 11:30:00+07:00,15.0,-0.09999999999999787,2026-08-14
6,farm_gateway_s3:1786682700,2026-08-14T04:45:00Z,46248.489583333336,farm_gateway_s3,27.1,29.5,0,7.4,0,0,0,31.9,65.0,33.4,63.0,1006.0,0.0,0.0,0.0,0.2,0.0,4.0,25.3,39.4,41.7,114400.0,2026-08-14 04:45:00+00:00,False,False,,2026-08-14 11:45:00+07:00,15.0,0.0,2026-08-14
7,farm_gateway_s3:1786683600,2026-08-14T05:00:00Z,46248.5,farm_gateway_s3,27.1,29.6,0,7.4,0,0,0,32.3,64.0,34.2,62.0,1005.0,0.0,0.0,0.0,0.2,0.0,2.0,25.8,40.5,43.5,55000.0,2026-08-14 05:00:00+00:00,False,False,,2026-08-14 12:00:00+07:00,15.0,0.0,2026-08-14
8,farm_gateway_s3:1786684500,2026-08-14T05:15:00Z,46248.510416666664,farm_gateway_s3,27.1,29.8,0,7.4,0,0,0,32.6,63.0,34.1,60.0,1005.0,0.0,0.0,0.0,0.2,0.0,2.0,25.1,40.1,42.4,54560.0,2026-08-14 05:15:00+00:00,False,False,,2026-08-14 12:15:00+07:00,15.0,0.0,2026-08-14
9,farm_gateway_s3:1786685400,2026-08-14T05:30:00Z,46248.520833333336,farm_gateway_s3,27.1,29.9,0,7.4,0,0,0,32.8,62.0,32.5,67.0,1005.0,0.0,0.0,0.0,0.2,0.0,1.0,25.5,38.6,40.9,26950.0,2026-08-14 05:30:00+00:00,False,False,,2026-08-14 12:30:00+07:00,15.0,0.0,2026-08-14
10,farm_gateway_s3:1786686300,2026-08-14T05:45:00Z,46248.53125,farm_gateway_s3,27.1,30.0,0,7.4,0,0,0,32.7,62.0,32.5,66.0,1005.0,0.0,0.0,0.0,0.2,0.0,2.0,25.2,38.5,40.4,66880.0,2026-08-14 05:45:00+00:00,False,False,,2026-08-14 12:45:00+07:00,15.0,0.0,2026-08-14
11,farm_gateway_s3:1786687200,2026-08-14T06:00:00Z,46248.541666666664,farm_gateway_s3,27.0,30.1,0,7.5,0,0,0,32.8,61.0,32.8,64.0,1005.0,0.0,0.0,0.0,0.2,0.0,3.0,25.0,38.7,40.5,94820.0,2026-08-14 06:00:00+00:00,False,False,,2026-08-14 13:00:00+07:00,15.0,-0.10000000000000142,2026-08-14
12,farm_gateway_s3:1786688100,2026-08-14T06:15:00Z,46248.552083333336,farm_gateway_s3,27.0,30.2,0,7.5,0,0,0,32.9,60.0,32.0,66.0,1005.0,0.0,0.0,0.0,0.2,0.0,2.0,24.8,37.7,39.0,47300.0,2026-08-14 06:15:00+00:00,False,False,,2026-08-14 13:15:00+07:00,15.0,0.0,2026-08-14
13,farm_gateway_s3:1786689000,2026-08-14T06:30:00Z,46248.5625,farm_gateway_s3,27.0,30.3,0,7.5,0,0,0,32.9,61.0,32.3,68.0,1005.0,0.0,0.0,0.0,0.2,0.0,2.0,25.6,38.4,40.5,54780.0,2026-08-14 06:30:00+00:00,False,False,,2026-08-14 13:30:00+07:00,15.0,0.0,2026-08-14
14,farm_gateway_s3:1786689900,2026-08-14T06:45:00Z,46248.572916666664,farm_gateway_s3,27.0,30.4,0,7.5,0,0,0,33.0,62.0,33.8,66.0,1005.0,0.0,0.0,0.0,0.2,0.0,2.0,26.5,40.3,44.1,69740.0,2026-08-14 06:45:00+00:00,False,False,,2026-08-14 13:45:00+07:00,15.0,0.0,2026-08-14
15,farm_gateway_s3:1786690800,2026-08-14T07:00:00Z,46248.583333333336,farm_gateway_s3,27.0,30.5,0,7.5,0,0,0,33.4,62.0,34.0,64.0,1004.0,0.1,0.0,0.0,0.2,0.0,2.0,26.1,40.4,43.9,52580.0,2026-08-14 07:00:00+00:00,False,False,,2026-08-14 14:00:00+07:00,15.0,0.0,2026-08-14
16,farm_gateway_s3:1786691700,2026-08-14T07:15:00Z,46248.59375,farm_gateway_s3,26.9,30.6,0,7.5,0,0,0,33.5,61.0,33.7,65.0,1004.0,0.0,0.0,0.0,0.2,0.0,2.0,26.1,40.1,43.3,56100.0,2026-08-14 07:15:00+00:00,False,False,,2026-08-14 14:15:00+07:00,15.0,-0.10000000000000142,2026-08-14
17,farm_gateway_s3:1786692600,2026-08-14T07:30:00Z,46248.604166666664,farm_gateway_s3,26.9,30.8,0,7.5,0,0,0,33.7,59.0,34.3,60.0,1004.0,0.0,2.6,0.0,0.2,0.0,3.0,25.3,40.4,43.0,86240.0,2026-08-14 07:30:00+00:00,False,False,,2026-08-14 14:30:00+07:00,15.0,0.0,2026-08-14
18,farm_gateway_s3:1786693500,2026-08-14T07:45:00Z,46248.614583333336,farm_gateway_s3,26.8,30.8,0,7.6,0,0,0,34.0,59.0,34.9,57.0,1004.0,0.0,0.0,0.0,0.2,0.0,2.0,25.0,40.9,43.3,44000.0,2026-08-14 07:45:00+00:00,False,False,,2026-08-14 14:45:00+07:00,15.0,-0.09999999999999787,2026-08-14
19,farm_gateway_s3:1786694400,2026-08-14T08:00:00Z,46248.625,farm_gateway_s3,26.8,30.9,0,7.6,0,0,0,34.1,57.0,35.3,56.0,1003.0,0.0,0.0,0.0,0.2,0.0,3.0,25.1,41.4,44.0,75240.0,2026-08-14 08:00:00+00:00,False,False,,2026-08-14 15:00:00+07:00,15.0,0.0,2026-08-14
20,farm_gateway_s3:1786695300,2026-08-14T08:15:00Z,46248.635416666664,farm_gateway_s3,26.8,31.0,0,7.5,0,0,0,34.3,57.0,35.3,56.0,1003.0,0.0,0.0,0.0,0.2,0.0,4.0,25.1,41.4,44.0,100760.0,2026-08-14 08:15:00+00:00,False,False,,2026-08-14 15:15:00+07:00,15.0,0.0,2026-08-14
21,farm_gateway_s3:1786696200,2026-08-14T08:30:00Z,46248.645833333336,farm_gateway_s3,26.8,31.1,0,7.6,0,0,0,34.4,57.0,33.8,63.0,1003.0,0.0,0.0,0.0,0.2,0.0,3.0,25.7,40.0,42.8,77880.0,2026-08-14 08:30:00+00:00,False,False,,2026-08-14 15:30:00+07:00,15.0,0.0,2026-08-14
22,farm_gateway_s3:1786697100,2026-08-14T08:45:00Z,46248.65625,farm_gateway_s3,26.8,31.2,0,7.6,0,0,0,34.4,57.0,33.9,61.0,1003.0,0.0,0.0,0.0,0.2,0.0,3.0,25.2,40.0,42.3,78320.0,2026-08-14 08:45:00+00:00,False,False,,2026-08-14 15:45:00+07:00,15.0,0.0,2026-08-14
23,farm_gateway_s3:1786698000,2026-08-14T09:00:00Z,46248.666666666664,farm_gateway_s3,26.7,31.2,0,7.6,0,0,0,34.4,57.0,34.0,61.0,1003.0,0.0,0.0,0.0,0.2,0.0,2.0,25.3,40.1,42.6,67980.0,2026-08-14 09:00:00+00:00,False,False,,2026-08-14 16:00:00+07:00,15.0,-0.10000000000000142,2026-08-14
24,farm_gateway_s3:1786698900,2026-08-14T09:15:00Z,46248.677083333336,farm_gateway_s3,26.7,31.2,0,7.6,0,0,0,34.4,56.0,34.4,58.0,1003.0,0.0,0.0,0.0,0.2,0.0,2.0,24.9,40.3,42.5,52800.0,2026-08-14 09:15:00+00:00,False,False,,2026-08-14 16:15:00+07:00,15.0,0.0,2026-08-14
25,farm_gateway_s3:1786699800,2026-08-14T09:30:00Z,46248.6875,farm_gateway_s3,26.7,31.3,0,7.6,0,0,0,34.4,56.0,34.7,58.0,1003.0,0.0,0.0,0.0,0.2,0.0,0.0,25.1,40.8,43.2,15230.0,2026-08-14 09:30:00+00:00,False,False,,2026-08-14 16:30:00+07:00,15.0,0.0,2026-08-14
26,farm_gateway_s3:1786700700,2026-08-14T09:45:00Z,46248.697916666664,farm_gateway_s3,26.7,31.3,0,7.6,0,0,0,34.2,55.0,33.8,58.0,1003.0,0.0,11.3,0.0,0.2,0.0,1.0,24.3,39.5,40.7,34540.0,2026-08-14 09:45:00+00:00,False,False,,2026-08-14 16:45:00+07:00,15.0,0.0,2026-08-14
27,farm_gateway_s3:1786701600,2026-08-14T10:00:00Z,46248.708333333336,farm_gateway_s3,26.6,31.3,0,7.6,0,0,0,33.9,55.0,33.9,59.0,1003.0,0.3,0.0,0.0,0.2,0.0,1.0,24.7,39.7,41.4,26620.0,2026-08-14 10:00:00+00:00,False,False,,2026-08-14 17:00:00+07:00,15.0,-0.09999999999999787,2026-08-14
28,farm_gateway_s3:1786702500,2026-08-14T10:15:00Z,46248.71875,farm_gateway_s3,26.6,31.3,0,7.6,0,0,0,33.8,55.0,33.3,60.0,1003.0,0.0,0.0,0.0,0.2,0.0,1.0,24.4,39.0,40.3,19360.0,2026-08-14 10:15:00+00:00,False,False,,2026-08-14 17:15:00+07:00,15.0,0.0,2026-08-14
29,farm_gateway_s3:1786703400,2026-08-14T10:30:00Z,46248.729166666664,farm_gateway_s3,26.5,31.3,0,7.6,0,0,0,33.8,56.0,33.6,61.0,1003.0,0.0,0.0,0.0,0.2,0.0,0.0,25.0,39.5,41.4,13580.0,2026-08-14 10:30:00+00:00,False,False,,2026-08-14 17:30:00+07:00,15.0,-0.10000000000000142,2026-08-14
30,farm_gateway_s3:1786704300,2026-08-14T10:45:00Z,46248.739583333336,farm_gateway_s3,26.5,31.2,0,7.6,0,0,0,33.6,56.0,31.0,68.0,1003.0,0.0,0.0,0.0,0.2,0.0,0.0,24.3,36.5,37.1,3340.0,2026-08-14 10:45:00+00:00,False,False,,2026-08-14 17:45:00+07:00,15.0,0.0,2026-08-14
31,farm_gateway_s3:1786705200,2026-08-14T11:00:00Z,46248.75,farm_gateway_s3,26.5,31.2,0,7.6,0,0,0,33.3,57.0,30.7,70.0,1004.0,0.0,0.0,0.0,0.2,0.0,0.0,24.5,36.3,36.6,3820.0,2026-08-14 11:00:00+00:00,False,False,,2026-08-14 18:00:00+07:00,15.0,0.0,2026-08-14
32,farm_gateway_s3:1786706100,2026-08-14T11:15:00Z,46248.760416666664,farm_gateway_s3,26.5,31.1,0,7.6,0,0,0,32.9,58.0,29.7,71.0,1004.0,0.0,0.0,0.0,0.2,0.0,0.0,23.8,34.9,34.6,2090.0,2026-08-14 11:15:00+00:00,False,False,,2026-08-14 18:15:00+07:00,15.0,0.0,2026-08-14
33,farm_gateway_s3:1786707000,2026-08-14T11:30:00Z,46248.770833333336,farm_gateway_s3,26.5,31.0,0,7.6,0,0,0,32.6,57.0,28.9,73.0,1004.0,0.0,0.0,0.0,0.2,0.0,0.0,23.5,34.0,33.1,1040.0,2026-08-14 11:30:00+00:00,False,False,,2026-08-14 18:30:00+07:00,15.0,0.0,2026-08-14
34,farm_gateway_s3:1786707900,2026-08-14T11:45:00Z,46248.78125,farm_gateway_s3,26.4,31.0,0,7.6,0,0,0,32.2,58.0,28.0,77.0,1004.0,0.0,0.0,0.0,0.2,0.0,0.0,23.5,33.0,31.7,160.0,2026-08-14 11:45:00+00:00,False,False,,2026-08-14 18:45:00+07:00,15.0,-0.10000000000000142,2026-08-14
35,farm_gateway_s3:1786708800,2026-08-14T12:00:00Z,46248.791666666664,farm_gateway_s3,26.4,30.9,0,7.6,0,0,0,31.9,61.0,27.8,81.0,1004.0,0.0,0.0,0.0,0.2,0.0,0.0,24.2,33.0,31.7,0.0,2026-08-14 12:00:00+00:00,False,False,,2026-08-14 19:00:00+07:00,15.0,0.0,2026-08-14
36,farm_gateway_s3:1786709700,2026-08-14T12:15:00Z,46248.802083333336,farm_gateway_s3,26.4,30.8,0,7.6,0,0,0,31.6,62.0,27.7,81.0,1004.0,0.0,0.0,0.0,0.2,0.0,0.0,24.1,32.9,31.6,0.0,2026-08-14 12:15:00+00:00,False,False,,2026-08-14 19:15:00+07:00,15.0,0.0,2026-08-14
37,farm_gateway_s3:1786710600,2026-08-14T12:30:00Z,46248.8125,farm_gateway_s3,26.4,30.8,0,7.6,0,0,0,31.4,63.0,27.5,82.0,1004.0,0.0,0.0,0.0,0.2,0.0,0.0,24.1,32.7,31.2,0.0,2026-08-14 12:30:00+00:00,False,False,,2026-08-14 19:30:00+07:00,15.0,0.0,2026-08-14
38,farm_gateway_s3:1786711500,2026-08-14T12:45:00Z,46248.822916666664,farm_gateway_s3,26.4,30.6,0,7.6,0,0,0,31.3,63.0,27.3,83.0,1004.0,0.0,0.0,0.0,0.2,0.0,0.0,24.1,32.5,30.9,0.0,2026-08-14 12:45:00+00:00,False,False,,2026-08-14 19:45:00+07:00,15.0,0.0,2026-08-14
39,farm_gateway_s3:1786712400,2026-08-14T13:00:00Z,46248.833333333336,farm_gateway_s3,26.4,30.5,0,7.5,0,0,0,31.1,64.0,27.4,83.0,1005.0,0.0,0.0,0.0,0.2,0.0,0.0,24.2,32.6,31.0,0.0,2026-08-14 13:00:00+00:00,False,False,,2026-08-14 20:00:00+07:00,15.0,0.0,2026-08-14
40,farm_gateway_s3:1786713300,2026-08-14T13:15:00Z,46248.84375,farm_gateway_s3,26.4,30.5,0,7.6,0,0,0,31.0,64.0,27.3,83.0,1005.0,0.0,0.0,0.0,0.2,0.0,0.0,24.1,32.5,30.9,0.0,2026-08-14 13:15:00+00:00,False,False,,2026-08-14 20:15:00+07:00,15.0,0.0,2026-08-14
41,farm_gateway_s3:1786714200,2026-08-14T13:30:00Z,46248.854166666664,farm_gateway_s3,26.3,30.4,0,7.6,0,0,0,30.9,64.0,27.4,83.0,1005.0,0.0,0.0,0.0,0.2,0.0,0.0,24.2,32.6,31.0,0.0,2026-08-14 13:30:00+00:00,False,False,,2026-08-14 20:30:00+07:00,15.0,-0.09999999999999787,2026-08-14
42,farm_gateway_s3:1786715100,2026-08-14T13:45:00Z,46248.864583333336,farm_gateway_s3,26.3,30.4,0,7.6,0,0,0,30.7,65.0,27.1,84.0,1005.0,0.0,0.0,0.0,0.2,0.0,0.0,24.1,32.3,30.5,0.0,2026-08-14 13:45:00+00:00,False,False,,2026-08-14 20:45:00+07:00,15.0,0.0,2026-08-14
43,farm_gateway_s3:1786716000,2026-08-14T14:00:00Z,46248.875,farm_gateway_s3,26.3,30.3,0,7.6,0,0,0,30.7,66.0,27.5,85.0,1006.0,0.0,0.0,0.0,0.2,0.0,0.0,24.7,32.9,31.7,0.0,2026-08-14 14:00:00+00:00,False,False,,2026-08-14 21:00:00+07:00,15.0,0.0,2026-08-14
44,farm_gateway_s3:1786755600,2026-08-15T01:00:00Z,46249.333333333336,farm_gateway_s3,26.0,28.8,0,7.4,0,0,0,28.7,72.0,29.8,75.0,1006.0,0.0,0.0,0.0,0.0,0.0,1.0,24.8,35.4,35.8,20840.0,2026-08-15 01:00:00+00:00,False,False,,2026-08-15 08:00:00+07:00,660.0,,2026-08-15
45,farm_gateway_s3:1786756500,2026-08-15T01:15:00Z,46249.34375,farm_gateway_s3,25.9,28.8,0,7.4,0,0,0,28.9,71.0,29.6,75.0,1006.0,0.0,0.0,0.0,0.0,0.0,1.0,24.6,35.1,35.2,22770.0,2026-08-15 01:15:00+00:00,False,False,,2026-08-15 08:15:00+07:00,15.0,-0.10000000000000142,2026-08-15
46,farm_gateway_s3:1786757400,2026-08-15T01:30:00Z,46249.354166666664,farm_gateway_s3,25.9,28.8,0,7.4,0,0,0,29.1,71.0,29.3,78.0,1006.0,0.0,0.0,0.0,0.0,0.0,1.0,25.0,34.9,35.0,22990.0,2026-08-15 01:30:00+00:00,False,False,,2026-08-15 08:30:00+07:00,15.0,0.0,2026-08-15
47,farm_gateway_s3:1786758300,2026-08-15T01:45:00Z,46249.364583333336,farm_gateway_s3,26.0,28.8,0,7.5,0,0,0,29.3,71.0,29.9,75.0,1006.0,0.0,0.0,0.0,0.0,0.0,1.0,24.9,35.5,36.0,24970.0,2026-08-15 01:45:00+00:00,False,False,,2026-08-15 08:45:00+07:00,15.0,0.10000000000000142,2026-08-15
48,farm_gateway_s3:1786759200,2026-08-15T02:00:00Z,46249.375,farm_gateway_s3,26.0,28.9,0,7.4,0,0,0,29.6,71.0,30.3,74.0,1006.0,0.0,0.0,0.0,0.0,0.0,1.0,25.1,36.0,36.8,34540.0,2026-08-15 02:00:00+00:00,False,False,,2026-08-15 09:00:00+07:00,15.0,0.0,2026-08-15
49,farm_gateway_s3:1786760100,2026-08-15T02:15:00Z,46249.385416666664,farm_gateway_s3,25.9,28.9,0,7.4,0,0,0,29.8,70.0,30.2,75.0,1006.0,0.0,0.0,0.0,0.0,0.0,1.0,25.2,36.0,36.9,31460.0,2026-08-15 02:15:00+00:00,False,False,,2026-08-15 09:15:00+07:00,15.0,-0.10000000000000142,2026-08-15
50,farm_gateway_s3:1786761000,2026-08-15T02:30:00Z,46249.395833333336,farm_gateway_s3,25.9,28.9,0,7.4,0,0,0,29.9,70.0,30.1,73.0,1006.0,0.0,0.0,0.0,0.0,0.0,1.0,24.6,35.7,36.0,32560.0,2026-08-15 02:30:00+00:00,False,False,,2026-08-15 09:30:00+07:00,15.0,0.0,2026-08-15
51,farm_gateway_s3:1786761900,2026-08-15T02:45:00Z,46249.40625,farm_gateway_s3,25.9,28.9,0,7.5,0,0,0,30.1,70.0,30.8,73.0,1006.0,0.0,0.0,0.0,0.0,0.0,2.0,25.3,36.7,37.8,53240.0,2026-08-15 02:45:00+00:00,False,False,,2026-08-15 09:45:00+07:00,15.0,0.0,2026-08-15
52,farm_gateway_s3:1786762800,2026-08-15T03:00:00Z,46249.416666666664,farm_gateway_s3,25.9,29.0,0,7.5,0,0,0,30.4,70.0,31.6,72.0,1007.0,0.0,0.0,0.0,0.0,0.0,2.0,25.9,37.7,39.8,61600.0,2026-08-15 03:00:00+00:00,False,False,,2026-08-15 10:00:00+07:00,15.0,0.0,2026-08-15
53,farm_gateway_s3:1786763700,2026-08-15T03:15:00Z,46249.427083333336,farm_gateway_s3,25.9,29.1,0,7.5,0,0,0,30.6,69.0,32.0,69.0,1007.0,0.0,0.0,0.0,0.0,0.0,4.0,25.5,38.0,40.1,100540.0,2026-08-15 03:15:00+00:00,False,False,,2026-08-15 10:15:00+07:00,15.0,0.0,2026-08-15
54,farm_gateway_s3:1786764600,2026-08-15T03:30:00Z,46249.4375,farm_gateway_s3,25.9,29.1,0,7.5,0,0,0,30.9,68.0,32.8,66.0,1007.0,0.0,0.0,0.0,0.0,0.0,4.0,25.5,38.9,41.3,110660.0,2026-08-15 03:30:00+00:00,False,False,,2026-08-15 10:30:00+07:00,15.0,0.0,2026-08-15
55,farm_gateway_s3:1786765500,2026-08-15T03:45:00Z,46249.447916666664,farm_gateway_s3,25.9,29.2,0,7.5,0,0,0,31.3,67.0,33.4,64.0,1007.0,0.2,0.0,0.0,0.0,0.0,4.0,25.6,39.5,42.1,99000.0,2026-08-15 03:45:00+00:00,False,False,,2026-08-15 10:45:00+07:00,15.0,0.0,2026-08-15
56,farm_gateway_s3:1786766400,2026-08-15T04:00:00Z,46249.458333333336,farm_gateway_s3,25.8,29.3,0,7.5,0,0,0,31.6,65.0,32.4,64.0,1007.0,0.0,0.0,0.0,0.0,0.0,3.0,24.6,38.1,39.5,83600.0,2026-08-15 04:00:00+00:00,False,False,,2026-08-15 11:00:00+07:00,15.0,-0.09999999999999787,2026-08-15
57,farm_gateway_s3:1786767300,2026-08-15T04:15:00Z,46249.46875,farm_gateway_s3,25.8,29.4,0,7.5,0,0,0,31.9,63.0,33.1,66.0,1007.0,0.0,0.0,0.0,0.0,0.0,4.0,25.8,39.3,42.1,110220.0,2026-08-15 04:15:00+00:00,False,False,,2026-08-15 11:15:00+07:00,15.0,0.0,2026-08-15
58,farm_gateway_s3:1786768200,2026-08-15T04:30:00Z,46249.479166666664,farm_gateway_s3,25.8,29.5,0,7.5,0,0,0,32.4,63.0,34.6,61.0,1007.0,0.0,0.0,0.0,0.0,0.0,4.0,25.9,41.0,44.2,120780.0,2026-08-15 04:30:00+00:00,False,False,,2026-08-15 11:30:00+07:00,15.0,0.0,2026-08-15
59,farm_gateway_s3:1786769100,2026-08-15T04:45:00Z,46249.489583333336,farm_gateway_s3,25.8,29.7,0,7.5,0,0,0,32.7,61.0,33.8,59.0,1007.0,0.0,0.0,0.0,0.0,0.0,2.0,24.6,39.6,41.2,74360.0,2026-08-15 04:45:00+00:00,False,False,,2026-08-15 11:45:00+07:00,15.0,0.0,2026-08-15
60,farm_gateway_s3:1786770000,2026-08-15T05:00:00Z,46249.5,farm_gateway_s3,25.8,29.8,0,7.5,0,0,0,33.0,60.0,33.5,60.0,1006.0,0.0,0.0,0.0,0.0,0.0,1.0,24.6,39.3,40.8,33440.0,2026-08-15 05:00:00+00:00,False,False,,2026-08-15 12:00:00+07:00,15.0,0.0,2026-08-15
61,farm_gateway_s3:1786770900,2026-08-15T05:15:00Z,46249.510416666664,farm_gateway_s3,25.8,30.0,0,7.6,0,0,0,33.1,59.0,33.3,61.0,1006.0,0.0,0.0,0.0,0.0,0.0,5.0,24.7,39.1,40.8,141020.0,2026-08-15 05:15:00+00:00,False,False,,2026-08-15 12:15:00+07:00,15.0,0.0,2026-08-15
62,farm_gateway_s3:1786771800,2026-08-15T05:30:00Z,46249.520833333336,farm_gateway_s3,25.7,30.1,0,7.6,0,0,0,33.4,59.0,34.6,60.0,1006.0,0.0,0.0,0.0,0.0,0.0,4.0,25.6,40.8,43.8,111100.0,2026-08-15 05:30:00+00:00,False,False,,2026-08-15 12:30:00+07:00,15.0,-0.10000000000000142,2026-08-15
63,farm_gateway_s3:1786772700,2026-08-15T05:45:00Z,46249.53125,farm_gateway_s3,25.7,30.2,0,7.6,0,0,0,33.7,58.0,34.7,56.0,1006.0,0.0,0.0,0.0,0.0,0.0,1.0,24.5,40.5,42.3,40150.0,2026-08-15 05:45:00+00:00,False,False,,2026-08-15 12:45:00+07:00,15.0,0.0,2026-08-15
64,farm_gateway_s3:1786773600,2026-08-15T06:00:00Z,46249.541666666664,farm_gateway_s3,25.7,30.4,0,7.6,0,0,0,33.9,57.0,34.7,57.0,1005.0,0.0,0.0,0.0,0.0,0.0,1.0,24.8,40.7,42.7,32340.0,2026-08-15 06:00:00+00:00,False,False,,2026-08-15 13:00:00+07:00,15.0,0.0,2026-08-15
65,farm_gateway_s3:1786774500,2026-08-15T06:15:00Z,46249.552083333336,farm_gateway_s3,25.6,30.5,0,7.6,0,0,0,34.1,56.0,35.0,56.0,1005.0,0.0,0.0,0.0,0.0,0.0,1.0,24.8,41.0,43.2,39270.0,2026-08-15 06:15:00+00:00,False,False,,2026-08-15 13:15:00+07:00,15.0,-0.09999999999999787,2026-08-15
66,farm_gateway_s3:1786775400,2026-08-15T06:30:00Z,46249.5625,farm_gateway_s3,25.6,30.7,0,7.6,0,0,0,34.3,56.0,35.7,53.0,1005.0,0.0,0.0,0.0,0.0,0.0,1.0,24.5,41.6,43.7,40150.0,2026-08-15 06:30:00+00:00,False,False,,2026-08-15 13:30:00+07:00,15.0,0.0,2026-08-15
67,farm_gateway_s3:1786776300,2026-08-15T06:45:00Z,46249.572916666664,farm_gateway_s3,25.6,30.8,0,7.7,0,0,0,34.5,55.0,35.3,55.0,1005.0,0.0,0.0,0.0,0.0,0.0,4.0,24.8,41.3,43.5,107800.0,2026-08-15 06:45:00+00:00,False,False,,2026-08-15 13:45:00+07:00,15.0,0.0,2026-08-15
68,farm_gateway_s3:1786777200,2026-08-15T07:00:00Z,46249.583333333336,farm_gateway_s3,25.5,31.0,0,7.7,0,0,0,34.7,54.0,35.5,54.0,1005.0,0.1,0.0,0.0,0.0,0.0,4.0,24.7,41.5,43.6,110440.0,2026-08-15 07:00:00+00:00,False,False,,2026-08-15 14:00:00+07:00,15.0,-0.10000000000000142,2026-08-15
69,farm_gateway_s3:1786778100,2026-08-15T07:15:00Z,46249.59375,farm_gateway_s3,25.5,31.1,0,7.7,0,0,0,35.0,54.0,34.7,56.0,1005.0,0.0,0.0,0.0,0.0,0.0,2.0,24.5,40.5,42.3,50820.0,2026-08-15 07:15:00+00:00,False,False,,2026-08-15 14:15:00+07:00,15.0,0.0,2026-08-15
70,farm_gateway_s3:1786779000,2026-08-15T07:30:00Z,46249.604166666664,farm_gateway_s3,25.4,31.2,0,7.7,0,0,0,34.9,52.0,34.8,55.0,1005.0,0.0,0.0,0.0,0.0,0.0,3.0,24.3,40.6,42.1,87340.0,2026-08-15 07:30:00+00:00,False,False,,2026-08-15 14:30:00+07:00,15.0,-0.10000000000000142,2026-08-15
71,farm_gateway_s3:1786779900,2026-08-15T07:45:00Z,46249.614583333336,farm_gateway_s3,25.4,31.4,0,7.8,0,0,0,35.1,52.0,34.2,56.0,1005.0,0.2,0.0,0.0,0.0,0.0,1.0,24.1,39.8,41.0,28380.0,2026-08-15 07:45:00+00:00,False,False,,2026-08-15 14:45:00+07:00,15.0,0.0,2026-08-15
72,farm_gateway_s3:1786795200,2026-08-15T12:00:00Z,46249.791666666664,farm_gateway_s3,25.2,30.9,0,7.7,0,0,0,32.0,62.0,28.5,80.0,1005.0,0.0,0.0,0.0,0.0,0.0,0.0,24.6,34.0,33.5,0.0,2026-08-15 12:00:00+00:00,False,False,,2026-08-15 19:00:00+07:00,255.0,,2026-08-15
73,farm_gateway_s3:1786796100,2026-08-15T12:15:00Z,46249.802083333336,farm_gateway_s3,25.2,30.8,0,7.7,0,0,0,31.7,63.0,28.0,81.0,1005.0,0.0,0.0,0.0,0.0,0.0,0.0,24.4,33.3,32.3,0.0,2026-08-15 12:15:00+00:00,False,False,,2026-08-15 19:15:00+07:00,15.0,0.0,2026-08-15
74,farm_gateway_s3:1786797000,2026-08-15T12:30:00Z,46249.8125,farm_gateway_s3,25.2,30.8,0,7.7,0,0,0,31.4,64.0,27.7,83.0,1005.0,0.0,0.0,0.0,0.0,0.0,0.0,24.5,33.0,31.7,0.0,2026-08-15 12:30:00+00:00,False,False,,2026-08-15 19:30:00+07:00,15.0,0.0,2026-08-15
75,farm_gateway_s3:1786797900,2026-08-15T12:45:00Z,46249.822916666664,farm_gateway_s3,25.2,30.7,0,7.7,0,0,0,31.3,65.0,27.5,84.0,1005.0,0.0,0.0,0.0,0.0,0.0,0.0,24.5,32.8,31.5,0.0,2026-08-15 12:45:00+00:00,False,False,,2026-08-15 19:45:00+07:00,15.0,0.0,2026-08-15
76,farm_gateway_s3:1786798800,2026-08-15T13:00:00Z,46249.833333333336,farm_gateway_s3,25.2,30.6,0,7.7,0,0,0,31.1,65.0,27.2,85.0,1005.0,0.0,0.0,0.0,0.0,0.0,0.0,24.4,32.5,30.8,0.0,2026-08-15 13:00:00+00:00,False,False,,2026-08-15 20:00:00+07:00,15.0,0.0,2026-08-15
77,farm_gateway_s3:1786799700,2026-08-15T13:15:00Z,46249.84375,farm_gateway_s3,25.1,30.5,0,7.7,0,0,0,30.9,66.0,27.2,85.0,1005.0,0.0,0.0,0.0,0.0,0.0,0.0,24.4,32.5,30.8,0.0,2026-08-15 13:15:00+00:00,False,False,,2026-08-15 20:15:00+07:00,15.0,-0.09999999999999787,2026-08-15
78,farm_gateway_s3:1786800600,2026-08-15T13:30:00Z,46249.854166666664,farm_gateway_s3,25.1,30.5,0,7.7,0,0,0,30.8,66.0,26.8,87.0,1005.0,0.0,0.0,0.0,0.0,0.0,0.0,24.4,32.0,30.0,0.0,2026-08-15 13:30:00+00:00,False,False,,2026-08-15 20:30:00+07:00,15.0,0.0,2026-08-15
79,farm_gateway_s3:1786801500,2026-08-15T13:45:00Z,46249.864583333336,farm_gateway_s3,25.1,30.4,0,7.7,0,0,0,30.7,66.0,26.7,88.0,1005.0,0.0,0.0,0.0,0.0,0.0,0.0,24.5,32.0,29.6,0.0,2026-08-15 13:45:00+00:00,False,False,,2026-08-15 20:45:00+07:00,15.0,0.0,2026-08-15
80,farm_gateway_s3:1786802400,2026-08-15T14:00:00Z,46249.875,farm_gateway_s3,25.1,30.4,0,7.7,0,0,0,,,,,,,,,,,,,,,,2026-08-15 14:00:00+00:00,False,True,,2026-08-15 21:00:00+07:00,15.0,0.0,2026-08-15
81,farm_gateway_s3:1786803300,2026-08-15T14:15:00Z,46249.885416666664,farm_gateway_s3,25.0,30.3,0,7.7,0,0,0,30.4,67.0,27.0,84.0,1006.0,0.0,0.0,0.0,0.0,0.0,0.0,24.0,32.1,30.2,0.0,2026-08-15 14:15:00+00:00,False,False,,2026-08-15 21:15:00+07:00,15.0,-0.10000000000000142,2026-08-15
82,farm_gateway_s3:1786804200,2026-08-15T14:30:00Z,46249.895833333336,farm_gateway_s3,25.1,30.3,0,7.7,0,0,0,30.2,67.0,26.8,87.0,1006.0,0.0,0.0,0.0,0.0,0.0,0.0,24.4,32.0,30.0,0.0,2026-08-15 14:30:00+00:00,False,False,,2026-08-15 21:30:00+07:00,15.0,0.10000000000000142,2026-08-15
83,farm_gateway_s3:1786805100,2026-08-15T14:45:00Z,46249.90625,farm_gateway_s3,25.1,30.2,0,7.7,0,0,0,30.1,69.0,26.6,89.0,1006.0,0.0,0.0,0.0,0.0,0.0,0.0,24.6,31.9,26.6,0.0,2026-08-15 14:45:00+00:00,False,False,,2026-08-15 21:45:00+07:00,15.0,0.0,2026-08-15
84,farm_gateway_s3:1786806000,2026-08-15T15:00:00Z,46249.916666666664,farm_gateway_s3,25.0,30.2,0,7.7,0,0,0,30.0,69.0,26.5,89.0,1007.0,0.0,0.0,0.0,0.0,0.0,0.0,24.5,31.7,26.5,0.0,2026-08-15 15:00:00+00:00,False,False,,2026-08-15 22:00:00+07:00,15.0,-0.10000000000000142,2026-08-15
85,farm_gateway_s3:1786841100,2026-08-16T00:45:00Z,46250.322916666664,farm_gateway_s3,25.0,28.8,0,7.6,0,0,0,27.5,75.0,26.8,86.0,1006.0,0.0,0.0,0.0,0.0,0.0,1.0,24.2,32.0,29.8,19690.0,2026-08-16 00:45:00+00:00,False,False,,2026-08-16 07:45:00+07:00,585.0,,2026-08-16
86,farm_gateway_s3:1786842000,2026-08-16T01:00:00Z,46250.333333333336,farm_gateway_s3,25.0,28.8,0,7.6,0,0,0,27.7,74.0,28.9,76.0,1007.0,0.0,0.0,0.0,0.0,0.0,1.0,24.2,34.2,33.6,24640.0,2026-08-16 01:00:00+00:00,False,False,,2026-08-16 08:00:00+07:00,15.0,0.0,2026-08-16
87,farm_gateway_s3:1786842900,2026-08-16T01:15:00Z,46250.34375,farm_gateway_s3,25.0,28.8,0,7.6,0,0,0,28.0,72.0,28.5,77.0,1007.0,0.0,0.0,0.0,0.0,0.0,0.0,24.0,33.7,33.0,12540.0,2026-08-16 01:15:00+00:00,False,False,,2026-08-16 08:15:00+07:00,15.0,0.0,2026-08-16
88,farm_gateway_s3:1786843800,2026-08-16T01:30:00Z,46250.354166666664,farm_gateway_s3,25.0,28.8,0,7.6,0,0,0,28.2,72.0,29.6,74.0,1007.0,0.0,0.0,0.0,0.0,0.0,1.0,24.4,35.0,34.9,28600.0,2026-08-16 01:30:00+00:00,False,False,,2026-08-16 08:30:00+07:00,15.0,0.0,2026-08-16
89,farm_gateway_s3:1786844700,2026-08-16T01:45:00Z,46250.364583333336,farm_gateway_s3,25.0,28.8,0,7.6,0,0,0,28.5,71.0,29.4,75.0,1007.0,0.0,0.0,0.0,0.0,0.0,1.0,24.4,34.8,34.7,30690.0,2026-08-16 01:45:00+00:00,False,False,,2026-08-16 08:45:00+07:00,15.0,0.0,2026-08-16
90,farm_gateway_s3:1786845600,2026-08-16T02:00:00Z,46250.375,farm_gateway_s3,25.0,28.8,0,7.6,0,0,0,28.7,70.0,30.0,70.0,1008.0,0.0,0.0,0.0,0.0,0.0,1.0,23.8,35.3,35.1,40480.0,2026-08-16 02:00:00+00:00,False,False,,2026-08-16 09:00:00+07:00,15.0,0.0,2026-08-16
91,farm_gateway_s3:1786846500,2026-08-16T02:15:00Z,46250.385416666664,farm_gateway_s3,25.0,28.8,0,7.7,0,0,0,29.0,70.0,31.0,69.0,1008.0,0.0,0.0,0.0,0.0,0.0,2.0,24.6,36.6,37.4,65340.0,2026-08-16 02:15:00+00:00,False,False,,2026-08-16 09:15:00+07:00,15.0,0.0,2026-08-16
92,farm_gateway_s3:1786847400,2026-08-16T02:30:00Z,46250.395833333336,farm_gateway_s3,25.0,28.9,0,7.7,0,0,0,29.3,69.0,31.0,70.0,1008.0,0.0,0.0,0.0,0.0,0.0,2.0,24.8,36.7,37.6,51260.0,2026-08-16 02:30:00+00:00,False,False,,2026-08-16 09:30:00+07:00,15.0,0.0,2026-08-16
93,farm_gateway_s3:1786848300,2026-08-16T02:45:00Z,46250.40625,farm_gateway_s3,25.0,28.9,0,7.6,0,0,0,29.6,69.0,31.9,69.0,1008.0,0.0,0.0,0.0,0.0,0.0,3.0,25.4,37.9,39.8,88660.0,2026-08-16 02:45:00+00:00,False,False,,2026-08-16 09:45:00+07:00,15.0,0.0,2026-08-16
94,farm_gateway_s3:1786849200,2026-08-16T03:00:00Z,46250.416666666664,farm_gateway_s3,25.0,29.0,0,7.7,0,0,0,30.1,67.0,32.0,67.0,1007.0,0.0,0.0,0.0,0.0,0.0,2.0,25.0,37.8,39.4,58520.0,2026-08-16 03:00:00+00:00,False,False,,2026-08-16 10:00:00+07:00,15.0,0.0,2026-08-16
95,farm_gateway_s3:1786850100,2026-08-16T03:15:00Z,46250.427083333336,farm_gateway_s3,25.0,29.0,0,7.7,0,0,0,30.4,67.0,32.5,66.0,1007.0,0.0,0.0,0.0,0.0,0.0,2.0,25.2,38.5,40.4,45540.0,2026-08-16 03:15:00+00:00,False,False,,2026-08-16 10:15:00+07:00,15.0,0.0,2026-08-16
96,farm_gateway_s3:1786851000,2026-08-16T03:30:00Z,46250.4375,farm_gateway_s3,25.0,29.1,0,7.6,0,0,0,30.8,66.0,32.8,66.0,1007.0,0.0,0.0,0.0,0.0,0.0,4.0,25.5,38.9,41.3,103840.0,2026-08-16 03:30:00+00:00,False,False,,2026-08-16 10:30:00+07:00,15.0,0.0,2026-08-16
97,farm_gateway_s3:1786851900,2026-08-16T03:45:00Z,46250.447916666664,farm_gateway_s3,25.0,29.2,0,7.7,0,0,0,31.1,65.0,32.6,63.0,1007.0,0.0,0.0,0.0,0.0,0.0,4.0,24.6,38.3,39.6,115060.0,2026-08-16 03:45:00+00:00,False,False,,2026-08-16 10:45:00+07:00,15.0,0.0,2026-08-16
98,farm_gateway_s3:1786852800,2026-08-16T04:00:00Z,46250.458333333336,farm_gateway_s3,25.0,29.3,0,7.7,0,0,0,31.5,63.0,33.4,60.0,1007.0,0.0,0.0,0.0,0.0,0.0,4.0,24.5,39.1,40.6,115940.0,2026-08-16 04:00:00+00:00,False,False,,2026-08-16 11:00:00+07:00,15.0,0.0,2026-08-16
99,farm_gateway_s3:1786853700,2026-08-16T04:15:00Z,46250.46875,farm_gateway_s3,25.0,29.4,0,7.7,0,0,0,31.6,63.0,33.8,60.0,1007.0,0.0,0.0,0.0,0.0,0.0,2.0,24.9,39.7,41.6,52580.0,2026-08-16 04:15:00+00:00,False,False,,2026-08-16 11:15:00+07:00,15.0,0.0,2026-08-16
100,farm_gateway_s3:1786854600,2026-08-16T04:30:00Z,46250.479166666664,farm_gateway_s3,25.0,29.5,0,7.7,0,0,0,32.1,63.0,32.8,62.0,1007.0,0.0,0.0,0.0,0.0,0.0,1.0,24.5,38.5,39.7,33330.0,2026-08-16 04:30:00+00:00,False,False,,2026-08-16 11:30:00+07:00,15.0,0.0,2026-08-16
101,farm_gateway_s3:1786855500,2026-08-16T04:45:00Z,46250.489583333336,farm_gateway_s3,25.0,29.6,0,7.7,0,0,0,32.3,61.0,32.8,63.0,1007.0,0.0,0.0,0.0,0.0,0.0,2.0,24.7,38.6,40.1,64460.0,2026-08-16 04:45:00+00:00,False,False,,2026-08-16 11:45:00+07:00,15.0,0.0,2026-08-16
102,farm_gateway_s3:1786856400,2026-08-16T05:00:00Z,46250.5,farm_gateway_s3,25.0,29.7,0,7.7,0,0,0,32.6,60.0,32.7,66.0,1007.0,0.0,0.0,0.0,0.0,0.0,2.0,25.4,38.7,40.8,39820.0,2026-08-16 05:00:00+00:00,False,False,,2026-08-16 12:00:00+07:00,15.0,0.0,2026-08-16
103,farm_gateway_s3:1786857300,2026-08-16T05:15:00Z,46250.510416666664,farm_gateway_s3,24.9,29.8,0,7.7,0,0,0,32.7,61.0,32.3,68.0,1007.0,0.0,0.0,0.0,0.0,0.0,2.0,25.6,38.4,40.5,41470.0,2026-08-16 05:15:00+00:00,False,False,,2026-08-16 12:15:00+07:00,15.0,-0.10000000000000142,2026-08-16
104,farm_gateway_s3:1786858200,2026-08-16T05:30:00Z,46250.520833333336,farm_gateway_s3,24.9,29.9,0,7.7,0,0,0,32.9,61.0,32.3,67.0,1007.0,0.0,0.0,0.0,0.0,0.0,2.0,25.3,38.3,40.2,69960.0,2026-08-16 05:30:00+00:00,False,False,,2026-08-16 12:30:00+07:00,15.0,0.0,2026-08-16
105,farm_gateway_s3:1786859100,2026-08-16T05:45:00Z,46250.53125,farm_gateway_s3,24.9,30.0,0,7.7,0,0,0,33.1,60.0,34.0,63.0,1007.0,0.0,0.0,0.0,0.0,0.0,3.0,25.9,40.3,43.5,84480.0,2026-08-16 05:45:00+00:00,False,False,,2026-08-16 12:45:00+07:00,15.0,0.0,2026-08-16
106,farm_gateway_s3:1786860000,2026-08-16T06:00:00Z,46250.541666666664,farm_gateway_s3,24.8,30.1,0,7.8,0,0,0,33.3,59.0,33.8,63.0,1006.0,0.2,0.0,0.0,0.0,0.0,2.0,25.7,40.0,42.8,48620.0,2026-08-16 06:00:00+00:00,False,False,,2026-08-16 13:00:00+07:00,15.0,-0.09999999999999787,2026-08-16
107,farm_gateway_s3:1786860900,2026-08-16T06:15:00Z,46250.552083333336,farm_gateway_s3,24.8,30.1,0,7.8,0,0,0,33.4,58.0,32.2,64.0,1006.0,0.1,0.0,0.0,0.0,0.0,1.0,24.4,37.8,38.9,21720.0,2026-08-16 06:15:00+00:00,False,False,,2026-08-16 13:15:00+07:00,15.0,0.0,2026-08-16
108,farm_gateway_s3:1786861800,2026-08-16T06:30:00Z,46250.5625,farm_gateway_s3,24.8,30.2,0,7.8,0,0,0,,,,,,,,,,,,,,,,2026-08-16 06:30:00+00:00,False,True,,2026-08-16 13:30:00+07:00,15.0,0.0,2026-08-16
109,farm_gateway_s3:1786862700,2026-08-16T06:45:00Z,46250.572916666664,farm_gateway_s3,24.8,30.3,0,7.8,0,0,0,33.4,59.0,31.6,69.0,1006.0,0.0,0.0,0.0,0.0,0.0,1.0,25.1,37.5,38.8,26950.0,2026-08-16 06:45:00+00:00,False,False,,2026-08-16 13:45:00+07:00,15.0,0.0,2026-08-16
110,farm_gateway_s3:1786863600,2026-08-16T07:00:00Z,46250.583333333336,farm_gateway_s3,24.8,30.4,0,7.8,0,0,0,33.4,58.0,31.6,68.0,1005.0,0.0,0.0,0.0,0.0,0.0,1.0,24.9,37.4,38.6,18310.0,2026-08-16 07:00:00+00:00,False,False,,2026-08-16 14:00:00+07:00,15.0,0.0,2026-08-16
111,farm_gateway_s3:1786864500,2026-08-16T07:15:00Z,46250.59375,farm_gateway_s3,24.8,30.4,0,7.8,0,0,0,33.3,60.0,30.9,73.0,1005.0,0.0,0.0,0.0,0.0,0.0,1.0,25.4,36.8,38.3,34210.0,2026-08-16 07:15:00+00:00,False,False,,2026-08-16 14:15:00+07:00,15.0,0.0,2026-08-16
112,farm_gateway_s3:1786865400,2026-08-16T07:30:00Z,46250.604166666664,farm_gateway_s3,24.8,30.4,0,7.7,0,0,0,33.2,60.0,33.5,65.0,1005.0,0.0,0.0,0.0,0.0,0.0,4.0,25.9,39.8,42.8,103620.0,2026-08-16 07:30:00+00:00,False,False,,2026-08-16 14:30:00+07:00,15.0,0.0,2026-08-16
113,farm_gateway_s3:1786866300,2026-08-16T07:45:00Z,46250.614583333336,farm_gateway_s3,24.8,30.5,0,7.7,0,0,0,33.5,59.0,33.8,62.0,1005.0,0.0,0.0,0.0,0.0,0.0,1.0,25.4,39.9,42.5,39930.0,2026-08-16 07:45:00+00:00,False,False,,2026-08-16 14:45:00+07:00,15.0,0.0,2026-08-16
114,farm_gateway_s3:1786867200,2026-08-16T08:00:00Z,46250.625,farm_gateway_s3,24.8,30.5,0,7.7,0,0,0,33.6,59.0,32.8,64.0,1005.0,0.0,0.0,0.0,0.0,0.0,1.0,25.0,38.7,40.5,21720.0,2026-08-16 08:00:00+00:00,False,False,,2026-08-16 15:00:00+07:00,15.0,0.0,2026-08-16
115,farm_gateway_s3:1786868100,2026-08-16T08:15:00Z,46250.635416666664,farm_gateway_s3,24.8,30.6,0,7.6,0,0,0,33.6,59.0,32.5,69.0,1005.0,0.0,0.0,0.0,0.0,0.0,1.0,26.0,38.8,41.6,32780.0,2026-08-16 08:15:00+00:00,False,False,,2026-08-16 15:15:00+07:00,15.0,0.0,2026-08-16
116,farm_gateway_s3:1786869000,2026-08-16T08:30:00Z,46250.645833333336,farm_gateway_s3,24.8,30.6,0,7.7,0,0,0,33.5,58.0,31.6,71.0,1005.0,0.0,0.0,0.2,0.2,0.0,1.0,25.6,37.6,39.4,20730.0,2026-08-16 08:30:00+00:00,False,False,,2026-08-16 15:30:00+07:00,15.0,0.0,2026-08-16
117,farm_gateway_s3:1786869900,2026-08-16T08:45:00Z,46250.65625,farm_gateway_s3,24.8,30.6,0,7.6,0,0,0,,,,,,,,,,,,,,,,2026-08-16 08:45:00+00:00,False,True,,2026-08-16 15:45:00+07:00,15.0,0.0,2026-08-16
118,farm_gateway_s3:1786870800,2026-08-16T09:00:00Z,46250.666666666664,farm_gateway_s3,24.7,30.6,0,7.6,0,0,0,33.1,61.0,30.4,74.0,1005.0,0.0,0.0,0.2,0.2,0.0,1.0,25.2,36.2,37.1,15780.0,2026-08-16 09:00:00+00:00,False,False,,2026-08-16 16:00:00+07:00,15.0,-0.10000000000000142,2026-08-16
119,farm_gateway_s3:1786871700,2026-08-16T09:15:00Z,46250.677083333336,farm_gateway_s3,24.8,30.6,0,7.6,0,0,0,32.6,63.0,28.8,84.0,1005.0,0.0,0.0,0.4,0.4,0.0,1.0,25.7,34.7,35.2,14520.0,2026-08-16 09:15:00+00:00,False,False,,2026-08-16 16:15:00+07:00,15.0,0.10000000000000142,2026-08-16
120,farm_gateway_s3:1786872600,2026-08-16T09:30:00Z,46250.6875,farm_gateway_s3,24.8,30.6,0,7.6,0,0,0,32.5,65.0,29.0,85.0,1005.0,0.0,0.0,0.2,0.4,0.0,1.0,26.1,35.1,36.0,15840.0,2026-08-16 09:30:00+00:00,False,False,,2026-08-16 16:30:00+07:00,15.0,0.0,2026-08-16
121,farm_gateway_s3:1786873500,2026-08-16T09:45:00Z,46250.697916666664,farm_gateway_s3,24.7,30.6,0,7.6,0,0,0,32.3,67.0,29.3,86.0,1005.0,0.0,0.0,0.2,0.4,0.0,1.0,26.6,35.6,37.1,13200.0,2026-08-16 09:45:00+00:00,False,False,,2026-08-16 16:45:00+07:00,15.0,-0.10000000000000142,2026-08-16
122,farm_gateway_s3:1786874400,2026-08-16T10:00:00Z,46250.708333333336,farm_gateway_s3,24.7,30.6,0,7.6,0,0,0,32.2,66.0,29.4,79.0,1005.0,0.0,0.0,0.2,0.4,0.0,0.0,25.3,35.2,35.7,12260.0,2026-08-16 10:00:00+00:00,False,False,,2026-08-16 17:00:00+07:00,15.0,0.0,2026-08-16
123,farm_gateway_s3:1786875300,2026-08-16T10:15:00Z,46250.71875,farm_gateway_s3,24.7,30.6,0,7.6,0,0,0,32.1,65.0,29.5,76.0,1005.0,0.0,0.0,0.0,0.4,0.0,1.0,24.7,35.1,35.2,15560.0,2026-08-16 10:15:00+00:00,False,False,,2026-08-16 17:15:00+07:00,15.0,0.0,2026-08-16
124,farm_gateway_s3:1786876200,2026-08-16T10:30:00Z,46250.729166666664,farm_gateway_s3,24.7,30.6,0,7.6,0,0,0,31.9,63.0,29.4,75.0,1005.0,0.0,0.0,0.0,0.4,0.0,0.0,24.4,34.8,34.7,10940.0,2026-08-16 10:30:00+00:00,False,False,,2026-08-16 17:30:00+07:00,15.0,0.0,2026-08-16
125,farm_gateway_s3:1786877100,2026-08-16T10:45:00Z,46250.739583333336,farm_gateway_s3,24.7,30.5,0,7.6,0,0,0,31.7,63.0,29.1,76.0,1005.0,0.0,0.0,0.0,0.4,0.0,0.0,24.4,34.5,34.1,6980.0,2026-08-16 10:45:00+00:00,False,False,,2026-08-16 17:45:00+07:00,15.0,0.0,2026-08-16
126,farm_gateway_s3:1786878000,2026-08-16T11:00:00Z,46250.75,farm_gateway_s3,24.7,30.5,0,7.6,0,0,0,31.6,64.0,28.7,79.0,1005.0,0.0,0.0,0.0,0.4,0.0,0.0,24.6,34.2,33.8,3960.0,2026-08-16 11:00:00+00:00,False,False,,2026-08-16 18:00:00+07:00,15.0,0.0,2026-08-16
127,farm_gateway_s3:1786878900,2026-08-16T11:15:00Z,46250.760416666664,farm_gateway_s3,24.7,30.5,0,7.6,0,0,0,31.4,65.0,28.5,81.0,1005.0,0.0,0.0,0.0,0.4,0.0,0.0,24.8,34.0,33.7,2110.0,2026-08-16 11:15:00+00:00,False,False,,2026-08-16 18:15:00+07:00,15.0,0.0,2026-08-16
128,farm_gateway_s3:1786879800,2026-08-16T11:30:00Z,46250.770833333336,farm_gateway_s3,24.7,30.5,0,7.6,0,0,0,31.2,65.0,28.2,80.0,1005.0,0.0,0.0,0.0,0.4,0.0,0.0,24.3,33.5,32.6,660.0,2026-08-16 11:30:00+00:00,False,False,,2026-08-16 18:30:00+07:00,15.0,0.0,2026-08-16
129,farm_gateway_s3:1786880700,2026-08-16T11:45:00Z,46250.78125,farm_gateway_s3,24.7,30.4,0,7.6,0,0,0,31.2,65.0,28.0,81.0,1005.0,0.0,0.0,0.0,0.4,0.0,0.0,24.4,33.3,32.3,60.0,2026-08-16 11:45:00+00:00,False,False,,2026-08-16 18:45:00+07:00,15.0,0.0,2026-08-16
130,farm_gateway_s3:1786881600,2026-08-16T12:00:00Z,46250.791666666664,farm_gateway_s3,24.7,30.4,0,7.6,0,0,0,31.0,64.0,28.1,79.0,1005.0,0.0,0.0,0.0,0.4,0.0,0.0,24.0,33.3,32.2,0.0,2026-08-16 12:00:00+00:00,False,False,,2026-08-16 19:00:00+07:00,15.0,0.0,2026-08-16
131,farm_gateway_s3:1786882500,2026-08-16T12:15:00Z,46250.802083333336,farm_gateway_s3,24.7,30.3,0,7.6,0,0,0,30.8,65.0,28.2,80.0,1005.0,0.0,0.0,0.0,0.4,0.0,0.0,24.3,33.5,32.6,0.0,2026-08-16 12:15:00+00:00,False,False,,2026-08-16 19:15:00+07:00,15.0,0.0,2026-08-16
132,farm_gateway_s3:1786883400,2026-08-16T12:30:00Z,46250.8125,farm_gateway_s3,24.7,30.3,0,7.6,0,0,0,30.7,65.0,28.2,79.0,1005.0,0.0,0.0,0.0,0.4,0.0,0.0,24.1,33.4,32.3,0.0,2026-08-16 12:30:00+00:00,False,False,,2026-08-16 19:30:00+07:00,15.0,0.0,2026-08-16
133,farm_gateway_s3:1786884300,2026-08-16T12:45:00Z,46250.822916666664,farm_gateway_s3,24.7,30.2,0,7.6,0,0,0,30.6,65.0,28.1,80.0,1005.0,0.0,0.0,0.0,0.4,0.0,0.0,24.2,33.4,32.3,0.0,2026-08-16 12:45:00+00:00,False,False,,2026-08-16 19:45:00+07:00,15.0,0.0,2026-08-16
134,farm_gateway_s3:1786885200,2026-08-16T13:00:00Z,46250.833333333336,farm_gateway_s3,24.7,30.2,0,7.6,0,0,0,30.4,66.0,27.8,82.0,1006.0,0.0,0.0,0.0,0.4,0.0,0.0,24.4,33.1,32.0,0.0,2026-08-16 13:00:00+00:00,False,False,,2026-08-16 20:00:00+07:00,15.0,0.0,2026-08-16
135,farm_gateway_s3:1786886100,2026-08-16T13:15:00Z,46250.84375,farm_gateway_s3,24.7,30.1,0,7.7,0,0,0,30.4,66.0,27.5,83.0,1006.0,0.0,0.0,0.0,0.4,0.0,0.0,24.3,32.7,31.3,0.0,2026-08-16 13:15:00+00:00,False,False,,2026-08-16 20:15:00+07:00,15.0,0.0,2026-08-16
136,farm_gateway_s3:1786887000,2026-08-16T13:30:00Z,46250.854166666664,farm_gateway_s3,24.7,30.1,0,7.7,0,0,0,30.4,67.0,27.6,83.0,1006.0,0.0,0.0,0.0,0.4,0.0,0.0,24.4,32.9,31.5,0.0,2026-08-16 13:30:00+00:00,False,False,,2026-08-16 20:30:00+07:00,15.0,0.0,2026-08-16
137,farm_gateway_s3:1786887900,2026-08-16T13:45:00Z,46250.864583333336,farm_gateway_s3,24.7,30.1,0,7.6,0,0,0,30.2,67.0,27.4,84.0,1006.0,0.0,0.0,0.0,0.4,0.0,0.0,24.4,32.7,31.2,0.0,2026-08-16 13:45:00+00:00,False,False,,2026-08-16 20:45:00+07:00,15.0,0.0,2026-08-16
138,farm_gateway_s3:1786888800,2026-08-16T14:00:00Z,46250.875,farm_gateway_s3,24.7,30.0,0,7.7,0,0,0,30.2,67.0,27.8,82.0,1007.0,0.0,0.0,0.0,0.4,0.0,0.0,24.4,33.1,32.0,0.0,2026-08-16 14:00:00+00:00,False,False,,2026-08-16 21:00:00+07:00,15.0,0.0,2026-08-16
139,farm_gateway_s3:1786889700,2026-08-16T14:15:00Z,46250.885416666664,farm_gateway_s3,24.7,30.0,0,7.7,0,0,0,30.0,68.0,27.6,83.0,1007.0,0.0,0.0,0.0,0.4,0.0,0.0,24.4,32.9,31.5,0.0,2026-08-16 14:15:00+00:00,False,False,,2026-08-16 21:15:00+07:00,15.0,0.0,2026-08-16
140,farm_gateway_s3:1786890600,2026-08-16T14:30:00Z,46250.895833333336,farm_gateway_s3,24.7,29.9,0,7.6,0,0,0,29.9,68.0,27.2,84.0,1007.0,0.0,0.0,0.0,0.4,0.0,0.0,24.2,32.4,30.6,0.0,2026-08-16 14:30:00+00:00,False,False,,2026-08-16 21:30:00+07:00,15.0,0.0,2026-08-16
141,farm_gateway_s3:1786891500,2026-08-16T14:45:00Z,46250.90625,farm_gateway_s3,24.7,29.9,0,7.6,0,0,0,29.8,68.0,26.9,86.0,1007.0,0.0,0.0,0.0,0.4,0.0,0.0,24.3,32.1,30.0,0.0,2026-08-16 14:45:00+00:00,False,False,,2026-08-16 21:45:00+07:00,15.0,0.0,2026-08-16
142,farm_gateway_s3:1786892400,2026-08-16T15:00:00Z,46250.916666666664,farm_gateway_s3,24.7,29.8,0,7.6,0,0,0,,,,,,,,,,,,,,,,2026-08-16 15:00:00+00:00,False,True,,2026-08-16 22:00:00+07:00,15.0,0.0,2026-08-16
143,farm_gateway_s3:1786893300,2026-08-16T15:15:00Z,46250.927083333336,farm_gateway_s3,24.7,29.8,0,7.6,0,0,0,29.6,69.0,27.2,85.0,1007.0,0.0,0.0,0.0,0.4,0.0,0.0,24.4,32.5,30.8,0.0,2026-08-16 15:15:00+00:00,False,False,,2026-08-16 22:15:00+07:00,15.0,0.0,2026-08-16
144,farm_gateway_s3:1786894200,2026-08-16T15:30:00Z,46250.9375,farm_gateway_s3,24.6,29.8,0,7.6,0,0,0,29.5,69.0,27.0,86.0,1007.0,0.0,0.0,0.0,0.4,0.0,0.0,24.4,32.3,30.4,0.0,2026-08-16 15:30:00+00:00,False,False,,2026-08-16 22:30:00+07:00,15.0,-0.09999999999999787,2026-08-16
145,farm_gateway_s3:1786895100,2026-08-16T15:45:00Z,46250.947916666664,farm_gateway_s3,24.6,29.8,0,7.6,0,0,0,29.4,69.0,27.0,85.0,1007.0,0.0,0.0,0.0,0.4,0.0,0.0,24.2,32.2,30.3,0.0,2026-08-16 15:45:00+00:00,False,False,,2026-08-16 22:45:00+07:00,15.0,0.0,2026-08-16
146,farm_gateway_s3:1786925700,2026-08-17T00:15:00Z,46251.302083333336,farm_gateway_s3,24.5,28.8,0,7.4,0,0,0,27.6,77.0,26.0,91.0,1007.0,0.0,0.0,0.0,0.0,0.0,0.0,24.3,31.2,26.0,7280.0,2026-08-17 00:15:00+00:00,False,False,,2026-08-17 07:15:00+07:00,510.0,,2026-08-17
147,farm_gateway_s3:1786926600,2026-08-17T00:30:00Z,46251.3125,farm_gateway_s3,24.5,28.8,0,7.4,0,0,0,27.8,77.0,26.8,87.0,1007.0,0.0,0.0,0.0,0.0,0.0,0.0,24.4,32.0,30.0,9150.0,2026-08-17 00:30:00+00:00,False,False,,2026-08-17 07:30:00+07:00,15.0,0.0,2026-08-17
148,farm_gateway_s3:1786927500,2026-08-17T00:45:00Z,46251.322916666664,farm_gateway_s3,24.5,28.8,0,7.5,0,0,0,28.0,75.0,27.7,84.0,1007.0,0.0,0.0,0.0,0.0,0.0,0.0,24.7,33.1,31.9,12260.0,2026-08-17 00:45:00+00:00,False,False,,2026-08-17 07:45:00+07:00,15.0,0.0,2026-08-17
149,farm_gateway_s3:1786928400,2026-08-17T01:00:00Z,46251.333333333336,farm_gateway_s3,24.5,28.8,0,7.4,0,0,0,28.1,74.0,28.8,80.0,1007.0,0.0,0.0,0.0,0.0,0.0,1.0,24.9,34.4,34.3,21780.0,2026-08-17 01:00:00+00:00,False,False,,2026-08-17 08:00:00+07:00,15.0,0.0,2026-08-17
150,farm_gateway_s3:1786929300,2026-08-17T01:15:00Z,46251.34375,farm_gateway_s3,24.5,28.8,0,7.4,0,0,0,28.3,74.0,29.8,76.0,1007.0,0.0,0.0,0.0,0.0,0.0,1.0,25.0,35.5,36.0,30250.0,2026-08-17 01:15:00+00:00,False,False,,2026-08-17 08:15:00+07:00,15.0,0.0,2026-08-17
151,farm_gateway_s3:1786930200,2026-08-17T01:30:00Z,46251.354166666664,farm_gateway_s3,24.5,28.8,0,7.4,0,0,0,28.6,74.0,30.0,74.0,1007.0,0.0,0.0,0.0,0.0,0.0,2.0,24.8,35.6,36.2,41800.0,2026-08-17 01:30:00+00:00,False,False,,2026-08-17 08:30:00+07:00,15.0,0.0,2026-08-17
152,farm_gateway_s3:1786931100,2026-08-17T01:45:00Z,46251.364583333336,farm_gateway_s3,24.5,28.8,0,7.4,0,0,0,28.8,73.0,30.2,75.0,1007.0,0.0,0.0,0.0,0.0,0.0,1.0,25.2,36.0,36.9,22440.0,2026-08-17 01:45:00+00:00,False,False,,2026-08-17 08:45:00+07:00,15.0,0.0,2026-08-17
153,farm_gateway_s3:1786932000,2026-08-17T02:00:00Z,46251.375,farm_gateway_s3,24.5,28.8,0,7.4,0,0,0,29.1,73.0,31.3,71.0,1008.0,0.0,0.0,0.0,0.0,0.0,3.0,25.3,37.2,38.7,67980.0,2026-08-17 02:00:00+00:00,False,False,,2026-08-17 09:00:00+07:00,15.0,0.0,2026-08-17
154,farm_gateway_s3:1786932900,2026-08-17T02:15:00Z,46251.385416666664,farm_gateway_s3,24.5,28.9,0,7.4,0,0,0,29.6,72.0,32.1,68.0,1008.0,0.0,0.0,0.0,0.0,0.0,2.0,25.4,38.1,39.9,58960.0,2026-08-17 02:15:00+00:00,False,False,,2026-08-17 09:15:00+07:00,15.0,0.0,2026-08-17
155,farm_gateway_s3:1786933800,2026-08-17T02:30:00Z,46251.395833333336,farm_gateway_s3,24.5,28.9,0,7.4,0,0,0,29.9,71.0,33.3,63.0,1008.0,0.0,0.0,0.0,0.0,0.0,4.0,25.2,39.3,41.5,89760.0,2026-08-17 02:30:00+00:00,False,False,,2026-08-17 09:30:00+07:00,15.0,0.0,2026-08-17
156,farm_gateway_s3:1786934700,2026-08-17T02:45:00Z,46251.40625,farm_gateway_s3,24.5,29.0,0,7.4,0,0,0,30.3,71.0,34.1,62.0,1008.0,0.0,0.0,0.0,0.0,0.0,3.0,25.7,40.3,43.3,80740.0,2026-08-17 02:45:00+00:00,False,False,,2026-08-17 09:45:00+07:00,15.0,0.0,2026-08-17
157,farm_gateway_s3:1786935600,2026-08-17T03:00:00Z,46251.416666666664,farm_gateway_s3,24.5,29.0,0,7.4,0,0,0,30.7,69.0,33.3,63.0,1007.0,0.0,0.0,0.0,0.0,0.0,3.0,25.2,39.3,41.5,87780.0,2026-08-17 03:00:00+00:00,False,False,,2026-08-17 10:00:00+07:00,15.0,0.0,2026-08-17
158,farm_gateway_s3:1786936500,2026-08-17T03:15:00Z,46251.427083333336,farm_gateway_s3,24.5,29.1,0,7.4,0,0,0,31.1,66.0,33.3,58.0,1007.0,0.0,0.0,0.0,0.0,0.0,3.0,23.8,38.8,39.5,86460.0,2026-08-17 03:15:00+00:00,False,False,,2026-08-17 10:15:00+07:00,15.0,0.0,2026-08-17
159,farm_gateway_s3:1786937400,2026-08-17T03:30:00Z,46251.4375,farm_gateway_s3,24.5,29.2,0,7.4,0,0,0,31.4,65.0,34.0,59.0,1007.0,0.0,0.0,0.0,0.0,0.0,4.0,24.8,39.9,41.7,100760.0,2026-08-17 03:30:00+00:00,False,False,,2026-08-17 10:30:00+07:00,15.0,0.0,2026-08-17
160,farm_gateway_s3:1786938300,2026-08-17T03:45:00Z,46251.447916666664,farm_gateway_s3,24.5,29.3,0,7.4,0,0,0,31.8,64.0,34.0,58.0,1007.0,0.0,0.0,0.0,0.0,0.0,2.0,24.5,39.8,41.3,68860.0,2026-08-17 03:45:00+00:00,False,False,,2026-08-17 10:45:00+07:00,15.0,0.0,2026-08-17
161,farm_gateway_s3:1786939200,2026-08-17T04:00:00Z,46251.458333333336,farm_gateway_s3,24.5,29.4,0,7.4,0,0,0,32.1,62.0,33.8,59.0,1007.0,0.0,0.0,0.0,0.0,0.0,3.0,24.6,39.6,41.2,85360.0,2026-08-17 04:00:00+00:00,False,False,,2026-08-17 11:00:00+07:00,15.0,0.0,2026-08-17
162,farm_gateway_s3:1786940100,2026-08-17T04:15:00Z,46251.46875,farm_gateway_s3,24.5,29.5,0,7.4,0,0,0,32.5,61.0,34.2,59.0,1007.0,0.0,0.0,0.0,0.0,0.0,4.0,25.0,40.2,42.2,103840.0,2026-08-17 04:15:00+00:00,False,False,,2026-08-17 11:15:00+07:00,15.0,0.0,2026-08-17
163,farm_gateway_s3:1786941000,2026-08-17T04:30:00Z,46251.479166666664,farm_gateway_s3,24.5,29.6,0,7.4,0,0,0,32.9,60.0,34.9,59.0,1007.0,0.0,0.0,0.0,0.0,0.0,4.0,25.6,41.2,44.2,110220.0,2026-08-17 04:30:00+00:00,False,False,,2026-08-17 11:30:00+07:00,15.0,0.0,2026-08-17
164,farm_gateway_s3:1786941900,2026-08-17T04:45:00Z,46251.489583333336,farm_gateway_s3,24.5,29.7,0,7.4,0,0,0,33.3,58.0,35.0,52.0,1007.0,0.0,0.0,0.0,0.0,0.0,3.0,23.6,40.5,41.5,106480.0,2026-08-17 04:45:00+00:00,False,False,,2026-08-17 11:45:00+07:00,15.0,0.0,2026-08-17
165,farm_gateway_s3:1786942800,2026-08-17T05:00:00Z,46251.5,farm_gateway_s3,24.4,29.9,0,7.5,0,0,0,33.6,54.0,35.5,50.0,1006.0,0.0,0.0,0.0,0.0,0.0,3.0,23.4,41.0,41.8,100100.0,2026-08-17 05:00:00+00:00,False,False,,2026-08-17 12:00:00+07:00,15.0,-0.10000000000000142,2026-08-17
166,farm_gateway_s3:1786943700,2026-08-17T05:15:00Z,46251.510416666664,farm_gateway_s3,24.4,30.1,0,7.5,0,0,0,33.9,55.0,35.6,53.0,1006.0,0.0,0.0,0.0,0.0,0.0,1.0,24.5,41.5,43.4,38610.0,2026-08-17 05:15:00+00:00,False,False,,2026-08-17 12:15:00+07:00,15.0,0.0,2026-08-17
167,farm_gateway_s3:1786944600,2026-08-17T05:30:00Z,46251.520833333336,farm_gateway_s3,24.4,30.2,0,7.5,0,0,0,34.1,51.0,35.3,48.0,1006.0,0.2,0.0,0.0,0.0,0.0,5.0,22.5,40.5,40.5,136180.0,2026-08-17 05:30:00+00:00,False,False,,2026-08-17 12:30:00+07:00,15.0,0.0,2026-08-17
168,farm_gateway_s3:1786945500,2026-08-17T05:45:00Z,46251.53125,farm_gateway_s3,24.3,30.4,0,7.5,0,0,0,34.4,51.0,35.6,52.0,1006.0,0.0,0.0,0.0,0.0,0.0,3.0,24.1,41.4,42.9,86240.0,2026-08-17 05:45:00+00:00,False,False,,2026-08-17 12:45:00+07:00,15.0,-0.09999999999999787,2026-08-17
169,farm_gateway_s3:1786946400,2026-08-17T06:00:00Z,46251.541666666664,farm_gateway_s3,24.3,30.5,0,7.5,0,0,0,34.5,51.0,34.6,52.0,1006.0,0.0,0.0,0.0,0.0,0.0,1.0,23.2,40.0,40.5,32560.0,2026-08-17 06:00:00+00:00,False,False,,2026-08-17 13:00:00+07:00,15.0,0.0,2026-08-17
170,farm_gateway_s3:1786947300,2026-08-17T06:15:00Z,46251.552083333336,farm_gateway_s3,24.3,30.6,0,7.5,0,0,0,34.6,51.0,34.3,56.0,1006.0,0.0,0.0,0.0,0.0,0.0,2.0,24.2,40.0,41.3,45980.0,2026-08-17 06:15:00+00:00,False,False,,2026-08-17 13:15:00+07:00,15.0,0.0,2026-08-17
171,farm_gateway_s3:1786948200,2026-08-17T06:30:00Z,46251.5625,farm_gateway_s3,24.3,30.8,0,7.5,0,0,0,34.6,49.0,34.1,51.0,1006.0,0.0,0.0,0.0,0.0,0.0,2.0,22.4,39.2,38.9,53900.0,2026-08-17 06:30:00+00:00,False,False,,2026-08-17 13:30:00+07:00,15.0,0.0,2026-08-17
172,farm_gateway_s3:1786949100,2026-08-17T06:45:00Z,46251.572916666664,farm_gateway_s3,24.3,30.8,0,7.5,0,0,0,34.8,50.0,36.2,49.0,1006.0,0.0,0.0,0.0,0.0,0.0,4.0,23.7,41.8,43.2,110440.0,2026-08-17 06:45:00+00:00,False,False,,2026-08-17 13:45:00+07:00,15.0,0.0,2026-08-17
173,farm_gateway_s3:1786950000,2026-08-17T07:00:00Z,46251.583333333336,farm_gateway_s3,24.3,30.9,0,7.5,0,0,0,35.1,50.0,36.4,46.0,1005.0,0.0,0.0,0.0,0.0,0.0,4.0,22.8,41.8,42.3,109560.0,2026-08-17 07:00:00+00:00,False,False,,2026-08-17 14:00:00+07:00,15.0,0.0,2026-08-17
174,farm_gateway_s3:1786950900,2026-08-17T07:15:00Z,46251.59375,farm_gateway_s3,24.3,31.0,0,7.5,0,0,0,35.1,49.0,35.2,52.0,1005.0,0.0,0.0,0.0,0.0,0.0,2.0,23.8,40.8,41.8,45760.0,2026-08-17 07:15:00+00:00,False,False,,2026-08-17 14:15:00+07:00,15.0,0.0,2026-08-17
175,farm_gateway_s3:1786951800,2026-08-17T07:30:00Z,46251.604166666664,farm_gateway_s3,24.2,31.1,0,7.5,0,0,0,35.1,50.0,35.7,50.0,1005.0,0.0,0.0,0.0,0.0,0.0,1.0,23.6,41.3,42.5,27500.0,2026-08-17 07:30:00+00:00,False,False,,2026-08-17 14:30:00+07:00,15.0,-0.10000000000000142,2026-08-17
176,farm_gateway_s3:1786952700,2026-08-17T07:45:00Z,46251.614583333336,farm_gateway_s3,24.2,31.2,0,7.5,0,0,0,35.2,49.0,35.6,50.0,1005.0,0.0,0.0,0.0,0.0,0.0,3.0,23.5,41.1,42.0,95040.0,2026-08-17 07:45:00+00:00,False,False,,2026-08-17 14:45:00+07:00,15.0,0.0,2026-08-17
177,farm_gateway_s3:1786953600,2026-08-17T08:00:00Z,46251.625,farm_gateway_s3,24.2,31.2,0,7.5,0,0,0,35.4,49.0,36.2,49.0,1005.0,0.0,0.0,0.0,0.0,0.0,2.0,23.7,41.8,43.2,58740.0,2026-08-17 08:00:00+00:00,False,False,,2026-08-17 15:00:00+07:00,15.0,0.0,2026-08-17
178,farm_gateway_s3:1786954500,2026-08-17T08:15:00Z,46251.635416666664,farm_gateway_s3,24.2,31.3,0,7.5,0,0,0,35.5,48.0,36.2,50.0,1005.0,0.0,0.0,0.0,0.0,0.0,3.0,24.0,42.0,43.6,83380.0,2026-08-17 08:15:00+00:00,False,False,,2026-08-17 15:15:00+07:00,15.0,0.0,2026-08-17
179,farm_gateway_s3:1786955400,2026-08-17T08:30:00Z,46251.645833333336,farm_gateway_s3,24.2,31.4,0,7.5,0,0,0,35.5,49.0,35.3,52.0,1005.0,0.0,0.0,0.0,0.0,0.0,1.0,23.9,40.9,42.3,24420.0,2026-08-17 08:30:00+00:00,False,False,,2026-08-17 15:30:00+07:00,15.0,0.0,2026-08-17
180,farm_gateway_s3:1786956300,2026-08-17T08:45:00Z,46251.65625,farm_gateway_s3,24.1,31.5,0,7.5,0,0,0,35.4,49.0,35.3,53.0,1005.0,0.0,0.0,0.0,0.0,0.0,1.0,24.2,41.1,42.7,43230.0,2026-08-17 08:45:00+00:00,False,False,,2026-08-17 15:45:00+07:00,15.0,-0.09999999999999787,2026-08-17
181,farm_gateway_s3:1786957200,2026-08-17T09:00:00Z,46251.666666666664,farm_gateway_s3,24.1,31.5,0,7.5,0,0,0,35.3,50.0,33.4,58.0,1004.0,0.0,0.0,0.0,0.0,0.0,1.0,23.9,38.9,39.7,21830.0,2026-08-17 09:00:00+00:00,False,False,,2026-08-17 16:00:00+07:00,15.0,0.0,2026-08-17
182,farm_gateway_s3:1786958100,2026-08-17T09:15:00Z,46251.677083333336,farm_gateway_s3,24.1,31.5,0,7.5,0,0,0,35.2,50.0,32.9,59.0,1004.0,0.0,0.0,0.0,0.0,0.0,1.0,23.7,38.3,38.8,13690.0,2026-08-17 09:15:00+00:00,False,False,,2026-08-17 16:15:00+07:00,15.0,0.0,2026-08-17
183,farm_gateway_s3:1786959000,2026-08-17T09:30:00Z,46251.6875,farm_gateway_s3,24.1,31.5,0,7.5,0,0,0,35.1,51.0,32.7,61.0,1004.0,0.0,0.0,0.0,0.0,0.0,1.0,24.1,38.3,39.1,15950.0,2026-08-17 09:30:00+00:00,False,False,,2026-08-17 16:30:00+07:00,15.0,0.0,2026-08-17
184,farm_gateway_s3:1786959900,2026-08-17T09:45:00Z,46251.697916666664,farm_gateway_s3,24.1,31.5,0,7.5,0,0,0,34.9,52.0,32.5,62.0,1004.0,0.0,0.0,0.0,0.0,0.0,1.0,24.2,38.1,39.0,13030.0,2026-08-17 09:45:00+00:00,False,False,,2026-08-17 16:45:00+07:00,15.0,0.0,2026-08-17
185,farm_gateway_s3:1786960800,2026-08-17T10:00:00Z,46251.708333333336,farm_gateway_s3,24.1,31.5,0,7.5,0,0,0,34.7,52.0,32.3,62.0,1004.0,0.0,0.0,0.0,0.0,0.0,1.0,24.0,37.8,38.4,12810.0,2026-08-17 10:00:00+00:00,False,False,,2026-08-17 17:00:00+07:00,15.0,0.0,2026-08-17
186,farm_gateway_s3:1786961700,2026-08-17T10:15:00Z,46251.71875,farm_gateway_s3,24.1,31.4,0,7.5,0,0,0,34.6,52.0,32.8,63.0,1004.0,0.0,0.0,0.0,0.0,0.0,0.0,24.7,38.6,40.1,11600.0,2026-08-17 10:15:00+00:00,False,False,,2026-08-17 17:15:00+07:00,15.0,0.0,2026-08-17
187,farm_gateway_s3:1786962600,2026-08-17T10:30:00Z,46251.729166666664,farm_gateway_s3,24.1,31.4,0,7.5,0,0,0,34.5,53.0,32.0,62.0,1004.0,0.0,0.0,0.0,0.0,0.0,0.0,23.7,37.4,37.6,8440.0,2026-08-17 10:30:00+00:00,False,False,,2026-08-17 17:30:00+07:00,15.0,0.0,2026-08-17
188,farm_gateway_s3:1786964400,2026-08-17T11:00:00Z,46251.75,farm_gateway_s3,24.1,31.3,0,7.5,0,0,0,34.2,53.0,31.1,66.0,1005.0,0.0,0.0,0.0,0.0,0.0,0.0,23.9,36.5,36.7,1110.0,2026-08-17 11:00:00+00:00,False,False,,2026-08-17 18:00:00+07:00,30.0,0.0,2026-08-17
189,farm_gateway_s3:1786965300,2026-08-17T11:15:00Z,46251.760416666664,farm_gateway_s3,24.1,31.3,0,7.5,0,0,0,33.9,55.0,30.7,69.0,1005.0,0.0,0.0,0.0,0.0,0.0,0.0,24.3,36.2,36.4,440.0,2026-08-17 11:15:00+00:00,False,False,,2026-08-17 18:15:00+07:00,15.0,0.0,2026-08-17
190,farm_gateway_s3:1786966200,2026-08-17T11:30:00Z,46251.770833333336,farm_gateway_s3,24.1,31.2,0,7.5,0,0,0,33.7,55.0,30.3,70.0,1005.0,0.0,0.0,0.0,0.0,0.0,0.0,24.1,35.7,35.8,140.0,2026-08-17 11:30:00+00:00,False,False,,2026-08-17 18:30:00+07:00,15.0,0.0,2026-08-17
191,farm_gateway_s3:1786967100,2026-08-17T11:45:00Z,46251.78125,farm_gateway_s3,24.0,31.2,0,7.5,0,0,0,33.4,56.0,30.2,70.0,1005.0,0.0,0.0,0.0,0.0,0.0,0.0,24.0,35.6,35.6,0.0,2026-08-17 11:45:00+00:00,False,False,,2026-08-17 18:45:00+07:00,15.0,-0.10000000000000142,2026-08-17
192,farm_gateway_s3:1786968000,2026-08-17T12:00:00Z,46251.791666666664,farm_gateway_s3,24.1,31.1,0,7.5,0,0,0,,,,,,,,,,,,,,,,2026-08-17 12:00:00+00:00,False,True,,2026-08-17 19:00:00+07:00,15.0,0.10000000000000142,2026-08-17
193,farm_gateway_s3:1786968900,2026-08-17T12:15:00Z,46251.802083333336,farm_gateway_s3,24.1,31.1,0,7.5,0,0,0,32.2,62.0,26.4,90.0,1006.0,0.0,0.0,0.4,0.4,0.0,0.0,24.6,31.7,26.4,0.0,2026-08-17 12:15:00+00:00,False,False,,2026-08-17 19:15:00+07:00,15.0,0.0,2026-08-17
194,farm_gateway_s3:1786969800,2026-08-17T12:30:00Z,46251.8125,farm_gateway_s3,24.1,31.0,0,7.5,0,0,0,31.7,63.0,25.8,92.0,1006.0,0.0,0.0,1.0,1.0,0.0,0.0,24.3,30.9,25.8,0.0,2026-08-17 12:30:00+00:00,False,False,,2026-08-17 19:30:00+07:00,15.0,0.0,2026-08-17
195,farm_gateway_s3:1786970700,2026-08-17T12:45:00Z,46251.822916666664,farm_gateway_s3,24.1,30.9,0,7.5,0,0,0,31.4,65.0,25.7,93.0,1006.0,0.0,0.0,1.4,1.4,0.0,0.0,24.4,30.9,25.7,0.0,2026-08-17 12:45:00+00:00,False,False,,2026-08-17 19:45:00+07:00,15.0,0.0,2026-08-17
196,farm_gateway_s3:1786971600,2026-08-17T13:00:00Z,46251.833333333336,farm_gateway_s3,24.1,30.8,0,7.5,0,0,0,31.0,66.0,25.7,95.0,1007.0,0.0,0.0,2.5,2.5,0.0,0.0,24.8,31.0,25.7,0.0,2026-08-17 13:00:00+00:00,False,False,,2026-08-17 20:00:00+07:00,15.0,0.0,2026-08-17
197,farm_gateway_s3:1786972500,2026-08-17T13:15:00Z,46251.84375,farm_gateway_s3,24.0,30.8,0,7.4,0,0,0,30.8,67.0,25.7,95.0,1007.0,0.0,0.0,2.1,2.5,0.0,0.0,24.8,31.0,25.7,0.0,2026-08-17 13:15:00+00:00,False,False,,2026-08-17 20:15:00+07:00,15.0,-0.10000000000000142,2026-08-17
198,farm_gateway_s3:1786973400,2026-08-17T13:30:00Z,46251.854166666664,farm_gateway_s3,24.0,30.7,0,7.4,0,0,0,30.8,68.0,25.7,96.0,1007.0,0.0,0.0,1.4,2.5,0.0,0.0,24.9,31.1,25.7,0.0,2026-08-17 13:30:00+00:00,False,False,,2026-08-17 20:30:00+07:00,15.0,0.0,2026-08-17
199,farm_gateway_s3:1786974300,2026-08-17T13:45:00Z,46251.864583333336,farm_gateway_s3,24.0,30.6,0,7.4,0,0,0,30.7,69.0,25.7,96.0,1007.0,0.0,0.0,1.0,2.5,0.0,0.0,24.9,31.1,25.7,0.0,2026-08-17 13:45:00+00:00,False,False,,2026-08-17 20:45:00+07:00,15.0,0.0,2026-08-17
200,farm_gateway_s3:1786975200,2026-08-17T14:00:00Z,46251.875,farm_gateway_s3,24.0,30.5,0,7.4,0,0,0,30.6,69.0,25.7,96.0,1007.0,0.0,0.0,0.0,2.5,0.0,0.0,24.9,31.1,25.7,0.0,2026-08-17 14:00:00+00:00,False,False,,2026-08-17 21:00:00+07:00,15.0,0.0,2026-08-17
201,farm_gateway_s3:1786976100,2026-08-17T14:15:00Z,46251.885416666664,farm_gateway_s3,24.0,30.5,0,7.4,0,0,0,30.4,69.0,25.7,96.0,1007.0,0.0,0.0,0.0,2.5,0.0,0.0,24.9,31.1,25.7,0.0,2026-08-17 14:15:00+00:00,False,False,,2026-08-17 21:15:00+07:00,15.0,0.0,2026-08-17
202,farm_gateway_s3:1787013000,2026-08-18T00:30:00Z,46252.3125,farm_gateway_s3,24.0,29.2,0,7.3,0,0,0,28.1,79.0,26.6,93.0,1006.0,0.0,0.0,0.0,0.0,0.0,0.0,25.3,32.2,26.6,10230.0,2026-08-18 00:30:00+00:00,False,False,,2026-08-18 07:30:00+07:00,615.0,,2026-08-18
203,farm_gateway_s3:1787013900,2026-08-18T00:45:00Z,46252.322916666664,farm_gateway_s3,24.0,29.2,0,7.3,0,0,0,28.2,79.0,27.0,92.0,1006.0,0.0,0.0,0.0,0.0,0.0,0.0,25.5,32.7,31.1,12870.0,2026-08-18 00:45:00+00:00,False,False,,2026-08-18 07:45:00+07:00,15.0,0.0,2026-08-18
204,farm_gateway_s3:1787014800,2026-08-18T01:00:00Z,46252.333333333336,farm_gateway_s3,24.0,29.2,0,7.3,0,0,0,28.3,79.0,27.5,91.0,1007.0,0.0,0.0,0.0,0.0,0.0,0.0,25.8,33.3,32.5,11380.0,2026-08-18 01:00:00+00:00,False,False,,2026-08-18 08:00:00+07:00,15.0,0.0,2026-08-18
205,farm_gateway_s3:1787015700,2026-08-18T01:15:00Z,46252.34375,farm_gateway_s3,24.0,29.2,0,7.3,0,0,0,28.5,78.0,28.0,88.0,1007.0,0.0,0.0,0.0,0.0,0.0,1.0,25.7,33.8,33.4,21280.0,2026-08-18 01:15:00+00:00,False,False,,2026-08-18 08:15:00+07:00,15.0,0.0,2026-08-18
206,farm_gateway_s3:1787016600,2026-08-18T01:30:00Z,46252.354166666664,farm_gateway_s3,24.0,29.2,0,7.3,0,0,0,28.6,78.0,28.8,88.0,1007.0,0.0,0.0,0.0,0.0,0.0,1.0,26.5,35.0,35.8,20290.0,2026-08-18 01:30:00+00:00,False,False,,2026-08-18 08:30:00+07:00,15.0,0.0,2026-08-18
207,farm_gateway_s3:1787017500,2026-08-18T01:45:00Z,46252.364583333336,farm_gateway_s3,24.0,29.2,0,7.3,0,0,0,28.7,77.0,28.9,87.0,1007.0,0.0,0.0,0.0,0.0,0.0,1.0,26.4,35.1,36.0,20240.0,2026-08-18 01:45:00+00:00,False,False,,2026-08-18 08:45:00+07:00,15.0,0.0,2026-08-18
208,farm_gateway_s3:1787018400,2026-08-18T02:00:00Z,46252.375,farm_gateway_s3,24.0,29.3,0,7.3,0,0,0,28.8,77.0,29.1,85.0,1007.0,0.0,0.0,0.0,0.0,0.0,1.0,26.2,35.2,36.1,25080.0,2026-08-18 02:00:00+00:00,False,False,,2026-08-18 09:00:00+07:00,15.0,0.0,2026-08-18
209,farm_gateway_s3:1787019300,2026-08-18T02:15:00Z,46252.385416666664,farm_gateway_s3,24.0,29.3,0,7.3,0,0,0,29.0,76.0,29.8,82.0,1007.0,0.0,0.0,0.0,0.0,0.0,2.0,26.3,36.0,37.6,41140.0,2026-08-18 02:15:00+00:00,False,False,,2026-08-18 09:15:00+07:00,15.0,0.0,2026-08-18
210,farm_gateway_s3:1787020200,2026-08-18T02:30:00Z,46252.395833333336,farm_gateway_s3,24.0,29.4,0,7.3,0,0,0,29.1,76.0,29.7,77.0,1007.0,0.0,0.0,0.0,0.0,0.0,2.0,25.2,35.4,36.1,43010.0,2026-08-18 02:30:00+00:00,False,False,,2026-08-18 09:30:00+07:00,15.0,0.0,2026-08-18
211,farm_gateway_s3:1787021100,2026-08-18T02:45:00Z,46252.40625,farm_gateway_s3,24.0,29.4,0,7.3,0,0,0,29.3,75.0,30.6,76.0,1007.0,0.0,0.0,0.0,0.0,0.0,3.0,25.8,36.6,38.1,64900.0,2026-08-18 02:45:00+00:00,False,False,,2026-08-18 09:45:00+07:00,15.0,0.0,2026-08-18
212,farm_gateway_s3:1787022000,2026-08-18T03:00:00Z,46252.416666666664,farm_gateway_s3,24.0,29.5,0,7.3,0,0,0,29.5,74.0,31.4,73.0,1007.0,0.0,0.0,0.0,0.0,0.0,3.0,25.9,37.5,39.7,78760.0,2026-08-18 03:00:00+00:00,False,False,,2026-08-18 10:00:00+07:00,15.0,0.0,2026-08-18
213,farm_gateway_s3:1787022900,2026-08-18T03:15:00Z,46252.427083333336,farm_gateway_s3,24.0,29.5,0,7.3,0,0,0,29.7,73.0,31.3,73.0,1007.0,0.0,0.0,0.0,0.0,0.0,2.0,25.8,37.4,39.4,60500.0,2026-08-18 03:15:00+00:00,False,False,,2026-08-18 10:15:00+07:00,15.0,0.0,2026-08-18
214,farm_gateway_s3:1787023800,2026-08-18T03:30:00Z,46252.4375,farm_gateway_s3,24.0,29.6,0,7.3,0,0,0,30.0,72.0,31.8,68.0,1007.0,0.0,0.0,0.0,0.0,0.0,3.0,25.1,37.6,39.2,74580.0,2026-08-18 03:30:00+00:00,False,False,,2026-08-18 10:30:00+07:00,15.0,0.0,2026-08-18
215,farm_gateway_s3:1787024700,2026-08-18T03:45:00Z,46252.447916666664,farm_gateway_s3,24.0,29.6,0,7.4,0,0,0,30.2,71.0,31.5,70.0,1007.0,0.0,0.0,0.0,0.0,0.0,2.0,25.3,37.4,39.0,53020.0,2026-08-18 03:45:00+00:00,False,False,,2026-08-18 10:45:00+07:00,15.0,0.0,2026-08-18
216,farm_gateway_s3:1787025600,2026-08-18T04:00:00Z,46252.458333333336,farm_gateway_s3,24.0,29.7,0,7.4,0,0,0,30.6,70.0,31.3,70.0,1007.0,0.0,0.0,0.0,0.0,0.0,2.0,25.1,37.1,38.3,46860.0,2026-08-18 04:00:00+00:00,False,False,,2026-08-18 11:00:00+07:00,15.0,0.0,2026-08-18
217,farm_gateway_s3:1787026500,2026-08-18T04:15:00Z,46252.46875,farm_gateway_s3,24.0,29.8,0,7.3,0,0,0,30.7,69.0,31.2,72.0,1007.0,0.0,0.0,0.0,0.0,0.0,2.0,25.5,37.2,38.8,53240.0,2026-08-18 04:15:00+00:00,False,False,,2026-08-18 11:15:00+07:00,15.0,0.0,2026-08-18
218,farm_gateway_s3:1787027400,2026-08-18T04:30:00Z,46252.479166666664,farm_gateway_s3,24.0,29.8,0,7.3,0,0,0,31.0,69.0,32.2,66.0,1007.0,0.0,0.0,0.0,0.0,0.0,2.0,25.0,38.0,39.6,69300.0,2026-08-18 04:30:00+00:00,False,False,,2026-08-18 11:30:00+07:00,15.0,0.0,2026-08-18
219,farm_gateway_s3:1787028300,2026-08-18T04:45:00Z,46252.489583333336,farm_gateway_s3,24.0,29.9,0,7.3,0,0,0,31.2,68.0,31.9,68.0,1007.0,0.0,0.0,0.0,0.0,0.0,2.0,25.2,37.8,39.5,48840.0,2026-08-18 04:45:00+00:00,False,False,,2026-08-18 11:45:00+07:00,15.0,0.0,2026-08-18
220,farm_gateway_s3:1787029200,2026-08-18T05:00:00Z,46252.5,farm_gateway_s3,24.0,30.0,0,7.3,0,0,0,31.5,67.0,31.7,70.0,1007.0,0.0,0.0,0.0,0.0,0.0,1.0,25.5,37.7,39.4,35640.0,2026-08-18 05:00:00+00:00,False,False,,2026-08-18 12:00:00+07:00,15.0,0.0,2026-08-18
221,farm_gateway_s3:1787030100,2026-08-18T05:15:00Z,46252.510416666664,farm_gateway_s3,24.0,30.1,0,7.3,0,0,0,31.6,67.0,31.8,71.0,1007.0,0.0,0.0,0.0,0.0,0.0,2.0,25.8,37.9,40.1,71940.0,2026-08-18 05:15:00+00:00,False,False,,2026-08-18 12:15:00+07:00,15.0,0.0,2026-08-18
222,farm_gateway_s3:1787031000,2026-08-18T05:30:00Z,46252.520833333336,farm_gateway_s3,24.0,30.1,0,7.4,0,0,0,31.8,66.0,32.0,68.0,1007.0,0.0,0.0,0.0,0.0,0.0,1.0,25.3,37.9,39.7,36300.0,2026-08-18 05:30:00+00:00,False,False,,2026-08-18 12:30:00+07:00,15.0,0.0,2026-08-18
223,farm_gateway_s3:1787031900,2026-08-18T05:45:00Z,46252.53125,farm_gateway_s3,24.0,30.2,0,7.4,0,0,0,31.8,64.0,29.8,73.0,1007.0,0.2,0.0,0.0,0.0,0.0,2.0,24.4,34.2,35.2,48620.0,2026-08-18 05:45:00+00:00,False,False,,2026-08-18 12:45:00+07:00,15.0,0.0,2026-08-18
224,farm_gateway_s3:1787032800,2026-08-18T06:00:00Z,46252.541666666664,farm_gateway_s3,24.0,30.2,0,7.4,0,0,0,31.5,64.0,27.3,83.0,1007.0,0.0,0.0,0.0,0.0,0.0,1.0,24.1,32.5,30.9,36960.0,2026-08-18 06:00:00+00:00,False,False,,2026-08-18 13:00:00+07:00,15.0,0.0,2026-08-18
225,farm_gateway_s3:1787033700,2026-08-18T06:15:00Z,46252.552083333336,farm_gateway_s3,24.0,30.2,0,7.3,0,0,0,30.9,63.0,27.9,78.0,1007.0,0.0,0.0,0.0,0.0,0.0,2.0,23.6,32.9,31.6,51040.0,2026-08-18 06:15:00+00:00,False,False,,2026-08-18 13:15:00+07:00,15.0,0.0,2026-08-18
226,farm_gateway_s3:1787034600,2026-08-18T06:30:00Z,46252.5625,farm_gateway_s3,24.0,30.3,0,7.4,0,0,0,30.9,64.0,28.9,75.0,1007.0,0.0,0.0,0.0,0.0,0.0,2.0,23.9,34.1,33.5,45760.0,2026-08-18 06:30:00+00:00,False,False,,2026-08-18 13:30:00+07:00,15.0,0.0,2026-08-18
227,farm_gateway_s3:1787035500,2026-08-18T06:45:00Z,46252.572916666664,farm_gateway_s3,24.0,30.3,0,7.4,0,0,0,31.0,65.0,28.3,78.0,1007.0,0.0,0.0,0.0,0.0,0.0,1.0,24.0,33.5,32.5,34870.0,2026-08-18 06:45:00+00:00,False,False,,2026-08-18 13:45:00+07:00,15.0,0.0,2026-08-18
228,farm_gateway_s3:1787036400,2026-08-18T07:00:00Z,46252.583333333336,farm_gateway_s3,24.0,30.3,0,7.4,0,0,0,30.8,65.0,28.2,80.0,1006.0,0.0,0.0,0.0,0.0,0.0,1.0,24.3,33.5,32.6,35860.0,2026-08-18 07:00:00+00:00,False,False,,2026-08-18 14:00:00+07:00,15.0,0.0,2026-08-18
229,farm_gateway_s3:1787037300,2026-08-18T07:15:00Z,46252.59375,farm_gateway_s3,24.0,30.3,0,7.4,0,0,0,30.8,64.0,28.4,78.0,1006.0,0.0,0.0,0.0,0.0,0.0,1.0,24.1,33.7,32.7,33990.0,2026-08-18 07:15:00+00:00,False,False,,2026-08-18 14:15:00+07:00,15.0,0.0,2026-08-18
230,farm_gateway_s3:1787038200,2026-08-18T07:30:00Z,46252.604166666664,farm_gateway_s3,24.0,30.4,0,7.4,0,0,0,30.7,64.0,28.5,76.0,1006.0,0.0,0.0,0.0,0.0,0.0,1.0,23.8,33.6,32.7,39050.0,2026-08-18 07:30:00+00:00,False,False,,2026-08-18 14:30:00+07:00,15.0,0.0,2026-08-18
231,farm_gateway_s3:1787039100,2026-08-18T07:45:00Z,46252.614583333336,farm_gateway_s3,24.0,30.4,0,7.4,0,0,0,30.8,63.0,29.0,75.0,1006.0,0.0,0.0,0.0,0.0,0.0,2.0,24.0,34.3,33.8,42130.0,2026-08-18 07:45:00+00:00,False,False,,2026-08-18 14:45:00+07:00,15.0,0.0,2026-08-18
232,farm_gateway_s3:1787040000,2026-08-18T08:00:00Z,46252.625,farm_gateway_s3,24.0,30.4,0,7.4,0,0,0,30.7,61.0,28.7,73.0,1005.0,0.0,0.0,0.0,0.0,0.0,2.0,23.3,33.7,32.6,44440.0,2026-08-18 08:00:00+00:00,False,False,,2026-08-18 15:00:00+07:00,15.0,0.0,2026-08-18
233,farm_gateway_s3:1787040900,2026-08-18T08:15:00Z,46252.635416666664,farm_gateway_s3,24.0,30.4,0,7.4,0,0,0,30.8,62.0,29.3,70.0,1005.0,0.0,0.0,0.0,0.0,0.0,1.0,23.2,34.3,33.5,32230.0,2026-08-18 08:15:00+00:00,False,False,,2026-08-18 15:15:00+07:00,15.0,0.0,2026-08-18
234,farm_gateway_s3:1787041800,2026-08-18T08:30:00Z,46252.645833333336,farm_gateway_s3,24.0,30.4,0,7.4,0,0,0,30.9,62.0,29.0,71.0,1005.0,0.0,0.0,0.0,0.0,0.0,1.0,23.1,33.9,33.0,26730.0,2026-08-18 08:30:00+00:00,False,False,,2026-08-18 15:30:00+07:00,15.0,0.0,2026-08-18
235,farm_gateway_s3:1787042700,2026-08-18T08:45:00Z,46252.65625,farm_gateway_s3,24.0,30.4,0,7.4,0,0,0,30.9,62.0,28.9,72.0,1005.0,0.0,0.0,0.0,0.0,0.0,1.0,23.3,33.9,32.9,22990.0,2026-08-18 08:45:00+00:00,False,False,,2026-08-18 15:45:00+07:00,15.0,0.0,2026-08-18
236,farm_gateway_s3:1787043600,2026-08-18T09:00:00Z,46252.666666666664,farm_gateway_s3,24.0,30.4,0,7.4,0,0,0,30.9,62.0,28.7,75.0,1004.0,0.0,0.0,0.0,0.0,0.0,1.0,23.8,33.8,33.0,19300.0,2026-08-18 09:00:00+00:00,False,False,,2026-08-18 16:00:00+07:00,15.0,0.0,2026-08-18
237,farm_gateway_s3:1787044500,2026-08-18T09:15:00Z,46252.677083333336,farm_gateway_s3,24.0,30.4,0,7.4,0,0,0,30.9,63.0,28.5,76.0,1004.0,0.0,0.0,0.0,0.0,0.0,1.0,23.8,33.6,32.7,15010.0,2026-08-18 09:15:00+00:00,False,False,,2026-08-18 16:15:00+07:00,15.0,0.0,2026-08-18
238,farm_gateway_s3:1787045400,2026-08-18T09:30:00Z,46252.6875,farm_gateway_s3,24.0,30.3,0,7.4,0,0,0,30.8,63.0,28.7,76.0,1004.0,0.0,0.0,0.0,0.0,0.0,1.0,24.0,33.9,33.1,17540.0,2026-08-18 09:30:00+00:00,False,False,,2026-08-18 16:30:00+07:00,15.0,0.0,2026-08-18
239,farm_gateway_s3:1787046300,2026-08-18T09:45:00Z,46252.697916666664,farm_gateway_s3,24.0,30.3,0,7.4,0,0,0,30.9,63.0,28.8,75.0,1004.0,0.0,0.0,0.0,0.0,0.0,1.0,23.8,34.0,33.2,15560.0,2026-08-18 09:45:00+00:00,False,False,,2026-08-18 16:45:00+07:00,15.0,0.0,2026-08-18
240,farm_gateway_s3:1787047200,2026-08-18T10:00:00Z,46252.708333333336,farm_gateway_s3,24.0,30.3,0,7.4,0,0,0,30.8,62.0,28.6,75.0,1004.0,0.0,0.0,0.0,0.0,0.0,1.0,23.7,33.7,32.7,13910.0,2026-08-18 10:00:00+00:00,False,False,,2026-08-18 17:00:00+07:00,15.0,0.0,2026-08-18
241,farm_gateway_s3:1787048100,2026-08-18T10:15:00Z,46252.71875,farm_gateway_s3,24.0,30.3,0,7.4,0,0,0,30.8,63.0,28.7,75.0,1004.0,0.0,0.0,0.0,0.0,0.0,0.0,23.8,33.8,33.0,11380.0,2026-08-18 10:15:00+00:00,False,False,,2026-08-18 17:15:00+07:00,15.0,0.0,2026-08-18
242,farm_gateway_s3:1787049000,2026-08-18T10:30:00Z,46252.729166666664,farm_gateway_s3,24.0,30.2,0,7.4,0,0,0,30.7,64.0,28.4,77.0,1004.0,0.0,0.0,0.0,0.0,0.0,0.0,23.9,33.6,32.7,9180.0,2026-08-18 10:30:00+00:00,False,False,,2026-08-18 17:30:00+07:00,15.0,0.0,2026-08-18
243,farm_gateway_s3:1787049900,2026-08-18T10:45:00Z,46252.739583333336,farm_gateway_s3,24.0,30.2,0,7.4,0,0,0,30.7,65.0,28.1,80.0,1004.0,0.0,0.0,0.0,0.0,0.0,0.0,24.2,33.4,32.3,6430.0,2026-08-18 10:45:00+00:00,False,False,,2026-08-18 17:45:00+07:00,15.0,0.0,2026-08-18
244,farm_gateway_s3:1787050800,2026-08-18T11:00:00Z,46252.75,farm_gateway_s3,24.0,30.2,0,7.4,0,0,0,30.6,66.0,27.6,83.0,1004.0,0.0,0.0,0.0,0.0,0.0,0.0,24.4,32.9,31.5,3820.0,2026-08-18 11:00:00+00:00,False,False,,2026-08-18 18:00:00+07:00,15.0,0.0,2026-08-18
245,farm_gateway_s3:1787051700,2026-08-18T11:15:00Z,46252.760416666664,farm_gateway_s3,24.0,30.2,0,7.4,0,0,0,30.5,66.0,27.2,84.0,1004.0,0.0,0.0,0.0,0.0,0.0,0.0,24.2,32.4,30.6,2010.0,2026-08-18 11:15:00+00:00,False,False,,2026-08-18 18:15:00+07:00,15.0,0.0,2026-08-18
246,farm_gateway_s3:1787052600,2026-08-18T11:30:00Z,46252.770833333336,farm_gateway_s3,24.0,30.1,0,7.4,0,0,0,30.3,67.0,26.8,85.0,1004.0,0.0,0.0,0.0,0.0,0.0,0.0,24.0,31.9,29.8,820.0,2026-08-18 11:30:00+00:00,False,False,,2026-08-18 18:30:00+07:00,15.0,0.0,2026-08-18
247,farm_gateway_s3:1787053500,2026-08-18T11:45:00Z,46252.78125,farm_gateway_s3,23.9,30.1,0,7.4,0,0,0,30.2,67.0,26.8,85.0,1004.0,0.0,0.0,0.0,0.0,0.0,0.0,24.0,31.9,29.8,60.0,2026-08-18 11:45:00+00:00,False,False,,2026-08-18 18:45:00+07:00,15.0,-0.10000000000000142,2026-08-18
248,farm_gateway_s3:1787054400,2026-08-18T12:00:00Z,46252.791666666664,farm_gateway_s3,23.9,30.1,0,7.4,0,0,0,30.0,67.0,26.8,84.0,1005.0,0.0,0.0,0.0,0.0,0.0,0.0,23.8,31.8,29.7,0.0,2026-08-18 12:00:00+00:00,False,False,,2026-08-18 19:00:00+07:00,15.0,0.0,2026-08-18
249,farm_gateway_s3:1787055300,2026-08-18T12:15:00Z,46252.802083333336,farm_gateway_s3,23.9,30.0,0,7.4,0,0,0,29.9,68.0,26.6,86.0,1005.0,0.0,0.0,0.0,0.0,0.0,0.0,24.0,31.7,26.6,0.0,2026-08-18 12:15:00+00:00,False,False,,2026-08-18 19:15:00+07:00,15.0,0.0,2026-08-18
250,farm_gateway_s3:1787056200,2026-08-18T12:30:00Z,46252.8125,farm_gateway_s3,23.9,30.0,0,7.3,0,0,0,29.8,68.0,26.3,87.0,1005.0,0.0,0.0,0.0,0.0,0.0,0.0,23.9,31.3,26.3,0.0,2026-08-18 12:30:00+00:00,False,False,,2026-08-18 19:30:00+07:00,15.0,0.0,2026-08-18
251,farm_gateway_s3:1787057100,2026-08-18T12:45:00Z,46252.822916666664,farm_gateway_s3,23.9,29.9,0,7.3,0,0,0,29.6,68.0,26.7,85.0,1005.0,0.0,0.0,0.0,0.0,0.0,0.0,23.9,31.8,29.6,0.0,2026-08-18 12:45:00+00:00,False,False,,2026-08-18 19:45:00+07:00,15.0,0.0,2026-08-18
252,farm_gateway_s3:1787058000,2026-08-18T13:00:00Z,46252.833333333336,farm_gateway_s3,23.9,29.9,0,7.3,0,0,0,29.5,68.0,27.3,83.0,1005.0,0.0,0.0,0.0,0.0,0.0,0.0,24.1,32.5,30.9,0.0,2026-08-18 13:00:00+00:00,False,False,,2026-08-18 20:00:00+07:00,15.0,0.0,2026-08-18
253,farm_gateway_s3:1787058900,2026-08-18T13:15:00Z,46252.84375,farm_gateway_s3,23.9,29.8,0,7.4,0,0,0,29.4,69.0,26.7,85.0,1005.0,0.0,0.0,0.0,0.0,0.0,0.0,23.9,31.8,29.6,0.0,2026-08-18 13:15:00+00:00,False,False,,2026-08-18 20:15:00+07:00,15.0,0.0,2026-08-18
254,farm_gateway_s3:1787059800,2026-08-18T13:30:00Z,46252.854166666664,farm_gateway_s3,23.9,29.8,0,7.4,0,0,0,29.5,69.0,26.7,86.0,1005.0,0.0,0.0,0.0,0.0,0.0,0.0,24.1,31.8,29.6,0.0,2026-08-18 13:30:00+00:00,False,False,,2026-08-18 20:30:00+07:00,15.0,0.0,2026-08-18
255,farm_gateway_s3:1787060700,2026-08-18T13:45:00Z,46252.864583333336,farm_gateway_s3,23.9,29.8,0,7.3,0,0,0,29.4,69.0,26.6,86.0,1005.0,0.0,0.0,0.0,0.0,0.0,0.0,24.0,31.7,26.6,0.0,2026-08-18 13:45:00+00:00,False,False,,2026-08-18 20:45:00+07:00,15.0,0.0,2026-08-18
256,farm_gateway_s3:1787061600,2026-08-18T14:00:00Z,46252.875,farm_gateway_s3,23.9,29.7,0,7.3,0,0,0,29.4,70.0,26.2,88.0,1005.0,0.0,0.0,0.0,0.0,0.0,0.0,24.0,31.3,26.2,0.0,2026-08-18 14:00:00+00:00,False,False,,2026-08-18 21:00:00+07:00,15.0,0.0,2026-08-18
257,farm_gateway_s3:1787062500,2026-08-18T14:15:00Z,46252.885416666664,farm_gateway_s3,23.9,29.7,0,7.4,0,0,0,29.3,70.0,26.3,88.0,1005.0,0.0,0.0,0.0,0.0,0.0,0.0,24.1,31.4,26.3,0.0,2026-08-18 14:15:00+00:00,False,False,,2026-08-18 21:15:00+07:00,15.0,0.0,2026-08-18
258,farm_gateway_s3:1787063400,2026-08-18T14:30:00Z,46252.895833333336,farm_gateway_s3,23.9,29.6,0,7.3,0,0,0,29.2,70.0,26.7,88.0,1005.0,0.0,0.0,0.0,0.0,0.0,0.0,24.5,32.0,29.6,0.0,2026-08-18 14:30:00+00:00,False,False,,2026-08-18 21:30:00+07:00,15.0,0.0,2026-08-18
259,farm_gateway_s3:1787064300,2026-08-18T14:45:00Z,46252.90625,farm_gateway_s3,23.9,29.6,0,7.3,0,0,0,29.1,71.0,26.9,86.0,1005.0,0.0,0.0,0.0,0.0,0.0,0.0,24.3,32.1,30.0,0.0,2026-08-18 14:45:00+00:00,False,False,,2026-08-18 21:45:00+07:00,15.0,0.0,2026-08-18
260,farm_gateway_s3:1787065200,2026-08-18T15:00:00Z,46252.916666666664,farm_gateway_s3,23.9,29.6,0,7.3,0,0,0,29.1,71.0,26.6,87.0,1006.0,0.0,0.0,0.0,0.0,0.0,0.0,24.2,31.8,26.6,0.0,2026-08-18 15:00:00+00:00,False,False,,2026-08-18 22:00:00+07:00,15.0,0.0,2026-08-18
261,farm_gateway_s3:1787066100,2026-08-18T15:15:00Z,46252.927083333336,farm_gateway_s3,23.9,29.6,0,7.3,0,0,0,29.0,71.0,26.8,86.0,1006.0,0.0,0.0,0.0,0.0,0.0,0.0,24.2,32.0,29.8,0.0,2026-08-18 15:15:00+00:00,False,False,,2026-08-18 22:15:00+07:00,15.0,0.0,2026-08-18
262,farm_gateway_s3:1787097600,2026-08-19T00:00:00Z,46253.291666666664,farm_gateway_s3,23.8,28.5,0,7.3,0,0,0,27.3,72.0,26.9,82.0,1005.0,0.0,0.0,0.0,0.0,0.0,0.0,23.5,31.8,29.7,7860.0,2026-08-19 00:00:00+00:00,False,False,,2026-08-19 07:00:00+07:00,525.0,,2026-08-19
263,farm_gateway_s3:1787098500,2026-08-19T00:15:00Z,46253.302083333336,farm_gateway_s3,23.8,28.5,0,7.3,0,0,0,27.5,73.0,27.0,82.0,1005.0,0.0,0.0,0.0,0.0,0.0,0.0,23.6,32.0,30.0,8910.0,2026-08-19 00:15:00+00:00,False,False,,2026-08-19 07:15:00+07:00,15.0,0.0,2026-08-19
264,farm_gateway_s3:1787099400,2026-08-19T00:30:00Z,46253.3125,farm_gateway_s3,23.8,28.5,0,7.3,0,0,0,27.5,73.0,28.0,79.0,1005.0,0.0,0.0,0.0,0.0,0.0,1.0,23.9,33.2,32.0,17600.0,2026-08-19 00:30:00+00:00,False,False,,2026-08-19 07:30:00+07:00,15.0,0.0,2026-08-19
265,farm_gateway_s3:1787100300,2026-08-19T00:45:00Z,46253.322916666664,farm_gateway_s3,23.8,28.5,0,7.3,0,0,0,27.7,73.0,29.0,75.0,1005.0,0.0,0.0,0.0,0.0,0.0,1.0,24.0,34.3,33.8,18040.0,2026-08-19 00:45:00+00:00,False,False,,2026-08-19 07:45:00+07:00,15.0,0.0,2026-08-19
266,farm_gateway_s3:1787101200,2026-08-19T01:00:00Z,46253.333333333336,farm_gateway_s3,23.8,28.5,0,7.3,0,0,0,28.1,72.0,29.4,74.0,1006.0,0.0,0.0,0.0,0.0,0.0,1.0,24.2,34.8,34.5,22110.0,2026-08-19 01:00:00+00:00,False,False,,2026-08-19 08:00:00+07:00,15.0,0.0,2026-08-19
267,farm_gateway_s3:1787102100,2026-08-19T01:15:00Z,46253.34375,farm_gateway_s3,23.8,28.5,0,7.3,0,0,0,28.3,71.0,29.5,74.0,1006.0,0.0,0.0,0.0,0.0,0.0,1.0,24.3,34.9,35.0,30800.0,2026-08-19 01:15:00+00:00,False,False,,2026-08-19 08:15:00+07:00,15.0,0.0,2026-08-19
268,farm_gateway_s3:1787103000,2026-08-19T01:30:00Z,46253.354166666664,farm_gateway_s3,23.8,28.5,0,7.3,0,0,0,28.6,71.0,30.2,71.0,1006.0,0.0,0.0,0.0,0.0,0.0,1.0,24.3,35.6,35.7,40590.0,2026-08-19 01:30:00+00:00,False,False,,2026-08-19 08:30:00+07:00,15.0,0.0,2026-08-19
269,farm_gateway_s3:1787103900,2026-08-19T01:45:00Z,46253.364583333336,farm_gateway_s3,23.8,28.5,0,7.3,0,0,0,28.9,70.0,30.3,71.0,1006.0,0.0,0.0,0.0,0.0,0.0,2.0,24.4,35.8,36.1,46200.0,2026-08-19 01:45:00+00:00,False,False,,2026-08-19 08:45:00+07:00,15.0,0.0,2026-08-19
270,farm_gateway_s3:1787104800,2026-08-19T02:00:00Z,46253.375,farm_gateway_s3,23.8,28.6,0,7.3,0,0,0,29.2,69.0,30.6,70.0,1006.0,0.0,0.0,0.0,0.0,0.0,2.0,24.4,36.1,36.5,53460.0,2026-08-19 02:00:00+00:00,False,False,,2026-08-19 09:00:00+07:00,15.0,0.0,2026-08-19
271,farm_gateway_s3:1787105700,2026-08-19T02:15:00Z,46253.385416666664,farm_gateway_s3,23.8,28.6,0,7.3,0,0,0,29.6,68.0,30.6,70.0,1006.0,0.0,3.3,0.0,0.0,0.0,3.0,24.4,36.1,36.5,65560.0,2026-08-19 02:15:00+00:00,False,False,,2026-08-19 09:15:00+07:00,15.0,0.0,2026-08-19
272,farm_gateway_s3:1787106600,2026-08-19T02:30:00Z,46253.395833333336,farm_gateway_s3,23.8,28.6,0,7.4,0,0,0,29.9,67.0,31.1,67.0,1006.0,0.0,7.9,0.0,0.0,0.0,3.0,24.2,35.8,36.8,72820.0,2026-08-19 02:30:00+00:00,False,False,,2026-08-19 09:30:00+07:00,15.0,0.0,2026-08-19
273,farm_gateway_s3:1787107500,2026-08-19T02:45:00Z,46253.40625,farm_gateway_s3,23.8,28.6,0,7.4,0,0,0,30.3,67.0,31.6,67.0,1006.0,0.4,0.0,0.0,0.0,0.0,4.0,24.6,37.3,38.2,92180.0,2026-08-19 02:45:00+00:00,False,False,,2026-08-19 09:45:00+07:00,15.0,0.0,2026-08-19
274,farm_gateway_s3:1787108400,2026-08-19T03:00:00Z,46253.416666666664,farm_gateway_s3,23.8,28.7,0,7.4,0,0,0,30.5,67.0,31.1,68.0,1007.0,0.0,0.0,0.0,0.0,0.0,1.0,24.4,36.7,37.2,17710.0,2026-08-19 03:00:00+00:00,False,False,,2026-08-19 10:00:00+07:00,15.0,0.0,2026-08-19
275,farm_gateway_s3:1787109300,2026-08-19T03:15:00Z,46253.427083333336,farm_gateway_s3,23.8,28.7,0,7.4,0,0,0,30.8,66.0,32.5,67.0,1007.0,0.0,0.0,0.0,0.0,0.0,1.0,25.5,38.6,40.9,23980.0,2026-08-19 03:15:00+00:00,False,False,,2026-08-19 10:15:00+07:00,15.0,0.0,2026-08-19
276,farm_gateway_s3:1787110200,2026-08-19T03:30:00Z,46253.4375,farm_gateway_s3,23.8,28.8,0,7.4,0,0,0,31.1,66.0,32.4,67.0,1007.0,0.0,0.0,0.0,0.0,0.0,4.0,25.4,38.4,40.5,100320.0,2026-08-19 03:30:00+00:00,False,False,,2026-08-19 10:30:00+07:00,15.0,0.0,2026-08-19
277,farm_gateway_s3:1787111100,2026-08-19T03:45:00Z,46253.447916666664,farm_gateway_s3,23.8,28.8,0,7.4,0,0,0,31.3,65.0,32.2,67.0,1007.0,0.0,0.0,0.0,0.0,0.0,4.0,25.2,38.1,39.9,112640.0,2026-08-19 03:45:00+00:00,False,False,,2026-08-19 10:45:00+07:00,15.0,0.0,2026-08-19
278,farm_gateway_s3:1787112000,2026-08-19T04:00:00Z,46253.458333333336,farm_gateway_s3,23.8,28.9,0,7.4,0,0,0,31.6,64.0,31.5,67.0,1006.0,0.0,0.0,0.0,0.0,0.0,1.0,24.5,37.1,38.0,31020.0,2026-08-19 04:00:00+00:00,False,False,,2026-08-19 11:00:00+07:00,15.0,0.0,2026-08-19
279,farm_gateway_s3:1787112900,2026-08-19T04:15:00Z,46253.46875,farm_gateway_s3,23.8,29.0,0,7.4,0,0,0,31.8,64.0,33.1,62.0,1006.0,0.0,5.9,0.0,0.0,0.0,4.0,24.8,38.9,40.5,117480.0,2026-08-19 04:15:00+00:00,False,False,,2026-08-19 11:15:00+07:00,15.0,0.0,2026-08-19
280,farm_gateway_s3:1787113800,2026-08-19T04:30:00Z,46253.479166666664,farm_gateway_s3,23.8,29.1,0,7.4,0,0,0,32.1,62.0,33.7,63.0,1006.0,0.0,0.0,0.0,0.0,0.0,1.0,25.6,39.9,42.6,15730.0,2026-08-19 04:30:00+00:00,False,False,,2026-08-19 11:30:00+07:00,15.0,0.0,2026-08-19
281,farm_gateway_s3:1787114700,2026-08-19T04:45:00Z,46253.489583333336,farm_gateway_s3,23.8,29.2,0,7.4,0,0,0,,,,,,,,,,,,,,,,2026-08-19 04:45:00+00:00,False,True,,2026-08-19 11:45:00+07:00,15.0,0.0,2026-08-19
282,farm_gateway_s3:1787115600,2026-08-19T05:00:00Z,46253.5,farm_gateway_s3,23.8,29.4,0,7.4,0,0,0,32.7,60.0,33.9,59.0,1005.0,0.0,0.0,0.0,0.0,0.0,1.0,24.7,39.7,41.4,22770.0,2026-08-19 05:00:00+00:00,False,False,,2026-08-19 12:00:00+07:00,15.0,0.0,2026-08-19
283,farm_gateway_s3:1787116500,2026-08-19T05:15:00Z,46253.510416666664,farm_gateway_s3,23.8,29.5,0,7.4,0,0,0,33.0,60.0,34.2,58.0,1005.0,0.0,0.0,0.0,0.0,0.0,4.0,24.7,40.1,41.9,106040.0,2026-08-19 05:15:00+00:00,False,False,,2026-08-19 12:15:00+07:00,15.0,0.0,2026-08-19
284,farm_gateway_s3:1787117400,2026-08-19T05:30:00Z,46253.520833333336,farm_gateway_s3,23.8,29.7,0,7.5,0,0,0,33.2,59.0,34.9,56.0,1005.0,0.0,0.0,0.0,0.0,0.0,1.0,24.7,40.8,42.9,31350.0,2026-08-19 05:30:00+00:00,False,False,,2026-08-19 12:30:00+07:00,15.0,0.0,2026-08-19
285,farm_gateway_s3:1787118300,2026-08-19T05:45:00Z,46253.53125,farm_gateway_s3,23.8,29.8,0,7.5,0,0,0,33.5,58.0,35.4,55.0,1005.0,0.0,0.0,0.0,0.0,0.0,4.0,24.9,41.4,43.8,113080.0,2026-08-19 05:45:00+00:00,False,False,,2026-08-19 12:45:00+07:00,15.0,0.0,2026-08-19
286,farm_gateway_s3:1787119200,2026-08-19T06:00:00Z,46253.541666666664,farm_gateway_s3,23.8,29.9,0,7.5,0,0,0,33.6,56.0,34.1,56.0,1005.0,0.0,0.0,0.0,0.0,0.0,1.0,24.0,39.7,40.6,33000.0,2026-08-19 06:00:00+00:00,False,False,,2026-08-19 13:00:00+07:00,15.0,0.0,2026-08-19
287,farm_gateway_s3:1787120100,2026-08-19T06:15:00Z,46253.552083333336,farm_gateway_s3,23.8,30.1,0,7.5,0,0,0,33.6,57.0,35.2,55.0,1005.0,0.0,0.0,0.0,0.0,0.0,3.0,24.7,41.1,43.2,81620.0,2026-08-19 06:15:00+00:00,False,False,,2026-08-19 13:15:00+07:00,15.0,0.0,2026-08-19
288,farm_gateway_s3:1787121000,2026-08-19T06:30:00Z,46253.5625,farm_gateway_s3,23.8,30.2,0,7.5,0,0,0,33.8,56.0,34.2,57.0,1005.0,0.0,0.0,0.0,0.0,0.0,3.0,24.4,40.0,41.3,71060.0,2026-08-19 06:30:00+00:00,False,False,,2026-08-19 13:30:00+07:00,15.0,0.0,2026-08-19
289,farm_gateway_s3:1787121900,2026-08-19T06:45:00Z,46253.572916666664,farm_gateway_s3,23.8,30.3,0,7.5,0,0,0,34.0,56.0,35.3,55.0,1005.0,0.0,0.0,0.0,0.0,0.0,3.0,24.8,41.3,43.5,76780.0,2026-08-19 06:45:00+00:00,False,False,,2026-08-19 13:45:00+07:00,15.0,0.0,2026-08-19
290,farm_gateway_s3:1787122800,2026-08-19T07:00:00Z,46253.583333333336,farm_gateway_s3,23.8,30.4,0,7.5,0,0,0,34.2,55.0,34.8,57.0,1004.0,0.0,0.0,0.0,0.0,0.0,1.0,24.9,40.8,43.1,32450.0,2026-08-19 07:00:00+00:00,False,False,,2026-08-19 14:00:00+07:00,15.0,0.0,2026-08-19
291,farm_gateway_s3:1787123700,2026-08-19T07:15:00Z,46253.59375,farm_gateway_s3,23.7,30.5,0,7.6,0,0,0,34.3,55.0,35.1,59.0,1004.0,0.0,0.0,0.0,0.0,0.0,3.0,25.8,41.5,44.7,79860.0,2026-08-19 07:15:00+00:00,False,False,,2026-08-19 14:15:00+07:00,15.0,-0.10000000000000142,2026-08-19
292,farm_gateway_s3:1787124600,2026-08-19T07:30:00Z,46253.604166666664,farm_gateway_s3,23.7,30.5,0,7.6,0,0,0,34.4,54.0,35.3,52.0,1004.0,0.0,0.0,0.0,0.0,0.0,3.0,23.9,40.9,42.3,72380.0,2026-08-19 07:30:00+00:00,False,False,,2026-08-19 14:30:00+07:00,15.0,0.0,2026-08-19
293,farm_gateway_s3:1787125500,2026-08-19T07:45:00Z,46253.614583333336,farm_gateway_s3,23.7,30.6,0,7.6,0,0,0,34.6,53.0,35.5,51.0,1004.0,0.0,0.0,0.0,0.0,0.0,3.0,23.7,41.1,42.3,69520.0,2026-08-19 07:45:00+00:00,False,False,,2026-08-19 14:45:00+07:00,15.0,0.0,2026-08-19
294,farm_gateway_s3:1787126400,2026-08-19T08:00:00Z,46253.625,farm_gateway_s3,23.7,30.7,0,7.6,0,0,0,34.6,52.0,35.3,53.0,1003.0,0.1,0.0,0.0,0.0,0.0,1.0,24.2,41.1,42.7,30470.0,2026-08-19 08:00:00+00:00,False,False,,2026-08-19 15:00:00+07:00,15.0,0.0,2026-08-19
295,farm_gateway_s3:1787127300,2026-08-19T08:15:00Z,46253.635416666664,farm_gateway_s3,23.7,30.8,0,7.6,0,0,0,34.6,52.0,34.8,55.0,1003.0,0.0,0.0,0.0,0.0,0.0,3.0,24.3,40.6,42.1,73920.0,2026-08-19 08:15:00+00:00,False,False,,2026-08-19 15:15:00+07:00,15.0,0.0,2026-08-19
296,farm_gateway_s3:1787128200,2026-08-19T08:30:00Z,46253.645833333336,farm_gateway_s3,23.7,30.8,0,7.6,0,0,0,34.6,53.0,35.0,53.0,1003.0,0.0,0.0,0.0,0.0,0.0,2.0,23.9,40.6,42.0,51260.0,2026-08-19 08:30:00+00:00,False,False,,2026-08-19 15:30:00+07:00,15.0,0.0,2026-08-19
297,farm_gateway_s3:1787129100,2026-08-19T08:45:00Z,46253.65625,farm_gateway_s3,23.7,30.9,0,7.6,0,0,0,34.6,53.0,33.7,57.0,1003.0,0.0,0.0,0.0,0.0,0.0,1.0,23.9,39.3,40.1,19800.0,2026-08-19 08:45:00+00:00,False,False,,2026-08-19 15:45:00+07:00,15.0,0.0,2026-08-19
298,farm_gateway_s3:1787130000,2026-08-19T09:00:00Z,46253.666666666664,farm_gateway_s3,23.7,30.9,0,7.6,0,0,0,34.5,53.0,33.3,59.0,1003.0,0.0,0.0,0.0,0.0,0.0,1.0,24.1,38.9,40.0,15450.0,2026-08-19 09:00:00+00:00,False,False,,2026-08-19 16:00:00+07:00,15.0,0.0,2026-08-19
299,farm_gateway_s3:1787130900,2026-08-19T09:15:00Z,46253.677083333336,farm_gateway_s3,23.7,30.9,0,7.6,0,0,0,34.4,54.0,34.6,63.0,1003.0,0.0,0.0,0.0,0.0,0.0,2.0,26.4,41.2,45.3,50380.0,2026-08-19 09:15:00+00:00,False,False,,2026-08-19 16:15:00+07:00,15.0,0.0,2026-08-19
300,farm_gateway_s3:1787131800,2026-08-19T09:30:00Z,46253.6875,farm_gateway_s3,23.7,30.9,0,7.6,0,0,0,34.3,55.0,33.7,61.0,1003.0,0.1,0.0,0.0,0.0,0.0,0.0,25.0,39.7,41.7,10120.0,2026-08-19 09:30:00+00:00,False,False,,2026-08-19 16:30:00+07:00,15.0,0.0,2026-08-19
301,farm_gateway_s3:1787132700,2026-08-19T09:45:00Z,46253.697916666664,farm_gateway_s3,23.7,30.9,0,7.6,0,0,0,34.1,56.0,33.0,64.0,1003.0,0.0,0.0,0.0,0.0,0.0,2.0,25.2,39.0,41.1,40700.0,2026-08-19 09:45:00+00:00,False,False,,2026-08-19 16:45:00+07:00,15.0,0.0,2026-08-19
302,farm_gateway_s3:1787133600,2026-08-19T10:00:00Z,46253.708333333336,farm_gateway_s3,23.7,30.9,0,7.6,0,0,0,34.1,55.0,33.0,62.0,1003.0,0.0,0.0,0.0,0.0,0.0,1.0,24.7,38.8,40.2,26070.0,2026-08-19 10:00:00+00:00,False,False,,2026-08-19 17:00:00+07:00,15.0,0.0,2026-08-19
303,farm_gateway_s3:1787134500,2026-08-19T10:15:00Z,46253.71875,farm_gateway_s3,23.7,30.9,0,7.6,0,0,0,33.9,55.0,31.9,65.0,1003.0,0.0,0.0,0.0,0.0,0.0,0.0,24.4,37.5,38.5,10090.0,2026-08-19 10:15:00+00:00,False,False,,2026-08-19 17:15:00+07:00,15.0,0.0,2026-08-19
304,farm_gateway_s3:1787135400,2026-08-19T10:30:00Z,46253.729166666664,farm_gateway_s3,23.7,30.9,0,7.6,0,0,0,33.8,55.0,32.6,62.0,1003.0,0.0,0.0,0.0,0.0,0.0,1.0,24.3,38.2,39.1,13470.0,2026-08-19 10:30:00+00:00,False,False,,2026-08-19 17:30:00+07:00,15.0,0.0,2026-08-19
305,farm_gateway_s3:1787136300,2026-08-19T10:45:00Z,46253.739583333336,farm_gateway_s3,23.7,30.9,0,7.6,0,0,0,33.7,56.0,31.2,69.0,1003.0,0.0,0.0,0.0,0.0,0.0,0.0,24.8,36.9,37.9,4300.0,2026-08-19 10:45:00+00:00,False,False,,2026-08-19 17:45:00+07:00,15.0,0.0,2026-08-19
306,farm_gateway_s3:1787137200,2026-08-19T11:00:00Z,46253.75,farm_gateway_s3,23.7,30.9,0,7.6,0,0,0,33.6,58.0,29.9,77.0,1003.0,0.0,0.0,0.0,0.0,0.0,0.0,25.3,35.7,36.5,1130.0,2026-08-19 11:00:00+00:00,False,False,,2026-08-19 18:00:00+07:00,15.0,0.0,2026-08-19
307,farm_gateway_s3:1787138100,2026-08-19T11:15:00Z,46253.760416666664,farm_gateway_s3,23.7,30.8,0,7.6,0,0,0,33.0,61.0,28.6,87.0,1003.0,0.0,0.0,0.2,0.2,0.0,0.0,26.1,34.6,35.0,2370.0,2026-08-19 11:15:00+00:00,False,False,,2026-08-19 18:15:00+07:00,15.0,0.0,2026-08-19
308,farm_gateway_s3:1787139000,2026-08-19T11:30:00Z,46253.770833333336,farm_gateway_s3,23.7,30.8,0,7.6,0,0,0,32.7,64.0,27.7,90.0,1003.0,0.0,0.0,0.2,0.2,0.0,0.0,25.8,33.6,32.8,370.0,2026-08-19 11:30:00+00:00,False,False,,2026-08-19 18:30:00+07:00,15.0,0.0,2026-08-19
309,farm_gateway_s3:1787139900,2026-08-19T11:45:00Z,46253.78125,farm_gateway_s3,23.7,30.7,0,7.6,0,0,0,32.4,64.0,27.4,86.0,1003.0,0.0,0.0,0.2,0.2,0.0,0.0,24.8,32.8,31.3,40.0,2026-08-19 11:45:00+00:00,False,False,,2026-08-19 18:45:00+07:00,15.0,0.0,2026-08-19
310,farm_gateway_s3:1787140800,2026-08-19T12:00:00Z,46253.791666666664,farm_gateway_s3,23.7,30.6,0,7.6,0,0,0,32.0,64.0,27.4,88.0,1004.0,0.0,0.0,0.2,0.2,0.0,0.0,25.2,33.0,31.6,0.0,2026-08-19 12:00:00+00:00,False,False,,2026-08-19 19:00:00+07:00,15.0,0.0,2026-08-19
311,farm_gateway_s3:1787141700,2026-08-19T12:15:00Z,46253.802083333336,farm_gateway_s3,23.6,30.6,0,7.6,0,0,0,31.9,65.0,27.1,89.0,1004.0,0.0,0.0,0.0,0.2,0.0,0.0,25.1,32.6,30.9,0.0,2026-08-19 12:15:00+00:00,False,False,,2026-08-19 19:15:00+07:00,15.0,-0.09999999999999787,2026-08-19
312,farm_gateway_s3:1787142600,2026-08-19T12:30:00Z,46253.8125,farm_gateway_s3,23.6,30.5,0,7.6,0,0,0,31.9,65.0,26.9,89.0,1004.0,0.0,0.0,0.0,0.2,0.0,0.0,24.9,32.3,30.3,0.0,2026-08-19 12:30:00+00:00,False,False,,2026-08-19 19:30:00+07:00,15.0,0.0,2026-08-19
313,farm_gateway_s3:1787143500,2026-08-19T12:45:00Z,46253.822916666664,farm_gateway_s3,23.6,30.5,0,7.6,0,0,0,31.6,66.0,26.8,90.0,1004.0,0.0,0.0,0.0,0.2,0.0,0.0,24.9,32.2,30.2,0.0,2026-08-19 12:45:00+00:00,False,False,,2026-08-19 19:45:00+07:00,15.0,0.0,2026-08-19
314,farm_gateway_s3:1787144400,2026-08-19T13:00:00Z,46253.833333333336,farm_gateway_s3,23.6,30.4,0,7.6,0,0,0,31.5,66.0,26.7,90.0,1005.0,0.0,0.0,0.0,0.2,0.0,0.0,24.8,32.1,29.9,0.0,2026-08-19 13:00:00+00:00,False,False,,2026-08-19 20:00:00+07:00,15.0,0.0,2026-08-19
315,farm_gateway_s3:1787145300,2026-08-19T13:15:00Z,46253.84375,farm_gateway_s3,23.6,30.4,0,7.6,0,0,0,31.2,66.0,26.7,89.0,1005.0,0.0,0.0,0.0,0.2,0.0,0.0,24.7,32.0,29.7,0.0,2026-08-19 13:15:00+00:00,False,False,,2026-08-19 20:15:00+07:00,15.0,0.0,2026-08-19
316,farm_gateway_s3:1787146200,2026-08-19T13:30:00Z,46253.854166666664,farm_gateway_s3,23.6,30.3,0,7.5,0,0,0,31.0,66.0,26.6,90.0,1005.0,0.0,0.0,0.0,0.2,0.0,0.0,24.7,32.0,26.6,0.0,2026-08-19 13:30:00+00:00,False,False,,2026-08-19 20:30:00+07:00,15.0,0.0,2026-08-19
317,farm_gateway_s3:1787147100,2026-08-19T13:45:00Z,46253.864583333336,farm_gateway_s3,23.6,30.3,0,7.5,0,0,0,30.8,67.0,26.6,90.0,1005.0,0.0,0.0,0.0,0.2,0.0,0.0,24.7,32.0,26.6,0.0,2026-08-19 13:45:00+00:00,False,False,,2026-08-19 20:45:00+07:00,15.0,0.0,2026-08-19
318,farm_gateway_s3:1787148000,2026-08-19T14:00:00Z,46253.875,farm_gateway_s3,23.6,30.2,0,7.6,0,0,0,30.6,67.0,26.7,89.0,1006.0,0.0,0.0,0.0,0.2,0.0,0.0,24.7,32.0,29.7,0.0,2026-08-19 14:00:00+00:00,False,False,,2026-08-19 21:00:00+07:00,15.0,0.0,2026-08-19
319,farm_gateway_s3:1787148900,2026-08-19T14:15:00Z,46253.885416666664,farm_gateway_s3,23.6,30.1,0,7.5,0,0,0,30.6,67.0,26.9,87.0,1006.0,0.0,0.0,0.0,0.2,0.0,0.0,24.5,32.2,30.1,0.0,2026-08-19 14:15:00+00:00,False,False,,2026-08-19 21:15:00+07:00,15.0,0.0,2026-08-19
320,farm_gateway_s3:1787149800,2026-08-19T14:30:00Z,46253.895833333336,farm_gateway_s3,23.6,30.1,0,7.5,0,0,0,30.5,67.0,26.9,87.0,1006.0,0.0,0.0,0.0,0.2,0.0,0.0,24.5,32.2,30.1,0.0,2026-08-19 14:30:00+00:00,False,False,,2026-08-19 21:30:00+07:00,15.0,0.0,2026-08-19
321,farm_gateway_s3:1787150700,2026-08-19T14:45:00Z,46253.90625,farm_gateway_s3,23.6,30.1,0,7.5,0,0,0,30.3,67.0,26.9,87.0,1006.0,0.0,0.0,0.0,0.2,0.0,0.0,24.5,32.2,30.1,0.0,2026-08-19 14:45:00+00:00,False,False,,2026-08-19 21:45:00+07:00,15.0,0.0,2026-08-19
322,farm_gateway_s3:1787151600,2026-08-19T15:00:00Z,46253.916666666664,farm_gateway_s3,23.6,30.0,0,7.5,0,0,0,30.1,68.0,26.7,88.0,1007.0,0.0,0.0,0.0,0.2,0.0,0.0,24.5,32.0,29.6,0.0,2026-08-19 15:00:00+00:00,False,False,,2026-08-19 22:00:00+07:00,15.0,0.0,2026-08-19
323,farm_gateway_s3:1787152500,2026-08-19T15:15:00Z,46253.927083333336,farm_gateway_s3,23.6,30.0,0,7.5,0,0,0,30.1,68.0,27.0,86.0,1007.0,0.0,0.0,0.0,0.2,0.0,0.0,24.4,32.3,30.4,0.0,2026-08-19 15:15:00+00:00,False,False,,2026-08-19 22:15:00+07:00,15.0,0.0,2026-08-19
324,farm_gateway_s3:1787153400,2026-08-19T15:30:00Z,46253.9375,farm_gateway_s3,23.6,29.9,0,7.5,0,0,0,29.8,69.0,26.8,87.0,1007.0,0.0,0.0,0.0,0.2,0.0,0.0,24.4,32.0,30.0,0.0,2026-08-19 15:30:00+00:00,False,False,,2026-08-19 22:30:00+07:00,15.0,0.0,2026-08-19
325,farm_gateway_s3:1787154300,2026-08-19T15:45:00Z,46253.947916666664,farm_gateway_s3,23.6,29.9,0,7.5,0,0,0,29.8,69.0,26.8,87.0,1007.0,0.0,0.0,0.0,0.2,0.0,0.0,24.4,32.0,30.0,0.0,2026-08-19 15:45:00+00:00,False,False,,2026-08-19 22:45:00+07:00,15.0,0.0,2026-08-19
326,farm_gateway_s3:1787155200,2026-08-19T16:00:00Z,46253.958333333336,farm_gateway_s3,23.6,29.8,0,7.5,0,0,0,29.6,69.0,26.8,86.0,1007.0,0.0,0.0,0.0,0.2,0.0,0.0,24.2,32.0,29.8,0.0,2026-08-19 16:00:00+00:00,False,False,,2026-08-19 23:00:00+07:00,15.0,0.0,2026-08-19
327,farm_gateway_s3:1787156100,2026-08-19T16:15:00Z,46253.96875,farm_gateway_s3,23.6,29.8,0,7.5,0,0,0,29.5,69.0,27.0,85.0,1007.0,0.0,0.0,0.0,0.2,0.0,0.0,24.2,32.2,30.3,0.0,2026-08-19 16:15:00+00:00,False,False,,2026-08-19 23:15:00+07:00,15.0,0.0,2026-08-19
328,farm_gateway_s3:1787157000,2026-08-19T16:30:00Z,46253.979166666664,farm_gateway_s3,23.6,29.8,0,7.5,0,0,0,29.4,69.0,27.3,84.0,1007.0,0.0,0.0,0.0,0.2,0.0,0.0,24.3,32.5,30.9,0.0,2026-08-19 16:30:00+00:00,False,False,,2026-08-19 23:30:00+07:00,15.0,0.0,2026-08-19
329,farm_gateway_s3:1787157900,2026-08-19T16:45:00Z,46253.989583333336,farm_gateway_s3,23.6,29.7,0,7.5,0,0,0,29.4,68.0,27.3,83.0,1007.0,0.0,0.0,0.0,0.2,0.0,0.0,24.1,32.5,30.9,0.0,2026-08-19 16:45:00+00:00,False,False,,2026-08-19 23:45:00+07:00,15.0,0.0,2026-08-19
330,farm_gateway_s3:1787158800,2026-08-19T17:00:00Z,46254.0,farm_gateway_s3,23.6,29.7,0,7.5,0,0,0,29.3,68.0,27.4,81.0,1007.0,0.0,0.0,0.0,0.2,0.0,0.0,23.8,32.5,30.7,0.0,2026-08-19 17:00:00+00:00,False,False,,2026-08-20 00:00:00+07:00,15.0,0.0,2026-08-20
331,farm_gateway_s3:1787159700,2026-08-19T17:15:00Z,46254.010416666664,farm_gateway_s3,23.6,29.7,0,7.5,0,0,0,29.2,68.0,27.1,83.0,1007.0,0.0,0.0,0.0,0.0,0.0,0.0,23.9,32.2,30.2,0.0,2026-08-19 17:15:00+00:00,False,False,,2026-08-20 00:15:00+07:00,15.0,0.0,2026-08-20
332,farm_gateway_s3:1787160600,2026-08-19T17:30:00Z,46254.020833333336,farm_gateway_s3,23.6,29.6,0,7.5,0,0,0,29.1,68.0,27.0,82.0,1007.0,0.0,0.0,0.0,0.0,0.0,0.0,23.6,32.0,30.0,0.0,2026-08-19 17:30:00+00:00,False,False,,2026-08-20 00:30:00+07:00,15.0,0.0,2026-08-20
333,farm_gateway_s3:1787161500,2026-08-19T17:45:00Z,46254.03125,farm_gateway_s3,23.6,29.6,0,7.5,0,0,0,29.1,68.0,26.7,84.0,1007.0,0.0,0.0,0.0,0.0,0.0,0.0,23.7,31.7,29.5,0.0,2026-08-19 17:45:00+00:00,False,False,,2026-08-20 00:45:00+07:00,15.0,0.0,2026-08-20
334,farm_gateway_s3:1787162400,2026-08-19T18:00:00Z,46254.041666666664,farm_gateway_s3,23.6,29.6,0,7.5,0,0,0,28.9,69.0,26.3,85.0,1006.0,0.0,0.0,0.0,0.0,0.0,0.0,23.5,31.2,26.3,0.0,2026-08-19 18:00:00+00:00,False,False,,2026-08-20 01:00:00+07:00,15.0,0.0,2026-08-20
335,farm_gateway_s3:1787163300,2026-08-19T18:15:00Z,46254.052083333336,farm_gateway_s3,23.6,29.5,0,7.5,0,0,0,28.8,69.0,26.5,84.0,1006.0,0.0,0.0,0.0,0.0,0.0,0.0,23.5,31.4,26.5,0.0,2026-08-19 18:15:00+00:00,False,False,,2026-08-20 01:15:00+07:00,15.0,0.0,2026-08-20
336,farm_gateway_s3:1787164200,2026-08-19T18:30:00Z,46254.0625,farm_gateway_s3,23.6,29.5,0,7.5,0,0,0,28.8,69.0,26.4,84.0,1006.0,0.0,0.0,0.0,0.0,0.0,0.0,23.4,31.3,26.4,0.0,2026-08-19 18:30:00+00:00,False,False,,2026-08-20 01:30:00+07:00,15.0,0.0,2026-08-20
337,farm_gateway_s3:1787165100,2026-08-19T18:45:00Z,46254.072916666664,farm_gateway_s3,23.6,29.5,0,7.5,0,0,0,28.8,69.0,26.4,85.0,1006.0,0.0,0.0,0.0,0.0,0.0,0.0,23.6,31.3,26.4,0.0,2026-08-19 18:45:00+00:00,False,False,,2026-08-20 01:45:00+07:00,15.0,0.0,2026-08-20
338,farm_gateway_s3:1787166000,2026-08-19T19:00:00Z,46254.083333333336,farm_gateway_s3,23.6,29.4,0,7.5,0,0,0,28.7,69.0,26.5,84.0,1005.0,0.0,0.0,0.0,0.0,0.0,0.0,23.5,31.4,26.5,0.0,2026-08-19 19:00:00+00:00,False,False,,2026-08-20 02:00:00+07:00,15.0,0.0,2026-08-20
339,farm_gateway_s3:1787166900,2026-08-19T19:15:00Z,46254.09375,farm_gateway_s3,23.6,29.4,0,7.5,0,0,0,28.6,69.0,26.5,84.0,1005.0,0.0,0.0,0.0,0.0,0.0,0.0,23.5,31.4,26.5,0.0,2026-08-19 19:15:00+00:00,False,False,,2026-08-20 02:15:00+07:00,15.0,0.0,2026-08-20
340,farm_gateway_s3:1787184900,2026-08-20T00:15:00Z,46254.302083333336,farm_gateway_s3,23.6,28.9,0,7.5,0,0,0,28.0,72.0,27.2,82.0,1005.0,0.0,0.0,0.0,0.0,0.0,0.0,23.8,32.3,30.3,7480.0,2026-08-20 00:15:00+00:00,False,False,,2026-08-20 07:15:00+07:00,300.0,,2026-08-20
341,farm_gateway_s3:1787185800,2026-08-20T00:30:00Z,46254.3125,farm_gateway_s3,23.6,28.8,0,7.5,0,0,0,28.1,72.0,27.4,81.0,1005.0,0.0,0.0,0.0,0.0,0.0,0.0,23.8,32.5,30.7,7920.0,2026-08-20 00:30:00+00:00,False,False,,2026-08-20 07:30:00+07:00,15.0,0.0,2026-08-20
342,farm_gateway_s3:1787186700,2026-08-20T00:45:00Z,46254.322916666664,farm_gateway_s3,23.6,28.8,0,7.5,0,0,0,28.3,72.0,27.9,80.0,1005.0,0.0,0.0,0.0,0.0,0.0,1.0,24.1,33.1,31.9,15840.0,2026-08-20 00:45:00+00:00,False,False,,2026-08-20 07:45:00+07:00,15.0,0.0,2026-08-20
343,farm_gateway_s3:1787187600,2026-08-20T01:00:00Z,46254.333333333336,farm_gateway_s3,23.6,28.8,0,7.5,0,0,0,28.4,71.0,28.5,80.0,1006.0,0.0,0.0,0.0,0.0,0.0,1.0,24.6,34.0,33.5,20680.0,2026-08-20 01:00:00+00:00,False,False,,2026-08-20 08:00:00+07:00,15.0,0.0,2026-08-20
344,farm_gateway_s3:1787188500,2026-08-20T01:15:00Z,46254.34375,farm_gateway_s3,23.6,28.8,0,7.6,0,0,0,28.6,71.0,29.2,78.0,1006.0,0.0,0.0,0.0,0.0,0.0,1.0,24.9,34.8,34.8,27610.0,2026-08-20 01:15:00+00:00,False,False,,2026-08-20 08:15:00+07:00,15.0,0.0,2026-08-20
345,farm_gateway_s3:1787189400,2026-08-20T01:30:00Z,46254.354166666664,farm_gateway_s3,23.6,28.8,0,7.6,0,0,0,28.7,72.0,29.7,73.0,1006.0,0.0,0.0,0.0,0.0,0.0,1.0,24.3,35.1,35.1,31790.0,2026-08-20 01:30:00+00:00,False,False,,2026-08-20 08:30:00+07:00,15.0,0.0,2026-08-20
346,farm_gateway_s3:1787190300,2026-08-20T01:45:00Z,46254.364583333336,farm_gateway_s3,23.6,28.9,0,7.6,0,0,0,28.9,71.0,29.6,75.0,1006.0,0.0,0.0,0.0,0.0,0.0,1.0,24.6,35.1,35.2,23210.0,2026-08-20 01:45:00+00:00,False,False,,2026-08-20 08:45:00+07:00,15.0,0.0,2026-08-20
347,farm_gateway_s3:1787191200,2026-08-20T02:00:00Z,46254.375,farm_gateway_s3,23.6,28.9,0,7.6,0,0,0,29.1,71.0,29.7,77.0,1006.0,0.0,0.0,0.0,0.0,0.0,2.0,25.2,35.4,36.1,47300.0,2026-08-20 02:00:00+00:00,False,False,,2026-08-20 09:00:00+07:00,15.0,0.0,2026-08-20
348,farm_gateway_s3:1787192100,2026-08-20T02:15:00Z,46254.385416666664,farm_gateway_s3,23.6,28.9,0,7.6,0,0,0,29.3,71.0,30.9,72.0,1006.0,0.0,0.0,0.0,0.0,0.0,3.0,25.2,36.7,38.0,70620.0,2026-08-20 02:15:00+00:00,False,False,,2026-08-20 09:15:00+07:00,15.0,0.0,2026-08-20
349,farm_gateway_s3:1787193000,2026-08-20T02:30:00Z,46254.395833333336,farm_gateway_s3,23.6,28.9,0,7.6,0,0,0,29.6,71.0,32.2,69.0,1006.0,0.0,0.0,0.0,0.0,0.0,3.0,25.7,38.3,40.6,88440.0,2026-08-20 02:30:00+00:00,False,False,,2026-08-20 09:30:00+07:00,15.0,0.0,2026-08-20
350,farm_gateway_s3:1787193900,2026-08-20T02:45:00Z,46254.40625,farm_gateway_s3,23.6,29.0,0,7.6,0,0,0,30.0,70.0,31.7,68.0,1006.0,0.0,0.0,0.0,0.0,0.0,3.0,25.0,37.5,38.8,65340.0,2026-08-20 02:45:00+00:00,False,False,,2026-08-20 09:45:00+07:00,15.0,0.0,2026-08-20
351,farm_gateway_s3:1787194800,2026-08-20T03:00:00Z,46254.416666666664,farm_gateway_s3,23.6,29.0,0,7.6,0,0,0,30.4,68.0,31.9,68.0,1006.0,0.2,0.0,0.0,0.0,0.0,2.0,25.2,37.8,39.5,51040.0,2026-08-20 03:00:00+00:00,False,False,,2026-08-20 10:00:00+07:00,15.0,0.0,2026-08-20
352,farm_gateway_s3:1787195700,2026-08-20T03:15:00Z,46254.427083333336,farm_gateway_s3,23.6,29.1,0,7.6,0,0,0,30.6,67.0,31.8,67.0,1006.0,0.0,0.0,0.0,0.0,0.0,2.0,24.8,37.6,38.8,55440.0,2026-08-20 03:15:00+00:00,False,False,,2026-08-20 10:15:00+07:00,15.0,0.0,2026-08-20
353,farm_gateway_s3:1787196600,2026-08-20T03:30:00Z,46254.4375,farm_gateway_s3,23.6,29.2,0,7.6,0,0,0,30.8,64.0,31.2,65.0,1006.0,0.0,0.0,0.0,0.0,0.0,2.0,24.0,36.6,36.9,43340.0,2026-08-20 03:30:00+00:00,False,False,,2026-08-20 10:30:00+07:00,15.0,0.0,2026-08-20
354,farm_gateway_s3:1787197500,2026-08-20T03:45:00Z,46254.447916666664,farm_gateway_s3,23.6,29.2,0,7.6,0,0,0,31.1,64.0,32.8,61.0,1006.0,0.0,0.0,0.0,0.0,0.0,2.0,24.2,38.4,39.4,61600.0,2026-08-20 03:45:00+00:00,False,False,,2026-08-20 10:45:00+07:00,15.0,0.0,2026-08-20
355,farm_gateway_s3:1787198400,2026-08-20T04:00:00Z,46254.458333333336,farm_gateway_s3,23.6,29.3,0,7.6,0,0,0,31.4,63.0,32.2,64.0,1006.0,0.3,0.0,0.0,0.0,0.0,2.0,24.4,37.8,38.9,44440.0,2026-08-20 04:00:00+00:00,False,False,,2026-08-20 11:00:00+07:00,15.0,0.0,2026-08-20
356,farm_gateway_s3:1787199300,2026-08-20T04:15:00Z,46254.46875,farm_gateway_s3,23.6,29.4,0,7.6,0,0,0,31.6,63.0,32.5,63.0,1006.0,0.0,0.0,0.0,0.0,0.0,2.0,24.5,38.2,39.3,61600.0,2026-08-20 04:15:00+00:00,False,False,,2026-08-20 11:15:00+07:00,15.0,0.0,2026-08-20
357,farm_gateway_s3:1787200200,2026-08-20T04:30:00Z,46254.479166666664,farm_gateway_s3,23.6,29.5,0,7.6,0,0,0,31.8,62.0,33.0,63.0,1006.0,0.0,0.0,0.0,0.0,0.0,2.0,24.9,38.9,40.7,57860.0,2026-08-20 04:30:00+00:00,False,False,,2026-08-20 11:30:00+07:00,15.0,0.0,2026-08-20
358,farm_gateway_s3:1787201100,2026-08-20T04:45:00Z,46254.489583333336,farm_gateway_s3,23.6,29.5,0,7.6,0,0,0,32.0,61.0,32.4,64.0,1006.0,0.0,0.0,0.0,0.0,0.0,2.0,24.6,38.1,39.5,43780.0,2026-08-20 04:45:00+00:00,False,False,,2026-08-20 11:45:00+07:00,15.0,0.0,2026-08-20
359,farm_gateway_s3:1787202000,2026-08-20T05:00:00Z,46254.5,farm_gateway_s3,23.6,29.6,0,7.6,0,0,0,32.1,60.0,32.0,65.0,1006.0,0.0,0.0,0.0,0.0,0.0,2.0,24.5,37.6,38.7,43780.0,2026-08-20 05:00:00+00:00,False,False,,2026-08-20 12:00:00+07:00,15.0,0.0,2026-08-20
360,farm_gateway_s3:1787202900,2026-08-20T05:15:00Z,46254.510416666664,farm_gateway_s3,23.6,29.6,0,7.7,0,0,0,32.2,61.0,32.3,65.0,1006.0,0.0,0.0,0.0,0.0,0.0,2.0,24.8,38.1,39.5,49940.0,2026-08-20 05:15:00+00:00,False,False,,2026-08-20 12:15:00+07:00,15.0,0.0,2026-08-20
361,farm_gateway_s3:1787203800,2026-08-20T05:30:00Z,46254.520833333336,farm_gateway_s3,23.6,29.7,0,7.7,0,0,0,32.3,60.0,32.3,62.0,1006.0,0.0,0.0,0.0,0.0,0.0,2.0,24.0,37.8,38.4,48180.0,2026-08-20 05:30:00+00:00,False,False,,2026-08-20 12:30:00+07:00,15.0,0.0,2026-08-20
362,farm_gateway_s3:1787204700,2026-08-20T05:45:00Z,46254.53125,farm_gateway_s3,23.6,29.7,0,7.7,0,0,0,,,,,,,,,,,,,,,,2026-08-20 05:45:00+00:00,False,True,,2026-08-20 12:45:00+07:00,15.0,0.0,2026-08-20
363,farm_gateway_s3:1787205600,2026-08-20T06:00:00Z,46254.541666666664,farm_gateway_s3,23.6,29.8,0,7.7,0,0,0,32.6,59.0,32.7,63.0,1005.0,0.0,0.0,0.0,0.0,0.0,2.0,24.6,38.4,39.7,47520.0,2026-08-20 06:00:00+00:00,False,False,,2026-08-20 13:00:00+07:00,15.0,0.0,2026-08-20
364,farm_gateway_s3:1787206500,2026-08-20T06:15:00Z,46254.552083333336,farm_gateway_s3,23.6,29.9,0,7.7,0,0,0,32.6,57.0,32.5,62.0,1005.0,0.0,0.0,0.0,0.0,0.0,2.0,24.2,38.1,39.0,46640.0,2026-08-20 06:15:00+00:00,False,False,,2026-08-20 13:15:00+07:00,15.0,0.0,2026-08-20
365,farm_gateway_s3:1787207400,2026-08-20T06:30:00Z,46254.5625,farm_gateway_s3,23.6,29.9,0,7.7,0,0,0,32.9,57.0,32.7,61.0,1005.0,0.0,0.0,0.0,0.0,0.0,2.0,24.1,38.3,39.1,45980.0,2026-08-20 06:30:00+00:00,False,False,,2026-08-20 13:30:00+07:00,15.0,0.0,2026-08-20
366,farm_gateway_s3:1787208300,2026-08-20T06:45:00Z,46254.572916666664,farm_gateway_s3,23.6,30.0,0,7.7,0,0,0,33.0,57.0,33.4,60.0,1005.0,0.0,0.0,0.0,0.0,0.0,2.0,24.5,39.1,40.6,64020.0,2026-08-20 06:45:00+00:00,False,False,,2026-08-20 13:45:00+07:00,15.0,0.0,2026-08-20
367,farm_gateway_s3:1787209200,2026-08-20T07:00:00Z,46254.583333333336,farm_gateway_s3,23.5,30.0,0,7.7,0,0,0,33.1,57.0,33.1,60.0,1004.0,0.0,0.0,0.0,0.0,0.0,1.0,24.5,38.8,40.1,40370.0,2026-08-20 07:00:00+00:00,False,False,,2026-08-20 14:00:00+07:00,15.0,-0.10000000000000142,2026-08-20
368,farm_gateway_s3:1787210100,2026-08-20T07:15:00Z,46254.59375,farm_gateway_s3,23.5,30.1,0,7.7,0,0,0,33.1,57.0,32.0,64.0,1004.0,0.0,0.0,0.0,0.0,0.0,1.0,24.3,37.6,38.3,16990.0,2026-08-20 07:15:00+00:00,False,False,,2026-08-20 14:15:00+07:00,15.0,0.0,2026-08-20
369,farm_gateway_s3:1787211000,2026-08-20T07:30:00Z,46254.604166666664,farm_gateway_s3,23.5,30.1,0,7.7,0,0,0,33.1,57.0,32.0,68.0,1004.0,0.0,0.0,0.0,0.0,0.0,1.0,25.0,37.8,39.4,37180.0,2026-08-20 07:30:00+00:00,False,False,,2026-08-20 14:30:00+07:00,15.0,0.0,2026-08-20
370,farm_gateway_s3:1787211900,2026-08-20T07:45:00Z,46254.614583333336,farm_gateway_s3,23.5,30.1,0,7.7,0,0,0,33.2,58.0,32.1,64.0,1004.0,0.0,0.0,0.0,0.0,0.0,1.0,24.9,37.9,39.1,23540.0,2026-08-20 07:45:00+00:00,False,False,,2026-08-20 14:45:00+07:00,15.0,0.0,2026-08-20
371,farm_gateway_s3:1787212800,2026-08-20T08:00:00Z,46254.625,farm_gateway_s3,23.5,30.2,0,7.7,0,0,0,33.1,57.0,31.0,69.0,1004.0,0.0,0.0,0.0,0.0,0.0,1.0,24.6,36.6,37.4,19850.0,2026-08-20 08:00:00+00:00,False,False,,2026-08-20 15:00:00+07:00,15.0,0.0,2026-08-20
372,farm_gateway_s3:1787213700,2026-08-20T08:15:00Z,46254.635416666664,farm_gateway_s3,23.5,30.2,0,7.8,0,0,0,33.1,58.0,32.0,68.0,1004.0,0.0,0.0,0.0,0.0,0.0,1.0,25.3,37.9,39.7,39160.0,2026-08-20 08:15:00+00:00,False,False,,2026-08-20 15:15:00+07:00,15.0,0.0,2026-08-20
373,farm_gateway_s3:1787214600,2026-08-20T08:30:00Z,46254.645833333336,farm_gateway_s3,23.5,30.2,0,7.8,0,0,0,33.1,59.0,32.1,68.0,1004.0,0.0,0.0,0.0,0.0,0.0,1.0,25.0,37.8,39.4,40260.0,2026-08-20 08:30:00+00:00,False,False,,2026-08-20 15:30:00+07:00,15.0,0.0,2026-08-20
374,farm_gateway_s3:1787215500,2026-08-20T08:45:00Z,46254.65625,farm_gateway_s3,23.5,30.2,0,7.8,0,0,0,33.1,59.0,32.0,65.0,1004.0,0.0,0.0,0.0,0.0,0.0,1.0,24.5,37.6,38.7,34540.0,2026-08-20 08:45:00+00:00,False,False,,2026-08-20 15:45:00+07:00,15.0,0.0,2026-08-20
375,farm_gateway_s3:1787216400,2026-08-20T09:00:00Z,46254.666666666664,farm_gateway_s3,23.5,30.2,0,7.8,0,0,0,33.1,59.0,31.3,69.0,1004.0,0.0,0.0,0.0,0.0,0.0,0.0,24.8,37.0,38.2,7560.0,2026-08-20 09:00:00+00:00,False,False,,2026-08-20 16:00:00+07:00,15.0,0.0,2026-08-20
376,farm_gateway_s3:1787217300,2026-08-20T09:15:00Z,46254.677083333336,farm_gateway_s3,23.5,30.2,0,7.8,0,0,0,33.1,60.0,30.4,75.0,1004.0,0.0,0.0,0.0,0.0,0.0,1.0,25.4,36.3,37.3,20350.0,2026-08-20 09:15:00+00:00,False,False,,2026-08-20 16:15:00+07:00,15.0,0.0,2026-08-20
377,farm_gateway_s3:1787218200,2026-08-20T09:30:00Z,46254.6875,farm_gateway_s3,23.5,30.3,0,7.8,0,0,0,32.8,61.0,29.8,77.0,1004.0,0.0,0.0,0.0,0.0,0.0,0.0,25.3,35.6,36.3,9590.0,2026-08-20 09:30:00+00:00,False,False,,2026-08-20 16:30:00+07:00,15.0,0.0,2026-08-20
378,farm_gateway_s3:1787219100,2026-08-20T09:45:00Z,46254.697916666664,farm_gateway_s3,23.5,30.2,0,7.8,0,0,0,32.4,64.0,28.1,85.0,1004.0,0.0,0.0,0.0,0.0,0.0,0.0,25.3,33.8,33.2,6290.0,2026-08-20 09:45:00+00:00,False,False,,2026-08-20 16:45:00+07:00,15.0,0.0,2026-08-20
379,farm_gateway_s3:1787220000,2026-08-20T10:00:00Z,46254.708333333336,farm_gateway_s3,23.5,30.2,0,7.8,0,0,0,31.9,64.0,27.8,84.0,1004.0,0.0,0.0,0.0,0.0,0.0,0.0,24.8,33.3,32.2,5260.0,2026-08-20 10:00:00+00:00,False,False,,2026-08-20 17:00:00+07:00,15.0,0.0,2026-08-20
380,farm_gateway_s3:1787220900,2026-08-20T10:15:00Z,46254.71875,farm_gateway_s3,23.5,30.2,0,7.8,0,0,0,31.7,64.0,28.1,82.0,1004.0,0.0,0.0,0.0,0.0,0.0,0.0,24.7,33.5,32.7,4340.0,2026-08-20 10:15:00+00:00,False,False,,2026-08-20 17:15:00+07:00,15.0,0.0,2026-08-20
381,farm_gateway_s3:1787221800,2026-08-20T10:30:00Z,46254.729166666664,farm_gateway_s3,23.5,30.2,0,7.8,0,0,0,31.5,64.0,28.0,81.0,1004.0,0.0,0.0,0.0,0.0,0.0,0.0,24.4,33.3,32.3,3690.0,2026-08-20 10:30:00+00:00,False,False,,2026-08-20 17:30:00+07:00,15.0,0.0,2026-08-20
382,farm_gateway_s3:1787222700,2026-08-20T10:45:00Z,46254.739583333336,farm_gateway_s3,23.4,30.1,0,7.8,0,0,0,31.4,63.0,28.0,81.0,1004.0,0.0,0.0,0.0,0.0,0.0,0.0,24.4,33.3,32.3,3210.0,2026-08-20 10:45:00+00:00,False,False,,2026-08-20 17:45:00+07:00,15.0,-0.10000000000000142,2026-08-20
383,farm_gateway_s3:1787223600,2026-08-20T11:00:00Z,46254.75,farm_gateway_s3,23.4,30.1,0,7.8,0,0,0,31.3,64.0,27.9,80.0,1004.0,0.0,0.0,0.0,0.0,0.0,0.0,24.4,33.3,32.3,2030.0,2026-08-20 11:00:00+00:00,False,False,,2026-08-20 18:00:00+07:00,15.0,0.0,2026-08-20
384,farm_gateway_s3:1787224500,2026-08-20T11:15:00Z,46254.760416666664,farm_gateway_s3,23.5,30.1,0,7.7,0,0,0,31.3,64.0,27.9,81.0,1004.0,0.0,0.0,0.0,0.0,0.0,0.0,24.3,33.2,32.0,1030.0,2026-08-20 11:15:00+00:00,False,False,,2026-08-20 18:15:00+07:00,15.0,0.10000000000000142,2026-08-20
385,farm_gateway_s3:1787225400,2026-08-20T11:30:00Z,46254.770833333336,farm_gateway_s3,23.4,30.1,0,7.7,0,0,0,31.1,64.0,27.7,82.0,1004.0,0.0,0.0,0.0,0.0,0.0,0.0,24.3,33.0,31.6,290.0,2026-08-20 11:30:00+00:00,False,False,,2026-08-20 18:30:00+07:00,15.0,-0.10000000000000142,2026-08-20
386,farm_gateway_s3:1787226300,2026-08-20T11:45:00Z,46254.78125,farm_gateway_s3,23.4,30.0,0,7.7,0,0,0,31.0,64.0,27.7,81.0,1004.0,0.0,0.0,0.0,0.0,0.0,0.0,24.1,32.9,31.6,20.0,2026-08-20 11:45:00+00:00,False,False,,2026-08-20 18:45:00+07:00,15.0,0.0,2026-08-20
387,farm_gateway_s3:1787227200,2026-08-20T12:00:00Z,46254.791666666664,farm_gateway_s3,23.4,30.0,0,7.7,0,0,0,30.9,64.0,27.8,80.0,1005.0,0.0,0.0,0.0,0.0,0.0,0.0,24.0,33.0,31.6,0.0,2026-08-20 12:00:00+00:00,False,False,,2026-08-20 19:00:00+07:00,15.0,0.0,2026-08-20
388,farm_gateway_s3:1787228100,2026-08-20T12:15:00Z,46254.802083333336,farm_gateway_s3,23.4,29.9,0,7.7,0,0,0,30.8,64.0,27.7,82.0,1005.0,0.0,0.0,0.0,0.0,0.0,0.0,24.1,32.9,31.6,0.0,2026-08-20 12:15:00+00:00,False,False,,2026-08-20 19:15:00+07:00,15.0,0.0,2026-08-20
389,farm_gateway_s3:1787229000,2026-08-20T12:30:00Z,46254.8125,farm_gateway_s3,23.4,29.9,0,7.7,0,0,0,30.7,64.0,27.5,82.0,1005.0,0.0,0.0,0.0,0.0,0.0,0.0,24.1,32.7,31.2,0.0,2026-08-20 12:30:00+00:00,False,False,,2026-08-20 19:30:00+07:00,15.0,0.0,2026-08-20
390,farm_gateway_s3:1787229900,2026-08-20T12:45:00Z,46254.822916666664,farm_gateway_s3,23.4,29.8,0,7.7,0,0,0,30.6,65.0,27.5,81.0,1005.0,0.0,0.0,0.0,0.0,0.0,0.0,23.9,32.6,31.1,0.0,2026-08-20 12:45:00+00:00,False,False,,2026-08-20 19:45:00+07:00,15.0,0.0,2026-08-20
391,farm_gateway_s3:1787230800,2026-08-20T13:00:00Z,46254.833333333336,farm_gateway_s3,23.4,29.8,0,7.7,0,0,0,30.4,65.0,27.4,82.0,1005.0,0.0,0.0,0.0,0.0,0.0,0.0,24.0,32.5,31.0,0.0,2026-08-20 13:00:00+00:00,False,False,,2026-08-20 20:00:00+07:00,15.0,0.0,2026-08-20
392,farm_gateway_s3:1787231700,2026-08-20T13:15:00Z,46254.84375,farm_gateway_s3,23.4,29.8,0,7.7,0,0,0,30.3,66.0,27.3,82.0,1005.0,0.0,0.0,0.0,0.0,0.0,0.0,23.9,32.4,30.8,0.0,2026-08-20 13:15:00+00:00,False,False,,2026-08-20 20:15:00+07:00,15.0,0.0,2026-08-20
393,farm_gateway_s3:1787232600,2026-08-20T13:30:00Z,46254.854166666664,farm_gateway_s3,23.4,29.7,0,7.7,0,0,0,30.2,66.0,27.5,82.0,1005.0,0.0,0.0,0.0,0.0,0.0,0.0,24.1,32.7,31.2,0.0,2026-08-20 13:30:00+00:00,False,False,,2026-08-20 20:30:00+07:00,15.0,0.0,2026-08-20
394,farm_gateway_s3:1787233500,2026-08-20T13:45:00Z,46254.864583333336,farm_gateway_s3,23.4,29.7,0,7.7,0,0,0,30.1,66.0,27.6,82.0,1005.0,0.0,0.0,0.0,0.0,0.0,0.0,24.2,32.8,31.3,0.0,2026-08-20 13:45:00+00:00,False,False,,2026-08-20 20:45:00+07:00,15.0,0.0,2026-08-20
395,farm_gateway_s3:1787234400,2026-08-20T14:00:00Z,46254.875,farm_gateway_s3,23.4,29.7,0,7.7,0,0,0,,,,,,,,,,,,,,,,2026-08-20 14:00:00+00:00,False,True,,2026-08-20 21:00:00+07:00,15.0,0.0,2026-08-20
396,farm_gateway_s3:1787235300,2026-08-20T14:15:00Z,46254.885416666664,farm_gateway_s3,23.4,29.6,0,7.7,0,0,0,29.9,67.0,27.5,82.0,1006.0,0.0,0.0,0.0,0.0,0.0,0.0,24.1,32.7,31.2,0.0,2026-08-20 14:15:00+00:00,False,False,,2026-08-20 21:15:00+07:00,15.0,0.0,2026-08-20
397,farm_gateway_s3:1787236200,2026-08-20T14:30:00Z,46254.895833333336,farm_gateway_s3,23.4,29.6,0,7.7,0,0,0,29.9,67.0,27.4,83.0,1006.0,0.0,0.0,0.0,0.0,0.0,0.0,24.2,32.6,31.0,0.0,2026-08-20 14:30:00+00:00,False,False,,2026-08-20 21:30:00+07:00,15.0,0.0,2026-08-20
398,farm_gateway_s3:1787237100,2026-08-20T14:45:00Z,46254.90625,farm_gateway_s3,23.4,29.6,0,7.7,0,0,0,29.9,67.0,27.4,83.0,1006.0,0.0,0.0,0.0,0.0,0.0,0.0,24.2,32.6,31.0,0.0,2026-08-20 14:45:00+00:00,False,False,,2026-08-20 21:45:00+07:00,15.0,0.0,2026-08-20
399,farm_gateway_s3:1787238000,2026-08-20T15:00:00Z,46254.916666666664,farm_gateway_s3,23.4,29.5,0,7.7,0,0,0,29.6,68.0,27.1,84.0,1006.0,0.0,0.0,0.0,0.0,0.0,0.0,24.1,32.3,30.5,0.0,2026-08-20 15:00:00+00:00,False,False,,2026-08-20 22:00:00+07:00,15.0,0.0,2026-08-20
400,farm_gateway_s3:1787238900,2026-08-20T15:15:00Z,46254.927083333336,farm_gateway_s3,23.4,29.5,0,7.7,0,0,0,29.6,68.0,27.0,84.0,1006.0,0.0,0.0,0.0,0.0,0.0,0.0,24.0,32.1,30.2,0.0,2026-08-20 15:15:00+00:00,False,False,,2026-08-20 22:15:00+07:00,15.0,0.0,2026-08-20
401,farm_gateway_s3:1787239800,2026-08-20T15:30:00Z,46254.9375,farm_gateway_s3,23.4,29.5,0,7.7,0,0,0,29.6,68.0,27.3,83.0,1006.0,0.0,0.0,0.0,0.0,0.0,0.0,24.1,32.5,30.9,0.0,2026-08-20 15:30:00+00:00,False,False,,2026-08-20 22:30:00+07:00,15.0,0.0,2026-08-20
402,farm_gateway_s3:1787240700,2026-08-20T15:45:00Z,46254.947916666664,farm_gateway_s3,23.4,29.5,0,7.7,0,0,0,29.5,68.0,27.4,83.0,1006.0,0.0,0.0,0.0,0.0,0.0,0.0,24.2,32.6,31.0,0.0,2026-08-20 15:45:00+00:00,False,False,,2026-08-20 22:45:00+07:00,15.0,0.0,2026-08-20
403,farm_gateway_s3:1787241600,2026-08-20T16:00:00Z,46254.958333333336,farm_gateway_s3,23.3,29.4,0,7.7,0,0,0,29.4,68.0,27.5,81.0,1006.0,0.0,0.0,0.0,0.0,0.0,0.0,23.9,32.6,31.1,0.0,2026-08-20 16:00:00+00:00,False,False,,2026-08-20 23:00:00+07:00,15.0,-0.09999999999999787,2026-08-20
404,farm_gateway_s3:1787242500,2026-08-20T16:15:00Z,46254.96875,farm_gateway_s3,23.4,29.4,0,7.7,0,0,0,29.3,68.0,27.3,83.0,1006.0,0.0,0.0,0.0,0.0,0.0,0.0,24.1,32.5,30.9,0.0,2026-08-20 16:15:00+00:00,False,False,,2026-08-20 23:15:00+07:00,15.0,0.09999999999999787,2026-08-20
405,farm_gateway_s3:1787243400,2026-08-20T16:30:00Z,46254.979166666664,farm_gateway_s3,23.3,29.4,0,7.7,0,0,0,29.2,69.0,27.2,84.0,1006.0,0.0,0.0,0.0,0.0,0.0,0.0,24.2,32.4,30.6,0.0,2026-08-20 16:30:00+00:00,False,False,,2026-08-20 23:30:00+07:00,15.0,-0.09999999999999787,2026-08-20
406,farm_gateway_s3:1787244300,2026-08-20T16:45:00Z,46254.989583333336,farm_gateway_s3,23.3,29.4,0,7.7,0,0,0,29.2,69.0,27.3,83.0,1006.0,0.0,0.0,0.0,0.0,0.0,0.0,24.1,32.5,30.9,0.0,2026-08-20 16:45:00+00:00,False,False,,2026-08-20 23:45:00+07:00,15.0,0.0,2026-08-20
407,farm_gateway_s3:1787245200,2026-08-20T17:00:00Z,46255.0,farm_gateway_s3,23.3,29.3,0,7.7,0,0,0,29.1,69.0,27.0,84.0,1006.0,0.0,0.0,0.0,0.0,0.0,0.0,24.0,32.1,30.2,0.0,2026-08-20 17:00:00+00:00,False,False,,2026-08-21 00:00:00+07:00,15.0,0.0,2026-08-21
408,farm_gateway_s3:1787246100,2026-08-20T17:15:00Z,46255.010416666664,farm_gateway_s3,23.3,29.3,0,7.7,0,0,0,29.1,69.0,26.8,85.0,1006.0,0.0,0.0,0.0,0.0,0.0,0.0,24.0,31.9,29.8,0.0,2026-08-20 17:15:00+00:00,False,False,,2026-08-21 00:15:00+07:00,15.0,0.0,2026-08-21
409,farm_gateway_s3:1787247000,2026-08-20T17:30:00Z,46255.020833333336,farm_gateway_s3,23.3,29.3,0,7.7,0,0,0,29.0,70.0,26.6,86.0,1006.0,0.0,0.0,0.0,0.0,0.0,0.0,24.0,31.7,26.6,0.0,2026-08-20 17:30:00+00:00,False,False,,2026-08-21 00:30:00+07:00,15.0,0.0,2026-08-21
410,farm_gateway_s3:1787247900,2026-08-20T17:45:00Z,46255.03125,farm_gateway_s3,23.3,29.3,0,7.7,0,0,0,29.0,70.0,26.5,86.0,1006.0,0.0,0.0,0.0,0.0,0.0,0.0,23.9,31.5,26.5,0.0,2026-08-20 17:45:00+00:00,False,False,,2026-08-21 00:45:00+07:00,15.0,0.0,2026-08-21
411,farm_gateway_s3:1787272200,2026-08-21T00:30:00Z,46255.3125,farm_gateway_s3,23.4,28.7,0,7.6,0,0,0,27.8,76.0,27.1,85.0,1006.0,0.0,0.0,0.0,0.8,0.0,1.0,24.3,32.3,30.5,16880.0,2026-08-21 00:30:00+00:00,False,False,,2026-08-21 07:30:00+07:00,405.0,,2026-08-21
412,farm_gateway_s3:1787273100,2026-08-21T00:45:00Z,46255.322916666664,farm_gateway_s3,23.3,28.7,0,7.7,0,0,0,28.0,75.0,27.5,86.0,1006.0,0.0,0.0,0.0,0.8,0.0,1.0,24.9,33.0,31.8,18860.0,2026-08-21 00:45:00+00:00,False,False,,2026-08-21 07:45:00+07:00,15.0,-0.09999999999999787,2026-08-21
413,farm_gateway_s3:1787274000,2026-08-21T01:00:00Z,46255.333333333336,farm_gateway_s3,23.4,28.7,0,7.7,0,0,0,28.2,74.0,27.5,83.0,1006.0,0.0,0.0,0.0,0.8,0.0,1.0,24.3,32.7,31.3,19300.0,2026-08-21 01:00:00+00:00,False,False,,2026-08-21 08:00:00+07:00,15.0,0.09999999999999787,2026-08-21
414,farm_gateway_s3:1787274900,2026-08-21T01:15:00Z,46255.34375,farm_gateway_s3,23.3,28.7,0,7.7,0,0,0,28.3,74.0,27.7,84.0,1006.0,0.0,0.0,0.0,0.8,0.0,1.0,24.7,33.1,31.9,12700.0,2026-08-21 01:15:00+00:00,False,False,,2026-08-21 08:15:00+07:00,15.0,-0.09999999999999787,2026-08-21
415,farm_gateway_s3:1787275800,2026-08-21T01:30:00Z,46255.354166666664,farm_gateway_s3,23.4,28.7,0,7.7,0,0,0,28.4,73.0,28.3,84.0,1006.0,0.0,0.0,0.0,0.8,0.0,1.0,25.3,34.0,33.5,28490.0,2026-08-21 01:30:00+00:00,False,False,,2026-08-21 08:30:00+07:00,15.0,0.09999999999999787,2026-08-21
416,farm_gateway_s3:1787276700,2026-08-21T01:45:00Z,46255.364583333336,farm_gateway_s3,23.4,28.7,0,7.7,0,0,0,28.6,73.0,28.3,81.0,1006.0,0.0,0.0,0.0,0.8,0.0,1.0,24.6,33.7,32.9,17270.0,2026-08-21 01:45:00+00:00,False,False,,2026-08-21 08:45:00+07:00,15.0,0.0,2026-08-21
417,farm_gateway_s3:1787277600,2026-08-21T02:00:00Z,46255.375,farm_gateway_s3,23.4,28.7,0,7.7,0,0,0,28.7,73.0,29.3,77.0,1007.0,0.0,0.0,0.0,0.8,0.0,2.0,24.8,34.9,35.0,43230.0,2026-08-21 02:00:00+00:00,False,False,,2026-08-21 09:00:00+07:00,15.0,0.0,2026-08-21
418,farm_gateway_s3:1787278500,2026-08-21T02:15:00Z,46255.385416666664,farm_gateway_s3,23.4,28.8,0,7.7,0,0,0,28.8,72.0,29.5,78.0,1007.0,0.0,0.0,0.0,0.8,0.0,2.0,25.2,35.2,35.6,41360.0,2026-08-21 02:15:00+00:00,False,False,,2026-08-21 09:15:00+07:00,15.0,0.0,2026-08-21
419,farm_gateway_s3:1787279400,2026-08-21T02:30:00Z,46255.395833333336,farm_gateway_s3,23.4,28.8,0,7.7,0,0,0,29.0,72.0,29.5,78.0,1007.0,0.0,0.0,0.0,0.8,0.0,1.0,25.2,35.2,35.6,34100.0,2026-08-21 02:30:00+00:00,False,False,,2026-08-21 09:30:00+07:00,15.0,0.0,2026-08-21
420,farm_gateway_s3:1787280300,2026-08-21T02:45:00Z,46255.40625,farm_gateway_s3,23.4,28.9,0,7.7,0,0,0,29.1,72.0,29.4,78.0,1007.0,0.0,0.0,0.0,0.8,0.0,1.0,25.1,35.1,35.4,27610.0,2026-08-21 02:45:00+00:00,False,False,,2026-08-21 09:45:00+07:00,15.0,0.0,2026-08-21
421,farm_gateway_s3:1787281200,2026-08-21T03:00:00Z,46255.416666666664,farm_gateway_s3,23.4,28.9,0,7.7,0,0,0,29.2,72.0,29.5,77.0,1007.0,0.0,0.0,0.0,0.8,0.0,1.0,25.0,35.1,35.6,32670.0,2026-08-21 03:00:00+00:00,False,False,,2026-08-21 10:00:00+07:00,15.0,0.0,2026-08-21
422,farm_gateway_s3:1787282100,2026-08-21T03:15:00Z,46255.427083333336,farm_gateway_s3,23.4,28.9,0,7.7,0,0,0,29.4,71.0,29.5,77.0,1007.0,0.0,0.0,0.0,0.8,0.0,1.0,25.0,35.1,35.6,20840.0,2026-08-21 03:15:00+00:00,False,False,,2026-08-21 10:15:00+07:00,15.0,0.0,2026-08-21
423,farm_gateway_s3:1787283000,2026-08-21T03:30:00Z,46255.4375,farm_gateway_s3,23.3,29.0,0,7.7,0,0,0,29.5,71.0,29.8,75.0,1007.0,0.0,0.0,0.0,0.8,0.0,1.0,24.8,35.4,35.8,30690.0,2026-08-21 03:30:00+00:00,False,False,,2026-08-21 10:30:00+07:00,15.0,-0.09999999999999787,2026-08-21
424,farm_gateway_s3:1787283900,2026-08-21T03:45:00Z,46255.447916666664,farm_gateway_s3,23.4,29.0,0,7.7,0,0,0,29.5,70.0,30.2,75.0,1007.0,0.0,0.0,0.0,0.8,0.0,1.0,25.2,36.0,36.9,38390.0,2026-08-21 03:45:00+00:00,False,False,,2026-08-21 10:45:00+07:00,15.0,0.09999999999999787,2026-08-21
425,farm_gateway_s3:1787284800,2026-08-21T04:00:00Z,46255.458333333336,farm_gateway_s3,23.4,29.1,0,7.7,0,0,0,29.8,70.0,30.5,74.0,1007.0,0.0,3.9,0.0,0.8,0.0,2.0,25.3,36.3,37.5,43670.0,2026-08-21 04:00:00+00:00,False,False,,2026-08-21 11:00:00+07:00,15.0,0.0,2026-08-21
426,farm_gateway_s3:1787285700,2026-08-21T04:15:00Z,46255.46875,farm_gateway_s3,23.4,29.1,0,7.7,0,0,0,30.0,70.0,31.4,70.0,1007.0,0.0,0.0,0.0,0.8,0.0,3.0,25.2,37.3,38.8,73920.0,2026-08-21 04:15:00+00:00,False,False,,2026-08-21 11:15:00+07:00,15.0,0.0,2026-08-21
427,farm_gateway_s3:1787286600,2026-08-21T04:30:00Z,46255.479166666664,farm_gateway_s3,23.4,29.2,0,7.8,0,0,0,30.2,70.0,31.8,70.0,1007.0,0.0,0.0,0.2,1.0,0.0,2.0,25.6,37.8,39.9,44880.0,2026-08-21 04:30:00+00:00,False,False,,2026-08-21 11:30:00+07:00,15.0,0.0,2026-08-21
428,farm_gateway_s3:1787287500,2026-08-21T04:45:00Z,46255.489583333336,farm_gateway_s3,23.4,29.3,0,7.8,0,0,0,30.6,70.0,32.8,71.0,1007.0,0.0,0.0,0.2,1.0,0.0,3.0,26.8,39.4,43.2,83380.0,2026-08-21 04:45:00+00:00,False,False,,2026-08-21 11:45:00+07:00,15.0,0.0,2026-08-21
429,farm_gateway_s3:1787288400,2026-08-21T05:00:00Z,46255.5,farm_gateway_s3,23.4,29.4,0,7.8,0,0,0,30.9,69.0,32.0,70.0,1006.0,0.0,0.0,0.2,1.0,0.0,2.0,25.8,38.1,40.4,43780.0,2026-08-21 05:00:00+00:00,False,False,,2026-08-21 12:00:00+07:00,15.0,0.0,2026-08-21
430,farm_gateway_s3:1787289300,2026-08-21T05:15:00Z,46255.510416666664,farm_gateway_s3,23.4,29.5,0,7.8,0,0,0,31.1,68.0,32.0,69.0,1006.0,0.0,0.0,0.2,1.0,0.0,2.0,25.5,38.0,40.1,53020.0,2026-08-21 05:15:00+00:00,False,False,,2026-08-21 12:15:00+07:00,15.0,0.0,2026-08-21
431,farm_gateway_s3:1787290200,2026-08-21T05:30:00Z,46255.520833333336,farm_gateway_s3,23.4,29.5,0,7.8,0,0,0,31.3,68.0,32.6,68.0,1006.0,0.0,0.0,0.0,1.0,0.0,2.0,25.8,38.8,41.4,46640.0,2026-08-21 05:30:00+00:00,False,False,,2026-08-21 12:30:00+07:00,15.0,0.0,2026-08-21
432,farm_gateway_s3:1787291100,2026-08-21T05:45:00Z,46255.53125,farm_gateway_s3,23.4,29.6,0,7.8,0,0,0,,,,,,,,,,,,,,,,2026-08-21 05:45:00+00:00,False,True,,2026-08-21 12:45:00+07:00,15.0,0.0,2026-08-21
433,farm_gateway_s3:1787292000,2026-08-21T06:00:00Z,46255.541666666664,farm_gateway_s3,23.4,29.7,0,7.8,0,0,0,31.6,67.0,32.0,70.0,1006.0,0.0,0.0,0.0,1.0,0.0,1.0,25.8,38.1,40.4,27060.0,2026-08-21 06:00:00+00:00,False,False,,2026-08-21 13:00:00+07:00,15.0,0.0,2026-08-21
434,farm_gateway_s3:1787292900,2026-08-21T06:15:00Z,46255.552083333336,farm_gateway_s3,23.6,29.8,0,7.8,0,0,0,31.4,67.0,26.3,85.0,1006.0,0.0,0.0,2.9,4.0,0.2,0.0,23.5,31.2,26.3,15400.0,2026-08-21 06:15:00+00:00,False,False,,2026-08-21 13:15:00+07:00,15.0,0.20000000000000284,2026-08-21
435,farm_gateway_s3:1787293800,2026-08-21T06:30:00Z,46255.5625,farm_gateway_s3,23.5,29.8,0,7.8,0,0,0,30.7,65.0,25.3,89.0,1006.0,0.0,0.0,3.8,4.9,0.2,1.0,23.3,30.0,25.3,19580.0,2026-08-21 06:30:00+00:00,False,False,,2026-08-21 13:30:00+07:00,15.0,-0.10000000000000142,2026-08-21
436,farm_gateway_s3:1787294700,2026-08-21T06:45:00Z,46255.572916666664,farm_gateway_s3,23.5,29.8,0,7.8,0,0,0,30.3,66.0,26.0,89.0,1006.0,0.0,0.0,3.8,4.9,0.2,1.0,24.0,31.0,26.0,29040.0,2026-08-21 06:45:00+00:00,False,False,,2026-08-21 13:45:00+07:00,15.0,0.0,2026-08-21
437,farm_gateway_s3:1787295600,2026-08-21T07:00:00Z,46255.583333333336,farm_gateway_s3,23.4,29.8,0,7.8,0,0,0,30.2,68.0,26.8,87.0,1005.0,0.0,0.0,3.8,4.9,0.2,2.0,24.4,32.0,30.0,47300.0,2026-08-21 07:00:00+00:00,False,False,,2026-08-21 14:00:00+07:00,15.0,-0.10000000000000142,2026-08-21
438,farm_gateway_s3:1787296500,2026-08-21T07:15:00Z,46255.59375,farm_gateway_s3,23.4,29.8,0,7.8,0,0,0,30.2,68.0,27.8,85.0,1005.0,0.0,0.0,0.8,4.9,0.2,2.0,25.0,33.3,32.4,43230.0,2026-08-21 07:15:00+00:00,False,False,,2026-08-21 14:15:00+07:00,15.0,0.0,2026-08-21
439,farm_gateway_s3:1787297400,2026-08-21T07:30:00Z,46255.604166666664,farm_gateway_s3,23.4,29.8,0,7.8,0,0,0,30.3,69.0,28.4,80.0,1005.0,0.0,0.0,0.0,4.9,0.2,2.0,24.5,33.8,33.1,44880.0,2026-08-21 07:30:00+00:00,False,False,,2026-08-21 14:30:00+07:00,15.0,0.0,2026-08-21
440,farm_gateway_s3:1787298300,2026-08-21T07:45:00Z,46255.614583333336,farm_gateway_s3,23.4,29.8,0,7.8,0,0,0,30.4,69.0,29.3,80.0,1005.0,0.0,0.0,0.0,4.9,0.2,2.0,25.4,35.1,35.6,40480.0,2026-08-21 07:45:00+00:00,False,False,,2026-08-21 14:45:00+07:00,15.0,0.0,2026-08-21
441,farm_gateway_s3:1787299200,2026-08-21T08:00:00Z,46255.625,farm_gateway_s3,23.5,29.8,0,7.8,0,0,0,30.4,69.0,29.5,78.0,1004.0,0.0,0.0,0.0,4.9,0.2,1.0,25.2,35.2,35.6,39490.0,2026-08-21 08:00:00+00:00,False,False,,2026-08-21 15:00:00+07:00,15.0,0.10000000000000142,2026-08-21
442,farm_gateway_s3:1787300100,2026-08-21T08:15:00Z,46255.635416666664,farm_gateway_s3,23.4,29.8,0,7.8,0,0,0,30.6,69.0,30.6,77.0,1004.0,0.0,0.0,0.0,4.9,0.2,2.0,26.0,36.7,38.6,55220.0,2026-08-21 08:15:00+00:00,False,False,,2026-08-21 15:15:00+07:00,15.0,-0.10000000000000142,2026-08-21
443,farm_gateway_s3:1787301000,2026-08-21T08:30:00Z,46255.645833333336,farm_gateway_s3,23.5,29.9,0,7.8,0,0,0,30.7,69.0,30.4,73.0,1004.0,0.0,0.0,0.0,4.9,0.2,2.0,24.9,36.1,36.8,53680.0,2026-08-21 08:30:00+00:00,False,False,,2026-08-21 15:30:00+07:00,15.0,0.10000000000000142,2026-08-21
444,farm_gateway_s3:1787301900,2026-08-21T08:45:00Z,46255.65625,farm_gateway_s3,23.4,29.9,0,7.8,0,0,0,30.9,68.0,32.1,73.0,1004.0,0.0,0.0,0.0,4.9,0.2,2.0,26.6,38.6,41.8,64900.0,2026-08-21 08:45:00+00:00,False,False,,2026-08-21 15:45:00+07:00,15.0,-0.10000000000000142,2026-08-21
445,farm_gateway_s3:1787302800,2026-08-21T09:00:00Z,46255.666666666664,farm_gateway_s3,23.5,30.0,0,7.8,0,0,0,31.1,68.0,31.7,73.0,1003.0,0.0,0.0,0.0,4.9,0.2,1.0,26.2,38.0,40.6,35860.0,2026-08-21 09:00:00+00:00,False,False,,2026-08-21 16:00:00+07:00,15.0,0.10000000000000142,2026-08-21
446,farm_gateway_s3:1787303700,2026-08-21T09:15:00Z,46255.677083333336,farm_gateway_s3,23.5,30.1,0,7.8,0,0,0,31.3,68.0,32.4,70.0,1003.0,0.0,0.0,0.0,4.9,0.2,1.0,26.1,38.7,41.7,40590.0,2026-08-21 09:15:00+00:00,False,False,,2026-08-21 16:15:00+07:00,15.0,0.0,2026-08-21
447,farm_gateway_s3:1787304600,2026-08-21T09:30:00Z,46255.6875,farm_gateway_s3,23.5,30.1,0,7.8,0,0,0,31.4,66.0,32.0,72.0,1003.0,0.0,0.0,0.0,4.9,0.2,1.0,26.2,38.3,41.2,29370.0,2026-08-21 09:30:00+00:00,False,False,,2026-08-21 16:30:00+07:00,15.0,0.0,2026-08-21
448,farm_gateway_s3:1787305500,2026-08-21T09:45:00Z,46255.697916666664,farm_gateway_s3,23.5,30.1,0,7.8,0,0,0,31.5,67.0,31.4,73.0,1003.0,0.0,0.0,0.0,4.9,0.2,1.0,25.9,37.5,39.7,24090.0,2026-08-21 09:45:00+00:00,False,False,,2026-08-21 16:45:00+07:00,15.0,0.0,2026-08-21
449,farm_gateway_s3:1787306400,2026-08-21T10:00:00Z,46255.708333333336,farm_gateway_s3,23.4,30.2,0,7.8,0,0,0,31.6,67.0,31.3,74.0,1004.0,0.0,0.0,0.0,4.9,0.2,1.0,26.0,37.5,39.7,18150.0,2026-08-21 10:00:00+00:00,False,False,,2026-08-21 17:00:00+07:00,15.0,-0.10000000000000142,2026-08-21
450,farm_gateway_s3:1787307300,2026-08-21T10:15:00Z,46255.71875,farm_gateway_s3,23.5,30.2,0,7.8,0,0,0,31.5,68.0,30.5,78.0,1004.0,0.0,0.0,0.0,4.9,0.2,0.0,26.1,36.7,38.7,11330.0,2026-08-21 10:15:00+00:00,False,False,,2026-08-21 17:15:00+07:00,15.0,0.10000000000000142,2026-08-21
451,farm_gateway_s3:1787308200,2026-08-21T10:30:00Z,46255.729166666664,farm_gateway_s3,23.4,30.2,0,7.8,0,0,0,31.4,69.0,29.9,80.0,1004.0,0.0,0.0,0.0,4.9,0.2,0.0,26.0,36.0,37.3,8470.0,2026-08-21 10:30:00+00:00,False,False,,2026-08-21 17:30:00+07:00,15.0,-0.10000000000000142,2026-08-21
452,farm_gateway_s3:1787309100,2026-08-21T10:45:00Z,46255.739583333336,farm_gateway_s3,23.4,30.2,0,7.8,0,0,0,31.4,69.0,29.6,81.0,1004.0,0.0,0.0,0.0,4.9,0.2,0.0,25.9,35.6,36.6,5960.0,2026-08-21 10:45:00+00:00,False,False,,2026-08-21 17:45:00+07:00,15.0,0.0,2026-08-21
453,farm_gateway_s3:1787310000,2026-08-21T11:00:00Z,46255.75,farm_gateway_s3,23.4,30.2,0,7.8,0,0,0,31.2,70.0,29.3,82.0,1004.0,0.0,0.0,0.0,4.9,0.2,0.0,25.8,35.3,36.1,3720.0,2026-08-21 11:00:00+00:00,False,False,,2026-08-21 18:00:00+07:00,15.0,0.0,2026-08-21
454,farm_gateway_s3:1787310900,2026-08-21T11:15:00Z,46255.760416666664,farm_gateway_s3,23.4,30.2,0,7.8,0,0,0,31.2,70.0,29.0,84.0,1004.0,0.0,0.0,0.0,4.9,0.2,0.0,25.9,35.0,35.8,1780.0,2026-08-21 11:15:00+00:00,False,False,,2026-08-21 18:15:00+07:00,15.0,0.0,2026-08-21
455,farm_gateway_s3:1787311800,2026-08-21T11:30:00Z,46255.770833333336,farm_gateway_s3,23.4,30.2,0,7.8,0,0,0,31.1,70.0,28.5,86.0,1004.0,0.0,0.0,0.0,4.9,0.2,0.0,25.9,34.4,34.7,450.0,2026-08-21 11:30:00+00:00,False,False,,2026-08-21 18:30:00+07:00,15.0,0.0,2026-08-21
456,farm_gateway_s3:1787312700,2026-08-21T11:45:00Z,46255.78125,farm_gateway_s3,23.4,30.1,0,7.8,0,0,0,31.0,71.0,28.1,88.0,1004.0,0.0,0.0,0.0,4.9,0.2,0.0,25.8,34.0,33.7,40.0,2026-08-21 11:45:00+00:00,False,False,,2026-08-21 18:45:00+07:00,15.0,0.0,2026-08-21
457,farm_gateway_s3:1787313600,2026-08-21T12:00:00Z,46255.791666666664,farm_gateway_s3,23.4,30.1,0,7.7,0,0,0,,,,,,,,,,,,,,,,2026-08-21 12:00:00+00:00,False,True,,2026-08-21 19:00:00+07:00,15.0,0.0,2026-08-21
458,farm_gateway_s3:1787314500,2026-08-21T12:15:00Z,46255.802083333336,farm_gateway_s3,23.4,30.1,0,7.8,0,0,0,30.8,71.0,27.4,90.0,1005.0,0.0,0.0,0.0,4.9,0.2,0.0,25.5,33.1,32.0,0.0,2026-08-21 12:15:00+00:00,False,False,,2026-08-21 19:15:00+07:00,15.0,0.0,2026-08-21
459,farm_gateway_s3:1787315400,2026-08-21T12:30:00Z,46255.8125,farm_gateway_s3,23.4,30.0,0,7.7,0,0,0,30.6,71.0,27.3,90.0,1005.0,0.0,0.0,0.0,4.9,0.2,0.0,25.4,33.0,31.6,0.0,2026-08-21 12:30:00+00:00,False,False,,2026-08-21 19:30:00+07:00,15.0,0.0,2026-08-21
460,farm_gateway_s3:1787316300,2026-08-21T12:45:00Z,46255.822916666664,farm_gateway_s3,23.4,30.0,0,7.7,0,0,0,30.5,71.0,27.1,89.0,1005.0,0.0,0.0,0.0,4.9,0.2,0.0,25.1,32.6,30.9,0.0,2026-08-21 12:45:00+00:00,False,False,,2026-08-21 19:45:00+07:00,15.0,0.0,2026-08-21
461,farm_gateway_s3:1787317200,2026-08-21T13:00:00Z,46255.833333333336,farm_gateway_s3,23.4,29.9,0,7.7,0,0,0,30.4,71.0,26.8,90.0,1005.0,0.0,0.0,0.0,4.9,0.2,0.0,24.9,32.2,30.2,0.0,2026-08-21 13:00:00+00:00,False,False,,2026-08-21 20:00:00+07:00,15.0,0.0,2026-08-21
462,farm_gateway_s3:1787318100,2026-08-21T13:15:00Z,46255.84375,farm_gateway_s3,23.4,29.9,0,7.7,0,0,0,30.2,70.0,27.3,86.0,1005.0,0.0,0.0,0.0,4.9,0.2,0.0,24.7,32.7,31.1,0.0,2026-08-21 13:15:00+00:00,False,False,,2026-08-21 20:15:00+07:00,15.0,0.0,2026-08-21
463,farm_gateway_s3:1787319000,2026-08-21T13:30:00Z,46255.854166666664,farm_gateway_s3,23.3,29.8,0,7.7,0,0,0,30.1,70.0,27.1,87.0,1005.0,0.0,0.0,0.0,4.9,0.2,0.0,24.7,32.5,30.6,0.0,2026-08-21 13:30:00+00:00,False,False,,2026-08-21 20:30:00+07:00,15.0,-0.09999999999999787,2026-08-21
464,farm_gateway_s3:1787319900,2026-08-21T13:45:00Z,46255.864583333336,farm_gateway_s3,23.3,29.8,0,7.7,0,0,0,30.0,71.0,26.7,89.0,1005.0,0.0,0.0,0.0,4.9,0.2,0.0,24.7,32.0,29.7,0.0,2026-08-21 13:45:00+00:00,False,False,,2026-08-21 20:45:00+07:00,15.0,0.0,2026-08-21
465,farm_gateway_s3:1787320800,2026-08-21T14:00:00Z,46255.875,farm_gateway_s3,23.3,29.8,0,7.7,0,0,0,29.8,71.0,26.6,90.0,1006.0,0.0,0.0,0.0,4.9,0.2,0.0,24.7,32.0,26.6,0.0,2026-08-21 14:00:00+00:00,False,False,,2026-08-21 21:00:00+07:00,15.0,0.0,2026-08-21
466,farm_gateway_s3:1787321700,2026-08-21T14:15:00Z,46255.885416666664,farm_gateway_s3,23.3,29.7,0,7.7,0,0,0,29.6,71.0,26.2,91.0,1006.0,0.0,0.0,0.0,4.9,0.2,0.0,24.5,31.5,26.2,0.0,2026-08-21 14:15:00+00:00,False,False,,2026-08-21 21:15:00+07:00,15.0,0.0,2026-08-21
467,farm_gateway_s3:1787322600,2026-08-21T14:30:00Z,46255.895833333336,farm_gateway_s3,23.3,29.7,0,7.7,0,0,0,29.5,72.0,25.9,93.0,1006.0,0.0,0.0,0.0,4.9,0.2,0.0,24.6,31.2,25.9,0.0,2026-08-21 14:30:00+00:00,False,False,,2026-08-21 21:30:00+07:00,15.0,0.0,2026-08-21
468,farm_gateway_s3:1787323500,2026-08-21T14:45:00Z,46255.90625,farm_gateway_s3,23.3,29.6,0,7.7,0,0,0,29.3,73.0,25.6,94.0,1006.0,0.0,0.0,0.0,4.9,0.2,0.0,24.5,30.8,25.6,0.0,2026-08-21 14:45:00+00:00,False,False,,2026-08-21 21:45:00+07:00,15.0,0.0,2026-08-21
469,farm_gateway_s3:1787324400,2026-08-21T15:00:00Z,46255.916666666664,farm_gateway_s3,23.3,29.6,0,7.7,0,0,0,29.1,73.0,25.3,94.0,1007.0,0.0,0.0,0.0,4.9,0.2,0.0,24.2,30.4,25.3,0.0,2026-08-21 15:00:00+00:00,False,False,,2026-08-21 22:00:00+07:00,15.0,0.0,2026-08-21
470,farm_gateway_s3:1787325300,2026-08-21T15:15:00Z,46255.927083333336,farm_gateway_s3,23.3,29.5,0,7.7,0,0,0,29.0,73.0,25.3,95.0,1007.0,0.0,0.0,0.0,4.9,0.2,0.0,24.4,30.4,25.3,0.0,2026-08-21 15:15:00+00:00,False,False,,2026-08-21 22:15:00+07:00,15.0,0.0,2026-08-21
471,farm_gateway_s3:1787326200,2026-08-21T15:30:00Z,46255.9375,farm_gateway_s3,23.3,29.5,0,7.7,0,0,0,28.8,73.0,25.3,94.0,1007.0,0.0,0.0,0.0,4.9,0.2,0.0,24.2,30.4,25.3,0.0,2026-08-21 15:30:00+00:00,False,False,,2026-08-21 22:30:00+07:00,15.0,0.0,2026-08-21
472,farm_gateway_s3:1787327100,2026-08-21T15:45:00Z,46255.947916666664,farm_gateway_s3,23.3,29.4,0,7.7,0,0,0,28.7,73.0,25.1,95.0,1007.0,0.0,0.0,0.0,4.9,0.2,0.0,24.2,30.1,25.1,0.0,2026-08-21 15:45:00+00:00,False,False,,2026-08-21 22:45:00+07:00,15.0,0.0,2026-08-21
473,farm_gateway_s3:1787328000,2026-08-21T16:00:00Z,46255.958333333336,farm_gateway_s3,23.3,29.4,0,7.7,0,0,0,28.6,73.0,25.0,95.0,1007.0,0.0,0.0,0.0,4.9,0.2,0.0,24.1,30.0,25.0,0.0,2026-08-21 16:00:00+00:00,False,False,,2026-08-21 23:00:00+07:00,15.0,0.0,2026-08-21
474,farm_gateway_s3:1787328900,2026-08-21T16:15:00Z,46255.96875,farm_gateway_s3,23.3,29.3,0,7.7,0,0,0,28.5,73.0,25.0,93.0,1007.0,0.0,0.0,0.0,4.9,0.2,0.0,23.7,29.9,25.0,0.0,2026-08-21 16:15:00+00:00,False,False,,2026-08-21 23:15:00+07:00,15.0,0.0,2026-08-21
475,farm_gateway_s3:1787329800,2026-08-21T16:30:00Z,46255.979166666664,farm_gateway_s3,23.3,29.3,0,7.7,0,0,0,28.3,73.0,25.2,91.0,1007.0,0.0,0.0,0.0,4.9,0.2,0.0,23.6,30.0,25.2,0.0,2026-08-21 16:30:00+00:00,False,False,,2026-08-21 23:30:00+07:00,15.0,0.0,2026-08-21
476,farm_gateway_s3:1787330700,2026-08-21T16:45:00Z,46255.989583333336,farm_gateway_s3,23.3,29.2,0,7.7,0,0,0,28.2,73.0,25.2,90.0,1007.0,0.0,0.0,0.0,4.9,0.2,0.0,23.4,30.0,25.2,0.0,2026-08-21 16:45:00+00:00,False,False,,2026-08-21 23:45:00+07:00,15.0,0.0,2026-08-21
477,farm_gateway_s3:1787331600,2026-08-21T17:00:00Z,46256.0,farm_gateway_s3,23.3,29.2,0,7.7,0,0,0,28.1,72.0,25.2,90.0,1006.0,0.0,0.0,0.0,0.0,0.0,0.0,23.4,30.0,25.2,0.0,2026-08-21 17:00:00+00:00,False,False,,2026-08-22 00:00:00+07:00,15.0,0.0,2026-08-22
478,farm_gateway_s3:1787332500,2026-08-21T17:15:00Z,46256.010416666664,farm_gateway_s3,23.3,29.1,0,7.7,0,0,0,28.1,72.0,25.2,90.0,1006.0,0.0,0.0,0.0,0.0,0.0,0.0,23.4,30.0,25.2,0.0,2026-08-21 17:15:00+00:00,False,False,,2026-08-22 00:15:00+07:00,15.0,0.0,2026-08-22
479,farm_gateway_s3:1787333400,2026-08-21T17:30:00Z,46256.020833333336,farm_gateway_s3,23.3,29.1,0,7.7,0,0,0,28.0,72.0,25.0,90.0,1006.0,0.0,0.0,0.0,0.0,0.0,0.0,23.2,29.7,25.0,0.0,2026-08-21 17:30:00+00:00,False,False,,2026-08-22 00:30:00+07:00,15.0,0.0,2026-08-22
480,farm_gateway_s3:1787334300,2026-08-21T17:45:00Z,46256.03125,farm_gateway_s3,23.3,29.1,0,7.7,0,0,0,27.8,72.0,24.9,89.0,1006.0,0.0,0.0,0.0,0.0,0.0,0.0,22.9,29.5,24.9,0.0,2026-08-21 17:45:00+00:00,False,False,,2026-08-22 00:45:00+07:00,15.0,0.0,2026-08-22
481,farm_gateway_s3:1787335200,2026-08-21T18:00:00Z,46256.041666666664,farm_gateway_s3,23.3,29.0,0,7.7,0,0,0,27.7,72.0,24.6,90.0,1006.0,0.0,0.0,0.0,0.0,0.0,0.0,22.8,29.1,24.6,0.0,2026-08-21 18:00:00+00:00,False,False,,2026-08-22 01:00:00+07:00,15.0,0.0,2026-08-22
482,farm_gateway_s3:1787336100,2026-08-21T18:15:00Z,46256.052083333336,farm_gateway_s3,23.3,29.0,0,7.7,0,0,0,27.6,72.0,24.5,90.0,1006.0,0.0,0.0,0.0,0.0,0.0,0.0,22.7,29.0,24.5,0.0,2026-08-21 18:15:00+00:00,False,False,,2026-08-22 01:15:00+07:00,15.0,0.0,2026-08-22
483,farm_gateway_s3:1787337000,2026-08-21T18:30:00Z,46256.0625,farm_gateway_s3,23.3,28.9,0,7.7,0,0,0,27.5,72.0,24.4,90.0,1006.0,0.0,0.0,0.0,0.0,0.0,0.0,22.6,28.8,24.4,0.0,2026-08-21 18:30:00+00:00,False,False,,2026-08-22 01:30:00+07:00,15.0,0.0,2026-08-22
484,farm_gateway_s3:1787337900,2026-08-21T18:45:00Z,46256.072916666664,farm_gateway_s3,23.3,28.9,0,7.7,0,0,0,27.3,72.0,24.3,90.0,1006.0,0.0,0.0,0.0,0.0,0.0,0.0,22.5,28.7,24.3,0.0,2026-08-21 18:45:00+00:00,False,False,,2026-08-22 01:45:00+07:00,15.0,0.0,2026-08-22
485,farm_gateway_s3:1787338800,2026-08-21T19:00:00Z,46256.083333333336,farm_gateway_s3,23.3,28.9,0,7.7,0,0,0,27.2,73.0,24.1,91.0,1005.0,0.0,0.0,0.0,0.0,0.0,0.0,22.5,28.5,24.1,0.0,2026-08-21 19:00:00+00:00,False,False,,2026-08-22 02:00:00+07:00,15.0,0.0,2026-08-22
486,farm_gateway_s3:1787339700,2026-08-21T19:15:00Z,46256.09375,farm_gateway_s3,23.3,28.8,0,7.7,0,0,0,27.2,73.0,24.0,90.0,1005.0,0.0,0.0,0.0,0.0,0.0,0.0,22.2,28.3,24.0,0.0,2026-08-21 19:15:00+00:00,False,False,,2026-08-22 02:15:00+07:00,15.0,0.0,2026-08-22
487,farm_gateway_s3:1787340600,2026-08-21T19:30:00Z,46256.104166666664,farm_gateway_s3,23.3,28.8,0,7.7,0,0,0,27.1,73.0,23.8,92.0,1005.0,0.0,0.0,0.0,0.0,0.0,0.0,22.4,28.1,23.8,0.0,2026-08-21 19:30:00+00:00,False,False,,2026-08-22 02:30:00+07:00,15.0,0.0,2026-08-22
488,farm_gateway_s3:1787341500,2026-08-21T19:45:00Z,46256.114583333336,farm_gateway_s3,23.3,28.7,0,7.7,0,0,0,27.1,73.0,23.7,93.0,1005.0,0.0,0.0,0.0,0.0,0.0,0.0,22.4,28.0,23.7,0.0,2026-08-21 19:45:00+00:00,False,False,,2026-08-22 02:45:00+07:00,15.0,0.0,2026-08-22
489,farm_gateway_s3:1787342400,2026-08-21T20:00:00Z,46256.125,farm_gateway_s3,23.3,28.7,0,7.6,0,0,0,27.1,73.0,23.5,94.0,1005.0,0.0,0.0,0.0,0.0,0.0,0.0,22.4,27.8,23.5,0.0,2026-08-21 20:00:00+00:00,False,False,,2026-08-22 03:00:00+07:00,15.0,0.0,2026-08-22
490,farm_gateway_s3:1787360400,2026-08-22T01:00:00Z,46256.333333333336,farm_gateway_s3,23.3,28.0,0,7.7,0,0,0,26.4,77.0,26.0,86.0,1007.0,0.0,0.0,0.0,0.0,0.0,1.0,23.4,30.8,26.0,25080.0,2026-08-22 01:00:00+00:00,False,False,,2026-08-22 08:00:00+07:00,300.0,,2026-08-22
491,farm_gateway_s3:1787361300,2026-08-22T01:15:00Z,46256.34375,farm_gateway_s3,23.3,28.0,0,7.6,0,0,0,26.7,76.0,28.9,77.0,1007.0,0.0,0.0,0.0,0.0,0.0,2.0,24.4,34.3,33.9,44220.0,2026-08-22 01:15:00+00:00,False,False,,2026-08-22 08:15:00+07:00,15.0,0.0,2026-08-22
492,farm_gateway_s3:1787362200,2026-08-22T01:30:00Z,46256.354166666664,farm_gateway_s3,23.3,28.0,0,7.6,0,0,0,26.9,76.0,29.6,73.0,1007.0,0.0,0.0,0.0,0.0,0.0,1.0,24.2,35.0,34.7,37950.0,2026-08-22 01:30:00+00:00,False,False,,2026-08-22 08:30:00+07:00,15.0,0.0,2026-08-22
493,farm_gateway_s3:1787363100,2026-08-22T01:45:00Z,46256.364583333336,farm_gateway_s3,23.3,28.0,0,7.6,0,0,0,27.3,76.0,29.8,72.0,1007.0,0.0,0.0,0.0,0.0,0.0,2.0,24.1,35.2,35.1,49500.0,2026-08-22 01:45:00+00:00,False,False,,2026-08-22 08:45:00+07:00,15.0,0.0,2026-08-22
494,farm_gateway_s3:1787364000,2026-08-22T02:00:00Z,46256.375,farm_gateway_s3,23.3,28.1,0,7.7,0,0,0,27.6,74.0,31.0,70.0,1007.0,0.0,0.0,0.0,0.0,0.0,2.0,24.8,36.7,37.6,51260.0,2026-08-22 02:00:00+00:00,False,False,,2026-08-22 09:00:00+07:00,15.0,0.0,2026-08-22
495,farm_gateway_s3:1787364900,2026-08-22T02:15:00Z,46256.385416666664,farm_gateway_s3,23.3,28.1,0,7.7,0,0,0,28.1,74.0,30.9,70.0,1007.0,0.0,0.0,0.0,0.0,0.0,1.0,24.7,36.5,37.4,35310.0,2026-08-22 02:15:00+00:00,False,False,,2026-08-22 09:15:00+07:00,15.0,0.0,2026-08-22
496,farm_gateway_s3:1787365800,2026-08-22T02:30:00Z,46256.395833333336,farm_gateway_s3,23.3,28.1,0,7.7,0,0,0,28.5,75.0,31.4,68.0,1007.0,0.0,0.0,0.0,0.0,0.0,2.0,24.7,37.1,38.0,61600.0,2026-08-22 02:30:00+00:00,False,False,,2026-08-22 09:30:00+07:00,15.0,0.0,2026-08-22
497,farm_gateway_s3:1787366700,2026-08-22T02:45:00Z,46256.40625,farm_gateway_s3,23.3,28.2,0,7.7,0,0,0,28.9,73.0,31.6,70.0,1007.0,0.0,0.0,0.0,0.0,0.0,2.0,25.4,37.5,39.2,50600.0,2026-08-22 02:45:00+00:00,False,False,,2026-08-22 09:45:00+07:00,15.0,0.0,2026-08-22
498,farm_gateway_s3:1787367600,2026-08-22T03:00:00Z,46256.416666666664,farm_gateway_s3,23.3,28.2,0,7.7,0,0,0,29.2,71.0,32.3,63.0,1007.0,0.0,0.0,0.0,0.0,0.0,4.0,24.3,37.9,38.8,91080.0,2026-08-22 03:00:00+00:00,False,False,,2026-08-22 10:00:00+07:00,15.0,0.0,2026-08-22
499,farm_gateway_s3:1787368500,2026-08-22T03:15:00Z,46256.427083333336,farm_gateway_s3,23.3,28.3,0,7.7,0,0,0,29.6,69.0,31.6,65.0,1007.0,0.0,0.0,0.0,0.0,0.0,2.0,24.1,37.1,37.5,46640.0,2026-08-22 03:15:00+00:00,False,False,,2026-08-22 10:15:00+07:00,15.0,0.0,2026-08-22
500,farm_gateway_s3:1787369400,2026-08-22T03:30:00Z,46256.4375,farm_gateway_s3,23.3,28.4,0,7.7,0,0,0,29.9,68.0,32.2,64.0,1007.0,0.0,0.0,0.0,0.0,0.0,3.0,24.4,37.8,38.9,79200.0,2026-08-22 03:30:00+00:00,False,False,,2026-08-22 10:30:00+07:00,15.0,0.0,2026-08-22
501,farm_gateway_s3:1787370300,2026-08-22T03:45:00Z,46256.447916666664,farm_gateway_s3,23.3,28.4,0,7.7,0,0,0,30.3,66.0,32.8,62.0,1007.0,0.0,0.0,0.0,0.0,0.0,3.0,24.5,38.5,39.7,68420.0,2026-08-22 03:45:00+00:00,False,False,,2026-08-22 10:45:00+07:00,15.0,0.0,2026-08-22
502,farm_gateway_s3:1787371200,2026-08-22T04:00:00Z,46256.458333333336,farm_gateway_s3,23.3,28.5,0,7.7,0,0,0,30.6,66.0,33.0,62.0,1007.0,0.0,0.0,0.0,0.0,0.0,3.0,24.7,38.8,40.2,72820.0,2026-08-22 04:00:00+00:00,False,False,,2026-08-22 11:00:00+07:00,15.0,0.0,2026-08-22
503,farm_gateway_s3:1787372100,2026-08-22T04:15:00Z,46256.46875,farm_gateway_s3,23.3,28.6,0,7.7,0,0,0,30.9,66.0,33.2,63.0,1007.0,0.0,0.0,0.0,0.0,0.0,3.0,25.1,39.2,41.1,91080.0,2026-08-22 04:15:00+00:00,False,False,,2026-08-22 11:15:00+07:00,15.0,0.0,2026-08-22
504,farm_gateway_s3:1787373000,2026-08-22T04:30:00Z,46256.479166666664,farm_gateway_s3,23.3,28.7,0,7.7,0,0,0,31.3,64.0,33.6,60.0,1007.0,0.0,0.0,0.0,0.0,0.0,3.0,24.7,39.4,41.1,96140.0,2026-08-22 04:30:00+00:00,False,False,,2026-08-22 11:30:00+07:00,15.0,0.0,2026-08-22
505,farm_gateway_s3:1787373900,2026-08-22T04:45:00Z,46256.489583333336,farm_gateway_s3,23.3,28.9,0,7.8,0,0,0,31.7,63.0,33.7,61.0,1007.0,0.0,0.0,0.0,0.0,0.0,3.0,25.0,39.7,41.7,86680.0,2026-08-22 04:45:00+00:00,False,False,,2026-08-22 11:45:00+07:00,15.0,0.0,2026-08-22
506,farm_gateway_s3:1787374800,2026-08-22T05:00:00Z,46256.5,farm_gateway_s3,23.4,29.0,0,7.8,0,0,0,32.0,64.0,34.3,59.0,1006.0,0.0,0.0,0.0,0.0,0.0,3.0,25.0,40.3,42.6,100980.0,2026-08-22 05:00:00+00:00,False,False,,2026-08-22 12:00:00+07:00,15.0,0.09999999999999787,2026-08-22
507,farm_gateway_s3:1787375700,2026-08-22T05:15:00Z,46256.510416666664,farm_gateway_s3,23.4,29.2,0,7.8,0,0,0,32.3,63.0,35.0,56.0,1006.0,0.0,0.0,0.0,0.0,0.0,3.0,24.8,41.0,43.2,104060.0,2026-08-22 05:15:00+00:00,False,False,,2026-08-22 12:15:00+07:00,15.0,0.0,2026-08-22
508,farm_gateway_s3:1787376600,2026-08-22T05:30:00Z,46256.520833333336,farm_gateway_s3,23.4,29.3,0,7.8,0,0,0,32.6,62.0,34.5,59.0,1006.0,0.0,0.0,0.0,0.0,0.0,1.0,25.2,40.6,43.2,33550.0,2026-08-22 05:30:00+00:00,False,False,,2026-08-22 12:30:00+07:00,15.0,0.0,2026-08-22
509,farm_gateway_s3:1787377500,2026-08-22T05:45:00Z,46256.53125,farm_gateway_s3,23.4,29.5,0,7.9,0,0,0,32.7,61.0,33.2,65.0,1006.0,0.0,0.0,0.0,0.0,0.0,3.0,25.6,39.4,41.9,88440.0,2026-08-22 05:45:00+00:00,False,False,,2026-08-22 12:45:00+07:00,15.0,0.0,2026-08-22
510,farm_gateway_s3:1787378400,2026-08-22T06:00:00Z,46256.541666666664,farm_gateway_s3,23.4,29.7,0,7.9,0,0,0,33.0,62.0,35.4,57.0,1005.0,0.0,0.0,0.0,0.0,0.0,4.0,25.5,41.7,44.7,109560.0,2026-08-22 06:00:00+00:00,False,False,,2026-08-22 13:00:00+07:00,15.0,0.0,2026-08-22
511,farm_gateway_s3:1787379300,2026-08-22T06:15:00Z,46256.552083333336,farm_gateway_s3,23.5,29.8,0,7.9,0,0,0,33.2,59.0,34.7,58.0,1005.0,0.0,0.0,0.0,0.0,0.0,1.0,25.1,40.8,43.2,44440.0,2026-08-22 06:15:00+00:00,False,False,,2026-08-22 13:15:00+07:00,15.0,0.10000000000000142,2026-08-22
512,farm_gateway_s3:1787380200,2026-08-22T06:30:00Z,46256.5625,farm_gateway_s3,23.5,30.0,0,7.9,0,0,0,33.5,60.0,36.1,54.0,1005.0,0.0,0.0,0.0,0.0,0.0,4.0,25.2,42.3,45.1,105820.0,2026-08-22 06:30:00+00:00,False,False,,2026-08-22 13:30:00+07:00,15.0,0.0,2026-08-22
513,farm_gateway_s3:1787381100,2026-08-22T06:45:00Z,46256.572916666664,farm_gateway_s3,23.5,30.1,0,7.9,0,0,0,33.8,59.0,36.5,54.0,1005.0,0.0,0.0,0.0,0.0,0.0,4.0,25.6,42.9,46.4,106260.0,2026-08-22 06:45:00+00:00,False,False,,2026-08-22 13:45:00+07:00,15.0,0.0,2026-08-22
514,farm_gateway_s3:1787382000,2026-08-22T07:00:00Z,46256.583333333336,farm_gateway_s3,23.5,30.3,0,7.9,0,0,0,34.0,58.0,35.8,54.0,1004.0,0.0,0.0,0.0,0.0,0.0,1.0,25.0,41.9,44.3,23870.0,2026-08-22 07:00:00+00:00,False,False,,2026-08-22 14:00:00+07:00,15.0,0.0,2026-08-22
515,farm_gateway_s3:1787382900,2026-08-22T07:15:00Z,46256.59375,farm_gateway_s3,23.5,30.4,0,7.9,0,0,0,34.0,57.0,35.7,56.0,1004.0,0.0,0.0,0.0,0.0,0.0,3.0,25.5,42.0,45.1,90200.0,2026-08-22 07:15:00+00:00,False,False,,2026-08-22 14:15:00+07:00,15.0,0.0,2026-08-22
516,farm_gateway_s3:1787383800,2026-08-22T07:30:00Z,46256.604166666664,farm_gateway_s3,23.5,30.5,0,7.9,0,0,0,34.3,58.0,36.1,55.0,1004.0,0.0,0.0,0.0,0.0,0.0,1.0,25.5,42.4,45.7,32450.0,2026-08-22 07:30:00+00:00,False,False,,2026-08-22 14:30:00+07:00,15.0,0.0,2026-08-22
517,farm_gateway_s3:1787384700,2026-08-22T07:45:00Z,46256.614583333336,farm_gateway_s3,23.5,30.6,0,8.0,0,0,0,34.4,57.0,35.4,56.0,1004.0,0.0,0.0,0.0,0.0,0.0,1.0,25.2,41.5,44.2,32340.0,2026-08-22 07:45:00+00:00,False,False,,2026-08-22 14:45:00+07:00,15.0,0.0,2026-08-22
518,farm_gateway_s3:1787385600,2026-08-22T08:00:00Z,46256.625,farm_gateway_s3,23.5,30.8,0,8.0,0,0,0,34.4,57.0,35.1,59.0,1004.0,0.0,0.0,0.0,0.0,0.0,1.0,25.8,41.5,44.7,29260.0,2026-08-22 08:00:00+00:00,False,False,,2026-08-22 15:00:00+07:00,15.0,0.0,2026-08-22
519,farm_gateway_s3:1787386500,2026-08-22T08:15:00Z,46256.635416666664,farm_gateway_s3,23.5,30.9,0,8.0,0,0,0,34.3,57.0,36.2,58.0,1004.0,0.0,0.0,0.0,0.0,0.0,3.0,26.5,42.9,47.7,78760.0,2026-08-22 08:15:00+00:00,False,False,,2026-08-22 15:15:00+07:00,15.0,0.0,2026-08-22
520,farm_gateway_s3:1787387400,2026-08-22T08:30:00Z,46256.645833333336,farm_gateway_s3,23.5,31.0,0,8.0,0,0,0,34.2,58.0,35.1,57.0,1004.0,0.0,0.0,0.0,0.0,0.0,1.0,25.2,41.2,43.9,31130.0,2026-08-22 08:30:00+00:00,False,False,,2026-08-22 15:30:00+07:00,15.0,0.0,2026-08-22
521,farm_gateway_s3:1787388300,2026-08-22T08:45:00Z,46256.65625,farm_gateway_s3,23.5,31.0,0,8.0,0,0,0,34.3,58.0,36.5,54.0,1004.0,0.0,0.0,0.0,0.0,0.0,2.0,25.6,42.9,46.4,59180.0,2026-08-22 08:45:00+00:00,False,False,,2026-08-22 15:45:00+07:00,15.0,0.0,2026-08-22
522,farm_gateway_s3:1787389200,2026-08-22T09:00:00Z,46256.666666666664,farm_gateway_s3,23.5,31.1,0,8.0,0,0,0,34.4,56.0,35.4,55.0,1004.0,0.0,0.0,0.0,0.0,0.0,2.0,24.9,41.4,43.8,50380.0,2026-08-22 09:00:00+00:00,False,False,,2026-08-22 16:00:00+07:00,15.0,0.0,2026-08-22
523,farm_gateway_s3:1787390100,2026-08-22T09:15:00Z,46256.677083333336,farm_gateway_s3,23.5,31.1,0,8.0,0,0,0,34.4,56.0,34.7,58.0,1004.0,0.0,0.0,0.0,0.0,0.0,1.0,25.1,40.8,43.2,20840.0,2026-08-22 09:15:00+00:00,False,False,,2026-08-22 16:15:00+07:00,15.0,0.0,2026-08-22
524,farm_gateway_s3:1787391000,2026-08-22T09:30:00Z,46256.6875,farm_gateway_s3,23.5,31.1,0,8.0,0,0,0,34.2,56.0,34.1,59.0,1004.0,0.0,0.0,0.0,0.0,0.0,1.0,24.9,40.0,41.8,19580.0,2026-08-22 09:30:00+00:00,False,False,,2026-08-22 16:30:00+07:00,15.0,0.0,2026-08-22
525,farm_gateway_s3:1787391900,2026-08-22T09:45:00Z,46256.697916666664,farm_gateway_s3,23.5,31.1,0,8.0,0,0,0,34.1,57.0,33.0,63.0,1004.0,0.0,0.0,0.0,0.0,0.0,0.0,24.9,38.9,40.7,12040.0,2026-08-22 09:45:00+00:00,False,False,,2026-08-22 16:45:00+07:00,15.0,0.0,2026-08-22
526,farm_gateway_s3:1787392800,2026-08-22T10:00:00Z,46256.708333333336,farm_gateway_s3,23.5,31.1,0,8.0,0,0,0,34.1,57.0,33.1,63.0,1004.0,0.0,0.0,0.0,0.0,0.0,0.0,25.0,39.0,40.7,11270.0,2026-08-22 10:00:00+00:00,False,False,,2026-08-22 17:00:00+07:00,15.0,0.0,2026-08-22
527,farm_gateway_s3:1787393700,2026-08-22T10:15:00Z,46256.71875,farm_gateway_s3,23.5,31.1,0,8.0,0,0,0,34.1,57.0,33.8,59.0,1004.0,0.0,0.0,0.0,0.0,0.0,1.0,24.6,39.6,41.2,16220.0,2026-08-22 10:15:00+00:00,False,False,,2026-08-22 17:15:00+07:00,15.0,0.0,2026-08-22
528,farm_gateway_s3:1787394600,2026-08-22T10:30:00Z,46256.729166666664,farm_gateway_s3,23.5,31.0,0,8.0,0,0,0,34.1,57.0,33.2,63.0,1004.0,0.0,0.0,0.0,0.0,0.0,0.0,25.1,39.2,41.1,6510.0,2026-08-22 10:30:00+00:00,False,False,,2026-08-22 17:30:00+07:00,15.0,0.0,2026-08-22
529,farm_gateway_s3:1787395500,2026-08-22T10:45:00Z,46256.739583333336,farm_gateway_s3,23.5,31.0,0,8.0,0,0,0,33.9,57.0,32.2,66.0,1004.0,0.0,0.0,0.0,0.0,0.0,0.0,25.0,38.0,39.6,5720.0,2026-08-22 10:45:00+00:00,False,False,,2026-08-22 17:45:00+07:00,15.0,0.0,2026-08-22
530,farm_gateway_s3:1787396400,2026-08-22T11:00:00Z,46256.75,farm_gateway_s3,23.5,31.0,0,8.0,0,0,0,33.7,58.0,31.6,69.0,1004.0,0.0,0.0,0.0,0.0,0.0,0.0,25.1,37.5,38.8,2610.0,2026-08-22 11:00:00+00:00,False,False,,2026-08-22 18:00:00+07:00,15.0,0.0,2026-08-22
531,farm_gateway_s3:1787397300,2026-08-22T11:15:00Z,46256.760416666664,farm_gateway_s3,23.5,30.9,0,8.0,0,0,0,33.4,59.0,31.0,72.0,1004.0,0.0,0.0,0.0,0.0,0.0,0.0,25.3,36.9,38.3,1890.0,2026-08-22 11:15:00+00:00,False,False,,2026-08-22 18:15:00+07:00,15.0,0.0,2026-08-22
532,farm_gateway_s3:1787398200,2026-08-22T11:30:00Z,46256.770833333336,farm_gateway_s3,23.5,30.9,0,8.0,0,0,0,33.1,60.0,30.4,73.0,1004.0,0.0,0.0,0.0,0.0,0.0,0.0,24.9,36.1,36.8,480.0,2026-08-22 11:30:00+00:00,False,False,,2026-08-22 18:30:00+07:00,15.0,0.0,2026-08-22
533,farm_gateway_s3:1787399100,2026-08-22T11:45:00Z,46256.78125,farm_gateway_s3,23.4,30.8,0,8.0,0,0,0,32.7,61.0,29.9,75.0,1004.0,0.0,0.0,0.0,0.0,0.0,0.0,24.9,35.5,36.0,30.0,2026-08-22 11:45:00+00:00,False,False,,2026-08-22 18:45:00+07:00,15.0,-0.10000000000000142,2026-08-22
534,farm_gateway_s3:1787400000,2026-08-22T12:00:00Z,46256.791666666664,farm_gateway_s3,23.4,30.8,0,8.0,0,0,0,32.4,62.0,29.2,78.0,1005.0,0.0,0.0,0.0,0.0,0.0,0.0,24.9,34.8,34.8,0.0,2026-08-22 12:00:00+00:00,False,False,,2026-08-22 19:00:00+07:00,15.0,0.0,2026-08-22
535,farm_gateway_s3:1787400900,2026-08-22T12:15:00Z,46256.802083333336,farm_gateway_s3,23.4,30.7,0,7.9,0,0,0,32.3,63.0,29.1,80.0,1005.0,0.0,0.0,0.0,0.0,0.0,0.0,25.2,34.8,35.0,0.0,2026-08-22 12:15:00+00:00,False,False,,2026-08-22 19:15:00+07:00,15.0,0.0,2026-08-22
536,farm_gateway_s3:1787401800,2026-08-22T12:30:00Z,46256.8125,farm_gateway_s3,23.4,30.6,0,7.9,0,0,0,32.1,64.0,28.5,82.0,1005.0,0.0,0.0,0.0,0.0,0.0,0.0,25.0,34.1,34.0,0.0,2026-08-22 12:30:00+00:00,False,False,,2026-08-22 19:30:00+07:00,15.0,0.0,2026-08-22
537,farm_gateway_s3:1787402700,2026-08-22T12:45:00Z,46256.822916666664,farm_gateway_s3,23.4,30.5,0,7.9,0,0,0,32.1,64.0,28.0,85.0,1005.0,0.0,0.0,0.0,0.0,0.0,0.0,25.2,33.6,33.0,0.0,2026-08-22 12:45:00+00:00,False,False,,2026-08-22 19:45:00+07:00,15.0,0.0,2026-08-22
538,farm_gateway_s3:1787403600,2026-08-22T13:00:00Z,46256.833333333336,farm_gateway_s3,23.3,30.5,0,7.9,0,0,0,32.0,64.0,27.7,86.0,1005.0,0.0,0.0,0.0,0.0,0.0,0.0,25.1,33.3,32.3,0.0,2026-08-22 13:00:00+00:00,False,False,,2026-08-22 20:00:00+07:00,15.0,-0.09999999999999787,2026-08-22
539,farm_gateway_s3:1787404500,2026-08-22T13:15:00Z,46256.84375,farm_gateway_s3,23.4,30.4,0,7.9,0,0,0,31.8,64.0,27.4,87.0,1005.0,0.0,0.0,0.0,0.0,0.0,0.0,25.0,32.9,31.5,0.0,2026-08-22 13:15:00+00:00,False,False,,2026-08-22 20:15:00+07:00,15.0,0.09999999999999787,2026-08-22
540,farm_gateway_s3:1787405400,2026-08-22T13:30:00Z,46256.854166666664,farm_gateway_s3,23.4,30.3,0,7.9,0,0,0,31.6,65.0,27.3,88.0,1005.0,0.0,0.0,0.0,0.0,0.0,0.0,25.1,32.8,31.5,0.0,2026-08-22 13:30:00+00:00,False,False,,2026-08-22 20:30:00+07:00,15.0,0.0,2026-08-22
541,farm_gateway_s3:1787406300,2026-08-22T13:45:00Z,46256.864583333336,farm_gateway_s3,23.3,30.3,0,7.9,0,0,0,31.4,65.0,27.3,88.0,1005.0,0.0,0.0,0.0,0.0,0.0,0.0,25.1,32.8,31.5,0.0,2026-08-22 13:45:00+00:00,False,False,,2026-08-22 20:45:00+07:00,15.0,-0.09999999999999787,2026-08-22
542,farm_gateway_s3:1787407200,2026-08-22T14:00:00Z,46256.875,farm_gateway_s3,23.4,30.2,0,7.9,0,0,0,31.2,66.0,27.1,89.0,1006.0,0.0,0.0,0.0,0.0,0.0,0.0,25.1,32.6,30.9,0.0,2026-08-22 14:00:00+00:00,False,False,,2026-08-22 21:00:00+07:00,15.0,0.09999999999999787,2026-08-22
543,farm_gateway_s3:1787408100,2026-08-22T14:15:00Z,46256.885416666664,farm_gateway_s3,23.3,30.2,0,7.9,0,0,0,31.0,66.0,27.1,87.0,1006.0,0.0,0.0,0.0,0.0,0.0,0.0,24.7,32.5,30.6,0.0,2026-08-22 14:15:00+00:00,False,False,,2026-08-22 21:15:00+07:00,15.0,-0.09999999999999787,2026-08-22
544,farm_gateway_s3:1787409000,2026-08-22T14:30:00Z,46256.895833333336,farm_gateway_s3,23.3,30.1,0,7.9,0,0,0,30.9,66.0,27.3,85.0,1006.0,0.0,0.0,0.0,0.0,0.0,0.0,24.5,32.6,31.1,0.0,2026-08-22 14:30:00+00:00,False,False,,2026-08-22 21:30:00+07:00,15.0,0.0,2026-08-22
545,farm_gateway_s3:1787409900,2026-08-22T14:45:00Z,46256.90625,farm_gateway_s3,23.3,30.1,0,7.9,0,0,0,30.8,66.0,27.0,87.0,1006.0,0.0,0.0,0.0,0.0,0.0,0.0,24.6,32.3,30.6,0.0,2026-08-22 14:45:00+00:00,False,False,,2026-08-22 21:45:00+07:00,15.0,0.0,2026-08-22
546,farm_gateway_s3:1787410800,2026-08-22T15:00:00Z,46256.916666666664,farm_gateway_s3,23.3,30.0,0,7.9,0,0,0,30.6,67.0,26.7,89.0,1007.0,0.0,0.0,0.0,0.0,0.0,0.0,24.7,32.0,29.7,0.0,2026-08-22 15:00:00+00:00,False,False,,2026-08-22 22:00:00+07:00,15.0,0.0,2026-08-22
547,farm_gateway_s3:1787411700,2026-08-22T15:15:00Z,46256.927083333336,farm_gateway_s3,23.3,30.0,0,7.9,0,0,0,30.5,68.0,26.4,90.0,1007.0,0.0,0.0,0.0,0.0,0.0,0.0,24.6,31.7,26.4,0.0,2026-08-22 15:15:00+00:00,False,False,,2026-08-22 22:15:00+07:00,15.0,0.0,2026-08-22
548,farm_gateway_s3:1787412600,2026-08-22T15:30:00Z,46256.9375,farm_gateway_s3,23.3,29.9,0,7.9,0,0,0,30.3,68.0,26.3,91.0,1007.0,0.0,0.0,0.0,0.0,0.0,0.0,24.6,31.6,26.3,0.0,2026-08-22 15:30:00+00:00,False,False,,2026-08-22 22:30:00+07:00,15.0,0.0,2026-08-22
549,farm_gateway_s3:1787413500,2026-08-22T15:45:00Z,46256.947916666664,farm_gateway_s3,23.3,29.9,0,7.9,0,0,0,30.2,69.0,26.1,91.0,1007.0,0.0,0.0,0.0,0.0,0.0,0.0,24.4,31.3,26.1,0.0,2026-08-22 15:45:00+00:00,False,False,,2026-08-22 22:45:00+07:00,15.0,0.0,2026-08-22
550,farm_gateway_s3:1787414400,2026-08-22T16:00:00Z,46256.958333333336,farm_gateway_s3,23.3,29.8,0,7.9,0,0,0,30.1,69.0,26.0,92.0,1007.0,0.0,0.0,0.0,0.0,0.0,0.0,24.5,31.2,26.0,0.0,2026-08-22 16:00:00+00:00,False,False,,2026-08-22 23:00:00+07:00,15.0,0.0,2026-08-22
551,farm_gateway_s3:1787415300,2026-08-22T16:15:00Z,46256.96875,farm_gateway_s3,23.3,29.8,0,7.9,0,0,0,29.9,69.0,26.0,91.0,1007.0,0.0,0.0,0.0,0.0,0.0,0.0,24.3,31.2,26.0,0.0,2026-08-22 16:15:00+00:00,False,False,,2026-08-22 23:15:00+07:00,15.0,0.0,2026-08-22
552,farm_gateway_s3:1787416200,2026-08-22T16:30:00Z,46256.979166666664,farm_gateway_s3,23.3,29.7,0,7.9,0,0,0,29.4,71.0,25.8,92.0,1007.0,0.0,0.0,0.0,0.0,0.0,0.0,24.3,30.9,25.8,0.0,2026-08-22 16:30:00+00:00,False,False,,2026-08-22 23:30:00+07:00,15.0,0.0,2026-08-22
553,farm_gateway_s3:1787417100,2026-08-22T16:45:00Z,46256.989583333336,farm_gateway_s3,23.3,29.7,0,7.9,0,0,0,29.2,72.0,25.8,92.0,1007.0,0.0,0.0,0.0,0.0,0.0,0.0,24.3,30.9,25.8,0.0,2026-08-22 16:45:00+00:00,False,False,,2026-08-22 23:45:00+07:00,15.0,0.0,2026-08-22
554,farm_gateway_s3:1787418000,2026-08-22T17:00:00Z,46257.0,farm_gateway_s3,23.3,29.6,0,7.9,0,0,0,29.1,72.0,25.7,91.0,1007.0,0.0,0.0,0.0,0.0,0.0,0.0,24.0,30.7,25.7,0.0,2026-08-22 17:00:00+00:00,False,False,,2026-08-23 00:00:00+07:00,15.0,0.0,2026-08-23
555,farm_gateway_s3:1787418900,2026-08-22T17:15:00Z,46257.010416666664,farm_gateway_s3,23.3,29.6,0,7.9,0,0,0,29.0,72.0,25.9,90.0,1007.0,0.0,0.0,0.0,0.0,0.0,0.0,24.1,31.0,25.9,0.0,2026-08-22 17:15:00+00:00,False,False,,2026-08-23 00:15:00+07:00,15.0,0.0,2026-08-23
556,farm_gateway_s3:1787419800,2026-08-22T17:30:00Z,46257.020833333336,farm_gateway_s3,23.3,29.6,0,7.9,0,0,0,28.8,72.0,25.8,91.0,1007.0,0.0,0.0,0.0,0.0,0.0,0.0,24.1,30.9,25.8,0.0,2026-08-22 17:30:00+00:00,False,False,,2026-08-23 00:30:00+07:00,15.0,0.0,2026-08-23
557,farm_gateway_s3:1787420700,2026-08-22T17:45:00Z,46257.03125,farm_gateway_s3,23.3,29.5,0,7.8,0,0,0,28.7,72.0,25.5,93.0,1007.0,0.0,0.0,0.0,0.0,0.0,0.0,24.2,30.6,25.5,0.0,2026-08-22 17:45:00+00:00,False,False,,2026-08-23 00:45:00+07:00,15.0,0.0,2026-08-23
558,farm_gateway_s3:1787421600,2026-08-22T18:00:00Z,46257.041666666664,farm_gateway_s3,23.3,29.5,0,7.8,0,0,0,28.5,73.0,25.2,94.0,1005.0,0.0,0.0,0.0,0.0,0.0,0.0,24.1,30.2,25.2,0.0,2026-08-22 18:00:00+00:00,False,False,,2026-08-23 01:00:00+07:00,15.0,0.0,2026-08-23
559,farm_gateway_s3:1787422500,2026-08-22T18:15:00Z,46257.052083333336,farm_gateway_s3,23.3,29.4,0,7.8,0,0,0,28.7,72.0,25.0,94.0,1005.0,0.0,0.0,0.0,0.0,0.0,0.0,23.9,29.9,25.0,0.0,2026-08-22 18:15:00+00:00,False,False,,2026-08-23 01:15:00+07:00,15.0,0.0,2026-08-23
560,farm_gateway_s3:1787423400,2026-08-22T18:30:00Z,46257.0625,farm_gateway_s3,23.3,29.4,0,7.8,0,0,0,28.7,72.0,25.0,95.0,1005.0,0.0,0.0,0.0,0.0,0.0,0.0,24.1,30.0,25.0,0.0,2026-08-22 18:30:00+00:00,False,False,,2026-08-23 01:30:00+07:00,15.0,0.0,2026-08-23
561,farm_gateway_s3:1787424300,2026-08-22T18:45:00Z,46257.072916666664,farm_gateway_s3,23.3,29.4,0,7.8,0,0,0,28.7,72.0,24.9,95.0,1005.0,0.0,0.0,0.0,0.0,0.0,0.0,24.0,29.9,24.9,0.0,2026-08-22 18:45:00+00:00,False,False,,2026-08-23 01:45:00+07:00,15.0,0.0,2026-08-23
562,farm_gateway_s3:1787425200,2026-08-22T19:00:00Z,46257.083333333336,farm_gateway_s3,23.3,29.3,0,7.8,0,0,0,28.7,73.0,25.2,95.0,1006.0,0.0,0.0,0.0,0.0,0.0,0.0,24.3,30.3,25.2,0.0,2026-08-22 19:00:00+00:00,False,False,,2026-08-23 02:00:00+07:00,15.0,0.0,2026-08-23
563,farm_gateway_s3:1787445000,2026-08-23T00:30:00Z,46257.3125,farm_gateway_s3,23.3,28.6,0,7.8,0,0,0,27.6,79.0,26.0,94.0,1006.0,0.0,0.0,0.0,0.0,0.0,0.0,24.9,31.4,26.0,9680.0,2026-08-23 00:30:00+00:00,False,False,,2026-08-23 07:30:00+07:00,330.0,,2026-08-23
564,farm_gateway_s3:1787445900,2026-08-23T00:45:00Z,46257.322916666664,farm_gateway_s3,23.3,28.6,0,7.8,0,0,0,27.8,79.0,26.9,92.0,1006.0,0.0,0.0,0.0,0.0,0.0,1.0,25.4,32.5,30.8,13860.0,2026-08-23 00:45:00+00:00,False,False,,2026-08-23 07:45:00+07:00,15.0,0.0,2026-08-23
565,farm_gateway_s3:1787446800,2026-08-23T01:00:00Z,46257.333333333336,farm_gateway_s3,23.3,28.6,0,7.8,0,0,0,27.9,79.0,27.6,90.0,1007.0,0.0,0.0,0.0,0.0,0.0,1.0,25.7,33.4,32.6,17930.0,2026-08-23 01:00:00+00:00,False,False,,2026-08-23 08:00:00+07:00,15.0,0.0,2026-08-23
566,farm_gateway_s3:1787447700,2026-08-23T01:15:00Z,46257.34375,farm_gateway_s3,23.3,28.7,0,7.8,0,0,0,28.1,79.0,28.3,87.0,1007.0,0.0,0.0,0.0,0.0,0.0,1.0,25.9,34.2,34.1,21450.0,2026-08-23 01:15:00+00:00,False,False,,2026-08-23 08:15:00+07:00,15.0,0.0,2026-08-23
567,farm_gateway_s3:1787448600,2026-08-23T01:30:00Z,46257.354166666664,farm_gateway_s3,23.3,28.7,0,7.8,0,0,0,28.4,80.0,28.8,86.0,1007.0,0.0,0.0,0.0,0.0,0.0,1.0,26.1,34.9,35.5,23210.0,2026-08-23 01:30:00+00:00,False,False,,2026-08-23 08:30:00+07:00,15.0,0.0,2026-08-23
568,farm_gateway_s3:1787449500,2026-08-23T01:45:00Z,46257.364583333336,farm_gateway_s3,23.3,28.7,0,7.8,0,0,0,28.6,80.0,29.2,83.0,1007.0,0.0,0.0,0.0,0.0,0.0,1.0,25.9,35.2,36.0,33990.0,2026-08-23 01:45:00+00:00,False,False,,2026-08-23 08:45:00+07:00,15.0,0.0,2026-08-23
569,farm_gateway_s3:1787450400,2026-08-23T02:00:00Z,46257.375,farm_gateway_s3,23.3,28.7,0,7.8,0,0,0,28.9,79.0,30.4,79.0,1008.0,0.0,0.0,0.0,0.0,0.0,2.0,26.3,36.6,38.6,42020.0,2026-08-23 02:00:00+00:00,False,False,,2026-08-23 09:00:00+07:00,15.0,0.0,2026-08-23
570,farm_gateway_s3:1787451300,2026-08-23T02:15:00Z,46257.385416666664,farm_gateway_s3,23.3,28.7,0,7.8,0,0,0,29.1,77.0,30.1,78.0,1008.0,0.0,0.0,0.0,0.0,0.0,2.0,25.8,36.1,37.2,43120.0,2026-08-23 02:15:00+00:00,False,False,,2026-08-23 09:15:00+07:00,15.0,0.0,2026-08-23
571,farm_gateway_s3:1787452200,2026-08-23T02:30:00Z,46257.395833333336,farm_gateway_s3,23.3,28.8,0,7.8,0,0,0,29.4,76.0,31.3,76.0,1008.0,0.0,0.0,0.0,0.0,0.0,2.0,26.5,37.7,40.3,48840.0,2026-08-23 02:30:00+00:00,False,False,,2026-08-23 09:30:00+07:00,15.0,0.0,2026-08-23
572,farm_gateway_s3:1787453100,2026-08-23T02:45:00Z,46257.40625,farm_gateway_s3,23.3,28.8,0,7.8,0,0,0,29.7,74.0,32.0,73.0,1008.0,0.0,0.0,0.0,0.0,0.0,3.0,26.5,38.4,41.6,65780.0,2026-08-23 02:45:00+00:00,False,False,,2026-08-23 09:45:00+07:00,15.0,0.0,2026-08-23
573,farm_gateway_s3:1787454000,2026-08-23T03:00:00Z,46257.416666666664,farm_gateway_s3,23.3,28.9,0,7.9,0,0,0,30.0,73.0,31.4,74.0,1008.0,0.0,0.0,0.0,0.0,0.0,4.0,26.1,37.6,40.2,95040.0,2026-08-23 03:00:00+00:00,False,False,,2026-08-23 10:00:00+07:00,15.0,0.0,2026-08-23
574,farm_gateway_s3:1787454900,2026-08-23T03:15:00Z,46257.427083333336,farm_gateway_s3,23.3,29.0,0,7.9,0,0,0,30.4,73.0,32.5,69.0,1008.0,0.0,0.0,0.0,0.0,0.0,3.0,26.0,38.8,41.6,70400.0,2026-08-23 03:15:00+00:00,False,False,,2026-08-23 10:15:00+07:00,15.0,0.0,2026-08-23
575,farm_gateway_s3:1787455800,2026-08-23T03:30:00Z,46257.4375,farm_gateway_s3,23.3,29.0,0,7.9,0,0,0,30.6,71.0,32.8,70.0,1008.0,0.0,0.0,0.0,0.0,0.0,3.0,26.5,39.3,42.8,83600.0,2026-08-23 03:30:00+00:00,False,False,,2026-08-23 10:30:00+07:00,15.0,0.0,2026-08-23
576,farm_gateway_s3:1787456700,2026-08-23T03:45:00Z,46257.447916666664,farm_gateway_s3,23.3,29.1,0,7.9,0,0,0,31.1,69.0,33.2,68.0,1008.0,0.0,0.0,0.0,0.0,0.0,1.0,26.4,39.7,43.1,33880.0,2026-08-23 03:45:00+00:00,False,False,,2026-08-23 10:45:00+07:00,15.0,0.0,2026-08-23
577,farm_gateway_s3:1787457600,2026-08-23T04:00:00Z,46257.458333333336,farm_gateway_s3,23.3,29.2,0,7.9,0,0,0,31.3,67.0,33.6,61.0,1007.0,0.0,0.0,0.0,0.0,0.0,4.0,25.0,39.5,41.4,103400.0,2026-08-23 04:00:00+00:00,False,False,,2026-08-23 11:00:00+07:00,15.0,0.0,2026-08-23
578,farm_gateway_s3:1787458500,2026-08-23T04:15:00Z,46257.46875,farm_gateway_s3,23.3,29.3,0,7.9,0,0,0,31.8,66.0,34.5,62.0,1007.0,0.0,0.0,0.0,0.0,0.0,1.0,26.1,40.9,44.7,34210.0,2026-08-23 04:15:00+00:00,False,False,,2026-08-23 11:15:00+07:00,15.0,0.0,2026-08-23
579,farm_gateway_s3:1787459400,2026-08-23T04:30:00Z,46257.479166666664,farm_gateway_s3,23.3,29.4,0,7.9,0,0,0,32.1,64.0,34.6,59.0,1007.0,0.0,0.0,0.0,0.0,0.0,4.0,25.3,40.7,43.2,119460.0,2026-08-23 04:30:00+00:00,False,False,,2026-08-23 11:30:00+07:00,15.0,0.0,2026-08-23
580,farm_gateway_s3:1787460300,2026-08-23T04:45:00Z,46257.489583333336,farm_gateway_s3,23.3,29.5,0,8.0,0,0,0,32.6,62.0,35.3,57.0,1007.0,0.0,0.0,0.0,0.0,0.0,2.0,25.4,41.5,44.5,74800.0,2026-08-23 04:45:00+00:00,False,False,,2026-08-23 11:45:00+07:00,15.0,0.0,2026-08-23
581,farm_gateway_s3:1787461200,2026-08-23T05:00:00Z,46257.5,farm_gateway_s3,23.4,29.7,0,8.0,0,0,0,32.8,59.0,35.4,55.0,1007.0,0.0,0.0,0.0,0.0,0.0,4.0,24.9,41.4,43.8,125620.0,2026-08-23 05:00:00+00:00,False,False,,2026-08-23 12:00:00+07:00,15.0,0.09999999999999787,2026-08-23
582,farm_gateway_s3:1787462100,2026-08-23T05:15:00Z,46257.510416666664,farm_gateway_s3,23.4,29.8,0,8.0,0,0,0,33.1,59.0,35.8,52.0,1007.0,0.0,0.0,0.0,0.0,0.0,4.0,24.3,41.6,43.6,123200.0,2026-08-23 05:15:00+00:00,False,False,,2026-08-23 12:15:00+07:00,15.0,0.0,2026-08-23
583,farm_gateway_s3:1787463000,2026-08-23T05:30:00Z,46257.520833333336,farm_gateway_s3,23.4,30.0,0,8.0,0,0,0,33.3,57.0,36.2,52.0,1007.0,0.0,0.0,0.0,0.0,0.0,4.0,24.7,42.2,44.6,127820.0,2026-08-23 05:30:00+00:00,False,False,,2026-08-23 12:30:00+07:00,15.0,0.0,2026-08-23
584,farm_gateway_s3:1787463900,2026-08-23T05:45:00Z,46257.53125,farm_gateway_s3,23.3,30.1,0,8.1,0,0,0,33.6,56.0,36.7,50.0,1007.0,0.0,3.3,0.0,0.0,0.0,1.0,24.5,42.7,44.9,38500.0,2026-08-23 05:45:00+00:00,False,False,,2026-08-23 12:45:00+07:00,15.0,-0.09999999999999787,2026-08-23
585,farm_gateway_s3:1787464800,2026-08-23T06:00:00Z,46257.541666666664,farm_gateway_s3,23.3,30.3,0,8.1,0,0,0,33.9,54.0,36.4,50.0,1006.0,0.0,0.0,0.0,0.0,0.0,4.0,24.2,42.2,44.2,108900.0,2026-08-23 06:00:00+00:00,False,False,,2026-08-23 13:00:00+07:00,15.0,0.0,2026-08-23
586,farm_gateway_s3:1787465700,2026-08-23T06:15:00Z,46257.552083333336,farm_gateway_s3,23.3,30.4,0,8.1,0,0,0,34.1,55.0,36.7,49.0,1006.0,0.0,0.0,0.0,0.0,0.0,4.0,24.1,42.5,44.4,119020.0,2026-08-23 06:15:00+00:00,False,False,,2026-08-23 13:15:00+07:00,15.0,0.0,2026-08-23
587,farm_gateway_s3:1787466600,2026-08-23T06:30:00Z,46257.5625,farm_gateway_s3,23.3,30.6,0,8.1,0,0,0,34.5,55.0,36.9,49.0,1006.0,0.0,0.0,0.0,0.0,0.0,4.0,24.3,42.8,45.0,120780.0,2026-08-23 06:30:00+00:00,False,False,,2026-08-23 13:30:00+07:00,15.0,0.0,2026-08-23
588,farm_gateway_s3:1787467500,2026-08-23T06:45:00Z,46257.572916666664,farm_gateway_s3,23.3,30.8,0,8.1,0,0,0,34.6,53.0,36.5,49.0,1006.0,0.1,0.0,0.0,0.0,0.0,3.0,24.0,42.3,43.8,99440.0,2026-08-23 06:45:00+00:00,False,False,,2026-08-23 13:45:00+07:00,15.0,0.0,2026-08-23
589,farm_gateway_s3:1787468400,2026-08-23T07:00:00Z,46257.583333333336,farm_gateway_s3,23.3,30.9,0,8.1,0,0,0,34.5,53.0,35.3,53.0,1005.0,0.0,0.0,0.0,0.0,0.0,1.0,24.5,41.2,43.1,27280.0,2026-08-23 07:00:00+00:00,False,False,,2026-08-23 14:00:00+07:00,15.0,0.0,2026-08-23
590,farm_gateway_s3:1787469300,2026-08-23T07:15:00Z,46257.59375,farm_gateway_s3,23.3,31.0,0,8.2,0,0,0,34.6,53.0,36.3,50.0,1005.0,0.0,0.0,0.0,0.0,0.0,4.0,24.1,42.1,43.8,114180.0,2026-08-23 07:15:00+00:00,False,False,,2026-08-23 14:15:00+07:00,15.0,0.0,2026-08-23
591,farm_gateway_s3:1787470200,2026-08-23T07:30:00Z,46257.604166666664,farm_gateway_s3,23.3,31.1,0,8.2,0,0,0,34.6,53.0,36.8,49.0,1005.0,0.0,0.0,0.0,0.0,0.0,2.0,24.2,42.7,44.7,67540.0,2026-08-23 07:30:00+00:00,False,False,,2026-08-23 14:30:00+07:00,15.0,0.0,2026-08-23
592,farm_gateway_s3:1787471100,2026-08-23T07:45:00Z,46257.614583333336,farm_gateway_s3,23.3,31.2,0,8.2,0,0,0,34.7,52.0,35.5,51.0,1005.0,0.0,0.0,0.0,0.0,0.0,1.0,23.7,41.1,42.3,36740.0,2026-08-23 07:45:00+00:00,False,False,,2026-08-23 14:45:00+07:00,15.0,0.0,2026-08-23
593,farm_gateway_s3:1787472000,2026-08-23T08:00:00Z,46257.625,farm_gateway_s3,23.3,31.2,0,8.2,0,0,0,,,,,,,,,,,,,,,,2026-08-23 08:00:00+00:00,True,False,repeated_signature_60min_offline_full_run,2026-08-23 15:00:00+07:00,15.0,0.0,2026-08-23
594,farm_gateway_s3:1787472900,2026-08-23T08:15:00Z,46257.635416666664,farm_gateway_s3,23.3,31.3,0,8.2,0,0,0,,,,,,,,,,,,,,,,2026-08-23 08:15:00+00:00,True,False,repeated_signature_60min_offline_full_run,2026-08-23 15:15:00+07:00,15.0,0.0,2026-08-23
595,farm_gateway_s3:1787473800,2026-08-23T08:30:00Z,46257.645833333336,farm_gateway_s3,23.3,31.3,0,8.2,0,0,0,,,,,,,,,,,,,,,,2026-08-23 08:30:00+00:00,True,False,repeated_signature_60min_offline_full_run,2026-08-23 15:30:00+07:00,15.0,0.0,2026-08-23
596,farm_gateway_s3:1787474700,2026-08-23T08:45:00Z,46257.65625,farm_gateway_s3,23.3,31.3,0,8.2,0,0,0,,,,,,,,,,,,,,,,2026-08-23 08:45:00+00:00,True,False,repeated_signature_60min_offline_full_run,2026-08-23 15:45:00+07:00,15.0,0.0,2026-08-23
597,farm_gateway_s3:1787475600,2026-08-23T09:00:00Z,46257.666666666664,farm_gateway_s3,23.3,31.4,0,8.2,0,0,0,,,,,,,,,,,,,,,,2026-08-23 09:00:00+00:00,True,False,repeated_signature_60min_offline_full_run,2026-08-23 16:00:00+07:00,15.0,0.0,2026-08-23
598,farm_gateway_s3:1787476500,2026-08-23T09:15:00Z,46257.677083333336,farm_gateway_s3,23.3,31.4,0,8.2,0,0,0,,,,,,,,,,,,,,,,2026-08-23 09:15:00+00:00,True,False,repeated_signature_60min_offline_full_run,2026-08-23 16:15:00+07:00,15.0,0.0,2026-08-23
599,farm_gateway_s3:1787477400,2026-08-23T09:30:00Z,46257.6875,farm_gateway_s3,23.3,31.4,0,8.2,0,0,0,,,,,,,,,,,,,,,,2026-08-23 09:30:00+00:00,True,False,repeated_signature_60min_offline_full_run,2026-08-23 16:30:00+07:00,15.0,0.0,2026-08-23
600,farm_gateway_s3:1787478300,2026-08-23T09:45:00Z,46257.697916666664,farm_gateway_s3,23.3,31.5,0,8.2,0,0,0,,,,,,,,,,,,,,,,2026-08-23 09:45:00+00:00,True,False,repeated_signature_60min_offline_full_run,2026-08-23 16:45:00+07:00,15.0,0.0,2026-08-23
601,farm_gateway_s3:1787479200,2026-08-23T10:00:00Z,46257.708333333336,farm_gateway_s3,23.3,31.5,0,8.2,0,0,0,,,,,,,,,,,,,,,,2026-08-23 10:00:00+00:00,True,False,repeated_signature_60min_offline_full_run,2026-08-23 17:00:00+07:00,15.0,0.0,2026-08-23
602,farm_gateway_s3:1787480100,2026-08-23T10:15:00Z,46257.71875,farm_gateway_s3,23.3,31.4,0,8.2,0,0,0,,,,,,,,,,,,,,,,2026-08-23 10:15:00+00:00,True,False,repeated_signature_60min_offline_full_run,2026-08-23 17:15:00+07:00,15.0,0.0,2026-08-23
603,farm_gateway_s3:1787481000,2026-08-23T10:30:00Z,46257.729166666664,farm_gateway_s3,23.3,31.4,0,8.2,0,0,0,,,,,,,,,,,,,,,,2026-08-23 10:30:00+00:00,True,False,repeated_signature_60min_offline_full_run,2026-08-23 17:30:00+07:00,15.0,0.0,2026-08-23
604,farm_gateway_s3:1787481900,2026-08-23T10:45:00Z,46257.739583333336,farm_gateway_s3,23.3,31.4,0,8.2,0,0,0,,,,,,,,,,,,,,,,2026-08-23 10:45:00+00:00,True,False,repeated_signature_60min_offline_full_run,2026-08-23 17:45:00+07:00,15.0,0.0,2026-08-23
605,farm_gateway_s3:1787482800,2026-08-23T11:00:00Z,46257.75,farm_gateway_s3,23.3,31.3,0,8.2,0,0,0,,,,,,,,,,,,,,,,2026-08-23 11:00:00+00:00,True,False,repeated_signature_60min_offline_full_run,2026-08-23 18:00:00+07:00,15.0,0.0,2026-08-23
606,farm_gateway_s3:1787483700,2026-08-23T11:15:00Z,46257.760416666664,farm_gateway_s3,23.3,31.3,0,8.2,0,0,0,,,,,,,,,,,,,,,,2026-08-23 11:15:00+00:00,True,False,repeated_signature_60min_offline_full_run,2026-08-23 18:15:00+07:00,15.0,0.0,2026-08-23
607,farm_gateway_s3:1787484600,2026-08-23T11:30:00Z,46257.770833333336,farm_gateway_s3,23.3,31.2,0,8.2,0,0,0,,,,,,,,,,,,,,,,2026-08-23 11:30:00+00:00,True,False,repeated_signature_60min_offline_full_run,2026-08-23 18:30:00+07:00,15.0,0.0,2026-08-23
608,farm_gateway_s3:1787485500,2026-08-23T11:45:00Z,46257.78125,farm_gateway_s3,23.3,31.2,0,8.2,0,0,0,,,,,,,,,,,,,,,,2026-08-23 11:45:00+00:00,True,False,repeated_signature_60min_offline_full_run,2026-08-23 18:45:00+07:00,15.0,0.0,2026-08-23
609,farm_gateway_s3:1787486400,2026-08-23T12:00:00Z,46257.791666666664,farm_gateway_s3,23.3,31.1,0,8.1,0,0,0,,,,,,,,,,,,,,,,2026-08-23 12:00:00+00:00,True,False,repeated_signature_60min_offline_full_run,2026-08-23 19:00:00+07:00,15.0,0.0,2026-08-23
610,farm_gateway_s3:1787487300,2026-08-23T12:15:00Z,46257.802083333336,farm_gateway_s3,23.2,31.1,0,8.1,0,0,0,,,,,,,,,,,,,,,,2026-08-23 12:15:00+00:00,True,False,repeated_signature_60min_offline_full_run,2026-08-23 19:15:00+07:00,15.0,-0.10000000000000142,2026-08-23
611,farm_gateway_s3:1787488200,2026-08-23T12:30:00Z,46257.8125,farm_gateway_s3,23.2,31.0,0,8.1,0,0,0,,,,,,,,,,,,,,,,2026-08-23 12:30:00+00:00,True,False,repeated_signature_60min_offline_full_run,2026-08-23 19:30:00+07:00,15.0,0.0,2026-08-23
612,farm_gateway_s3:1787489100,2026-08-23T12:45:00Z,46257.822916666664,farm_gateway_s3,23.2,30.9,0,8.1,0,0,0,,,,,,,,,,,,,,,,2026-08-23 12:45:00+00:00,True,False,repeated_signature_60min_offline_full_run,2026-08-23 19:45:00+07:00,15.0,0.0,2026-08-23
613,farm_gateway_s3:1787490000,2026-08-23T13:00:00Z,46257.833333333336,farm_gateway_s3,23.2,30.8,0,8.1,0,0,0,,,,,,,,,,,,,,,,2026-08-23 13:00:00+00:00,True,False,repeated_signature_60min_offline_full_run,2026-08-23 20:00:00+07:00,15.0,0.0,2026-08-23
614,farm_gateway_s3:1787490900,2026-08-23T13:15:00Z,46257.84375,farm_gateway_s3,23.2,30.8,0,8.1,0,0,0,,,,,,,,,,,,,,,,2026-08-23 13:15:00+00:00,True,False,repeated_signature_60min_offline_full_run,2026-08-23 20:15:00+07:00,15.0,0.0,2026-08-23
615,farm_gateway_s3:1787491800,2026-08-23T13:30:00Z,46257.854166666664,farm_gateway_s3,23.2,30.8,0,8.1,0,0,0,,,,,,,,,,,,,,,,2026-08-23 13:30:00+00:00,True,False,repeated_signature_60min_offline_full_run,2026-08-23 20:30:00+07:00,15.0,0.0,2026-08-23
616,farm_gateway_s3:1787492700,2026-08-23T13:45:00Z,46257.864583333336,farm_gateway_s3,23.2,30.6,0,8.1,0,0,0,,,,,,,,,,,,,,,,2026-08-23 13:45:00+00:00,True,False,repeated_signature_60min_offline_full_run,2026-08-23 20:45:00+07:00,15.0,0.0,2026-08-23
617,farm_gateway_s3:1787493600,2026-08-23T14:00:00Z,46257.875,farm_gateway_s3,23.2,30.6,0,8.1,0,0,0,,,,,,,,,,,,,,,,2026-08-23 14:00:00+00:00,True,False,repeated_signature_60min_offline_full_run,2026-08-23 21:00:00+07:00,15.0,0.0,2026-08-23
618,farm_gateway_s3:1787494500,2026-08-23T14:15:00Z,46257.885416666664,farm_gateway_s3,23.2,30.5,0,8.1,0,0,0,,,,,,,,,,,,,,,,2026-08-23 14:15:00+00:00,True,False,repeated_signature_60min_offline_full_run,2026-08-23 21:15:00+07:00,15.0,0.0,2026-08-23
619,farm_gateway_s3:1787495400,2026-08-23T14:30:00Z,46257.895833333336,farm_gateway_s3,23.2,30.5,0,8.1,0,0,0,,,,,,,,,,,,,,,,2026-08-23 14:30:00+00:00,True,False,repeated_signature_60min_offline_full_run,2026-08-23 21:30:00+07:00,15.0,0.0,2026-08-23
620,farm_gateway_s3:1787496300,2026-08-23T14:45:00Z,46257.90625,farm_gateway_s3,23.2,30.4,0,8.1,0,0,0,,,,,,,,,,,,,,,,2026-08-23 14:45:00+00:00,False,True,,2026-08-23 21:45:00+07:00,15.0,0.0,2026-08-23
621,farm_gateway_s3:1787498100,2026-08-23T15:15:00Z,46257.927083333336,farm_gateway_s3,23.2,30.3,0,8.1,0,0,0,34.7,52.0,35.3,52.0,1004.0,0.0,0.0,0.0,0.0,0.0,3.0,23.9,40.9,42.3,80960.0,2026-08-23 15:15:00+00:00,False,False,,2026-08-23 22:15:00+07:00,30.0,0.0,2026-08-23
622,farm_gateway_s3:1787499000,2026-08-23T15:30:00Z,46257.9375,farm_gateway_s3,23.2,30.3,0,8.1,0,0,0,34.7,52.0,35.3,52.0,1004.0,0.0,0.0,0.0,0.0,0.0,3.0,23.9,40.9,42.3,80960.0,2026-08-23 15:30:00+00:00,False,False,,2026-08-23 22:30:00+07:00,15.0,0.0,2026-08-23
623,farm_gateway_s3:1787499900,2026-08-23T15:45:00Z,46257.947916666664,farm_gateway_s3,23.2,30.2,0,8.1,0,0,0,34.7,52.0,35.3,52.0,1004.0,0.0,0.0,0.0,0.0,0.0,3.0,23.9,40.9,42.3,80960.0,2026-08-23 15:45:00+00:00,False,False,,2026-08-23 22:45:00+07:00,15.0,0.0,2026-08-23
624,farm_gateway_s3:1787530500,2026-08-24T00:15:00Z,46258.302083333336,farm_gateway_s3,23.1,28.9,0,7.9,0,0,0,,,,,,,,,,,,,,,,2026-08-24 00:15:00+00:00,True,False,repeated_signature_60min_offline_full_run,2026-08-24 07:15:00+07:00,510.0,,2026-08-24
625,farm_gateway_s3:1787531400,2026-08-24T00:30:00Z,46258.3125,farm_gateway_s3,23.1,28.9,0,8.0,0,0,0,,,,,,,,,,,,,,,,2026-08-24 00:30:00+00:00,True,False,repeated_signature_60min_offline_full_run,2026-08-24 07:30:00+07:00,15.0,0.0,2026-08-24
626,farm_gateway_s3:1787532300,2026-08-24T00:45:00Z,46258.322916666664,farm_gateway_s3,23.1,28.9,0,7.9,0,0,0,,,,,,,,,,,,,,,,2026-08-24 00:45:00+00:00,True,False,repeated_signature_60min_offline_full_run,2026-08-24 07:45:00+07:00,15.0,0.0,2026-08-24
627,farm_gateway_s3:1787533200,2026-08-24T01:00:00Z,46258.333333333336,farm_gateway_s3,23.1,28.9,0,7.9,0,0,0,,,,,,,,,,,,,,,,2026-08-24 01:00:00+00:00,True,False,repeated_signature_60min_offline_full_run,2026-08-24 08:00:00+07:00,15.0,0.0,2026-08-24
628,farm_gateway_s3:1787534100,2026-08-24T01:15:00Z,46258.34375,farm_gateway_s3,23.1,28.9,0,7.9,0,0,0,,,,,,,,,,,,,,,,2026-08-24 01:15:00+00:00,True,False,repeated_signature_60min_offline_full_run,2026-08-24 08:15:00+07:00,15.0,0.0,2026-08-24
629,farm_gateway_s3:1787535000,2026-08-24T01:30:00Z,46258.354166666664,farm_gateway_s3,23.1,28.9,0,7.9,0,0,0,,,,,,,,,,,,,,,,2026-08-24 01:30:00+00:00,True,False,repeated_signature_60min_offline_full_run,2026-08-24 08:30:00+07:00,15.0,0.0,2026-08-24
630,farm_gateway_s3:1787535900,2026-08-24T01:45:00Z,46258.364583333336,farm_gateway_s3,23.1,28.9,0,8.0,0,0,0,,,,,,,,,,,,,,,,2026-08-24 01:45:00+00:00,True,False,repeated_signature_60min_offline_full_run,2026-08-24 08:45:00+07:00,15.0,0.0,2026-08-24
631,farm_gateway_s3:1787536800,2026-08-24T02:00:00Z,46258.375,farm_gateway_s3,23.1,29.0,0,8.0,0,0,0,,,,,,,,,,,,,,,,2026-08-24 02:00:00+00:00,True,False,repeated_signature_60min_offline_full_run,2026-08-24 09:00:00+07:00,15.0,0.0,2026-08-24
632,farm_gateway_s3:1787537700,2026-08-24T02:15:00Z,46258.385416666664,farm_gateway_s3,23.1,29.0,0,8.0,0,0,0,,,,,,,,,,,,,,,,2026-08-24 02:15:00+00:00,True,False,repeated_signature_60min_offline_full_run,2026-08-24 09:15:00+07:00,15.0,0.0,2026-08-24
633,farm_gateway_s3:1787538600,2026-08-24T02:30:00Z,46258.395833333336,farm_gateway_s3,23.1,29.0,0,8.0,0,0,0,,,,,,,,,,,,,,,,2026-08-24 02:30:00+00:00,True,False,repeated_signature_60min_offline_full_run,2026-08-24 09:30:00+07:00,15.0,0.0,2026-08-24
634,farm_gateway_s3:1787539500,2026-08-24T02:45:00Z,46258.40625,farm_gateway_s3,23.1,29.1,0,8.0,0,0,0,,,,,,,,,,,,,,,,2026-08-24 02:45:00+00:00,True,False,repeated_signature_60min_offline_full_run,2026-08-24 09:45:00+07:00,15.0,0.0,2026-08-24
635,farm_gateway_s3:1787540400,2026-08-24T03:00:00Z,46258.416666666664,farm_gateway_s3,23.1,29.1,0,8.0,0,0,0,,,,,,,,,,,,,,,,2026-08-24 03:00:00+00:00,True,False,repeated_signature_60min_offline_full_run,2026-08-24 10:00:00+07:00,15.0,0.0,2026-08-24
636,farm_gateway_s3:1787541300,2026-08-24T03:15:00Z,46258.427083333336,farm_gateway_s3,23.2,29.1,0,8.0,0,0,0,,,,,,,,,,,,,,,,2026-08-24 03:15:00+00:00,True,False,repeated_signature_60min_offline_full_run,2026-08-24 10:15:00+07:00,15.0,0.09999999999999787,2026-08-24
637,farm_gateway_s3:1787542200,2026-08-24T03:30:00Z,46258.4375,farm_gateway_s3,23.2,29.2,0,8.0,0,0,0,,,,,,,,,,,,,,,,2026-08-24 03:30:00+00:00,True,False,repeated_signature_60min_offline_full_run,2026-08-24 10:30:00+07:00,15.0,0.0,2026-08-24
638,farm_gateway_s3:1787543100,2026-08-24T03:45:00Z,46258.447916666664,farm_gateway_s3,23.1,29.2,0,8.0,0,0,0,,,,,,,,,,,,,,,,2026-08-24 03:45:00+00:00,True,False,repeated_signature_60min_offline_full_run,2026-08-24 10:45:00+07:00,15.0,-0.09999999999999787,2026-08-24
639,farm_gateway_s3:1787544000,2026-08-24T04:00:00Z,46258.458333333336,farm_gateway_s3,23.2,29.3,0,8.0,0,0,0,,,,,,,,,,,,,,,,2026-08-24 04:00:00+00:00,True,False,repeated_signature_60min_offline_full_run,2026-08-24 11:00:00+07:00,15.0,0.09999999999999787,2026-08-24
640,farm_gateway_s3:1787544900,2026-08-24T04:15:00Z,46258.46875,farm_gateway_s3,23.1,29.3,0,8.0,0,0,0,,,,,,,,,,,,,,,,2026-08-24 04:15:00+00:00,True,False,repeated_signature_60min_offline_full_run,2026-08-24 11:15:00+07:00,15.0,-0.09999999999999787,2026-08-24
641,farm_gateway_s3:1787545800,2026-08-24T04:30:00Z,46258.479166666664,farm_gateway_s3,23.2,29.4,0,8.0,0,0,0,,,,,,,,,,,,,,,,2026-08-24 04:30:00+00:00,True,False,repeated_signature_60min_offline_full_run,2026-08-24 11:30:00+07:00,15.0,0.09999999999999787,2026-08-24
642,farm_gateway_s3:1787546700,2026-08-24T04:45:00Z,46258.489583333336,farm_gateway_s3,23.2,29.4,0,8.0,0,0,0,,,,,,,,,,,,,,,,2026-08-24 04:45:00+00:00,True,False,repeated_signature_60min_offline_full_run,2026-08-24 11:45:00+07:00,15.0,0.0,2026-08-24
643,farm_gateway_s3:1787547600,2026-08-24T05:00:00Z,46258.5,farm_gateway_s3,23.2,29.4,0,8.0,0,0,0,,,,,,,,,,,,,,,,2026-08-24 05:00:00+00:00,True,False,repeated_signature_60min_offline_full_run,2026-08-24 12:00:00+07:00,15.0,0.0,2026-08-24
644,farm_gateway_s3:1787548500,2026-08-24T05:15:00Z,46258.510416666664,farm_gateway_s3,23.2,29.4,0,8.0,0,0,0,,,,,,,,,,,,,,,,2026-08-24 05:15:00+00:00,True,False,repeated_signature_60min_offline_full_run,2026-08-24 12:15:00+07:00,15.0,0.0,2026-08-24
645,farm_gateway_s3:1787549400,2026-08-24T05:30:00Z,46258.520833333336,farm_gateway_s3,23.2,29.5,0,8.0,0,0,0,,,,,,,,,,,,,,,,2026-08-24 05:30:00+00:00,True,False,repeated_signature_60min_offline_full_run,2026-08-24 12:30:00+07:00,15.0,0.0,2026-08-24
646,farm_gateway_s3:1787550300,2026-08-24T05:45:00Z,46258.53125,farm_gateway_s3,23.2,29.5,0,8.0,0,0,0,,,,,,,,,,,,,,,,2026-08-24 05:45:00+00:00,True,False,repeated_signature_60min_offline_full_run,2026-08-24 12:45:00+07:00,15.0,0.0,2026-08-24
647,farm_gateway_s3:1787551200,2026-08-24T06:00:00Z,46258.541666666664,farm_gateway_s3,23.2,29.5,0,8.0,0,0,0,,,,,,,,,,,,,,,,2026-08-24 06:00:00+00:00,True,False,repeated_signature_60min_offline_full_run,2026-08-24 13:00:00+07:00,15.0,0.0,2026-08-24
648,farm_gateway_s3:1787552100,2026-08-24T06:15:00Z,46258.552083333336,farm_gateway_s3,23.2,29.5,0,8.0,0,0,0,,,,,,,,,,,,,,,,2026-08-24 06:15:00+00:00,True,False,repeated_signature_60min_offline_full_run,2026-08-24 13:15:00+07:00,15.0,0.0,2026-08-24
649,farm_gateway_s3:1787553000,2026-08-24T06:30:00Z,46258.5625,farm_gateway_s3,23.2,29.5,0,8.0,0,0,0,,,,,,,,,,,,,,,,2026-08-24 06:30:00+00:00,True,False,repeated_signature_60min_offline_full_run,2026-08-24 13:30:00+07:00,15.0,0.0,2026-08-24
650,farm_gateway_s3:1787553900,2026-08-24T06:45:00Z,46258.572916666664,farm_gateway_s3,23.2,29.6,0,8.0,0,0,0,,,,,,,,,,,,,,,,2026-08-24 06:45:00+00:00,True,False,repeated_signature_60min_offline_full_run,2026-08-24 13:45:00+07:00,15.0,0.0,2026-08-24
651,farm_gateway_s3:1787554800,2026-08-24T07:00:00Z,46258.583333333336,farm_gateway_s3,23.2,29.6,0,8.0,0,0,0,,,,,,,,,,,,,,,,2026-08-24 07:00:00+00:00,True,False,repeated_signature_60min_offline_full_run,2026-08-24 14:00:00+07:00,15.0,0.0,2026-08-24
652,farm_gateway_s3:1787555700,2026-08-24T07:15:00Z,46258.59375,farm_gateway_s3,23.2,29.7,0,8.0,0,0,0,,,,,,,,,,,,,,,,2026-08-24 07:15:00+00:00,True,False,repeated_signature_60min_offline_full_run,2026-08-24 14:15:00+07:00,15.0,0.0,2026-08-24
653,farm_gateway_s3:1787556600,2026-08-24T07:30:00Z,46258.604166666664,farm_gateway_s3,23.2,29.7,0,8.1,0,0,0,,,,,,,,,,,,,,,,2026-08-24 07:30:00+00:00,True,False,repeated_signature_60min_offline_full_run,2026-08-24 14:30:00+07:00,15.0,0.0,2026-08-24
654,farm_gateway_s3:1787557500,2026-08-24T07:45:00Z,46258.614583333336,farm_gateway_s3,23.2,29.7,0,8.1,0,0,0,,,,,,,,,,,,,,,,2026-08-24 07:45:00+00:00,True,False,repeated_signature_60min_offline_full_run,2026-08-24 14:45:00+07:00,15.0,0.0,2026-08-24
655,farm_gateway_s3:1787558400,2026-08-24T08:00:00Z,46258.625,farm_gateway_s3,23.2,29.7,0,8.1,0,0,0,,,,,,,,,,,,,,,,2026-08-24 08:00:00+00:00,True,False,repeated_signature_60min_offline_full_run,2026-08-24 15:00:00+07:00,15.0,0.0,2026-08-24
656,farm_gateway_s3:1787559300,2026-08-24T08:15:00Z,46258.635416666664,farm_gateway_s3,23.2,29.7,0,8.1,0,0,0,,,,,,,,,,,,,,,,2026-08-24 08:15:00+00:00,True,False,repeated_signature_60min_offline_full_run,2026-08-24 15:15:00+07:00,15.0,0.0,2026-08-24
657,farm_gateway_s3:1787560200,2026-08-24T08:30:00Z,46258.645833333336,farm_gateway_s3,23.2,29.7,0,8.0,0,0,0,,,,,,,,,,,,,,,,2026-08-24 08:30:00+00:00,True,False,repeated_signature_60min_offline_full_run,2026-08-24 15:30:00+07:00,15.0,0.0,2026-08-24
658,farm_gateway_s3:1787561100,2026-08-24T08:45:00Z,46258.65625,farm_gateway_s3,23.2,29.7,0,8.0,0,0,0,,,,,,,,,,,,,,,,2026-08-24 08:45:00+00:00,True,False,repeated_signature_60min_offline_full_run,2026-08-24 15:45:00+07:00,15.0,0.0,2026-08-24
659,farm_gateway_s3:1787562000,2026-08-24T09:00:00Z,46258.666666666664,farm_gateway_s3,23.2,29.7,0,8.1,0,0,0,,,,,,,,,,,,,,,,2026-08-24 09:00:00+00:00,True,False,repeated_signature_60min_offline_full_run,2026-08-24 16:00:00+07:00,15.0,0.0,2026-08-24
660,farm_gateway_s3:1787562900,2026-08-24T09:15:00Z,46258.677083333336,farm_gateway_s3,23.2,29.6,0,8.0,0,0,0,,,,,,,,,,,,,,,,2026-08-24 09:15:00+00:00,True,False,repeated_signature_60min_offline_full_run,2026-08-24 16:15:00+07:00,15.0,0.0,2026-08-24
661,farm_gateway_s3:1787563800,2026-08-24T09:30:00Z,46258.6875,farm_gateway_s3,23.2,29.6,0,8.0,0,0,0,,,,,,,,,,,,,,,,2026-08-24 09:30:00+00:00,True,False,repeated_signature_60min_offline_full_run,2026-08-24 16:30:00+07:00,15.0,0.0,2026-08-24
662,farm_gateway_s3:1787564700,2026-08-24T09:45:00Z,46258.697916666664,farm_gateway_s3,23.2,29.6,0,8.0,0,0,0,,,,,,,,,,,,,,,,2026-08-24 09:45:00+00:00,True,False,repeated_signature_60min_offline_full_run,2026-08-24 16:45:00+07:00,15.0,0.0,2026-08-24
663,farm_gateway_s3:1787565600,2026-08-24T10:00:00Z,46258.708333333336,farm_gateway_s3,23.2,29.6,0,8.0,0,0,0,,,,,,,,,,,,,,,,2026-08-24 10:00:00+00:00,True,False,repeated_signature_60min_offline_full_run,2026-08-24 17:00:00+07:00,15.0,0.0,2026-08-24
664,farm_gateway_s3:1787566500,2026-08-24T10:15:00Z,46258.71875,farm_gateway_s3,23.2,29.6,0,8.0,0,0,0,,,,,,,,,,,,,,,,2026-08-24 10:15:00+00:00,True,False,repeated_signature_60min_offline_full_run,2026-08-24 17:15:00+07:00,15.0,0.0,2026-08-24
665,farm_gateway_s3:1787567400,2026-08-24T10:30:00Z,46258.729166666664,farm_gateway_s3,23.2,29.6,0,8.0,0,0,0,,,,,,,,,,,,,,,,2026-08-24 10:30:00+00:00,True,False,repeated_signature_60min_offline_full_run,2026-08-24 17:30:00+07:00,15.0,0.0,2026-08-24
666,farm_gateway_s3:1787568300,2026-08-24T10:45:00Z,46258.739583333336,farm_gateway_s3,23.2,29.6,0,8.0,0,0,0,,,,,,,,,,,,,,,,2026-08-24 10:45:00+00:00,True,False,repeated_signature_60min_offline_full_run,2026-08-24 17:45:00+07:00,15.0,0.0,2026-08-24
667,farm_gateway_s3:1787569200,2026-08-24T11:00:00Z,46258.75,farm_gateway_s3,23.2,29.6,0,8.0,0,0,0,,,,,,,,,,,,,,,,2026-08-24 11:00:00+00:00,True,False,repeated_signature_60min_offline_full_run,2026-08-24 18:00:00+07:00,15.0,0.0,2026-08-24
668,farm_gateway_s3:1787570100,2026-08-24T11:15:00Z,46258.760416666664,farm_gateway_s3,23.2,29.5,0,8.0,0,0,0,,,,,,,,,,,,,,,,2026-08-24 11:15:00+00:00,True,False,repeated_signature_60min_offline_full_run,2026-08-24 18:15:00+07:00,15.0,0.0,2026-08-24
669,farm_gateway_s3:1787571000,2026-08-24T11:30:00Z,46258.770833333336,farm_gateway_s3,23.2,29.5,0,8.0,0,0,0,,,,,,,,,,,,,,,,2026-08-24 11:30:00+00:00,True,False,repeated_signature_60min_offline_full_run,2026-08-24 18:30:00+07:00,15.0,0.0,2026-08-24
670,farm_gateway_s3:1787571900,2026-08-24T11:45:00Z,46258.78125,farm_gateway_s3,23.2,29.5,0,8.0,0,0,0,,,,,,,,,,,,,,,,2026-08-24 11:45:00+00:00,False,True,,2026-08-24 18:45:00+07:00,15.0,0.0,2026-08-24
671,farm_gateway_s3:1787572800,2026-08-24T12:00:00Z,46258.791666666664,farm_gateway_s3,23.2,29.5,0,8.0,0,0,0,,,,,,,,,,,,,,,,2026-08-24 12:00:00+00:00,True,False,repeated_signature_60min_offline_full_run,2026-08-24 19:00:00+07:00,15.0,0.0,2026-08-24
672,farm_gateway_s3:1787573700,2026-08-24T12:15:00Z,46258.802083333336,farm_gateway_s3,23.1,29.4,0,8.0,0,0,0,,,,,,,,,,,,,,,,2026-08-24 12:15:00+00:00,True,False,repeated_signature_60min_offline_full_run,2026-08-24 19:15:00+07:00,15.0,-0.09999999999999787,2026-08-24
673,farm_gateway_s3:1787574600,2026-08-24T12:30:00Z,46258.8125,farm_gateway_s3,23.2,29.4,0,7.9,0,0,0,,,,,,,,,,,,,,,,2026-08-24 12:30:00+00:00,True,False,repeated_signature_60min_offline_full_run,2026-08-24 19:30:00+07:00,15.0,0.09999999999999787,2026-08-24
674,farm_gateway_s3:1787575500,2026-08-24T12:45:00Z,46258.822916666664,farm_gateway_s3,23.1,29.4,0,7.9,0,0,0,,,,,,,,,,,,,,,,2026-08-24 12:45:00+00:00,True,False,repeated_signature_60min_offline_full_run,2026-08-24 19:45:00+07:00,15.0,-0.09999999999999787,2026-08-24
675,farm_gateway_s3:1787576400,2026-08-24T13:00:00Z,46258.833333333336,farm_gateway_s3,23.2,29.3,0,7.9,0,0,0,,,,,,,,,,,,,,,,2026-08-24 13:00:00+00:00,True,False,repeated_signature_60min_offline_full_run,2026-08-24 20:00:00+07:00,15.0,0.09999999999999787,2026-08-24
676,farm_gateway_s3:1787577300,2026-08-24T13:15:00Z,46258.84375,farm_gateway_s3,23.1,29.3,0,8.0,0,0,0,,,,,,,,,,,,,,,,2026-08-24 13:15:00+00:00,True,False,repeated_signature_60min_offline_full_run,2026-08-24 20:15:00+07:00,15.0,-0.09999999999999787,2026-08-24
677,farm_gateway_s3:1787578200,2026-08-24T13:30:00Z,46258.854166666664,farm_gateway_s3,23.1,29.3,0,8.0,0,0,0,,,,,,,,,,,,,,,,2026-08-24 13:30:00+00:00,True,False,repeated_signature_60min_offline_full_run,2026-08-24 20:30:00+07:00,15.0,0.0,2026-08-24
678,farm_gateway_s3:1787579100,2026-08-24T13:45:00Z,46258.864583333336,farm_gateway_s3,23.1,29.2,0,8.0,0,0,0,,,,,,,,,,,,,,,,2026-08-24 13:45:00+00:00,True,False,repeated_signature_60min_offline_full_run,2026-08-24 20:45:00+07:00,15.0,0.0,2026-08-24
679,farm_gateway_s3:1787580000,2026-08-24T14:00:00Z,46258.875,farm_gateway_s3,23.1,29.2,0,8.0,0,0,0,,,,,,,,,,,,,,,,2026-08-24 14:00:00+00:00,True,False,repeated_signature_60min_offline_full_run,2026-08-24 21:00:00+07:00,15.0,0.0,2026-08-24
680,farm_gateway_s3:1787580900,2026-08-24T14:15:00Z,46258.885416666664,farm_gateway_s3,23.1,29.2,0,8.0,0,0,0,,,,,,,,,,,,,,,,2026-08-24 14:15:00+00:00,True,False,repeated_signature_60min_offline_full_run,2026-08-24 21:15:00+07:00,15.0,0.0,2026-08-24
681,farm_gateway_s3:1787581800,2026-08-24T14:30:00Z,46258.895833333336,farm_gateway_s3,23.1,29.1,0,8.0,0,0,0,,,,,,,,,,,,,,,,2026-08-24 14:30:00+00:00,True,False,repeated_signature_60min_offline_full_run,2026-08-24 21:30:00+07:00,15.0,0.0,2026-08-24
682,farm_gateway_s3:1787582700,2026-08-24T14:45:00Z,46258.90625,farm_gateway_s3,23.1,29.1,0,8.0,0,0,0,,,,,,,,,,,,,,,,2026-08-24 14:45:00+00:00,True,False,repeated_signature_60min_offline_full_run,2026-08-24 21:45:00+07:00,15.0,0.0,2026-08-24
683,farm_gateway_s3:1787583600,2026-08-24T15:00:00Z,46258.916666666664,farm_gateway_s3,23.1,29.1,0,8.0,0,0,0,,,,,,,,,,,,,,,,2026-08-24 15:00:00+00:00,True,False,repeated_signature_60min_offline_full_run,2026-08-24 22:00:00+07:00,15.0,0.0,2026-08-24
684,farm_gateway_s3:1787584500,2026-08-24T15:15:00Z,46258.927083333336,farm_gateway_s3,23.1,29.0,0,8.0,0,0,0,,,,,,,,,,,,,,,,2026-08-24 15:15:00+00:00,True,False,repeated_signature_60min_offline_full_run,2026-08-24 22:15:00+07:00,15.0,0.0,2026-08-24
685,farm_gateway_s3:1787585400,2026-08-24T15:30:00Z,46258.9375,farm_gateway_s3,23.1,29.0,0,7.9,0,0,0,,,,,,,,,,,,,,,,2026-08-24 15:30:00+00:00,True,False,repeated_signature_60min_offline_full_run,2026-08-24 22:30:00+07:00,15.0,0.0,2026-08-24
686,farm_gateway_s3:1787617800,2026-08-25T00:30:00Z,46259.3125,farm_gateway_s3,23.1,28.3,0,7.9,0,0,0,,,,,,,,,,,,,,,,2026-08-25 00:30:00+00:00,True,False,repeated_signature_60min_offline_full_run,2026-08-25 07:30:00+07:00,540.0,,2026-08-25
687,farm_gateway_s3:1787618700,2026-08-25T00:45:00Z,46259.322916666664,farm_gateway_s3,23.1,28.3,0,7.9,0,0,0,,,,,,,,,,,,,,,,2026-08-25 00:45:00+00:00,True,False,repeated_signature_60min_offline_full_run,2026-08-25 07:45:00+07:00,15.0,0.0,2026-08-25
688,farm_gateway_s3:1787619600,2026-08-25T01:00:00Z,46259.333333333336,farm_gateway_s3,23.1,28.3,0,7.9,0,0,0,,,,,,,,,,,,,,,,2026-08-25 01:00:00+00:00,True,False,repeated_signature_60min_offline_full_run,2026-08-25 08:00:00+07:00,15.0,0.0,2026-08-25
689,farm_gateway_s3:1787620500,2026-08-25T01:15:00Z,46259.34375,farm_gateway_s3,23.1,28.3,0,7.9,0,0,0,,,,,,,,,,,,,,,,2026-08-25 01:15:00+00:00,True,False,repeated_signature_60min_offline_full_run,2026-08-25 08:15:00+07:00,15.0,0.0,2026-08-25
690,farm_gateway_s3:1787621400,2026-08-25T01:30:00Z,46259.354166666664,farm_gateway_s3,23.1,28.3,0,7.9,0,0,0,,,,,,,,,,,,,,,,2026-08-25 01:30:00+00:00,True,False,repeated_signature_60min_offline_full_run,2026-08-25 08:30:00+07:00,15.0,0.0,2026-08-25
691,farm_gateway_s3:1787622300,2026-08-25T01:45:00Z,46259.364583333336,farm_gateway_s3,23.1,28.4,0,7.9,0,0,0,,,,,,,,,,,,,,,,2026-08-25 01:45:00+00:00,True,False,repeated_signature_60min_offline_full_run,2026-08-25 08:45:00+07:00,15.0,0.0,2026-08-25
692,farm_gateway_s3:1787623200,2026-08-25T02:00:00Z,46259.375,farm_gateway_s3,23.1,28.4,0,7.9,0,0,0,,,,,,,,,,,,,,,,2026-08-25 02:00:00+00:00,True,False,repeated_signature_60min_offline_full_run,2026-08-25 09:00:00+07:00,15.0,0.0,2026-08-25
693,farm_gateway_s3:1787624100,2026-08-25T02:15:00Z,46259.385416666664,farm_gateway_s3,23.1,28.4,0,7.9,0,0,0,,,,,,,,,,,,,,,,2026-08-25 02:15:00+00:00,True,False,repeated_signature_60min_offline_full_run,2026-08-25 09:15:00+07:00,15.0,0.0,2026-08-25
694,farm_gateway_s3:1787625000,2026-08-25T02:30:00Z,46259.395833333336,farm_gateway_s3,23.1,28.4,0,7.9,0,0,0,,,,,,,,,,,,,,,,2026-08-25 02:30:00+00:00,True,False,repeated_signature_60min_offline_full_run,2026-08-25 09:30:00+07:00,15.0,0.0,2026-08-25
695,farm_gateway_s3:1787625900,2026-08-25T02:45:00Z,46259.40625,farm_gateway_s3,23.1,28.5,0,7.9,0,0,0,,,,,,,,,,,,,,,,2026-08-25 02:45:00+00:00,True,False,repeated_signature_60min_offline_full_run,2026-08-25 09:45:00+07:00,15.0,0.0,2026-08-25
696,farm_gateway_s3:1787626800,2026-08-25T03:00:00Z,46259.416666666664,farm_gateway_s3,23.1,28.6,0,7.9,0,0,0,,,,,,,,,,,,,,,,2026-08-25 03:00:00+00:00,True,False,repeated_signature_60min_offline_full_run,2026-08-25 10:00:00+07:00,15.0,0.0,2026-08-25
697,farm_gateway_s3:1787627700,2026-08-25T03:15:00Z,46259.427083333336,farm_gateway_s3,23.1,28.6,0,7.9,0,0,0,,,,,,,,,,,,,,,,2026-08-25 03:15:00+00:00,True,False,repeated_signature_60min_offline_full_run,2026-08-25 10:15:00+07:00,15.0,0.0,2026-08-25
698,farm_gateway_s3:1787628600,2026-08-25T03:30:00Z,46259.4375,farm_gateway_s3,23.2,28.6,0,7.9,0,0,0,,,,,,,,,,,,,,,,2026-08-25 03:30:00+00:00,True,False,repeated_signature_60min_offline_full_run,2026-08-25 10:30:00+07:00,15.0,0.09999999999999787,2026-08-25
699,farm_gateway_s3:1787629500,2026-08-25T03:45:00Z,46259.447916666664,farm_gateway_s3,23.1,28.7,0,7.9,0,0,0,,,,,,,,,,,,,,,,2026-08-25 03:45:00+00:00,True,False,repeated_signature_60min_offline_full_run,2026-08-25 10:45:00+07:00,15.0,-0.09999999999999787,2026-08-25
700,farm_gateway_s3:1787630400,2026-08-25T04:00:00Z,46259.458333333336,farm_gateway_s3,23.2,28.8,0,8.0,0,0,0,,,,,,,,,,,,,,,,2026-08-25 04:00:00+00:00,True,False,repeated_signature_60min_offline_full_run,2026-08-25 11:00:00+07:00,15.0,0.09999999999999787,2026-08-25
701,farm_gateway_s3:1787631300,2026-08-25T04:15:00Z,46259.46875,farm_gateway_s3,23.1,28.9,0,8.0,0,0,0,,,,,,,,,,,,,,,,2026-08-25 04:15:00+00:00,True,False,repeated_signature_60min_offline_full_run,2026-08-25 11:15:00+07:00,15.0,-0.09999999999999787,2026-08-25
702,farm_gateway_s3:1787632200,2026-08-25T04:30:00Z,46259.479166666664,farm_gateway_s3,23.2,28.9,0,8.0,0,0,0,,,,,,,,,,,,,,,,2026-08-25 04:30:00+00:00,True,False,repeated_signature_60min_offline_full_run,2026-08-25 11:30:00+07:00,15.0,0.09999999999999787,2026-08-25
703,farm_gateway_s3:1787633100,2026-08-25T04:45:00Z,46259.489583333336,farm_gateway_s3,23.2,29.0,0,7.9,0,0,0,,,,,,,,,,,,,,,,2026-08-25 04:45:00+00:00,True,False,repeated_signature_60min_offline_full_run,2026-08-25 11:45:00+07:00,15.0,0.0,2026-08-25
704,farm_gateway_s3:1787634000,2026-08-25T05:00:00Z,46259.5,farm_gateway_s3,23.2,29.1,0,8.0,0,0,0,,,,,,,,,,,,,,,,2026-08-25 05:00:00+00:00,True,False,repeated_signature_60min_offline_full_run,2026-08-25 12:00:00+07:00,15.0,0.0,2026-08-25
705,farm_gateway_s3:1787634900,2026-08-25T05:15:00Z,46259.510416666664,farm_gateway_s3,23.2,29.2,0,8.0,0,0,0,,,,,,,,,,,,,,,,2026-08-25 05:15:00+00:00,True,False,repeated_signature_60min_offline_full_run,2026-08-25 12:15:00+07:00,15.0,0.0,2026-08-25
706,farm_gateway_s3:1787635800,2026-08-25T05:30:00Z,46259.520833333336,farm_gateway_s3,23.2,29.3,0,8.0,0,0,0,,,,,,,,,,,,,,,,2026-08-25 05:30:00+00:00,True,False,repeated_signature_60min_offline_full_run,2026-08-25 12:30:00+07:00,15.0,0.0,2026-08-25
707,farm_gateway_s3:1787636700,2026-08-25T05:45:00Z,46259.53125,farm_gateway_s3,23.2,29.4,0,8.0,0,0,0,,,,,,,,,,,,,,,,2026-08-25 05:45:00+00:00,True,False,repeated_signature_60min_offline_full_run,2026-08-25 12:45:00+07:00,15.0,0.0,2026-08-25
708,farm_gateway_s3:1787637600,2026-08-25T06:00:00Z,46259.541666666664,farm_gateway_s3,23.2,29.4,0,8.0,0,0,0,,,,,,,,,,,,,,,,2026-08-25 06:00:00+00:00,True,False,repeated_signature_60min_offline_full_run,2026-08-25 13:00:00+07:00,15.0,0.0,2026-08-25
709,farm_gateway_s3:1787638500,2026-08-25T06:15:00Z,46259.552083333336,farm_gateway_s3,23.2,29.5,0,8.1,0,0,0,,,,,,,,,,,,,,,,2026-08-25 06:15:00+00:00,True,False,repeated_signature_60min_offline_full_run,2026-08-25 13:15:00+07:00,15.0,0.0,2026-08-25
710,farm_gateway_s3:1787639400,2026-08-25T06:30:00Z,46259.5625,farm_gateway_s3,23.2,29.6,0,8.1,0,0,0,,,,,,,,,,,,,,,,2026-08-25 06:30:00+00:00,True,False,repeated_signature_60min_offline_full_run,2026-08-25 13:30:00+07:00,15.0,0.0,2026-08-25
711,farm_gateway_s3:1787640300,2026-08-25T06:45:00Z,46259.572916666664,farm_gateway_s3,23.2,29.7,0,8.1,0,0,0,,,,,,,,,,,,,,,,2026-08-25 06:45:00+00:00,True,False,repeated_signature_60min_offline_full_run,2026-08-25 13:45:00+07:00,15.0,0.0,2026-08-25
712,farm_gateway_s3:1787641200,2026-08-25T07:00:00Z,46259.583333333336,farm_gateway_s3,23.2,29.8,0,8.1,0,0,0,,,,,,,,,,,,,,,,2026-08-25 07:00:00+00:00,True,False,repeated_signature_60min_offline_full_run,2026-08-25 14:00:00+07:00,15.0,0.0,2026-08-25
713,farm_gateway_s3:1787642100,2026-08-25T07:15:00Z,46259.59375,farm_gateway_s3,23.2,29.8,0,8.1,0,0,0,,,,,,,,,,,,,,,,2026-08-25 07:15:00+00:00,True,False,repeated_signature_60min_offline_full_run,2026-08-25 14:15:00+07:00,15.0,0.0,2026-08-25
714,farm_gateway_s3:1787643000,2026-08-25T07:30:00Z,46259.604166666664,farm_gateway_s3,23.2,29.9,0,8.1,0,0,0,,,,,,,,,,,,,,,,2026-08-25 07:30:00+00:00,True,False,repeated_signature_60min_offline_full_run,2026-08-25 14:30:00+07:00,15.0,0.0,2026-08-25
715,farm_gateway_s3:1787643900,2026-08-25T07:45:00Z,46259.614583333336,farm_gateway_s3,23.2,29.9,0,8.1,0,0,0,,,,,,,,,,,,,,,,2026-08-25 07:45:00+00:00,True,False,repeated_signature_60min_offline_full_run,2026-08-25 14:45:00+07:00,15.0,0.0,2026-08-25
716,farm_gateway_s3:1787644800,2026-08-25T08:00:00Z,46259.625,farm_gateway_s3,23.2,29.9,0,8.1,0,0,0,,,,,,,,,,,,,,,,2026-08-25 08:00:00+00:00,True,False,repeated_signature_60min_offline_full_run,2026-08-25 15:00:00+07:00,15.0,0.0,2026-08-25
717,farm_gateway_s3:1787645700,2026-08-25T08:15:00Z,46259.635416666664,farm_gateway_s3,23.2,29.9,0,8.1,0,0,0,,,,,,,,,,,,,,,,2026-08-25 08:15:00+00:00,True,False,repeated_signature_60min_offline_full_run,2026-08-25 15:15:00+07:00,15.0,0.0,2026-08-25
718,farm_gateway_s3:1787646600,2026-08-25T08:30:00Z,46259.645833333336,farm_gateway_s3,23.2,29.9,0,8.1,0,0,0,,,,,,,,,,,,,,,,2026-08-25 08:30:00+00:00,True,False,repeated_signature_60min_offline_full_run,2026-08-25 15:30:00+07:00,15.0,0.0,2026-08-25
719,farm_gateway_s3:1787647500,2026-08-25T08:45:00Z,46259.65625,farm_gateway_s3,23.2,29.9,0,8.1,0,0,0,,,,,,,,,,,,,,,,2026-08-25 08:45:00+00:00,True,False,repeated_signature_60min_offline_full_run,2026-08-25 15:45:00+07:00,15.0,0.0,2026-08-25
720,farm_gateway_s3:1787648400,2026-08-25T09:00:00Z,46259.666666666664,farm_gateway_s3,23.2,30.0,0,8.0,0,0,0,,,,,,,,,,,,,,,,2026-08-25 09:00:00+00:00,True,False,repeated_signature_60min_offline_full_run,2026-08-25 16:00:00+07:00,15.0,0.0,2026-08-25
721,farm_gateway_s3:1787649300,2026-08-25T09:15:00Z,46259.677083333336,farm_gateway_s3,23.2,29.9,0,8.1,0,0,0,,,,,,,,,,,,,,,,2026-08-25 09:15:00+00:00,True,False,repeated_signature_60min_offline_full_run,2026-08-25 16:15:00+07:00,15.0,0.0,2026-08-25
722,farm_gateway_s3:1787650200,2026-08-25T09:30:00Z,46259.6875,farm_gateway_s3,23.2,29.9,0,8.1,0,0,0,,,,,,,,,,,,,,,,2026-08-25 09:30:00+00:00,True,False,repeated_signature_60min_offline_full_run,2026-08-25 16:30:00+07:00,15.0,0.0,2026-08-25
723,farm_gateway_s3:1787651100,2026-08-25T09:45:00Z,46259.697916666664,farm_gateway_s3,23.2,29.9,0,8.1,0,0,0,,,,,,,,,,,,,,,,2026-08-25 09:45:00+00:00,False,True,,2026-08-25 16:45:00+07:00,15.0,0.0,2026-08-25
724,farm_gateway_s3:1787652000,2026-08-25T10:00:00Z,46259.708333333336,farm_gateway_s3,23.2,29.9,0,8.1,0,0,0,,,,,,,,,,,,,,,,2026-08-25 10:00:00+00:00,True,False,repeated_signature_60min_offline_full_run,2026-08-25 17:00:00+07:00,15.0,0.0,2026-08-25
725,farm_gateway_s3:1787652900,2026-08-25T10:15:00Z,46259.71875,farm_gateway_s3,23.2,29.9,0,8.1,0,0,0,,,,,,,,,,,,,,,,2026-08-25 10:15:00+00:00,True,False,repeated_signature_60min_offline_full_run,2026-08-25 17:15:00+07:00,15.0,0.0,2026-08-25
726,farm_gateway_s3:1787653800,2026-08-25T10:30:00Z,46259.729166666664,farm_gateway_s3,23.2,29.9,0,8.0,0,0,0,,,,,,,,,,,,,,,,2026-08-25 10:30:00+00:00,True,False,repeated_signature_60min_offline_full_run,2026-08-25 17:30:00+07:00,15.0,0.0,2026-08-25
727,farm_gateway_s3:1787654700,2026-08-25T10:45:00Z,46259.739583333336,farm_gateway_s3,23.2,29.8,0,8.0,0,0,0,,,,,,,,,,,,,,,,2026-08-25 10:45:00+00:00,True,False,repeated_signature_60min_offline_full_run,2026-08-25 17:45:00+07:00,15.0,0.0,2026-08-25
728,farm_gateway_s3:1787655600,2026-08-25T11:00:00Z,46259.75,farm_gateway_s3,23.2,29.8,0,8.0,0,0,0,,,,,,,,,,,,,,,,2026-08-25 11:00:00+00:00,True,False,repeated_signature_60min_offline_full_run,2026-08-25 18:00:00+07:00,15.0,0.0,2026-08-25
729,farm_gateway_s3:1787656500,2026-08-25T11:15:00Z,46259.760416666664,farm_gateway_s3,23.2,29.8,0,8.0,0,0,0,,,,,,,,,,,,,,,,2026-08-25 11:15:00+00:00,True,False,repeated_signature_60min_offline_full_run,2026-08-25 18:15:00+07:00,15.0,0.0,2026-08-25
730,farm_gateway_s3:1787657400,2026-08-25T11:30:00Z,46259.770833333336,farm_gateway_s3,23.2,29.8,0,8.0,0,0,0,,,,,,,,,,,,,,,,2026-08-25 11:30:00+00:00,True,False,repeated_signature_60min_offline_full_run,2026-08-25 18:30:00+07:00,15.0,0.0,2026-08-25
731,farm_gateway_s3:1787658300,2026-08-25T11:45:00Z,46259.78125,farm_gateway_s3,23.2,29.8,0,8.0,0,0,0,,,,,,,,,,,,,,,,2026-08-25 11:45:00+00:00,True,False,repeated_signature_60min_offline_full_run,2026-08-25 18:45:00+07:00,15.0,0.0,2026-08-25
732,farm_gateway_s3:1787659200,2026-08-25T12:00:00Z,46259.791666666664,farm_gateway_s3,23.2,29.7,0,8.0,0,0,0,,,,,,,,,,,,,,,,2026-08-25 12:00:00+00:00,True,False,repeated_signature_60min_offline_full_run,2026-08-25 19:00:00+07:00,15.0,0.0,2026-08-25
733,farm_gateway_s3:1787660100,2026-08-25T12:15:00Z,46259.802083333336,farm_gateway_s3,23.1,29.7,0,8.1,0,0,0,,,,,,,,,,,,,,,,2026-08-25 12:15:00+00:00,True,False,repeated_signature_60min_offline_full_run,2026-08-25 19:15:00+07:00,15.0,-0.09999999999999787,2026-08-25
734,farm_gateway_s3:1787661000,2026-08-25T12:30:00Z,46259.8125,farm_gateway_s3,23.1,29.6,0,8.0,0,0,0,,,,,,,,,,,,,,,,2026-08-25 12:30:00+00:00,True,False,repeated_signature_60min_offline_full_run,2026-08-25 19:30:00+07:00,15.0,0.0,2026-08-25
735,farm_gateway_s3:1787661900,2026-08-25T12:45:00Z,46259.822916666664,farm_gateway_s3,23.1,29.6,0,8.0,0,0,0,,,,,,,,,,,,,,,,2026-08-25 12:45:00+00:00,True,False,repeated_signature_60min_offline_full_run,2026-08-25 19:45:00+07:00,15.0,0.0,2026-08-25
736,farm_gateway_s3:1787662800,2026-08-25T13:00:00Z,46259.833333333336,farm_gateway_s3,23.1,29.5,0,8.0,0,0,0,,,,,,,,,,,,,,,,2026-08-25 13:00:00+00:00,True,False,repeated_signature_60min_offline_full_run,2026-08-25 20:00:00+07:00,15.0,0.0,2026-08-25
737,farm_gateway_s3:1787663700,2026-08-25T13:15:00Z,46259.84375,farm_gateway_s3,23.1,29.5,0,8.0,0,0,0,,,,,,,,,,,,,,,,2026-08-25 13:15:00+00:00,True,False,repeated_signature_60min_offline_full_run,2026-08-25 20:15:00+07:00,15.0,0.0,2026-08-25
738,farm_gateway_s3:1787664600,2026-08-25T13:30:00Z,46259.854166666664,farm_gateway_s3,23.1,29.4,0,8.0,0,0,0,,,,,,,,,,,,,,,,2026-08-25 13:30:00+00:00,True,False,repeated_signature_60min_offline_full_run,2026-08-25 20:30:00+07:00,15.0,0.0,2026-08-25
739,farm_gateway_s3:1787665500,2026-08-25T13:45:00Z,46259.864583333336,farm_gateway_s3,23.1,29.4,0,8.0,0,0,0,,,,,,,,,,,,,,,,2026-08-25 13:45:00+00:00,True,False,repeated_signature_60min_offline_full_run,2026-08-25 20:45:00+07:00,15.0,0.0,2026-08-25
740,farm_gateway_s3:1787666400,2026-08-25T14:00:00Z,46259.875,farm_gateway_s3,23.1,29.4,0,8.0,0,0,0,,,,,,,,,,,,,,,,2026-08-25 14:00:00+00:00,True,False,repeated_signature_60min_offline_full_run,2026-08-25 21:00:00+07:00,15.0,0.0,2026-08-25
741,farm_gateway_s3:1787667300,2026-08-25T14:15:00Z,46259.885416666664,farm_gateway_s3,23.1,29.3,0,8.0,0,0,0,,,,,,,,,,,,,,,,2026-08-25 14:15:00+00:00,True,False,repeated_signature_60min_offline_full_run,2026-08-25 21:15:00+07:00,15.0,0.0,2026-08-25
742,farm_gateway_s3:1787668200,2026-08-25T14:30:00Z,46259.895833333336,farm_gateway_s3,23.1,29.3,0,8.0,0,0,0,,,,,,,,,,,,,,,,2026-08-25 14:30:00+00:00,True,False,repeated_signature_60min_offline_full_run,2026-08-25 21:30:00+07:00,15.0,0.0,2026-08-25
743,farm_gateway_s3:1787669100,2026-08-25T14:45:00Z,46259.90625,farm_gateway_s3,23.1,29.2,0,8.0,0,0,0,,,,,,,,,,,,,,,,2026-08-25 14:45:00+00:00,True,False,repeated_signature_60min_offline_full_run,2026-08-25 21:45:00+07:00,15.0,0.0,2026-08-25
744,farm_gateway_s3:1787670000,2026-08-25T15:00:00Z,46259.916666666664,farm_gateway_s3,23.1,29.2,0,8.0,0,0,0,,,,,,,,,,,,,,,,2026-08-25 15:00:00+00:00,True,False,repeated_signature_60min_offline_full_run,2026-08-25 22:00:00+07:00,15.0,0.0,2026-08-25
745,farm_gateway_s3:1787670900,2026-08-25T15:15:00Z,46259.927083333336,farm_gateway_s3,23.1,29.1,0,8.0,0,0,0,,,,,,,,,,,,,,,,2026-08-25 15:15:00+00:00,True,False,repeated_signature_60min_offline_full_run,2026-08-25 22:15:00+07:00,15.0,0.0,2026-08-25
746,farm_gateway_s3:1787671800,2026-08-25T15:30:00Z,46259.9375,farm_gateway_s3,23.1,29.1,0,8.0,0,0,0,,,,,,,,,,,,,,,,2026-08-25 15:30:00+00:00,True,False,repeated_signature_60min_offline_full_run,2026-08-25 22:30:00+07:00,15.0,0.0,2026-08-25
747,farm_gateway_s3:1787672700,2026-08-25T15:45:00Z,46259.947916666664,farm_gateway_s3,23.1,29.0,0,8.0,0,0,0,,,,,,,,,,,,,,,,2026-08-25 15:45:00+00:00,True,False,repeated_signature_60min_offline_full_run,2026-08-25 22:45:00+07:00,15.0,0.0,2026-08-25
748,farm_gateway_s3:1787673600,2026-08-25T16:00:00Z,46259.958333333336,farm_gateway_s3,23.1,29.0,0,8.0,0,0,0,,,,,,,,,,,,,,,,2026-08-25 16:00:00+00:00,True,False,repeated_signature_60min_offline_full_run,2026-08-25 23:00:00+07:00,15.0,0.0,2026-08-25
749,farm_gateway_s3:1787674500,2026-08-25T16:15:00Z,46259.96875,farm_gateway_s3,23.1,29.0,0,8.0,0,0,0,,,,,,,,,,,,,,,,2026-08-25 16:15:00+00:00,True,False,repeated_signature_60min_offline_full_run,2026-08-25 23:15:00+07:00,15.0,0.0,2026-08-25
750,farm_gateway_s3:1787676300,2026-08-25T16:45:00Z,46259.989583333336,farm_gateway_s3,23.1,28.9,0,8.0,0,0,0,,,,,,,,,,,,,,,,2026-08-25 16:45:00+00:00,True,False,repeated_signature_60min_offline_full_run,2026-08-25 23:45:00+07:00,30.0,0.0,2026-08-25
751,farm_gateway_s3:1787677200,2026-08-25T17:00:00Z,46260.0,farm_gateway_s3,23.1,28.9,0,7.9,0,0,0,,,,,,,,,,,,,,,,2026-08-25 17:00:00+00:00,True,False,repeated_signature_60min_offline_full_run,2026-08-26 00:00:00+07:00,15.0,0.0,2026-08-26
752,farm_gateway_s3:1787678100,2026-08-25T17:15:00Z,46260.010416666664,farm_gateway_s3,23.0,28.8,0,7.9,0,0,0,,,,,,,,,,,,,,,,2026-08-25 17:15:00+00:00,True,False,repeated_signature_60min_offline_full_run,2026-08-26 00:15:00+07:00,15.0,-0.10000000000000142,2026-08-26
753,farm_gateway_s3:1787679000,2026-08-25T17:30:00Z,46260.020833333336,farm_gateway_s3,23.1,28.8,0,7.9,0,0,0,,,,,,,,,,,,,,,,2026-08-25 17:30:00+00:00,True,False,repeated_signature_60min_offline_full_run,2026-08-26 00:30:00+07:00,15.0,0.10000000000000142,2026-08-26
754,farm_gateway_s3:1787705100,2026-08-26T00:45:00Z,46260.322916666664,farm_gateway_s3,23.0,28.1,0,7.9,0,0,0,,,,,,,,,,,,,,,,2026-08-26 00:45:00+00:00,True,False,repeated_signature_60min_offline_full_run,2026-08-26 07:45:00+07:00,435.0,,2026-08-26
755,farm_gateway_s3:1787706000,2026-08-26T01:00:00Z,46260.333333333336,farm_gateway_s3,23.0,28.1,0,7.9,0,0,0,,,,,,,,,,,,,,,,2026-08-26 01:00:00+00:00,True,False,repeated_signature_60min_offline_full_run,2026-08-26 08:00:00+07:00,15.0,0.0,2026-08-26
756,farm_gateway_s3:1787706900,2026-08-26T01:15:00Z,46260.34375,farm_gateway_s3,23.0,28.1,0,7.9,0,0,0,,,,,,,,,,,,,,,,2026-08-26 01:15:00+00:00,True,False,repeated_signature_60min_offline_full_run,2026-08-26 08:15:00+07:00,15.0,0.0,2026-08-26
757,farm_gateway_s3:1787707800,2026-08-26T01:30:00Z,46260.354166666664,farm_gateway_s3,23.0,28.1,0,7.9,0,0,0,,,,,,,,,,,,,,,,2026-08-26 01:30:00+00:00,True,False,repeated_signature_60min_offline_full_run,2026-08-26 08:30:00+07:00,15.0,0.0,2026-08-26
758,farm_gateway_s3:1787708700,2026-08-26T01:45:00Z,46260.364583333336,farm_gateway_s3,23.0,28.1,0,7.9,0,0,0,,,,,,,,,,,,,,,,2026-08-26 01:45:00+00:00,True,False,repeated_signature_60min_offline_full_run,2026-08-26 08:45:00+07:00,15.0,0.0,2026-08-26
759,farm_gateway_s3:1787709600,2026-08-26T02:00:00Z,46260.375,farm_gateway_s3,23.0,28.1,0,7.9,0,0,0,,,,,,,,,,,,,,,,2026-08-26 02:00:00+00:00,True,False,repeated_signature_60min_offline_full_run,2026-08-26 09:00:00+07:00,15.0,0.0,2026-08-26
760,farm_gateway_s3:1787710500,2026-08-26T02:15:00Z,46260.385416666664,farm_gateway_s3,23.0,28.1,0,7.9,0,0,0,,,,,,,,,,,,,,,,2026-08-26 02:15:00+00:00,True,False,repeated_signature_60min_offline_full_run,2026-08-26 09:15:00+07:00,15.0,0.0,2026-08-26
761,farm_gateway_s3:1787711400,2026-08-26T02:30:00Z,46260.395833333336,farm_gateway_s3,23.0,28.2,0,7.8,0,0,0,,,,,,,,,,,,,,,,2026-08-26 02:30:00+00:00,True,False,repeated_signature_60min_offline_full_run,2026-08-26 09:30:00+07:00,15.0,0.0,2026-08-26
762,farm_gateway_s3:1787712300,2026-08-26T02:45:00Z,46260.40625,farm_gateway_s3,23.0,28.2,0,7.9,0,0,0,,,,,,,,,,,,,,,,2026-08-26 02:45:00+00:00,True,False,repeated_signature_60min_offline_full_run,2026-08-26 09:45:00+07:00,15.0,0.0,2026-08-26
763,farm_gateway_s3:1787713200,2026-08-26T03:00:00Z,46260.416666666664,farm_gateway_s3,23.0,28.2,0,7.9,0,0,0,,,,,,,,,,,,,,,,2026-08-26 03:00:00+00:00,True,False,repeated_signature_60min_offline_full_run,2026-08-26 10:00:00+07:00,15.0,0.0,2026-08-26
764,farm_gateway_s3:1787714100,2026-08-26T03:15:00Z,46260.427083333336,farm_gateway_s3,23.1,28.3,0,7.9,0,0,0,,,,,,,,,,,,,,,,2026-08-26 03:15:00+00:00,True,False,repeated_signature_60min_offline_full_run,2026-08-26 10:15:00+07:00,15.0,0.10000000000000142,2026-08-26
765,farm_gateway_s3:1787715000,2026-08-26T03:30:00Z,46260.4375,farm_gateway_s3,23.0,28.3,0,7.9,0,0,0,,,,,,,,,,,,,,,,2026-08-26 03:30:00+00:00,True,False,repeated_signature_60min_offline_full_run,2026-08-26 10:30:00+07:00,15.0,-0.10000000000000142,2026-08-26
766,farm_gateway_s3:1787716800,2026-08-26T04:00:00Z,46260.458333333336,farm_gateway_s3,22.3,28.4,0,6.5,0,0,0,,,,,,,,,,,,,,,,2026-08-26 04:00:00+00:00,True,False,repeated_signature_60min_offline_full_run,2026-08-26 11:00:00+07:00,30.0,-0.6999999999999993,2026-08-26
767,farm_gateway_s3:1787717700,2026-08-26T04:15:00Z,46260.46875,farm_gateway_s3,22.1,28.3,0,6.2,0,0,0,,,,,,,,,,,,,,,,2026-08-26 04:15:00+00:00,True,False,repeated_signature_60min_offline_full_run,2026-08-26 11:15:00+07:00,15.0,-0.1999999999999993,2026-08-26
768,farm_gateway_s3:1787718600,2026-08-26T04:30:00Z,46260.479166666664,farm_gateway_s3,22.1,28.3,0,6.0,0,0,0,,,,,,,,,,,,,,,,2026-08-26 04:30:00+00:00,True,False,repeated_signature_60min_offline_full_run,2026-08-26 11:30:00+07:00,15.0,0.0,2026-08-26
769,farm_gateway_s3:1787719500,2026-08-26T04:45:00Z,46260.489583333336,farm_gateway_s3,22.1,28.3,0,5.9,0,0,0,,,,,,,,,,,,,,,,2026-08-26 04:45:00+00:00,True,False,repeated_signature_60min_offline_full_run,2026-08-26 11:45:00+07:00,15.0,0.0,2026-08-26
770,farm_gateway_s3:1787720400,2026-08-26T05:00:00Z,46260.5,farm_gateway_s3,22.2,28.3,0,4.0,0,0,0,,,,,,,,,,,,,,,,2026-08-26 05:00:00+00:00,True,False,repeated_signature_60min_offline_full_run,2026-08-26 12:00:00+07:00,15.0,0.09999999999999787,2026-08-26
771,farm_gateway_s3:1787721300,2026-08-26T05:15:00Z,46260.510416666664,farm_gateway_s3,22.2,28.4,0,3.9,0,0,0,,,,,,,,,,,,,,,,2026-08-26 05:15:00+00:00,True,False,repeated_signature_60min_offline_full_run,2026-08-26 12:15:00+07:00,15.0,0.0,2026-08-26
772,farm_gateway_s3:1787722200,2026-08-26T05:30:00Z,46260.520833333336,farm_gateway_s3,22.2,28.5,0,3.9,0,0,0,,,,,,,,,,,,,,,,2026-08-26 05:30:00+00:00,True,False,repeated_signature_60min_offline_full_run,2026-08-26 12:30:00+07:00,15.0,0.0,2026-08-26
773,farm_gateway_s3:1787723100,2026-08-26T05:45:00Z,46260.53125,farm_gateway_s3,22.2,28.6,0,3.7,0,0,0,,,,,,,,,,,,,,,,2026-08-26 05:45:00+00:00,True,False,repeated_signature_60min_offline_full_run,2026-08-26 12:45:00+07:00,15.0,0.0,2026-08-26
774,farm_gateway_s3:1787724000,2026-08-26T06:00:00Z,46260.541666666664,farm_gateway_s3,85.8,25.9,60,4.2,0,0,0,,,,,,,,,,,,,,,,2026-08-26 06:00:00+00:00,False,True,,2026-08-26 13:00:00+07:00,15.0,63.599999999999994,2026-08-26
775,farm_gateway_s3:1787724900,2026-08-26T06:15:00Z,46260.552083333336,farm_gateway_s3,73.8,23.4,4,3.8,0,0,0,34.7,52.0,35.3,52.0,1004.0,0.0,0.0,0.0,0.0,0.0,3.0,23.9,40.9,42.3,80960.0,2026-08-26 06:15:00+00:00,False,False,,2026-08-26 13:15:00+07:00,15.0,-12.0,2026-08-26
776,farm_gateway_s3:1787725800,2026-08-26T06:30:00Z,46260.5625,farm_gateway_s3,67.1,24.3,19,3.7,0,0,0,34.7,52.0,35.3,52.0,1004.0,0.0,0.0,0.0,0.0,0.0,3.0,23.9,40.9,42.3,80960.0,2026-08-26 06:30:00+00:00,False,False,,2026-08-26 13:30:00+07:00,15.0,-6.700000000000003,2026-08-26
777,farm_gateway_s3:1787726700,2026-08-26T06:45:00Z,46260.572916666664,farm_gateway_s3,64.9,25.0,29,3.5,0,0,0,34.7,52.0,35.3,52.0,1004.0,0.0,0.0,0.0,0.0,0.0,3.0,23.9,40.9,42.3,80960.0,2026-08-26 06:45:00+00:00,False,False,,2026-08-26 13:45:00+07:00,15.0,-2.1999999999999886,2026-08-26
778,farm_gateway_s3:1787732100,2026-08-26T08:15:00Z,46260.635416666664,farm_gateway_s3,49.5,26.8,16,3.2,0,0,0,,,,,,,,,,,,,,,,2026-08-26 08:15:00+00:00,True,False,repeated_signature_60min_offline_full_run,2026-08-26 15:15:00+07:00,90.0,,2026-08-26
779,farm_gateway_s3:1787733000,2026-08-26T08:30:00Z,46260.645833333336,farm_gateway_s3,48.1,27.0,14,5.0,0,0,0,,,,,,,,,,,,,,,,2026-08-26 08:30:00+00:00,True,False,repeated_signature_60min_offline_full_run,2026-08-26 15:30:00+07:00,15.0,-1.3999999999999986,2026-08-26
780,farm_gateway_s3:1787733900,2026-08-26T08:45:00Z,46260.65625,farm_gateway_s3,47.0,27.2,13,3.1,0,0,0,,,,,,,,,,,,,,,,2026-08-26 08:45:00+00:00,True,False,repeated_signature_60min_offline_full_run,2026-08-26 15:45:00+07:00,15.0,-1.1000000000000014,2026-08-26
781,farm_gateway_s3:1787734800,2026-08-26T09:00:00Z,46260.666666666664,farm_gateway_s3,45.8,27.5,12,3.1,0,0,0,,,,,,,,,,,,,,,,2026-08-26 09:00:00+00:00,True,False,repeated_signature_60min_offline_full_run,2026-08-26 16:00:00+07:00,15.0,-1.2000000000000028,2026-08-26
782,farm_gateway_s3:1787735700,2026-08-26T09:15:00Z,46260.677083333336,farm_gateway_s3,45.1,27.6,11,3.1,0,0,0,,,,,,,,,,,,,,,,2026-08-26 09:15:00+00:00,True,False,repeated_signature_60min_offline_full_run,2026-08-26 16:15:00+07:00,15.0,-0.6999999999999957,2026-08-26
783,farm_gateway_s3:1787736600,2026-08-26T09:30:00Z,46260.6875,farm_gateway_s3,44.1,27.8,9,3.0,0,0,0,,,,,,,,,,,,,,,,2026-08-26 09:30:00+00:00,True,False,repeated_signature_60min_offline_full_run,2026-08-26 16:30:00+07:00,15.0,-1.0,2026-08-26
784,farm_gateway_s3:1787737500,2026-08-26T09:45:00Z,46260.697916666664,farm_gateway_s3,43.5,27.9,8,3.0,0,0,0,,,,,,,,,,,,,,,,2026-08-26 09:45:00+00:00,True,False,repeated_signature_60min_offline_full_run,2026-08-26 16:45:00+07:00,15.0,-0.6000000000000014,2026-08-26
785,farm_gateway_s3:1787738400,2026-08-26T10:00:00Z,46260.708333333336,farm_gateway_s3,42.9,28.0,7,3.0,0,0,0,,,,,,,,,,,,,,,,2026-08-26 10:00:00+00:00,True,False,repeated_signature_60min_offline_full_run,2026-08-26 17:00:00+07:00,15.0,-0.6000000000000014,2026-08-26
786,farm_gateway_s3:1787739300,2026-08-26T10:15:00Z,46260.71875,farm_gateway_s3,42.1,28.1,6,3.0,0,0,0,,,,,,,,,,,,,,,,2026-08-26 10:15:00+00:00,False,True,,2026-08-26 17:15:00+07:00,15.0,-0.7999999999999972,2026-08-26
787,farm_gateway_s3:1787740200,2026-08-26T10:30:00Z,46260.729166666664,farm_gateway_s3,41.6,28.1,5,3.0,0,0,0,,,,,,,,,,,,,,,,2026-08-26 10:30:00+00:00,True,False,repeated_signature_60min_offline_full_run,2026-08-26 17:30:00+07:00,15.0,-0.5,2026-08-26
788,farm_gateway_s3:1787741100,2026-08-26T10:45:00Z,46260.739583333336,farm_gateway_s3,41.1,28.1,3,3.0,0,0,0,,,,,,,,,,,,,,,,2026-08-26 10:45:00+00:00,True,False,repeated_signature_60min_offline_full_run,2026-08-26 17:45:00+07:00,15.0,-0.5,2026-08-26
789,farm_gateway_s3:1787742000,2026-08-26T11:00:00Z,46260.75,farm_gateway_s3,40.7,28.0,2,3.0,0,0,0,,,,,,,,,,,,,,,,2026-08-26 11:00:00+00:00,True,False,repeated_signature_60min_offline_full_run,2026-08-26 18:00:00+07:00,15.0,-0.3999999999999986,2026-08-26
790,farm_gateway_s3:1787742900,2026-08-26T11:15:00Z,46260.760416666664,farm_gateway_s3,40.4,28.0,1,4.8,0,0,0,,,,,,,,,,,,,,,,2026-08-26 11:15:00+00:00,True,False,repeated_signature_60min_offline_full_run,2026-08-26 18:15:00+07:00,15.0,-0.30000000000000426,2026-08-26
791,farm_gateway_s3:1787743800,2026-08-26T11:30:00Z,46260.770833333336,farm_gateway_s3,40.0,27.9,0,4.7,0,0,0,,,,,,,,,,,,,,,,2026-08-26 11:30:00+00:00,True,False,repeated_signature_60min_offline_full_run,2026-08-26 18:30:00+07:00,15.0,-0.3999999999999986,2026-08-26
792,farm_gateway_s3:1787744700,2026-08-26T11:45:00Z,46260.78125,farm_gateway_s3,39.5,27.9,0,4.7,0,0,0,,,,,,,,,,,,,,,,2026-08-26 11:45:00+00:00,True,False,repeated_signature_60min_offline_full_run,2026-08-26 18:45:00+07:00,15.0,-0.5,2026-08-26
793,farm_gateway_s3:1787745600,2026-08-26T12:00:00Z,46260.791666666664,farm_gateway_s3,39.2,27.8,0,4.7,0,0,0,,,,,,,,,,,,,,,,2026-08-26 12:00:00+00:00,True,False,repeated_signature_60min_offline_full_run,2026-08-26 19:00:00+07:00,15.0,-0.29999999999999716,2026-08-26
794,farm_gateway_s3:1787746500,2026-08-26T12:15:00Z,46260.802083333336,farm_gateway_s3,38.5,27.8,0,4.7,0,0,0,,,,,,,,,,,,,,,,2026-08-26 12:15:00+00:00,True,False,repeated_signature_60min_offline_full_run,2026-08-26 19:15:00+07:00,15.0,-0.7000000000000028,2026-08-26
795,farm_gateway_s3:1787747400,2026-08-26T12:30:00Z,46260.8125,farm_gateway_s3,38.2,27.7,0,4.7,0,0,0,,,,,,,,,,,,,,,,2026-08-26 12:30:00+00:00,True,False,repeated_signature_60min_offline_full_run,2026-08-26 19:30:00+07:00,15.0,-0.29999999999999716,2026-08-26
796,farm_gateway_s3:1787748300,2026-08-26T12:45:00Z,46260.822916666664,farm_gateway_s3,37.9,27.6,0,4.6,0,0,0,,,,,,,,,,,,,,,,2026-08-26 12:45:00+00:00,True,False,repeated_signature_60min_offline_full_run,2026-08-26 19:45:00+07:00,15.0,-0.30000000000000426,2026-08-26
797,farm_gateway_s3:1787749200,2026-08-26T13:00:00Z,46260.833333333336,farm_gateway_s3,37.5,27.6,0,4.6,0,0,0,,,,,,,,,,,,,,,,2026-08-26 13:00:00+00:00,True,False,repeated_signature_60min_offline_full_run,2026-08-26 20:00:00+07:00,15.0,-0.3999999999999986,2026-08-26
798,farm_gateway_s3:1787750100,2026-08-26T13:15:00Z,46260.84375,farm_gateway_s3,37.2,27.6,0,4.6,0,0,0,,,,,,,,,,,,,,,,2026-08-26 13:15:00+00:00,True,False,repeated_signature_60min_offline_full_run,2026-08-26 20:15:00+07:00,15.0,-0.29999999999999716,2026-08-26
799,farm_gateway_s3:1787751000,2026-08-26T13:30:00Z,46260.854166666664,farm_gateway_s3,37.1,27.5,0,4.6,0,0,0,,,,,,,,,,,,,,,,2026-08-26 13:30:00+00:00,True,False,repeated_signature_60min_offline_full_run,2026-08-26 20:30:00+07:00,15.0,-0.10000000000000142,2026-08-26
800,farm_gateway_s3:1787751900,2026-08-26T13:45:00Z,46260.864583333336,farm_gateway_s3,36.7,27.5,0,4.6,0,0,0,,,,,,,,,,,,,,,,2026-08-26 13:45:00+00:00,True,False,repeated_signature_60min_offline_full_run,2026-08-26 20:45:00+07:00,15.0,-0.3999999999999986,2026-08-26
801,farm_gateway_s3:1787752800,2026-08-26T14:00:00Z,46260.875,farm_gateway_s3,36.5,27.5,0,4.6,0,0,0,,,,,,,,,,,,,,,,2026-08-26 14:00:00+00:00,True,False,repeated_signature_60min_offline_full_run,2026-08-26 21:00:00+07:00,15.0,-0.20000000000000284,2026-08-26
802,farm_gateway_s3:1787753700,2026-08-26T14:15:00Z,46260.885416666664,farm_gateway_s3,36.3,27.4,0,3.0,0,0,0,,,,,,,,,,,,,,,,2026-08-26 14:15:00+00:00,True,False,repeated_signature_60min_offline_full_run,2026-08-26 21:15:00+07:00,15.0,-0.20000000000000284,2026-08-26
803,farm_gateway_s3:1787754600,2026-08-26T14:30:00Z,46260.895833333336,farm_gateway_s3,36.1,27.4,0,4.6,0,0,0,,,,,,,,,,,,,,,,2026-08-26 14:30:00+00:00,True,False,repeated_signature_60min_offline_full_run,2026-08-26 21:30:00+07:00,15.0,-0.19999999999999574,2026-08-26
804,farm_gateway_s3:1787755500,2026-08-26T14:45:00Z,46260.90625,farm_gateway_s3,35.9,27.4,0,3.0,0,0,0,,,,,,,,,,,,,,,,2026-08-26 14:45:00+00:00,True,False,repeated_signature_60min_offline_full_run,2026-08-26 21:45:00+07:00,15.0,-0.20000000000000284,2026-08-26
805,farm_gateway_s3:1787756400,2026-08-26T15:00:00Z,46260.916666666664,farm_gateway_s3,35.7,27.3,0,3.0,0,0,0,,,,,,,,,,,,,,,,2026-08-26 15:00:00+00:00,True,False,repeated_signature_60min_offline_full_run,2026-08-26 22:00:00+07:00,15.0,-0.19999999999999574,2026-08-26
806,farm_gateway_s3:1787757300,2026-08-26T15:15:00Z,46260.927083333336,farm_gateway_s3,35.6,27.3,0,3.0,0,0,0,,,,,,,,,,,,,,,,2026-08-26 15:15:00+00:00,True,False,repeated_signature_60min_offline_full_run,2026-08-26 22:15:00+07:00,15.0,-0.10000000000000142,2026-08-26
807,farm_gateway_s3:1787758200,2026-08-26T15:30:00Z,46260.9375,farm_gateway_s3,35.3,27.3,0,3.0,0,0,0,,,,,,,,,,,,,,,,2026-08-26 15:30:00+00:00,True,False,repeated_signature_60min_offline_full_run,2026-08-26 22:30:00+07:00,15.0,-0.30000000000000426,2026-08-26
808,farm_gateway_s3:1787759100,2026-08-26T15:45:00Z,46260.947916666664,farm_gateway_s3,35.0,27.2,0,3.0,0,0,0,,,,,,,,,,,,,,,,2026-08-26 15:45:00+00:00,True,False,repeated_signature_60min_offline_full_run,2026-08-26 22:45:00+07:00,15.0,-0.29999999999999716,2026-08-26
809,farm_gateway_s3:1787760000,2026-08-26T16:00:00Z,46260.958333333336,farm_gateway_s3,34.9,27.2,0,3.0,0,0,0,,,,,,,,,,,,,,,,2026-08-26 16:00:00+00:00,True,False,repeated_signature_60min_offline_full_run,2026-08-26 23:00:00+07:00,15.0,-0.10000000000000142,2026-08-26
810,farm_gateway_s3:1787760900,2026-08-26T16:15:00Z,46260.96875,farm_gateway_s3,34.8,27.2,0,3.0,0,0,0,,,,,,,,,,,,,,,,2026-08-26 16:15:00+00:00,True,False,repeated_signature_60min_offline_full_run,2026-08-26 23:15:00+07:00,15.0,-0.10000000000000142,2026-08-26
811,farm_gateway_s3:1787761800,2026-08-26T16:30:00Z,46260.979166666664,farm_gateway_s3,34.6,27.1,0,3.1,0,0,0,,,,,,,,,,,,,,,,2026-08-26 16:30:00+00:00,True,False,repeated_signature_60min_offline_full_run,2026-08-26 23:30:00+07:00,15.0,-0.19999999999999574,2026-08-26
812,farm_gateway_s3:1787762700,2026-08-26T16:45:00Z,46260.989583333336,farm_gateway_s3,34.3,27.1,0,3.0,0,0,0,,,,,,,,,,,,,,,,2026-08-26 16:45:00+00:00,True,False,repeated_signature_60min_offline_full_run,2026-08-26 23:45:00+07:00,15.0,-0.30000000000000426,2026-08-26
813,farm_gateway_s3:1787763600,2026-08-26T17:00:00Z,46261.0,farm_gateway_s3,34.3,27.1,0,3.0,0,0,0,,,,,,,,,,,,,,,,2026-08-26 17:00:00+00:00,True,False,repeated_signature_60min_offline_full_run,2026-08-27 00:00:00+07:00,15.0,0.0,2026-08-27
814,farm_gateway_s3:1787764500,2026-08-26T17:15:00Z,46261.010416666664,farm_gateway_s3,34.2,27.1,0,3.0,0,0,0,,,,,,,,,,,,,,,,2026-08-26 17:15:00+00:00,True,False,repeated_signature_60min_offline_full_run,2026-08-27 00:15:00+07:00,15.0,-0.09999999999999432,2026-08-27
815,farm_gateway_s3:1787765400,2026-08-26T17:30:00Z,46261.020833333336,farm_gateway_s3,33.9,27.1,0,3.0,0,0,0,,,,,,,,,,,,,,,,2026-08-26 17:30:00+00:00,True,False,repeated_signature_60min_offline_full_run,2026-08-27 00:30:00+07:00,15.0,-0.30000000000000426,2026-08-27
816,farm_gateway_s3:1787766300,2026-08-26T17:45:00Z,46261.03125,farm_gateway_s3,33.9,27.1,0,3.0,0,0,0,,,,,,,,,,,,,,,,2026-08-26 17:45:00+00:00,True,False,repeated_signature_60min_offline_full_run,2026-08-27 00:45:00+07:00,15.0,0.0,2026-08-27
817,farm_gateway_s3:1787767200,2026-08-26T18:00:00Z,46261.041666666664,farm_gateway_s3,33.8,27.1,0,3.0,0,0,0,,,,,,,,,,,,,,,,2026-08-26 18:00:00+00:00,True,False,repeated_signature_60min_offline_full_run,2026-08-27 01:00:00+07:00,15.0,-0.10000000000000142,2026-08-27
818,farm_gateway_s3:1787768100,2026-08-26T18:15:00Z,46261.052083333336,farm_gateway_s3,33.7,27.1,0,3.0,0,0,0,,,,,,,,,,,,,,,,2026-08-26 18:15:00+00:00,True,False,repeated_signature_60min_offline_full_run,2026-08-27 01:15:00+07:00,15.0,-0.09999999999999432,2026-08-27
819,farm_gateway_s3:1787769000,2026-08-26T18:30:00Z,46261.0625,farm_gateway_s3,33.5,27.1,0,3.0,0,0,0,,,,,,,,,,,,,,,,2026-08-26 18:30:00+00:00,True,False,repeated_signature_60min_offline_full_run,2026-08-27 01:30:00+07:00,15.0,-0.20000000000000284,2026-08-27
820,farm_gateway_s3:1787769900,2026-08-26T18:45:00Z,46261.072916666664,farm_gateway_s3,33.2,27.1,0,3.0,0,0,0,,,,,,,,,,,,,,,,2026-08-26 18:45:00+00:00,True,False,repeated_signature_60min_offline_full_run,2026-08-27 01:45:00+07:00,15.0,-0.29999999999999716,2026-08-27
821,farm_gateway_s3:1787787900,2026-08-26T23:45:00Z,46261.28125,farm_gateway_s3,31.0,26.9,0,3.0,0,0,0,,,,,,,,,,,,,,,,2026-08-26 23:45:00+00:00,True,False,repeated_signature_60min_offline_full_run,2026-08-27 06:45:00+07:00,300.0,,2026-08-27
822,farm_gateway_s3:1787788800,2026-08-27T00:00:00Z,46261.291666666664,farm_gateway_s3,30.9,26.9,0,3.0,0,0,0,,,,,,,,,,,,,,,,2026-08-27 00:00:00+00:00,True,False,repeated_signature_60min_offline_full_run,2026-08-27 07:00:00+07:00,15.0,-0.10000000000000142,2026-08-27
823,farm_gateway_s3:1787789700,2026-08-27T00:15:00Z,46261.302083333336,farm_gateway_s3,30.9,27.0,0,3.0,0,0,0,,,,,,,,,,,,,,,,2026-08-27 00:15:00+00:00,True,False,repeated_signature_60min_offline_full_run,2026-08-27 07:15:00+07:00,15.0,0.0,2026-08-27
824,farm_gateway_s3:1787790600,2026-08-27T00:30:00Z,46261.3125,farm_gateway_s3,30.9,27.0,0,4.5,0,0,0,,,,,,,,,,,,,,,,2026-08-27 00:30:00+00:00,True,False,repeated_signature_60min_offline_full_run,2026-08-27 07:30:00+07:00,15.0,0.0,2026-08-27
825,farm_gateway_s3:1787791500,2026-08-27T00:45:00Z,46261.322916666664,farm_gateway_s3,30.8,27.1,0,3.0,0,0,0,,,,,,,,,,,,,,,,2026-08-27 00:45:00+00:00,True,False,repeated_signature_60min_offline_full_run,2026-08-27 07:45:00+07:00,15.0,-0.09999999999999787,2026-08-27
826,farm_gateway_s3:1787792400,2026-08-27T01:00:00Z,46261.333333333336,farm_gateway_s3,30.8,27.1,0,3.0,0,0,0,,,,,,,,,,,,,,,,2026-08-27 01:00:00+00:00,True,False,repeated_signature_60min_offline_full_run,2026-08-27 08:00:00+07:00,15.0,0.0,2026-08-27
827,farm_gateway_s3:1787793300,2026-08-27T01:15:00Z,46261.34375,farm_gateway_s3,30.6,27.2,0,3.0,0,0,0,,,,,,,,,,,,,,,,2026-08-27 01:15:00+00:00,True,False,repeated_signature_60min_offline_full_run,2026-08-27 08:15:00+07:00,15.0,-0.1999999999999993,2026-08-27
828,farm_gateway_s3:1787794200,2026-08-27T01:30:00Z,46261.354166666664,farm_gateway_s3,30.5,27.2,0,3.0,0,0,0,,,,,,,,,,,,,,,,2026-08-27 01:30:00+00:00,True,False,repeated_signature_60min_offline_full_run,2026-08-27 08:30:00+07:00,15.0,-0.10000000000000142,2026-08-27
829,farm_gateway_s3:1787795100,2026-08-27T01:45:00Z,46261.364583333336,farm_gateway_s3,30.4,27.3,0,3.0,0,0,0,,,,,,,,,,,,,,,,2026-08-27 01:45:00+00:00,True,False,repeated_signature_60min_offline_full_run,2026-08-27 08:45:00+07:00,15.0,-0.10000000000000142,2026-08-27
830,farm_gateway_s3:1787796000,2026-08-27T02:00:00Z,46261.375,farm_gateway_s3,30.4,27.3,0,3.0,0,0,0,,,,,,,,,,,,,,,,2026-08-27 02:00:00+00:00,True,False,repeated_signature_60min_offline_full_run,2026-08-27 09:00:00+07:00,15.0,0.0,2026-08-27
831,farm_gateway_s3:1787796900,2026-08-27T02:15:00Z,46261.385416666664,farm_gateway_s3,30.2,27.4,0,3.0,0,0,0,,,,,,,,,,,,,,,,2026-08-27 02:15:00+00:00,True,False,repeated_signature_60min_offline_full_run,2026-08-27 09:15:00+07:00,15.0,-0.1999999999999993,2026-08-27
832,farm_gateway_s3:1787797800,2026-08-27T02:30:00Z,46261.395833333336,farm_gateway_s3,30.1,27.4,0,3.0,0,0,0,,,,,,,,,,,,,,,,2026-08-27 02:30:00+00:00,True,False,repeated_signature_60min_offline_full_run,2026-08-27 09:30:00+07:00,15.0,-0.09999999999999787,2026-08-27
833,farm_gateway_s3:1787798700,2026-08-27T02:45:00Z,46261.40625,farm_gateway_s3,29.9,27.5,0,3.0,0,0,0,,,,,,,,,,,,,,,,2026-08-27 02:45:00+00:00,True,False,repeated_signature_60min_offline_full_run,2026-08-27 09:45:00+07:00,15.0,-0.20000000000000284,2026-08-27
834,farm_gateway_s3:1787799600,2026-08-27T03:00:00Z,46261.416666666664,farm_gateway_s3,29.9,27.5,0,3.0,0,0,0,,,,,,,,,,,,,,,,2026-08-27 03:00:00+00:00,True,False,repeated_signature_60min_offline_full_run,2026-08-27 10:00:00+07:00,15.0,0.0,2026-08-27
835,farm_gateway_s3:1787800500,2026-08-27T03:15:00Z,46261.427083333336,farm_gateway_s3,29.8,27.6,0,3.0,0,0,0,,,,,,,,,,,,,,,,2026-08-27 03:15:00+00:00,True,False,repeated_signature_60min_offline_full_run,2026-08-27 10:15:00+07:00,15.0,-0.09999999999999787,2026-08-27
836,farm_gateway_s3:1787801400,2026-08-27T03:30:00Z,46261.4375,farm_gateway_s3,29.8,27.6,0,4.5,0,0,0,,,,,,,,,,,,,,,,2026-08-27 03:30:00+00:00,True,False,repeated_signature_60min_offline_full_run,2026-08-27 10:30:00+07:00,15.0,0.0,2026-08-27
837,farm_gateway_s3:1787802300,2026-08-27T03:45:00Z,46261.447916666664,farm_gateway_s3,29.8,27.7,0,4.5,0,0,0,,,,,,,,,,,,,,,,2026-08-27 03:45:00+00:00,True,False,repeated_signature_60min_offline_full_run,2026-08-27 10:45:00+07:00,15.0,0.0,2026-08-27
838,farm_gateway_s3:1787803200,2026-08-27T04:00:00Z,46261.458333333336,farm_gateway_s3,29.7,27.7,0,4.5,0,0,0,,,,,,,,,,,,,,,,2026-08-27 04:00:00+00:00,True,False,repeated_signature_60min_offline_full_run,2026-08-27 11:00:00+07:00,15.0,-0.10000000000000142,2026-08-27
839,farm_gateway_s3:1787804100,2026-08-27T04:15:00Z,46261.46875,farm_gateway_s3,29.5,27.8,0,4.5,0,0,0,,,,,,,,,,,,,,,,2026-08-27 04:15:00+00:00,True,False,repeated_signature_60min_offline_full_run,2026-08-27 11:15:00+07:00,15.0,-0.1999999999999993,2026-08-27
840,farm_gateway_s3:1787805000,2026-08-27T04:30:00Z,46261.479166666664,farm_gateway_s3,29.5,27.8,0,4.5,0,0,0,,,,,,,,,,,,,,,,2026-08-27 04:30:00+00:00,True,False,repeated_signature_60min_offline_full_run,2026-08-27 11:30:00+07:00,15.0,0.0,2026-08-27
841,farm_gateway_s3:1787805900,2026-08-27T04:45:00Z,46261.489583333336,farm_gateway_s3,29.3,27.9,0,4.5,0,0,0,,,,,,,,,,,,,,,,2026-08-27 04:45:00+00:00,True,False,repeated_signature_60min_offline_full_run,2026-08-27 11:45:00+07:00,15.0,-0.1999999999999993,2026-08-27
842,farm_gateway_s3:1787806800,2026-08-27T05:00:00Z,46261.5,farm_gateway_s3,29.3,27.9,0,4.5,0,0,0,,,,,,,,,,,,,,,,2026-08-27 05:00:00+00:00,False,True,,2026-08-27 12:00:00+07:00,15.0,0.0,2026-08-27
843,farm_gateway_s3:1787807700,2026-08-27T05:15:00Z,46261.510416666664,farm_gateway_s3,29.3,28.0,0,4.5,0,0,0,,,,,,,,,,,,,,,,2026-08-27 05:15:00+00:00,True,False,repeated_signature_60min_offline_full_run,2026-08-27 12:15:00+07:00,15.0,0.0,2026-08-27
844,farm_gateway_s3:1787808600,2026-08-27T05:30:00Z,46261.520833333336,farm_gateway_s3,29.1,28.1,0,4.5,0,0,0,,,,,,,,,,,,,,,,2026-08-27 05:30:00+00:00,True,False,repeated_signature_60min_offline_full_run,2026-08-27 12:30:00+07:00,15.0,-0.1999999999999993,2026-08-27
845,farm_gateway_s3:1787809500,2026-08-27T05:45:00Z,46261.53125,farm_gateway_s3,29.1,28.1,0,4.5,0,0,0,,,,,,,,,,,,,,,,2026-08-27 05:45:00+00:00,True,False,repeated_signature_60min_offline_full_run,2026-08-27 12:45:00+07:00,15.0,0.0,2026-08-27
846,farm_gateway_s3:1787810400,2026-08-27T06:00:00Z,46261.541666666664,farm_gateway_s3,28.8,28.2,0,4.5,0,0,0,,,,,,,,,,,,,,,,2026-08-27 06:00:00+00:00,True,False,repeated_signature_60min_offline_full_run,2026-08-27 13:00:00+07:00,15.0,-0.3000000000000007,2026-08-27
847,farm_gateway_s3:1787811300,2026-08-27T06:15:00Z,46261.552083333336,farm_gateway_s3,28.8,28.3,0,4.6,0,0,0,,,,,,,,,,,,,,,,2026-08-27 06:15:00+00:00,True,False,repeated_signature_60min_offline_full_run,2026-08-27 13:15:00+07:00,15.0,0.0,2026-08-27
848,farm_gateway_s3:1787812200,2026-08-27T06:30:00Z,46261.5625,farm_gateway_s3,28.7,28.3,0,4.6,0,0,0,,,,,,,,,,,,,,,,2026-08-27 06:30:00+00:00,True,False,repeated_signature_60min_offline_full_run,2026-08-27 13:30:00+07:00,15.0,-0.10000000000000142,2026-08-27
849,farm_gateway_s3:1787813100,2026-08-27T06:45:00Z,46261.572916666664,farm_gateway_s3,28.7,28.4,0,4.6,0,0,0,,,,,,,,,,,,,,,,2026-08-27 06:45:00+00:00,True,False,repeated_signature_60min_offline_full_run,2026-08-27 13:45:00+07:00,15.0,0.0,2026-08-27
850,farm_gateway_s3:1787814000,2026-08-27T07:00:00Z,46261.583333333336,farm_gateway_s3,28.6,28.4,0,4.6,0,0,0,,,,,,,,,,,,,,,,2026-08-27 07:00:00+00:00,True,False,repeated_signature_60min_offline_full_run,2026-08-27 14:00:00+07:00,15.0,-0.09999999999999787,2026-08-27
851,farm_gateway_s3:1787814900,2026-08-27T07:15:00Z,46261.59375,farm_gateway_s3,28.4,28.6,0,4.6,0,0,0,,,,,,,,,,,,,,,,2026-08-27 07:15:00+00:00,True,False,repeated_signature_60min_offline_full_run,2026-08-27 14:15:00+07:00,15.0,-0.20000000000000284,2026-08-27
852,farm_gateway_s3:1787815800,2026-08-27T07:30:00Z,46261.604166666664,farm_gateway_s3,28.4,28.6,0,5.5,0,0,0,,,,,,,,,,,,,,,,2026-08-27 07:30:00+00:00,True,False,repeated_signature_60min_offline_full_run,2026-08-27 14:30:00+07:00,15.0,0.0,2026-08-27
853,farm_gateway_s3:1787816700,2026-08-27T07:45:00Z,46261.614583333336,farm_gateway_s3,28.1,28.6,0,5.7,0,0,0,,,,,,,,,,,,,,,,2026-08-27 07:45:00+00:00,True,False,repeated_signature_60min_offline_full_run,2026-08-27 14:45:00+07:00,15.0,-0.29999999999999716,2026-08-27
854,farm_gateway_s3:1787817600,2026-08-27T08:00:00Z,46261.625,farm_gateway_s3,31.2,28.6,0,5.5,0,0,0,,,,,,,,,,,,,,,,2026-08-27 08:00:00+00:00,True,False,repeated_signature_60min_offline_full_run,2026-08-27 15:00:00+07:00,15.0,3.099999999999998,2026-08-27
855,farm_gateway_s3:1787818500,2026-08-27T08:15:00Z,46261.635416666664,farm_gateway_s3,36.1,28.6,23,4.6,0,0,0,,,,,,,,,,,,,,,,2026-08-27 08:15:00+00:00,True,False,repeated_signature_60min_offline_full_run,2026-08-27 15:15:00+07:00,15.0,4.900000000000002,2026-08-27
856,farm_gateway_s3:1787819400,2026-08-27T08:30:00Z,46261.645833333336,farm_gateway_s3,37.0,28.9,26,4.5,0,0,0,,,,,,,,,,,,,,,,2026-08-27 08:30:00+00:00,True,False,repeated_signature_60min_offline_full_run,2026-08-27 15:30:00+07:00,15.0,0.8999999999999986,2026-08-27
857,farm_gateway_s3:1787820300,2026-08-27T08:45:00Z,46261.65625,farm_gateway_s3,36.8,29.1,26,4.6,0,0,0,,,,,,,,,,,,,,,,2026-08-27 08:45:00+00:00,True,False,repeated_signature_60min_offline_full_run,2026-08-27 15:45:00+07:00,15.0,-0.20000000000000284,2026-08-27
858,farm_gateway_s3:1787821200,2026-08-27T09:00:00Z,46261.666666666664,farm_gateway_s3,36.5,29.3,25,4.5,0,0,0,,,,,,,,,,,,,,,,2026-08-27 09:00:00+00:00,True,False,repeated_signature_60min_offline_full_run,2026-08-27 16:00:00+07:00,15.0,-0.29999999999999716,2026-08-27
859,farm_gateway_s3:1787822100,2026-08-27T09:15:00Z,46261.677083333336,farm_gateway_s3,36.1,29.4,23,4.6,0,0,0,,,,,,,,,,,,,,,,2026-08-27 09:15:00+00:00,False,True,,2026-08-27 16:15:00+07:00,15.0,-0.3999999999999986,2026-08-27
860,farm_gateway_s3:1787823000,2026-08-27T09:30:00Z,46261.6875,farm_gateway_s3,35.6,29.3,22,4.6,0,0,0,,,,,,,,,,,,,,,,2026-08-27 09:30:00+00:00,True,False,repeated_signature_60min_offline_full_run,2026-08-27 16:30:00+07:00,15.0,-0.5,2026-08-27
861,farm_gateway_s3:1787823900,2026-08-27T09:45:00Z,46261.697916666664,farm_gateway_s3,35.2,29.3,20,4.6,0,0,0,,,,,,,,,,,,,,,,2026-08-27 09:45:00+00:00,True,False,repeated_signature_60min_offline_full_run,2026-08-27 16:45:00+07:00,15.0,-0.3999999999999986,2026-08-27
862,farm_gateway_s3:1787824800,2026-08-27T10:00:00Z,46261.708333333336,farm_gateway_s3,34.8,29.3,19,4.5,0,0,0,,,,,,,,,,,,,,,,2026-08-27 10:00:00+00:00,True,False,repeated_signature_60min_offline_full_run,2026-08-27 17:00:00+07:00,15.0,-0.4000000000000057,2026-08-27
863,farm_gateway_s3:1787825700,2026-08-27T10:15:00Z,46261.71875,farm_gateway_s3,34.3,29.2,17,4.5,0,0,0,,,,,,,,,,,,,,,,2026-08-27 10:15:00+00:00,True,False,repeated_signature_60min_offline_full_run,2026-08-27 17:15:00+07:00,15.0,-0.5,2026-08-27
864,farm_gateway_s3:1787826600,2026-08-27T10:30:00Z,46261.729166666664,farm_gateway_s3,34.1,29.1,16,4.6,0,0,0,,,,,,,,,,,,,,,,2026-08-27 10:30:00+00:00,True,False,repeated_signature_60min_offline_full_run,2026-08-27 17:30:00+07:00,15.0,-0.19999999999999574,2026-08-27
865,farm_gateway_s3:1787827500,2026-08-27T10:45:00Z,46261.739583333336,farm_gateway_s3,33.8,29.0,16,3.0,0,0,0,,,,,,,,,,,,,,,,2026-08-27 10:45:00+00:00,True,False,repeated_signature_60min_offline_full_run,2026-08-27 17:45:00+07:00,15.0,-0.30000000000000426,2026-08-27
866,farm_gateway_s3:1787828400,2026-08-27T11:00:00Z,46261.75,farm_gateway_s3,33.5,28.9,15,3.0,0,0,0,,,,,,,,,,,,,,,,2026-08-27 11:00:00+00:00,True,False,repeated_signature_60min_offline_full_run,2026-08-27 18:00:00+07:00,15.0,-0.29999999999999716,2026-08-27
867,farm_gateway_s3:1787829300,2026-08-27T11:15:00Z,46261.760416666664,farm_gateway_s3,33.2,28.8,14,3.0,0,0,0,,,,,,,,,,,,,,,,2026-08-27 11:15:00+00:00,True,False,repeated_signature_60min_offline_full_run,2026-08-27 18:15:00+07:00,15.0,-0.29999999999999716,2026-08-27
868,farm_gateway_s3:1787830200,2026-08-27T11:30:00Z,46261.770833333336,farm_gateway_s3,33.0,28.7,13,3.0,0,0,0,,,,,,,,,,,,,,,,2026-08-27 11:30:00+00:00,True,False,repeated_signature_60min_offline_full_run,2026-08-27 18:30:00+07:00,15.0,-0.20000000000000284,2026-08-27
869,farm_gateway_s3:1787831100,2026-08-27T11:45:00Z,46261.78125,farm_gateway_s3,32.8,28.7,11,3.0,0,0,0,,,,,,,,,,,,,,,,2026-08-27 11:45:00+00:00,True,False,repeated_signature_60min_offline_full_run,2026-08-27 18:45:00+07:00,15.0,-0.20000000000000284,2026-08-27
870,farm_gateway_s3:1787832000,2026-08-27T12:00:00Z,46261.791666666664,farm_gateway_s3,32.6,28.6,10,3.0,0,0,0,,,,,,,,,,,,,,,,2026-08-27 12:00:00+00:00,True,False,repeated_signature_60min_offline_full_run,2026-08-27 19:00:00+07:00,15.0,-0.19999999999999574,2026-08-27
871,farm_gateway_s3:1787832900,2026-08-27T12:15:00Z,46261.802083333336,farm_gateway_s3,32.4,28.5,9,3.0,0,0,0,,,,,,,,,,,,,,,,2026-08-27 12:15:00+00:00,True,False,repeated_signature_60min_offline_full_run,2026-08-27 19:15:00+07:00,15.0,-0.20000000000000284,2026-08-27
872,farm_gateway_s3:1787833800,2026-08-27T12:30:00Z,46261.8125,farm_gateway_s3,32.1,28.4,9,3.0,0,0,0,,,,,,,,,,,,,,,,2026-08-27 12:30:00+00:00,True,False,repeated_signature_60min_offline_full_run,2026-08-27 19:30:00+07:00,15.0,-0.29999999999999716,2026-08-27
873,farm_gateway_s3:1787834700,2026-08-27T12:45:00Z,46261.822916666664,farm_gateway_s3,32.0,28.3,7,3.0,0,0,0,,,,,,,,,,,,,,,,2026-08-27 12:45:00+00:00,True,False,repeated_signature_60min_offline_full_run,2026-08-27 19:45:00+07:00,15.0,-0.10000000000000142,2026-08-27
874,farm_gateway_s3:1787835600,2026-08-27T13:00:00Z,46261.833333333336,farm_gateway_s3,31.6,28.3,6,3.0,0,0,0,,,,,,,,,,,,,,,,2026-08-27 13:00:00+00:00,True,False,repeated_signature_60min_offline_full_run,2026-08-27 20:00:00+07:00,15.0,-0.3999999999999986,2026-08-27
875,farm_gateway_s3:1787836500,2026-08-27T13:15:00Z,46261.84375,farm_gateway_s3,31.5,28.2,6,3.0,0,0,0,,,,,,,,,,,,,,,,2026-08-27 13:15:00+00:00,True,False,repeated_signature_60min_offline_full_run,2026-08-27 20:15:00+07:00,15.0,-0.10000000000000142,2026-08-27
876,farm_gateway_s3:1787837400,2026-08-27T13:30:00Z,46261.854166666664,farm_gateway_s3,31.3,28.2,5,3.0,0,0,0,,,,,,,,,,,,,,,,2026-08-27 13:30:00+00:00,True,False,repeated_signature_60min_offline_full_run,2026-08-27 20:30:00+07:00,15.0,-0.1999999999999993,2026-08-27
877,farm_gateway_s3:1787838300,2026-08-27T13:45:00Z,46261.864583333336,farm_gateway_s3,31.2,28.1,4,3.0,0,0,0,,,,,,,,,,,,,,,,2026-08-27 13:45:00+00:00,True,False,repeated_signature_60min_offline_full_run,2026-08-27 20:45:00+07:00,15.0,-0.10000000000000142,2026-08-27
878,farm_gateway_s3:1787839200,2026-08-27T14:00:00Z,46261.875,farm_gateway_s3,31.0,28.1,3,3.0,0,0,0,,,,,,,,,,,,,,,,2026-08-27 14:00:00+00:00,True,False,repeated_signature_60min_offline_full_run,2026-08-27 21:00:00+07:00,15.0,-0.1999999999999993,2026-08-27
879,farm_gateway_s3:1787840100,2026-08-27T14:15:00Z,46261.885416666664,farm_gateway_s3,30.9,28.0,3,3.0,0,0,0,,,,,,,,,,,,,,,,2026-08-27 14:15:00+00:00,True,False,repeated_signature_60min_offline_full_run,2026-08-27 21:15:00+07:00,15.0,-0.10000000000000142,2026-08-27
880,farm_gateway_s3:1787841000,2026-08-27T14:30:00Z,46261.895833333336,farm_gateway_s3,30.9,28.0,2,3.0,0,0,0,,,,,,,,,,,,,,,,2026-08-27 14:30:00+00:00,True,False,repeated_signature_60min_offline_full_run,2026-08-27 21:30:00+07:00,15.0,0.0,2026-08-27
881,farm_gateway_s3:1787841900,2026-08-27T14:45:00Z,46261.90625,farm_gateway_s3,30.8,28.0,1,3.0,0,0,0,,,,,,,,,,,,,,,,2026-08-27 14:45:00+00:00,True,False,repeated_signature_60min_offline_full_run,2026-08-27 21:45:00+07:00,15.0,-0.09999999999999787,2026-08-27
882,farm_gateway_s3:1787842800,2026-08-27T15:00:00Z,46261.916666666664,farm_gateway_s3,30.5,28.0,1,3.0,0,0,0,,,,,,,,,,,,,,,,2026-08-27 15:00:00+00:00,True,False,repeated_signature_60min_offline_full_run,2026-08-27 22:00:00+07:00,15.0,-0.3000000000000007,2026-08-27
883,farm_gateway_s3:1787843700,2026-08-27T15:15:00Z,46261.927083333336,farm_gateway_s3,30.4,28.0,0,3.0,0,0,0,,,,,,,,,,,,,,,,2026-08-27 15:15:00+00:00,True,False,repeated_signature_60min_offline_full_run,2026-08-27 22:15:00+07:00,15.0,-0.10000000000000142,2026-08-27
884,farm_gateway_s3:1787844600,2026-08-27T15:30:00Z,46261.9375,farm_gateway_s3,30.4,27.9,0,3.0,0,0,0,,,,,,,,,,,,,,,,2026-08-27 15:30:00+00:00,True,False,repeated_signature_60min_offline_full_run,2026-08-27 22:30:00+07:00,15.0,0.0,2026-08-27
885,farm_gateway_s3:1787845500,2026-08-27T15:45:00Z,46261.947916666664,farm_gateway_s3,30.1,27.9,0,3.0,0,0,0,,,,,,,,,,,,,,,,2026-08-27 15:45:00+00:00,True,False,repeated_signature_60min_offline_full_run,2026-08-27 22:45:00+07:00,15.0,-0.29999999999999716,2026-08-27
886,farm_gateway_s3:1787846400,2026-08-27T16:00:00Z,46261.958333333336,farm_gateway_s3,30.1,27.8,0,3.0,0,0,0,,,,,,,,,,,,,,,,2026-08-27 16:00:00+00:00,True,False,repeated_signature_60min_offline_full_run,2026-08-27 23:00:00+07:00,15.0,0.0,2026-08-27
887,farm_gateway_s3:1787847300,2026-08-27T16:15:00Z,46261.96875,farm_gateway_s3,29.9,27.8,0,3.0,0,0,0,,,,,,,,,,,,,,,,2026-08-27 16:15:00+00:00,True,False,repeated_signature_60min_offline_full_run,2026-08-27 23:15:00+07:00,15.0,-0.20000000000000284,2026-08-27
888,farm_gateway_s3:1787848200,2026-08-27T16:30:00Z,46261.979166666664,farm_gateway_s3,29.8,27.8,0,3.0,0,0,0,,,,,,,,,,,,,,,,2026-08-27 16:30:00+00:00,True,False,repeated_signature_60min_offline_full_run,2026-08-27 23:30:00+07:00,15.0,-0.09999999999999787,2026-08-27
889,farm_gateway_s3:1787849100,2026-08-27T16:45:00Z,46261.989583333336,farm_gateway_s3,29.7,27.8,0,3.0,0,0,0,,,,,,,,,,,,,,,,2026-08-27 16:45:00+00:00,True,False,repeated_signature_60min_offline_full_run,2026-08-27 23:45:00+07:00,15.0,-0.10000000000000142,2026-08-27
890,farm_gateway_s3:1787850000,2026-08-27T17:00:00Z,46262.0,farm_gateway_s3,29.7,27.8,0,3.0,0,0,0,,,,,,,,,,,,,,,,2026-08-27 17:00:00+00:00,True,False,repeated_signature_60min_offline_full_run,2026-08-28 00:00:00+07:00,15.0,0.0,2026-08-28
891,farm_gateway_s3:1787850900,2026-08-27T17:15:00Z,46262.010416666664,farm_gateway_s3,29.5,27.7,0,3.0,0,0,0,,,,,,,,,,,,,,,,2026-08-27 17:15:00+00:00,True,False,repeated_signature_60min_offline_full_run,2026-08-28 00:15:00+07:00,15.0,-0.1999999999999993,2026-08-28
892,farm_gateway_s3:1787851800,2026-08-27T17:30:00Z,46262.020833333336,farm_gateway_s3,29.4,27.7,0,3.0,0,0,0,,,,,,,,,,,,,,,,2026-08-27 17:30:00+00:00,True,False,repeated_signature_60min_offline_full_run,2026-08-28 00:30:00+07:00,15.0,-0.10000000000000142,2026-08-28
893,farm_gateway_s3:1787852700,2026-08-27T17:45:00Z,46262.03125,farm_gateway_s3,29.3,27.6,0,3.0,0,0,0,,,,,,,,,,,,,,,,2026-08-27 17:45:00+00:00,True,False,repeated_signature_60min_offline_full_run,2026-08-28 00:45:00+07:00,15.0,-0.09999999999999787,2026-08-28
894,farm_gateway_s3:1787853600,2026-08-27T18:00:00Z,46262.041666666664,farm_gateway_s3,29.3,27.6,0,3.0,0,0,0,,,,,,,,,,,,,,,,2026-08-27 18:00:00+00:00,True,False,repeated_signature_60min_offline_full_run,2026-08-28 01:00:00+07:00,15.0,0.0,2026-08-28
895,farm_gateway_s3:1787854500,2026-08-27T18:15:00Z,46262.052083333336,farm_gateway_s3,29.3,27.6,0,3.0,0,0,0,,,,,,,,,,,,,,,,2026-08-27 18:15:00+00:00,True,False,repeated_signature_60min_offline_full_run,2026-08-28 01:15:00+07:00,15.0,0.0,2026-08-28
896,farm_gateway_s3:1787855400,2026-08-27T18:30:00Z,46262.0625,farm_gateway_s3,29.1,27.6,0,3.0,0,0,0,,,,,,,,,,,,,,,,2026-08-27 18:30:00+00:00,True,False,repeated_signature_60min_offline_full_run,2026-08-28 01:30:00+07:00,15.0,-0.1999999999999993,2026-08-28
897,farm_gateway_s3:1787856300,2026-08-27T18:45:00Z,46262.072916666664,farm_gateway_s3,29.0,27.6,0,3.0,0,0,0,,,,,,,,,,,,,,,,2026-08-27 18:45:00+00:00,True,False,repeated_signature_60min_offline_full_run,2026-08-28 01:45:00+07:00,15.0,-0.10000000000000142,2026-08-28
898,farm_gateway_s3:1787857200,2026-08-27T19:00:00Z,46262.083333333336,farm_gateway_s3,28.8,27.6,0,3.0,0,0,0,,,,,,,,,,,,,,,,2026-08-27 19:00:00+00:00,True,False,repeated_signature_60min_offline_full_run,2026-08-28 02:00:00+07:00,15.0,-0.1999999999999993,2026-08-28
899,farm_gateway_s3:1787858100,2026-08-27T19:15:00Z,46262.09375,farm_gateway_s3,28.8,27.5,0,3.0,0,0,0,,,,,,,,,,,,,,,,2026-08-27 19:15:00+00:00,True,False,repeated_signature_60min_offline_full_run,2026-08-28 02:15:00+07:00,15.0,0.0,2026-08-28
900,farm_gateway_s3:1787859000,2026-08-27T19:30:00Z,46262.104166666664,farm_gateway_s3,28.7,27.5,0,3.0,0,0,0,,,,,,,,,,,,,,,,2026-08-27 19:30:00+00:00,True,False,repeated_signature_60min_offline_full_run,2026-08-28 02:30:00+07:00,15.0,-0.10000000000000142,2026-08-28
901,farm_gateway_s3:1787859900,2026-08-27T19:45:00Z,46262.114583333336,farm_gateway_s3,28.7,27.5,0,3.0,0,0,0,,,,,,,,,,,,,,,,2026-08-27 19:45:00+00:00,True,False,repeated_signature_60min_offline_full_run,2026-08-28 02:45:00+07:00,15.0,0.0,2026-08-28
902,farm_gateway_s3:1787860800,2026-08-27T20:00:00Z,46262.125,farm_gateway_s3,28.7,27.4,0,3.0,0,0,0,,,,,,,,,,,,,,,,2026-08-27 20:00:00+00:00,True,False,repeated_signature_60min_offline_full_run,2026-08-28 03:00:00+07:00,15.0,0.0,2026-08-28
903,farm_gateway_s3:1787861700,2026-08-27T20:15:00Z,46262.135416666664,farm_gateway_s3,28.6,27.4,0,3.0,0,0,0,,,,,,,,,,,,,,,,2026-08-27 20:15:00+00:00,True,False,repeated_signature_60min_offline_full_run,2026-08-28 03:15:00+07:00,15.0,-0.09999999999999787,2026-08-28
904,farm_gateway_s3:1787874300,2026-08-27T23:45:00Z,46262.28125,farm_gateway_s3,28.0,27.3,0,3.0,0,0,0,,,,,,,,,,,,,,,,2026-08-27 23:45:00+00:00,True,False,repeated_signature_60min_offline_full_run,2026-08-28 06:45:00+07:00,210.0,,2026-08-28
905,farm_gateway_s3:1787875200,2026-08-28T00:00:00Z,46262.291666666664,farm_gateway_s3,28.0,27.3,0,3.0,0,0,0,,,,,,,,,,,,,,,,2026-08-28 00:00:00+00:00,True,False,repeated_signature_60min_offline_full_run,2026-08-28 07:00:00+07:00,15.0,0.0,2026-08-28
906,farm_gateway_s3:1787876100,2026-08-28T00:15:00Z,46262.302083333336,farm_gateway_s3,28.0,27.3,0,3.0,0,0,0,,,,,,,,,,,,,,,,2026-08-28 00:15:00+00:00,True,False,repeated_signature_60min_offline_full_run,2026-08-28 07:15:00+07:00,15.0,0.0,2026-08-28
907,farm_gateway_s3:1787877000,2026-08-28T00:30:00Z,46262.3125,farm_gateway_s3,28.0,27.4,0,3.0,0,0,0,,,,,,,,,,,,,,,,2026-08-28 00:30:00+00:00,True,False,repeated_signature_60min_offline_full_run,2026-08-28 07:30:00+07:00,15.0,0.0,2026-08-28
908,farm_gateway_s3:1787877900,2026-08-28T00:45:00Z,46262.322916666664,farm_gateway_s3,28.0,27.4,0,4.4,0,0,0,,,,,,,,,,,,,,,,2026-08-28 00:45:00+00:00,True,False,repeated_signature_60min_offline_full_run,2026-08-28 07:45:00+07:00,15.0,0.0,2026-08-28
909,farm_gateway_s3:1787878800,2026-08-28T01:00:00Z,46262.333333333336,farm_gateway_s3,28.0,27.4,0,3.0,0,0,0,,,,,,,,,,,,,,,,2026-08-28 01:00:00+00:00,True,False,repeated_signature_60min_offline_full_run,2026-08-28 08:00:00+07:00,15.0,0.0,2026-08-28
910,farm_gateway_s3:1787879700,2026-08-28T01:15:00Z,46262.34375,farm_gateway_s3,28.0,27.5,0,3.0,0,0,0,,,,,,,,,,,,,,,,2026-08-28 01:15:00+00:00,True,False,repeated_signature_60min_offline_full_run,2026-08-28 08:15:00+07:00,15.0,0.0,2026-08-28
911,farm_gateway_s3:1787880600,2026-08-28T01:30:00Z,46262.354166666664,farm_gateway_s3,27.9,27.5,0,3.0,0,0,0,,,,,,,,,,,,,,,,2026-08-28 01:30:00+00:00,True,False,repeated_signature_60min_offline_full_run,2026-08-28 08:30:00+07:00,15.0,-0.10000000000000142,2026-08-28
912,farm_gateway_s3:1787881500,2026-08-28T01:45:00Z,46262.364583333336,farm_gateway_s3,27.9,27.5,0,3.0,0,0,0,,,,,,,,,,,,,,,,2026-08-28 01:45:00+00:00,True,False,repeated_signature_60min_offline_full_run,2026-08-28 08:45:00+07:00,15.0,0.0,2026-08-28
913,farm_gateway_s3:1787882400,2026-08-28T02:00:00Z,46262.375,farm_gateway_s3,27.9,27.6,0,3.0,0,0,0,,,,,,,,,,,,,,,,2026-08-28 02:00:00+00:00,True,False,repeated_signature_60min_offline_full_run,2026-08-28 09:00:00+07:00,15.0,0.0,2026-08-28
914,farm_gateway_s3:1787883300,2026-08-28T02:15:00Z,46262.385416666664,farm_gateway_s3,27.9,27.6,0,3.0,0,0,0,,,,,,,,,,,,,,,,2026-08-28 02:15:00+00:00,True,False,repeated_signature_60min_offline_full_run,2026-08-28 09:15:00+07:00,15.0,0.0,2026-08-28
915,farm_gateway_s3:1787884200,2026-08-28T02:30:00Z,46262.395833333336,farm_gateway_s3,27.8,27.7,0,3.0,0,0,0,,,,,,,,,,,,,,,,2026-08-28 02:30:00+00:00,True,False,repeated_signature_60min_offline_full_run,2026-08-28 09:30:00+07:00,15.0,-0.09999999999999787,2026-08-28
916,farm_gateway_s3:1787885100,2026-08-28T02:45:00Z,46262.40625,farm_gateway_s3,27.8,27.7,0,3.0,0,0,0,,,,,,,,,,,,,,,,2026-08-28 02:45:00+00:00,True,False,repeated_signature_60min_offline_full_run,2026-08-28 09:45:00+07:00,15.0,0.0,2026-08-28
917,farm_gateway_s3:1787886000,2026-08-28T03:00:00Z,46262.416666666664,farm_gateway_s3,27.8,27.8,0,3.0,0,0,0,,,,,,,,,,,,,,,,2026-08-28 03:00:00+00:00,True,False,repeated_signature_60min_offline_full_run,2026-08-28 10:00:00+07:00,15.0,0.0,2026-08-28
918,farm_gateway_s3:1787886900,2026-08-28T03:15:00Z,46262.427083333336,farm_gateway_s3,27.8,27.8,0,3.0,0,0,0,,,,,,,,,,,,,,,,2026-08-28 03:15:00+00:00,True,False,repeated_signature_60min_offline_full_run,2026-08-28 10:15:00+07:00,15.0,0.0,2026-08-28
919,farm_gateway_s3:1787887800,2026-08-28T03:30:00Z,46262.4375,farm_gateway_s3,27.8,27.9,0,3.0,0,0,0,,,,,,,,,,,,,,,,2026-08-28 03:30:00+00:00,True,False,repeated_signature_60min_offline_full_run,2026-08-28 10:30:00+07:00,15.0,0.0,2026-08-28
920,farm_gateway_s3:1787888700,2026-08-28T03:45:00Z,46262.447916666664,farm_gateway_s3,27.8,27.9,0,3.0,0,0,0,,,,,,,,,,,,,,,,2026-08-28 03:45:00+00:00,True,False,repeated_signature_60min_offline_full_run,2026-08-28 10:45:00+07:00,15.0,0.0,2026-08-28
921,farm_gateway_s3:1787889600,2026-08-28T04:00:00Z,46262.458333333336,farm_gateway_s3,27.8,28.0,0,3.0,0,0,0,,,,,,,,,,,,,,,,2026-08-28 04:00:00+00:00,True,False,repeated_signature_60min_offline_full_run,2026-08-28 11:00:00+07:00,15.0,0.0,2026-08-28
922,farm_gateway_s3:1787890500,2026-08-28T04:15:00Z,46262.46875,farm_gateway_s3,27.7,28.0,0,3.0,0,0,0,,,,,,,,,,,,,,,,2026-08-28 04:15:00+00:00,True,False,repeated_signature_60min_offline_full_run,2026-08-28 11:15:00+07:00,15.0,-0.10000000000000142,2026-08-28
923,farm_gateway_s3:1787891400,2026-08-28T04:30:00Z,46262.479166666664,farm_gateway_s3,27.7,28.0,0,3.0,0,0,0,,,,,,,,,,,,,,,,2026-08-28 04:30:00+00:00,True,False,repeated_signature_60min_offline_full_run,2026-08-28 11:30:00+07:00,15.0,0.0,2026-08-28
924,farm_gateway_s3:1787892300,2026-08-28T04:45:00Z,46262.489583333336,farm_gateway_s3,27.6,27.9,0,3.0,0,0,0,,,,,,,,,,,,,,,,2026-08-28 04:45:00+00:00,True,False,repeated_signature_60min_offline_full_run,2026-08-28 11:45:00+07:00,15.0,-0.09999999999999787,2026-08-28
925,farm_gateway_s3:1787893200,2026-08-28T05:00:00Z,46262.5,farm_gateway_s3,27.6,27.9,0,3.0,0,0,0,,,,,,,,,,,,,,,,2026-08-28 05:00:00+00:00,True,False,repeated_signature_60min_offline_full_run,2026-08-28 12:00:00+07:00,15.0,0.0,2026-08-28
926,farm_gateway_s3:1787894100,2026-08-28T05:15:00Z,46262.510416666664,farm_gateway_s3,27.6,27.8,0,3.0,0,0,0,,,,,,,,,,,,,,,,2026-08-28 05:15:00+00:00,True,False,repeated_signature_60min_offline_full_run,2026-08-28 12:15:00+07:00,15.0,0.0,2026-08-28
927,farm_gateway_s3:1787895000,2026-08-28T05:30:00Z,46262.520833333336,farm_gateway_s3,27.6,27.8,0,3.0,0,0,0,,,,,,,,,,,,,,,,2026-08-28 05:30:00+00:00,False,True,,2026-08-28 12:30:00+07:00,15.0,0.0,2026-08-28
928,farm_gateway_s3:1787895900,2026-08-28T05:45:00Z,46262.53125,farm_gateway_s3,27.6,27.9,0,3.0,0,0,0,,,,,,,,,,,,,,,,2026-08-28 05:45:00+00:00,True,False,repeated_signature_60min_offline_full_run,2026-08-28 12:45:00+07:00,15.0,0.0,2026-08-28
929,farm_gateway_s3:1787896800,2026-08-28T06:00:00Z,46262.541666666664,farm_gateway_s3,27.6,27.9,0,3.0,0,0,0,,,,,,,,,,,,,,,,2026-08-28 06:00:00+00:00,True,False,repeated_signature_60min_offline_full_run,2026-08-28 13:00:00+07:00,15.0,0.0,2026-08-28
930,farm_gateway_s3:1787897700,2026-08-28T06:15:00Z,46262.552083333336,farm_gateway_s3,27.6,28.0,0,3.0,0,0,0,,,,,,,,,,,,,,,,2026-08-28 06:15:00+00:00,True,False,repeated_signature_60min_offline_full_run,2026-08-28 13:15:00+07:00,15.0,0.0,2026-08-28
931,farm_gateway_s3:1787898600,2026-08-28T06:30:00Z,46262.5625,farm_gateway_s3,27.5,28.0,0,3.0,0,0,0,,,,,,,,,,,,,,,,2026-08-28 06:30:00+00:00,True,False,repeated_signature_60min_offline_full_run,2026-08-28 13:30:00+07:00,15.0,-0.10000000000000142,2026-08-28
932,farm_gateway_s3:1787899500,2026-08-28T06:45:00Z,46262.572916666664,farm_gateway_s3,27.5,28.1,0,3.0,0,0,0,,,,,,,,,,,,,,,,2026-08-28 06:45:00+00:00,True,False,repeated_signature_60min_offline_full_run,2026-08-28 13:45:00+07:00,15.0,0.0,2026-08-28
933,farm_gateway_s3:1787900400,2026-08-28T07:00:00Z,46262.583333333336,farm_gateway_s3,27.5,28.2,0,3.0,0,0,0,,,,,,,,,,,,,,,,2026-08-28 07:00:00+00:00,True,False,repeated_signature_60min_offline_full_run,2026-08-28 14:00:00+07:00,15.0,0.0,2026-08-28
934,farm_gateway_s3:1787901300,2026-08-28T07:15:00Z,46262.59375,farm_gateway_s3,27.5,28.2,0,3.0,0,0,0,,,,,,,,,,,,,,,,2026-08-28 07:15:00+00:00,True,False,repeated_signature_60min_offline_full_run,2026-08-28 14:15:00+07:00,15.0,0.0,2026-08-28
935,farm_gateway_s3:1787902200,2026-08-28T07:30:00Z,46262.604166666664,farm_gateway_s3,27.4,28.2,0,3.0,0,0,0,,,,,,,,,,,,,,,,2026-08-28 07:30:00+00:00,True,False,repeated_signature_60min_offline_full_run,2026-08-28 14:30:00+07:00,15.0,-0.10000000000000142,2026-08-28
936,farm_gateway_s3:1787903100,2026-08-28T07:45:00Z,46262.614583333336,farm_gateway_s3,27.4,28.3,0,3.0,0,0,0,,,,,,,,,,,,,,,,2026-08-28 07:45:00+00:00,True,False,repeated_signature_60min_offline_full_run,2026-08-28 14:45:00+07:00,15.0,0.0,2026-08-28
937,farm_gateway_s3:1787904000,2026-08-28T08:00:00Z,46262.625,farm_gateway_s3,27.4,28.3,0,3.0,0,0,0,,,,,,,,,,,,,,,,2026-08-28 08:00:00+00:00,True,False,repeated_signature_60min_offline_full_run,2026-08-28 15:00:00+07:00,15.0,0.0,2026-08-28
938,farm_gateway_s3:1787904900,2026-08-28T08:15:00Z,46262.635416666664,farm_gateway_s3,27.4,28.4,0,3.1,0,0,0,,,,,,,,,,,,,,,,2026-08-28 08:15:00+00:00,True,False,repeated_signature_60min_offline_full_run,2026-08-28 15:15:00+07:00,15.0,0.0,2026-08-28
939,farm_gateway_s3:1787905800,2026-08-28T08:30:00Z,46262.645833333336,farm_gateway_s3,27.4,28.4,0,3.0,0,0,0,,,,,,,,,,,,,,,,2026-08-28 08:30:00+00:00,True,False,repeated_signature_60min_offline_full_run,2026-08-28 15:30:00+07:00,15.0,0.0,2026-08-28
940,farm_gateway_s3:1787906700,2026-08-28T08:45:00Z,46262.65625,farm_gateway_s3,27.4,28.5,0,3.0,0,0,0,,,,,,,,,,,,,,,,2026-08-28 08:45:00+00:00,True,False,repeated_signature_60min_offline_full_run,2026-08-28 15:45:00+07:00,15.0,0.0,2026-08-28
941,farm_gateway_s3:1787907600,2026-08-28T09:00:00Z,46262.666666666664,farm_gateway_s3,27.3,28.5,0,3.1,0,0,0,,,,,,,,,,,,,,,,2026-08-28 09:00:00+00:00,True,False,repeated_signature_60min_offline_full_run,2026-08-28 16:00:00+07:00,15.0,-0.09999999999999787,2026-08-28
942,farm_gateway_s3:1787908500,2026-08-28T09:15:00Z,46262.677083333336,farm_gateway_s3,27.3,28.5,0,3.1,0,0,0,,,,,,,,,,,,,,,,2026-08-28 09:15:00+00:00,True,False,repeated_signature_60min_offline_full_run,2026-08-28 16:15:00+07:00,15.0,0.0,2026-08-28
943,farm_gateway_s3:1787909400,2026-08-28T09:30:00Z,46262.6875,farm_gateway_s3,27.2,28.5,0,3.1,0,0,0,,,,,,,,,,,,,,,,2026-08-28 09:30:00+00:00,True,False,repeated_signature_60min_offline_full_run,2026-08-28 16:30:00+07:00,15.0,-0.10000000000000142,2026-08-28
944,farm_gateway_s3:1787910300,2026-08-28T09:45:00Z,46262.697916666664,farm_gateway_s3,27.2,28.5,0,3.1,0,0,0,,,,,,,,,,,,,,,,2026-08-28 09:45:00+00:00,True,False,repeated_signature_60min_offline_full_run,2026-08-28 16:45:00+07:00,15.0,0.0,2026-08-28
945,farm_gateway_s3:1787911200,2026-08-28T10:00:00Z,46262.708333333336,farm_gateway_s3,27.2,28.5,0,3.1,0,0,0,,,,,,,,,,,,,,,,2026-08-28 10:00:00+00:00,True,False,repeated_signature_60min_offline_full_run,2026-08-28 17:00:00+07:00,15.0,0.0,2026-08-28
946,farm_gateway_s3:1787912100,2026-08-28T10:15:00Z,46262.71875,farm_gateway_s3,27.2,28.4,0,3.1,0,0,0,,,,,,,,,,,,,,,,2026-08-28 10:15:00+00:00,True,False,repeated_signature_60min_offline_full_run,2026-08-28 17:15:00+07:00,15.0,0.0,2026-08-28
947,farm_gateway_s3:1787913000,2026-08-28T10:30:00Z,46262.729166666664,farm_gateway_s3,27.2,28.4,0,3.1,0,0,0,,,,,,,,,,,,,,,,2026-08-28 10:30:00+00:00,True,False,repeated_signature_60min_offline_full_run,2026-08-28 17:30:00+07:00,15.0,0.0,2026-08-28
948,farm_gateway_s3:1787913900,2026-08-28T10:45:00Z,46262.739583333336,farm_gateway_s3,27.0,28.4,0,3.2,0,0,0,,,,,,,,,,,,,,,,2026-08-28 10:45:00+00:00,True,False,repeated_signature_60min_offline_full_run,2026-08-28 17:45:00+07:00,15.0,-0.1999999999999993,2026-08-28
949,farm_gateway_s3:1787914800,2026-08-28T11:00:00Z,46262.75,farm_gateway_s3,27.0,28.3,0,3.1,0,0,0,,,,,,,,,,,,,,,,2026-08-28 11:00:00+00:00,True,False,repeated_signature_60min_offline_full_run,2026-08-28 18:00:00+07:00,15.0,0.0,2026-08-28
950,farm_gateway_s3:1787915700,2026-08-28T11:15:00Z,46262.760416666664,farm_gateway_s3,27.0,28.3,0,3.2,0,0,0,,,,,,,,,,,,,,,,2026-08-28 11:15:00+00:00,True,False,repeated_signature_60min_offline_full_run,2026-08-28 18:15:00+07:00,15.0,0.0,2026-08-28
951,farm_gateway_s3:1787916600,2026-08-28T11:30:00Z,46262.770833333336,farm_gateway_s3,26.9,28.2,0,3.2,0,0,0,,,,,,,,,,,,,,,,2026-08-28 11:30:00+00:00,True,False,repeated_signature_60min_offline_full_run,2026-08-28 18:30:00+07:00,15.0,-0.10000000000000142,2026-08-28
952,farm_gateway_s3:1787917500,2026-08-28T11:45:00Z,46262.78125,farm_gateway_s3,26.9,28.2,0,3.2,0,0,0,,,,,,,,,,,,,,,,2026-08-28 11:45:00+00:00,True,False,repeated_signature_60min_offline_full_run,2026-08-28 18:45:00+07:00,15.0,0.0,2026-08-28
953,farm_gateway_s3:1787918400,2026-08-28T12:00:00Z,46262.791666666664,farm_gateway_s3,26.9,28.1,0,3.2,0,0,0,,,,,,,,,,,,,,,,2026-08-28 12:00:00+00:00,True,False,repeated_signature_60min_offline_full_run,2026-08-28 19:00:00+07:00,15.0,0.0,2026-08-28
954,farm_gateway_s3:1787919300,2026-08-28T12:15:00Z,46262.802083333336,farm_gateway_s3,26.9,28.1,0,3.2,0,0,0,,,,,,,,,,,,,,,,2026-08-28 12:15:00+00:00,True,False,repeated_signature_60min_offline_full_run,2026-08-28 19:15:00+07:00,15.0,0.0,2026-08-28
955,farm_gateway_s3:1787920200,2026-08-28T12:30:00Z,46262.8125,farm_gateway_s3,26.9,28.0,0,3.0,0,0,0,,,,,,,,,,,,,,,,2026-08-28 12:30:00+00:00,True,False,repeated_signature_60min_offline_full_run,2026-08-28 19:30:00+07:00,15.0,0.0,2026-08-28
956,farm_gateway_s3:1787921100,2026-08-28T12:45:00Z,46262.822916666664,farm_gateway_s3,26.9,28.0,0,3.0,0,0,0,,,,,,,,,,,,,,,,2026-08-28 12:45:00+00:00,True,False,repeated_signature_60min_offline_full_run,2026-08-28 19:45:00+07:00,15.0,0.0,2026-08-28
957,farm_gateway_s3:1787922000,2026-08-28T13:00:00Z,46262.833333333336,farm_gateway_s3,26.9,28.0,0,3.0,0,0,0,,,,,,,,,,,,,,,,2026-08-28 13:00:00+00:00,True,False,repeated_signature_60min_offline_full_run,2026-08-28 20:00:00+07:00,15.0,0.0,2026-08-28
958,farm_gateway_s3:1787922900,2026-08-28T13:15:00Z,46262.84375,farm_gateway_s3,26.8,27.9,0,3.0,0,0,0,,,,,,,,,,,,,,,,2026-08-28 13:15:00+00:00,True,False,repeated_signature_60min_offline_full_run,2026-08-28 20:15:00+07:00,15.0,-0.09999999999999787,2026-08-28
959,farm_gateway_s3:1787923800,2026-08-28T13:30:00Z,46262.854166666664,farm_gateway_s3,26.8,27.9,0,3.0,0,0,0,,,,,,,,,,,,,,,,2026-08-28 13:30:00+00:00,True,False,repeated_signature_60min_offline_full_run,2026-08-28 20:30:00+07:00,15.0,0.0,2026-08-28
960,farm_gateway_s3:1787924700,2026-08-28T13:45:00Z,46262.864583333336,farm_gateway_s3,26.7,27.8,0,3.0,0,0,0,,,,,,,,,,,,,,,,2026-08-28 13:45:00+00:00,True,False,repeated_signature_60min_offline_full_run,2026-08-28 20:45:00+07:00,15.0,-0.10000000000000142,2026-08-28
961,farm_gateway_s3:1787925600,2026-08-28T14:00:00Z,46262.875,farm_gateway_s3,26.7,27.8,0,3.0,0,0,0,,,,,,,,,,,,,,,,2026-08-28 14:00:00+00:00,True,False,repeated_signature_60min_offline_full_run,2026-08-28 21:00:00+07:00,15.0,0.0,2026-08-28
962,farm_gateway_s3:1787926500,2026-08-28T14:15:00Z,46262.885416666664,farm_gateway_s3,26.7,27.8,0,3.0,0,0,0,,,,,,,,,,,,,,,,2026-08-28 14:15:00+00:00,True,False,repeated_signature_60min_offline_full_run,2026-08-28 21:15:00+07:00,15.0,0.0,2026-08-28
963,farm_gateway_s3:1787927400,2026-08-28T14:30:00Z,46262.895833333336,farm_gateway_s3,26.7,27.8,0,3.0,0,0,0,,,,,,,,,,,,,,,,2026-08-28 14:30:00+00:00,True,False,repeated_signature_60min_offline_full_run,2026-08-28 21:30:00+07:00,15.0,0.0,2026-08-28
964,farm_gateway_s3:1787928300,2026-08-28T14:45:00Z,46262.90625,farm_gateway_s3,26.7,27.8,0,3.0,0,0,0,,,,,,,,,,,,,,,,2026-08-28 14:45:00+00:00,True,False,repeated_signature_60min_offline_full_run,2026-08-28 21:45:00+07:00,15.0,0.0,2026-08-28
965,farm_gateway_s3:1787929200,2026-08-28T15:00:00Z,46262.916666666664,farm_gateway_s3,26.7,27.7,0,3.0,0,0,0,,,,,,,,,,,,,,,,2026-08-28 15:00:00+00:00,True,False,repeated_signature_60min_offline_full_run,2026-08-28 22:00:00+07:00,15.0,0.0,2026-08-28
966,farm_gateway_s3:1787930100,2026-08-28T15:15:00Z,46262.927083333336,farm_gateway_s3,26.7,27.7,0,3.0,0,0,0,,,,,,,,,,,,,,,,2026-08-28 15:15:00+00:00,True,False,repeated_signature_60min_offline_full_run,2026-08-28 22:15:00+07:00,15.0,0.0,2026-08-28
967,farm_gateway_s3:1787931000,2026-08-28T15:30:00Z,46262.9375,farm_gateway_s3,26.7,27.7,0,3.0,0,0,0,,,,,,,,,,,,,,,,2026-08-28 15:30:00+00:00,True,False,repeated_signature_60min_offline_full_run,2026-08-28 22:30:00+07:00,15.0,0.0,2026-08-28
968,farm_gateway_s3:1787931900,2026-08-28T15:45:00Z,46262.947916666664,farm_gateway_s3,26.7,27.7,0,3.0,0,0,0,,,,,,,,,,,,,,,,2026-08-28 15:45:00+00:00,True,False,repeated_signature_60min_offline_full_run,2026-08-28 22:45:00+07:00,15.0,0.0,2026-08-28
969,farm_gateway_s3:1787932800,2026-08-28T16:00:00Z,46262.958333333336,farm_gateway_s3,26.6,27.7,0,3.0,0,0,0,,,,,,,,,,,,,,,,2026-08-28 16:00:00+00:00,True,False,repeated_signature_60min_offline_full_run,2026-08-28 23:00:00+07:00,15.0,-0.09999999999999787,2026-08-28
970,farm_gateway_s3:1787933700,2026-08-28T16:15:00Z,46262.96875,farm_gateway_s3,26.6,27.6,0,3.0,0,0,0,,,,,,,,,,,,,,,,2026-08-28 16:15:00+00:00,True,False,repeated_signature_60min_offline_full_run,2026-08-28 23:15:00+07:00,15.0,0.0,2026-08-28
971,farm_gateway_s3:1787934600,2026-08-28T16:30:00Z,46262.979166666664,farm_gateway_s3,26.6,27.6,0,3.0,0,0,0,,,,,,,,,,,,,,,,2026-08-28 16:30:00+00:00,True,False,repeated_signature_60min_offline_full_run,2026-08-28 23:30:00+07:00,15.0,0.0,2026-08-28
972,farm_gateway_s3:1787935500,2026-08-28T16:45:00Z,46262.989583333336,farm_gateway_s3,26.6,27.6,0,3.0,0,0,0,,,,,,,,,,,,,,,,2026-08-28 16:45:00+00:00,True,False,repeated_signature_60min_offline_full_run,2026-08-28 23:45:00+07:00,15.0,0.0,2026-08-28
973,farm_gateway_s3:1787936400,2026-08-28T17:00:00Z,46263.0,farm_gateway_s3,26.6,27.6,0,3.0,0,0,0,,,,,,,,,,,,,,,,2026-08-28 17:00:00+00:00,True,False,repeated_signature_60min_offline_full_run,2026-08-29 00:00:00+07:00,15.0,0.0,2026-08-29
974,farm_gateway_s3:1787937300,2026-08-28T17:15:00Z,46263.010416666664,farm_gateway_s3,26.6,27.6,0,3.0,0,0,0,,,,,,,,,,,,,,,,2026-08-28 17:15:00+00:00,True,False,repeated_signature_60min_offline_full_run,2026-08-29 00:15:00+07:00,15.0,0.0,2026-08-29
975,farm_gateway_s3:1787938200,2026-08-28T17:30:00Z,46263.020833333336,farm_gateway_s3,26.6,27.6,0,3.0,0,0,0,,,,,,,,,,,,,,,,2026-08-28 17:30:00+00:00,True,False,repeated_signature_60min_offline_full_run,2026-08-29 00:30:00+07:00,15.0,0.0,2026-08-29
976,farm_gateway_s3:1787939100,2026-08-28T17:45:00Z,46263.03125,farm_gateway_s3,26.7,27.5,0,3.0,0,0,0,,,,,,,,,,,,,,,,2026-08-28 17:45:00+00:00,True,False,repeated_signature_60min_offline_full_run,2026-08-29 00:45:00+07:00,15.0,0.09999999999999787,2026-08-29
977,farm_gateway_s3:1787940000,2026-08-28T18:00:00Z,46263.041666666664,farm_gateway_s3,26.5,27.5,0,3.0,0,0,0,,,,,,,,,,,,,,,,2026-08-28 18:00:00+00:00,True,False,repeated_signature_60min_offline_full_run,2026-08-29 01:00:00+07:00,15.0,-0.1999999999999993,2026-08-29
978,farm_gateway_s3:1787960700,2026-08-28T23:45:00Z,46263.28125,farm_gateway_s3,26.0,27.3,0,3.0,0,0,0,34.7,52.0,35.3,52.0,1004.0,0.0,0.0,0.0,0.0,0.0,3.0,23.9,40.9,42.3,80960.0,2026-08-28 23:45:00+00:00,False,False,,2026-08-29 06:45:00+07:00,345.0,,2026-08-29
979,farm_gateway_s3:1787964300,2026-08-29T00:45:00Z,46263.322916666664,farm_gateway_s3,25.9,27.3,0,3.0,0,0,0,,,,,,,,,,,,,,,,2026-08-29 00:45:00+00:00,True,False,repeated_signature_60min_offline_full_run,2026-08-29 07:45:00+07:00,60.0,,2026-08-29
980,farm_gateway_s3:1787965200,2026-08-29T01:00:00Z,46263.333333333336,farm_gateway_s3,25.9,27.2,0,3.0,0,0,0,,,,,,,,,,,,,,,,2026-08-29 01:00:00+00:00,True,False,repeated_signature_60min_offline_full_run,2026-08-29 08:00:00+07:00,15.0,0.0,2026-08-29
981,farm_gateway_s3:1787966100,2026-08-29T01:15:00Z,46263.34375,farm_gateway_s3,25.9,27.2,0,3.0,0,0,0,,,,,,,,,,,,,,,,2026-08-29 01:15:00+00:00,True,False,repeated_signature_60min_offline_full_run,2026-08-29 08:15:00+07:00,15.0,0.0,2026-08-29
982,farm_gateway_s3:1787967000,2026-08-29T01:30:00Z,46263.354166666664,farm_gateway_s3,25.9,27.3,0,3.0,0,0,0,,,,,,,,,,,,,,,,2026-08-29 01:30:00+00:00,True,False,repeated_signature_60min_offline_full_run,2026-08-29 08:30:00+07:00,15.0,0.0,2026-08-29
983,farm_gateway_s3:1787967900,2026-08-29T01:45:00Z,46263.364583333336,farm_gateway_s3,25.9,27.3,0,3.0,0,0,0,,,,,,,,,,,,,,,,2026-08-29 01:45:00+00:00,True,False,repeated_signature_60min_offline_full_run,2026-08-29 08:45:00+07:00,15.0,0.0,2026-08-29
984,farm_gateway_s3:1787968800,2026-08-29T02:00:00Z,46263.375,farm_gateway_s3,25.9,27.3,0,3.0,0,0,0,,,,,,,,,,,,,,,,2026-08-29 02:00:00+00:00,True,False,repeated_signature_60min_offline_full_run,2026-08-29 09:00:00+07:00,15.0,0.0,2026-08-29
985,farm_gateway_s3:1787969700,2026-08-29T02:15:00Z,46263.385416666664,farm_gateway_s3,25.9,27.4,0,3.0,0,0,0,,,,,,,,,,,,,,,,2026-08-29 02:15:00+00:00,True,False,repeated_signature_60min_offline_full_run,2026-08-29 09:15:00+07:00,15.0,0.0,2026-08-29
986,farm_gateway_s3:1787970600,2026-08-29T02:30:00Z,46263.395833333336,farm_gateway_s3,25.9,27.4,0,3.0,0,0,0,,,,,,,,,,,,,,,,2026-08-29 02:30:00+00:00,True,False,repeated_signature_60min_offline_full_run,2026-08-29 09:30:00+07:00,15.0,0.0,2026-08-29
987,farm_gateway_s3:1787971500,2026-08-29T02:45:00Z,46263.40625,farm_gateway_s3,25.9,27.4,0,3.0,0,0,0,,,,,,,,,,,,,,,,2026-08-29 02:45:00+00:00,True,False,repeated_signature_60min_offline_full_run,2026-08-29 09:45:00+07:00,15.0,0.0,2026-08-29
988,farm_gateway_s3:1787972400,2026-08-29T03:00:00Z,46263.416666666664,farm_gateway_s3,25.9,27.5,0,3.0,0,0,0,,,,,,,,,,,,,,,,2026-08-29 03:00:00+00:00,True,False,repeated_signature_60min_offline_full_run,2026-08-29 10:00:00+07:00,15.0,0.0,2026-08-29
989,farm_gateway_s3:1787973300,2026-08-29T03:15:00Z,46263.427083333336,farm_gateway_s3,25.9,27.6,0,3.0,0,0,0,,,,,,,,,,,,,,,,2026-08-29 03:15:00+00:00,True,False,repeated_signature_60min_offline_full_run,2026-08-29 10:15:00+07:00,15.0,0.0,2026-08-29
990,farm_gateway_s3:1787974200,2026-08-29T03:30:00Z,46263.4375,farm_gateway_s3,26.0,27.6,0,3.0,0,0,0,,,,,,,,,,,,,,,,2026-08-29 03:30:00+00:00,True,False,repeated_signature_60min_offline_full_run,2026-08-29 10:30:00+07:00,15.0,0.10000000000000142,2026-08-29
991,farm_gateway_s3:1787975100,2026-08-29T03:45:00Z,46263.447916666664,farm_gateway_s3,26.0,27.7,0,4.2,0,0,0,,,,,,,,,,,,,,,,2026-08-29 03:45:00+00:00,True,False,repeated_signature_60min_offline_full_run,2026-08-29 10:45:00+07:00,15.0,0.0,2026-08-29
992,farm_gateway_s3:1787976000,2026-08-29T04:00:00Z,46263.458333333336,farm_gateway_s3,25.9,27.8,0,3.0,0,0,0,,,,,,,,,,,,,,,,2026-08-29 04:00:00+00:00,True,False,repeated_signature_60min_offline_full_run,2026-08-29 11:00:00+07:00,15.0,-0.10000000000000142,2026-08-29
993,farm_gateway_s3:1787976900,2026-08-29T04:15:00Z,46263.46875,farm_gateway_s3,25.9,27.9,0,3.0,0,0,0,,,,,,,,,,,,,,,,2026-08-29 04:15:00+00:00,True,False,repeated_signature_60min_offline_full_run,2026-08-29 11:15:00+07:00,15.0,0.0,2026-08-29
994,farm_gateway_s3:1787977800,2026-08-29T04:30:00Z,46263.479166666664,farm_gateway_s3,25.9,28.0,0,3.0,0,0,0,,,,,,,,,,,,,,,,2026-08-29 04:30:00+00:00,True,False,repeated_signature_60min_offline_full_run,2026-08-29 11:30:00+07:00,15.0,0.0,2026-08-29
995,farm_gateway_s3:1787978700,2026-08-29T04:45:00Z,46263.489583333336,farm_gateway_s3,25.9,28.1,0,3.0,0,0,0,,,,,,,,,,,,,,,,2026-08-29 04:45:00+00:00,True,False,repeated_signature_60min_offline_full_run,2026-08-29 11:45:00+07:00,15.0,0.0,2026-08-29
996,farm_gateway_s3:1787979600,2026-08-29T05:00:00Z,46263.5,farm_gateway_s3,25.9,28.1,0,3.0,0,0,0,,,,,,,,,,,,,,,,2026-08-29 05:00:00+00:00,True,False,repeated_signature_60min_offline_full_run,2026-08-29 12:00:00+07:00,15.0,0.0,2026-08-29
997,farm_gateway_s3:1787980500,2026-08-29T05:15:00Z,46263.510416666664,farm_gateway_s3,25.8,28.1,0,3.0,0,0,0,,,,,,,,,,,,,,,,2026-08-29 05:15:00+00:00,True,False,repeated_signature_60min_offline_full_run,2026-08-29 12:15:00+07:00,15.0,-0.09999999999999787,2026-08-29
998,farm_gateway_s3:1787981400,2026-08-29T05:30:00Z,46263.520833333336,farm_gateway_s3,25.8,28.2,0,3.0,0,0,0,,,,,,,,,,,,,,,,2026-08-29 05:30:00+00:00,True,False,repeated_signature_60min_offline_full_run,2026-08-29 12:30:00+07:00,15.0,0.0,2026-08-29
999,farm_gateway_s3:1787982300,2026-08-29T05:45:00Z,46263.53125,farm_gateway_s3,25.8,28.3,0,3.0,0,0,0,,,,,,,,,,,,,,,,2026-08-29 05:45:00+00:00,True,False,repeated_signature_60min_offline_full_run,2026-08-29 12:45:00+07:00,15.0,0.0,2026-08-29
1000,farm_gateway_s3:1787983200,2026-08-29T06:00:00Z,46263.541666666664,farm_gateway_s3,25.8,28.3,0,3.0,0,0,0,,,,,,,,,,,,,,,,2026-08-29 06:00:00+00:00,True,False,repeated_signature_60min_offline_full_run,2026-08-29 13:00:00+07:00,15.0,0.0,2026-08-29
1001,farm_gateway_s3:1787984100,2026-08-29T06:15:00Z,46263.552083333336,farm_gateway_s3,25.8,28.3,0,3.0,0,0,0,,,,,,,,,,,,,,,,2026-08-29 06:15:00+00:00,True,False,repeated_signature_60min_offline_full_run,2026-08-29 13:15:00+07:00,15.0,0.0,2026-08-29
1002,farm_gateway_s3:1787985000,2026-08-29T06:30:00Z,46263.5625,farm_gateway_s3,25.8,28.4,0,3.0,0,0,0,,,,,,,,,,,,,,,,2026-08-29 06:30:00+00:00,True,False,repeated_signature_60min_offline_full_run,2026-08-29 13:30:00+07:00,15.0,0.0,2026-08-29
1003,farm_gateway_s3:1787985900,2026-08-29T06:45:00Z,46263.572916666664,farm_gateway_s3,25.8,28.4,0,3.0,0,0,0,,,,,,,,,,,,,,,,2026-08-29 06:45:00+00:00,True,False,repeated_signature_60min_offline_full_run,2026-08-29 13:45:00+07:00,15.0,0.0,2026-08-29
1004,farm_gateway_s3:1787986800,2026-08-29T07:00:00Z,46263.583333333336,farm_gateway_s3,25.8,28.6,0,3.0,0,0,0,,,,,,,,,,,,,,,,2026-08-29 07:00:00+00:00,True,False,repeated_signature_60min_offline_full_run,2026-08-29 14:00:00+07:00,15.0,0.0,2026-08-29
1005,farm_gateway_s3:1787987700,2026-08-29T07:15:00Z,46263.59375,farm_gateway_s3,25.8,28.7,0,3.0,0,0,0,,,,,,,,,,,,,,,,2026-08-29 07:15:00+00:00,True,False,repeated_signature_60min_offline_full_run,2026-08-29 14:15:00+07:00,15.0,0.0,2026-08-29
1006,farm_gateway_s3:1787988600,2026-08-29T07:30:00Z,46263.604166666664,farm_gateway_s3,41.4,28.7,50,3.0,0,0,0,,,,,,,,,,,,,,,,2026-08-29 07:30:00+00:00,True,False,repeated_signature_60min_offline_full_run,2026-08-29 14:30:00+07:00,15.0,15.599999999999998,2026-08-29
1007,farm_gateway_s3:1787989500,2026-08-29T07:45:00Z,46263.614583333336,farm_gateway_s3,43.0,28.5,47,3.0,0,0,0,,,,,,,,,,,,,,,,2026-08-29 07:45:00+00:00,True,False,repeated_signature_60min_offline_full_run,2026-08-29 14:45:00+07:00,15.0,1.6000000000000014,2026-08-29
1008,farm_gateway_s3:1787990400,2026-08-29T08:00:00Z,46263.625,farm_gateway_s3,42.3,28.4,40,3.0,0,0,0,,,,,,,,,,,,,,,,2026-08-29 08:00:00+00:00,True,False,repeated_signature_60min_offline_full_run,2026-08-29 15:00:00+07:00,15.0,-0.7000000000000028,2026-08-29
1009,farm_gateway_s3:1787991300,2026-08-29T08:15:00Z,46263.635416666664,farm_gateway_s3,41.8,28.3,36,3.0,0,0,0,,,,,,,,,,,,,,,,2026-08-29 08:15:00+00:00,True,False,repeated_signature_60min_offline_full_run,2026-08-29 15:15:00+07:00,15.0,-0.5,2026-08-29
1010,farm_gateway_s3:1787992200,2026-08-29T08:30:00Z,46263.645833333336,farm_gateway_s3,41.3,28.3,33,3.0,0,0,0,,,,,,,,,,,,,,,,2026-08-29 08:30:00+00:00,True,False,repeated_signature_60min_offline_full_run,2026-08-29 15:30:00+07:00,15.0,-0.5,2026-08-29
1011,farm_gateway_s3:1787993100,2026-08-29T08:45:00Z,46263.65625,farm_gateway_s3,40.9,28.3,31,3.0,0,0,0,,,,,,,,,,,,,,,,2026-08-29 08:45:00+00:00,True,False,repeated_signature_60min_offline_full_run,2026-08-29 15:45:00+07:00,15.0,-0.3999999999999986,2026-08-29
1012,farm_gateway_s3:1787994000,2026-08-29T09:00:00Z,46263.666666666664,farm_gateway_s3,40.4,28.2,29,3.0,0,0,0,,,,,,,,,,,,,,,,2026-08-29 09:00:00+00:00,True,False,repeated_signature_60min_offline_full_run,2026-08-29 16:00:00+07:00,15.0,-0.5,2026-08-29
1013,farm_gateway_s3:1787994900,2026-08-29T09:15:00Z,46263.677083333336,farm_gateway_s3,40.0,28.2,26,3.0,0,0,0,,,,,,,,,,,,,,,,2026-08-29 09:15:00+00:00,True,False,repeated_signature_60min_offline_full_run,2026-08-29 16:15:00+07:00,15.0,-0.3999999999999986,2026-08-29
1014,farm_gateway_s3:1787995800,2026-08-29T09:30:00Z,46263.6875,farm_gateway_s3,39.5,28.1,24,3.0,0,0,0,,,,,,,,,,,,,,,,2026-08-29 09:30:00+00:00,True,False,repeated_signature_60min_offline_full_run,2026-08-29 16:30:00+07:00,15.0,-0.5,2026-08-29
1015,farm_gateway_s3:1787996700,2026-08-29T09:45:00Z,46263.697916666664,farm_gateway_s3,39.3,28.1,23,3.0,0,0,0,,,,,,,,,,,,,,,,2026-08-29 09:45:00+00:00,True,False,repeated_signature_60min_offline_full_run,2026-08-29 16:45:00+07:00,15.0,-0.20000000000000284,2026-08-29
1016,farm_gateway_s3:1787997600,2026-08-29T10:00:00Z,46263.708333333336,farm_gateway_s3,38.3,28.0,21,3.0,0,0,0,,,,,,,,,,,,,,,,2026-08-29 10:00:00+00:00,True,False,repeated_signature_60min_offline_full_run,2026-08-29 17:00:00+07:00,15.0,-1.0,2026-08-29
1017,farm_gateway_s3:1787998500,2026-08-29T10:15:00Z,46263.71875,farm_gateway_s3,38.1,27.9,20,3.0,0,0,0,,,,,,,,,,,,,,,,2026-08-29 10:15:00+00:00,True,False,repeated_signature_60min_offline_full_run,2026-08-29 17:15:00+07:00,15.0,-0.19999999999999574,2026-08-29
1018,farm_gateway_s3:1787999400,2026-08-29T10:30:00Z,46263.729166666664,farm_gateway_s3,37.6,27.9,18,3.0,0,0,0,,,,,,,,,,,,,,,,2026-08-29 10:30:00+00:00,True,False,repeated_signature_60min_offline_full_run,2026-08-29 17:30:00+07:00,15.0,-0.5,2026-08-29
1019,farm_gateway_s3:1788000300,2026-08-29T10:45:00Z,46263.739583333336,farm_gateway_s3,37.2,27.8,17,3.0,0,0,0,,,,,,,,,,,,,,,,2026-08-29 10:45:00+00:00,True,False,repeated_signature_60min_offline_full_run,2026-08-29 17:45:00+07:00,15.0,-0.3999999999999986,2026-08-29
1020,farm_gateway_s3:1788001200,2026-08-29T11:00:00Z,46263.75,farm_gateway_s3,36.8,27.8,16,3.0,0,0,0,,,,,,,,,,,,,,,,2026-08-29 11:00:00+00:00,True,False,repeated_signature_60min_offline_full_run,2026-08-29 18:00:00+07:00,15.0,-0.4000000000000057,2026-08-29
1021,farm_gateway_s3:1788002100,2026-08-29T11:15:00Z,46263.760416666664,farm_gateway_s3,36.7,27.7,13,3.9,0,0,0,,,,,,,,,,,,,,,,2026-08-29 11:15:00+00:00,True,False,repeated_signature_60min_offline_full_run,2026-08-29 18:15:00+07:00,15.0,-0.09999999999999432,2026-08-29
1022,farm_gateway_s3:1788003000,2026-08-29T11:30:00Z,46263.770833333336,farm_gateway_s3,36.3,27.7,13,3.0,0,0,0,,,,,,,,,,,,,,,,2026-08-29 11:30:00+00:00,True,False,repeated_signature_60min_offline_full_run,2026-08-29 18:30:00+07:00,15.0,-0.4000000000000057,2026-08-29
1023,farm_gateway_s3:1788003900,2026-08-29T11:45:00Z,46263.78125,farm_gateway_s3,36.0,27.6,12,3.0,0,0,0,,,,,,,,,,,,,,,,2026-08-29 11:45:00+00:00,True,False,repeated_signature_60min_offline_full_run,2026-08-29 18:45:00+07:00,15.0,-0.29999999999999716,2026-08-29
1024,farm_gateway_s3:1788004800,2026-08-29T12:00:00Z,46263.791666666664,farm_gateway_s3,35.7,27.6,11,3.0,0,0,0,,,,,,,,,,,,,,,,2026-08-29 12:00:00+00:00,True,False,repeated_signature_60min_offline_full_run,2026-08-29 19:00:00+07:00,15.0,-0.29999999999999716,2026-08-29
1025,farm_gateway_s3:1788005700,2026-08-29T12:15:00Z,46263.802083333336,farm_gateway_s3,35.6,27.6,9,3.1,0,0,0,,,,,,,,,,,,,,,,2026-08-29 12:15:00+00:00,True,False,repeated_signature_60min_offline_full_run,2026-08-29 19:15:00+07:00,15.0,-0.10000000000000142,2026-08-29
1026,farm_gateway_s3:1788006600,2026-08-29T12:30:00Z,46263.8125,farm_gateway_s3,35.2,27.5,9,3.0,0,0,0,,,,,,,,,,,,,,,,2026-08-29 12:30:00+00:00,True,False,repeated_signature_60min_offline_full_run,2026-08-29 19:30:00+07:00,15.0,-0.3999999999999986,2026-08-29
1027,farm_gateway_s3:1788007500,2026-08-29T12:45:00Z,46263.822916666664,farm_gateway_s3,34.9,27.5,8,3.0,0,0,0,,,,,,,,,,,,,,,,2026-08-29 12:45:00+00:00,True,False,repeated_signature_60min_offline_full_run,2026-08-29 19:45:00+07:00,15.0,-0.30000000000000426,2026-08-29
1028,farm_gateway_s3:1788008400,2026-08-29T13:00:00Z,46263.833333333336,farm_gateway_s3,34.8,27.4,7,3.1,0,0,0,,,,,,,,,,,,,,,,2026-08-29 13:00:00+00:00,True,False,repeated_signature_60min_offline_full_run,2026-08-29 20:00:00+07:00,15.0,-0.10000000000000142,2026-08-29
1029,farm_gateway_s3:1788009300,2026-08-29T13:15:00Z,46263.84375,farm_gateway_s3,34.5,27.4,6,3.0,0,0,0,,,,,,,,,,,,,,,,2026-08-29 13:15:00+00:00,True,False,repeated_signature_60min_offline_full_run,2026-08-29 20:15:00+07:00,15.0,-0.29999999999999716,2026-08-29
1030,farm_gateway_s3:1788010200,2026-08-29T13:30:00Z,46263.854166666664,farm_gateway_s3,34.3,27.4,5,3.0,0,0,0,,,,,,,,,,,,,,,,2026-08-29 13:30:00+00:00,True,False,repeated_signature_60min_offline_full_run,2026-08-29 20:30:00+07:00,15.0,-0.20000000000000284,2026-08-29
1031,farm_gateway_s3:1788011100,2026-08-29T13:45:00Z,46263.864583333336,farm_gateway_s3,34.3,27.4,7,3.0,0,0,0,,,,,,,,,,,,,,,,2026-08-29 13:45:00+00:00,True,False,repeated_signature_60min_offline_full_run,2026-08-29 20:45:00+07:00,15.0,0.0,2026-08-29
1032,farm_gateway_s3:1788012000,2026-08-29T14:00:00Z,46263.875,farm_gateway_s3,34.1,27.4,5,3.0,0,0,0,,,,,,,,,,,,,,,,2026-08-29 14:00:00+00:00,True,False,repeated_signature_60min_offline_full_run,2026-08-29 21:00:00+07:00,15.0,-0.19999999999999574,2026-08-29
1033,farm_gateway_s3:1788012900,2026-08-29T14:15:00Z,46263.885416666664,farm_gateway_s3,34.2,27.4,6,3.0,0,0,0,,,,,,,,,,,,,,,,2026-08-29 14:15:00+00:00,True,False,repeated_signature_60min_offline_full_run,2026-08-29 21:15:00+07:00,15.0,0.10000000000000142,2026-08-29
1034,farm_gateway_s3:1788013800,2026-08-29T14:30:00Z,46263.895833333336,farm_gateway_s3,34.1,27.4,4,3.0,0,0,0,,,,,,,,,,,,,,,,2026-08-29 14:30:00+00:00,True,False,repeated_signature_60min_offline_full_run,2026-08-29 21:30:00+07:00,15.0,-0.10000000000000142,2026-08-29
1035,farm_gateway_s3:1788014700,2026-08-29T14:45:00Z,46263.90625,farm_gateway_s3,33.8,27.3,4,3.0,0,0,0,,,,,,,,,,,,,,,,2026-08-29 14:45:00+00:00,True,False,repeated_signature_60min_offline_full_run,2026-08-29 21:45:00+07:00,15.0,-0.30000000000000426,2026-08-29
1036,farm_gateway_s3:1788015600,2026-08-29T15:00:00Z,46263.916666666664,farm_gateway_s3,33.7,27.3,3,3.3,0,0,0,,,,,,,,,,,,,,,,2026-08-29 15:00:00+00:00,True,False,repeated_signature_60min_offline_full_run,2026-08-29 22:00:00+07:00,15.0,-0.09999999999999432,2026-08-29
1037,farm_gateway_s3:1788016500,2026-08-29T15:15:00Z,46263.927083333336,farm_gateway_s3,33.2,27.3,2,3.3,0,0,0,,,,,,,,,,,,,,,,2026-08-29 15:15:00+00:00,True,False,repeated_signature_60min_offline_full_run,2026-08-29 22:15:00+07:00,15.0,-0.5,2026-08-29
1038,farm_gateway_s3:1788017400,2026-08-29T15:30:00Z,46263.9375,farm_gateway_s3,33.1,27.3,1,3.2,0,0,0,,,,,,,,,,,,,,,,2026-08-29 15:30:00+00:00,True,False,repeated_signature_60min_offline_full_run,2026-08-29 22:30:00+07:00,15.0,-0.10000000000000142,2026-08-29
1039,farm_gateway_s3:1788018300,2026-08-29T15:45:00Z,46263.947916666664,farm_gateway_s3,32.8,27.3,0,3.3,0,0,0,,,,,,,,,,,,,,,,2026-08-29 15:45:00+00:00,True,False,repeated_signature_60min_offline_full_run,2026-08-29 22:45:00+07:00,15.0,-0.30000000000000426,2026-08-29
1040,farm_gateway_s3:1788019200,2026-08-29T16:00:00Z,46263.958333333336,farm_gateway_s3,32.7,27.3,0,3.3,0,0,0,,,,,,,,,,,,,,,,2026-08-29 16:00:00+00:00,True,False,repeated_signature_60min_offline_full_run,2026-08-29 23:00:00+07:00,15.0,-0.09999999999999432,2026-08-29
1041,farm_gateway_s3:1788020100,2026-08-29T16:15:00Z,46263.96875,farm_gateway_s3,32.6,27.3,0,3.3,0,0,0,,,,,,,,,,,,,,,,2026-08-29 16:15:00+00:00,True,False,repeated_signature_60min_offline_full_run,2026-08-29 23:15:00+07:00,15.0,-0.10000000000000142,2026-08-29
1042,farm_gateway_s3:1788021000,2026-08-29T16:30:00Z,46263.979166666664,farm_gateway_s3,32.4,27.3,0,3.3,0,0,0,,,,,,,,,,,,,,,,2026-08-29 16:30:00+00:00,True,False,repeated_signature_60min_offline_full_run,2026-08-29 23:30:00+07:00,15.0,-0.20000000000000284,2026-08-29
1043,farm_gateway_s3:1788021900,2026-08-29T16:45:00Z,46263.989583333336,farm_gateway_s3,32.1,27.3,0,3.3,0,0,0,,,,,,,,,,,,,,,,2026-08-29 16:45:00+00:00,True,False,repeated_signature_60min_offline_full_run,2026-08-29 23:45:00+07:00,15.0,-0.29999999999999716,2026-08-29
1044,farm_gateway_s3:1788022800,2026-08-29T17:00:00Z,46264.0,farm_gateway_s3,32.0,27.3,0,3.2,0,0,0,,,,,,,,,,,,,,,,2026-08-29 17:00:00+00:00,True,False,repeated_signature_60min_offline_full_run,2026-08-30 00:00:00+07:00,15.0,-0.10000000000000142,2026-08-30
1045,farm_gateway_s3:1788023700,2026-08-29T17:15:00Z,46264.010416666664,farm_gateway_s3,32.0,27.3,0,3.2,0,0,0,,,,,,,,,,,,,,,,2026-08-29 17:15:00+00:00,True,False,repeated_signature_60min_offline_full_run,2026-08-30 00:15:00+07:00,15.0,0.0,2026-08-30
1046,farm_gateway_s3:1788024600,2026-08-29T17:30:00Z,46264.020833333336,farm_gateway_s3,32.0,27.3,0,3.2,0,0,0,,,,,,,,,,,,,,,,2026-08-29 17:30:00+00:00,True,False,repeated_signature_60min_offline_full_run,2026-08-30 00:30:00+07:00,15.0,0.0,2026-08-30
1047,farm_gateway_s3:1788025500,2026-08-29T17:45:00Z,46264.03125,farm_gateway_s3,31.6,27.3,0,3.2,0,0,0,,,,,,,,,,,,,,,,2026-08-29 17:45:00+00:00,True,False,repeated_signature_60min_offline_full_run,2026-08-30 00:45:00+07:00,15.0,-0.3999999999999986,2026-08-30
1048,farm_gateway_s3:1788026400,2026-08-29T18:00:00Z,46264.041666666664,farm_gateway_s3,31.5,27.3,0,3.3,0,0,0,,,,,,,,,,,,,,,,2026-08-29 18:00:00+00:00,False,True,,2026-08-30 01:00:00+07:00,15.0,-0.10000000000000142,2026-08-30
1049,farm_gateway_s3:1788027300,2026-08-29T18:15:00Z,46264.052083333336,farm_gateway_s3,31.3,27.3,0,3.2,0,0,0,34.7,52.0,35.3,52.0,1004.0,0.0,0.0,0.0,0.0,0.0,3.0,23.9,40.9,42.3,80960.0,2026-08-29 18:15:00+00:00,False,False,,2026-08-30 01:15:00+07:00,15.0,-0.1999999999999993,2026-08-30
1050,farm_gateway_s3:1788028200,2026-08-29T18:30:00Z,46264.0625,farm_gateway_s3,31.2,27.3,0,3.5,0,0,0,34.7,52.0,35.3,52.0,1004.0,0.0,0.0,0.0,0.0,0.0,3.0,23.9,40.9,42.3,80960.0,2026-08-29 18:30:00+00:00,False,False,,2026-08-30 01:30:00+07:00,15.0,-0.10000000000000142,2026-08-30
1051,farm_gateway_s3:1788047100,2026-08-29T23:45:00Z,46264.28125,farm_gateway_s3,28.7,27.2,0,4.8,0,0,0,,,,,,,,,,,,,,,,2026-08-29 23:45:00+00:00,True,False,repeated_signature_60min_offline_full_run,2026-08-30 06:45:00+07:00,315.0,,2026-08-30
1052,farm_gateway_s3:1788048000,2026-08-30T00:00:00Z,46264.291666666664,farm_gateway_s3,28.7,27.2,0,4.8,0,0,0,,,,,,,,,,,,,,,,2026-08-30 00:00:00+00:00,True,False,repeated_signature_60min_offline_full_run,2026-08-30 07:00:00+07:00,15.0,0.0,2026-08-30
1053,farm_gateway_s3:1788048900,2026-08-30T00:15:00Z,46264.302083333336,farm_gateway_s3,28.7,27.2,0,4.8,0,0,0,,,,,,,,,,,,,,,,2026-08-30 00:15:00+00:00,True,False,repeated_signature_60min_offline_full_run,2026-08-30 07:15:00+07:00,15.0,0.0,2026-08-30
1054,farm_gateway_s3:1788049800,2026-08-30T00:30:00Z,46264.3125,farm_gateway_s3,28.7,27.3,0,3.4,0,0,0,,,,,,,,,,,,,,,,2026-08-30 00:30:00+00:00,True,False,repeated_signature_60min_offline_full_run,2026-08-30 07:30:00+07:00,15.0,0.0,2026-08-30
1055,farm_gateway_s3:1788050700,2026-08-30T00:45:00Z,46264.322916666664,farm_gateway_s3,28.6,27.3,0,3.4,0,0,0,,,,,,,,,,,,,,,,2026-08-30 00:45:00+00:00,True,False,repeated_signature_60min_offline_full_run,2026-08-30 07:45:00+07:00,15.0,-0.09999999999999787,2026-08-30
1056,farm_gateway_s3:1788051600,2026-08-30T01:00:00Z,46264.333333333336,farm_gateway_s3,28.8,27.3,0,3.5,0,0,0,,,,,,,,,,,,,,,,2026-08-30 01:00:00+00:00,True,False,repeated_signature_60min_offline_full_run,2026-08-30 08:00:00+07:00,15.0,0.1999999999999993,2026-08-30
1057,farm_gateway_s3:1788052500,2026-08-30T01:15:00Z,46264.34375,farm_gateway_s3,28.4,27.4,0,3.5,0,0,0,,,,,,,,,,,,,,,,2026-08-30 01:15:00+00:00,True,False,repeated_signature_60min_offline_full_run,2026-08-30 08:15:00+07:00,15.0,-0.40000000000000213,2026-08-30
1058,farm_gateway_s3:1788053400,2026-08-30T01:30:00Z,46264.354166666664,farm_gateway_s3,28.6,27.4,0,3.5,0,0,0,,,,,,,,,,,,,,,,2026-08-30 01:30:00+00:00,True,False,repeated_signature_60min_offline_full_run,2026-08-30 08:30:00+07:00,15.0,0.20000000000000284,2026-08-30
1059,farm_gateway_s3:1788054300,2026-08-30T01:45:00Z,46264.364583333336,farm_gateway_s3,28.2,27.5,0,3.5,0,0,0,,,,,,,,,,,,,,,,2026-08-30 01:45:00+00:00,True,False,repeated_signature_60min_offline_full_run,2026-08-30 08:45:00+07:00,15.0,-0.40000000000000213,2026-08-30
1060,farm_gateway_s3:1788055200,2026-08-30T02:00:00Z,46264.375,farm_gateway_s3,28.1,27.5,0,3.5,0,0,0,,,,,,,,,,,,,,,,2026-08-30 02:00:00+00:00,True,False,repeated_signature_60min_offline_full_run,2026-08-30 09:00:00+07:00,15.0,-0.09999999999999787,2026-08-30
1061,farm_gateway_s3:1788056100,2026-08-30T02:15:00Z,46264.385416666664,farm_gateway_s3,28.1,27.6,0,3.5,0,0,0,,,,,,,,,,,,,,,,2026-08-30 02:15:00+00:00,True,False,repeated_signature_60min_offline_full_run,2026-08-30 09:15:00+07:00,15.0,0.0,2026-08-30
1062,farm_gateway_s3:1788057000,2026-08-30T02:30:00Z,46264.395833333336,farm_gateway_s3,28.0,27.6,0,3.5,0,0,0,,,,,,,,,,,,,,,,2026-08-30 02:30:00+00:00,True,False,repeated_signature_60min_offline_full_run,2026-08-30 09:30:00+07:00,15.0,-0.10000000000000142,2026-08-30
1063,farm_gateway_s3:1788057900,2026-08-30T02:45:00Z,46264.40625,farm_gateway_s3,28.0,27.6,0,3.5,0,0,0,,,,,,,,,,,,,,,,2026-08-30 02:45:00+00:00,True,False,repeated_signature_60min_offline_full_run,2026-08-30 09:45:00+07:00,15.0,0.0,2026-08-30
1064,farm_gateway_s3:1788058800,2026-08-30T03:00:00Z,46264.416666666664,farm_gateway_s3,28.0,27.7,0,3.5,0,0,0,,,,,,,,,,,,,,,,2026-08-30 03:00:00+00:00,True,False,repeated_signature_60min_offline_full_run,2026-08-30 10:00:00+07:00,15.0,0.0,2026-08-30
1065,farm_gateway_s3:1788059700,2026-08-30T03:15:00Z,46264.427083333336,farm_gateway_s3,28.0,27.8,0,3.5,0,0,0,,,,,,,,,,,,,,,,2026-08-30 03:15:00+00:00,True,False,repeated_signature_60min_offline_full_run,2026-08-30 10:15:00+07:00,15.0,0.0,2026-08-30
1066,farm_gateway_s3:1788060600,2026-08-30T03:30:00Z,46264.4375,farm_gateway_s3,27.9,27.8,0,3.5,0,0,0,,,,,,,,,,,,,,,,2026-08-30 03:30:00+00:00,True,False,repeated_signature_60min_offline_full_run,2026-08-30 10:30:00+07:00,15.0,-0.10000000000000142,2026-08-30
1067,farm_gateway_s3:1788061500,2026-08-30T03:45:00Z,46264.447916666664,farm_gateway_s3,27.9,27.9,0,3.5,0,0,0,,,,,,,,,,,,,,,,2026-08-30 03:45:00+00:00,True,False,repeated_signature_60min_offline_full_run,2026-08-30 10:45:00+07:00,15.0,0.0,2026-08-30
1068,farm_gateway_s3:1788062400,2026-08-30T04:00:00Z,46264.458333333336,farm_gateway_s3,27.8,27.9,0,3.6,0,0,0,,,,,,,,,,,,,,,,2026-08-30 04:00:00+00:00,True,False,repeated_signature_60min_offline_full_run,2026-08-30 11:00:00+07:00,15.0,-0.09999999999999787,2026-08-30
1069,farm_gateway_s3:1788063300,2026-08-30T04:15:00Z,46264.46875,farm_gateway_s3,27.8,28.0,0,3.6,0,0,0,,,,,,,,,,,,,,,,2026-08-30 04:15:00+00:00,True,False,repeated_signature_60min_offline_full_run,2026-08-30 11:15:00+07:00,15.0,0.0,2026-08-30
1070,farm_gateway_s3:1788064200,2026-08-30T04:30:00Z,46264.479166666664,farm_gateway_s3,27.8,28.0,0,3.5,0,0,0,,,,,,,,,,,,,,,,2026-08-30 04:30:00+00:00,True,False,repeated_signature_60min_offline_full_run,2026-08-30 11:30:00+07:00,15.0,0.0,2026-08-30
1071,farm_gateway_s3:1788065100,2026-08-30T04:45:00Z,46264.489583333336,farm_gateway_s3,27.8,28.1,0,3.6,0,0,0,,,,,,,,,,,,,,,,2026-08-30 04:45:00+00:00,True,False,repeated_signature_60min_offline_full_run,2026-08-30 11:45:00+07:00,15.0,0.0,2026-08-30
1072,farm_gateway_s3:1788066000,2026-08-30T05:00:00Z,46264.5,farm_gateway_s3,27.8,28.2,0,4.8,0,0,0,,,,,,,,,,,,,,,,2026-08-30 05:00:00+00:00,True,False,repeated_signature_60min_offline_full_run,2026-08-30 12:00:00+07:00,15.0,0.0,2026-08-30
1073,farm_gateway_s3:1788066900,2026-08-30T05:15:00Z,46264.510416666664,farm_gateway_s3,27.7,28.3,0,4.8,0,0,0,,,,,,,,,,,,,,,,2026-08-30 05:15:00+00:00,True,False,repeated_signature_60min_offline_full_run,2026-08-30 12:15:00+07:00,15.0,-0.10000000000000142,2026-08-30
1074,farm_gateway_s3:1788067800,2026-08-30T05:30:00Z,46264.520833333336,farm_gateway_s3,27.6,28.3,0,4.8,0,0,0,,,,,,,,,,,,,,,,2026-08-30 05:30:00+00:00,True,False,repeated_signature_60min_offline_full_run,2026-08-30 12:30:00+07:00,15.0,-0.09999999999999787,2026-08-30
1075,farm_gateway_s3:1788068700,2026-08-30T05:45:00Z,46264.53125,farm_gateway_s3,27.6,28.4,0,4.8,0,0,0,,,,,,,,,,,,,,,,2026-08-30 05:45:00+00:00,True,False,repeated_signature_60min_offline_full_run,2026-08-30 12:45:00+07:00,15.0,0.0,2026-08-30
1076,farm_gateway_s3:1788069600,2026-08-30T06:00:00Z,46264.541666666664,farm_gateway_s3,68.6,26.8,55,5.2,0,0,0,,,,,,,,,,,,,,,,2026-08-30 06:00:00+00:00,True,False,repeated_signature_60min_offline_full_run,2026-08-30 13:00:00+07:00,15.0,40.99999999999999,2026-08-30
1077,farm_gateway_s3:1788070500,2026-08-30T06:15:00Z,46264.552083333336,farm_gateway_s3,63.4,27.4,52,5.3,0,0,0,,,,,,,,,,,,,,,,2026-08-30 06:15:00+00:00,True,False,repeated_signature_60min_offline_full_run,2026-08-30 13:15:00+07:00,15.0,-5.199999999999996,2026-08-30
1078,farm_gateway_s3:1788071400,2026-08-30T06:30:00Z,46264.5625,farm_gateway_s3,58.8,27.6,48,3.9,0,0,0,,,,,,,,,,,,,,,,2026-08-30 06:30:00+00:00,True,False,repeated_signature_60min_offline_full_run,2026-08-30 13:30:00+07:00,15.0,-4.600000000000001,2026-08-30
1079,farm_gateway_s3:1788072300,2026-08-30T06:45:00Z,46264.572916666664,farm_gateway_s3,55.7,27.8,42,3.9,0,0,0,,,,,,,,,,,,,,,,2026-08-30 06:45:00+00:00,True,False,repeated_signature_60min_offline_full_run,2026-08-30 13:45:00+07:00,15.0,-3.0999999999999943,2026-08-30
1080,farm_gateway_s3:1788073200,2026-08-30T07:00:00Z,46264.583333333336,farm_gateway_s3,52.8,27.8,37,4.0,0,0,0,,,,,,,,,,,,,,,,2026-08-30 07:00:00+00:00,True,False,repeated_signature_60min_offline_full_run,2026-08-30 14:00:00+07:00,15.0,-2.9000000000000057,2026-08-30
1081,farm_gateway_s3:1788074100,2026-08-30T07:15:00Z,46264.59375,farm_gateway_s3,50.2,27.9,32,4.1,0,0,0,,,,,,,,,,,,,,,,2026-08-30 07:15:00+00:00,True,False,repeated_signature_60min_offline_full_run,2026-08-30 14:15:00+07:00,15.0,-2.5999999999999943,2026-08-30
1082,farm_gateway_s3:1788075000,2026-08-30T07:30:00Z,46264.604166666664,farm_gateway_s3,48.4,28.0,29,4.2,0,0,0,,,,,,,,,,,,,,,,2026-08-30 07:30:00+00:00,True,False,repeated_signature_60min_offline_full_run,2026-08-30 14:30:00+07:00,15.0,-1.8000000000000043,2026-08-30
1083,farm_gateway_s3:1788075900,2026-08-30T07:45:00Z,46264.614583333336,farm_gateway_s3,46.9,28.1,26,4.2,0,0,0,,,,,,,,,,,,,,,,2026-08-30 07:45:00+00:00,True,False,repeated_signature_60min_offline_full_run,2026-08-30 14:45:00+07:00,15.0,-1.5,2026-08-30
1084,farm_gateway_s3:1788076800,2026-08-30T08:00:00Z,46264.625,farm_gateway_s3,46.0,28.1,24,4.2,0,0,0,,,,,,,,,,,,,,,,2026-08-30 08:00:00+00:00,True,False,repeated_signature_60min_offline_full_run,2026-08-30 15:00:00+07:00,15.0,-0.8999999999999986,2026-08-30
1085,farm_gateway_s3:1788077700,2026-08-30T08:15:00Z,46264.635416666664,farm_gateway_s3,45.3,28.1,23,4.3,0,0,0,,,,,,,,,,,,,,,,2026-08-30 08:15:00+00:00,True,False,repeated_signature_60min_offline_full_run,2026-08-30 15:15:00+07:00,15.0,-0.7000000000000028,2026-08-30
1086,farm_gateway_s3:1788078600,2026-08-30T08:30:00Z,46264.645833333336,farm_gateway_s3,44.6,28.3,21,4.3,0,0,0,,,,,,,,,,,,,,,,2026-08-30 08:30:00+00:00,True,False,repeated_signature_60min_offline_full_run,2026-08-30 15:30:00+07:00,15.0,-0.6999999999999957,2026-08-30
1087,farm_gateway_s3:1788079500,2026-08-30T08:45:00Z,46264.65625,farm_gateway_s3,44.0,28.4,20,4.3,0,0,0,,,,,,,,,,,,,,,,2026-08-30 08:45:00+00:00,True,False,repeated_signature_60min_offline_full_run,2026-08-30 15:45:00+07:00,15.0,-0.6000000000000014,2026-08-30
1088,farm_gateway_s3:1788080400,2026-08-30T09:00:00Z,46264.666666666664,farm_gateway_s3,43.6,28.6,19,4.3,0,0,0,,,,,,,,,,,,,,,,2026-08-30 09:00:00+00:00,True,False,repeated_signature_60min_offline_full_run,2026-08-30 16:00:00+07:00,15.0,-0.3999999999999986,2026-08-30
1089,farm_gateway_s3:1788081300,2026-08-30T09:15:00Z,46264.677083333336,farm_gateway_s3,43.0,28.7,18,4.3,0,0,0,,,,,,,,,,,,,,,,2026-08-30 09:15:00+00:00,True,False,repeated_signature_60min_offline_full_run,2026-08-30 16:15:00+07:00,15.0,-0.6000000000000014,2026-08-30
1090,farm_gateway_s3:1788082200,2026-08-30T09:30:00Z,46264.6875,farm_gateway_s3,42.4,28.7,17,4.2,0,0,0,,,,,,,,,,,,,,,,2026-08-30 09:30:00+00:00,True,False,repeated_signature_60min_offline_full_run,2026-08-30 16:30:00+07:00,15.0,-0.6000000000000014,2026-08-30
1091,farm_gateway_s3:1788083100,2026-08-30T09:45:00Z,46264.697916666664,farm_gateway_s3,42.0,28.7,15,4.3,0,0,0,,,,,,,,,,,,,,,,2026-08-30 09:45:00+00:00,True,False,repeated_signature_60min_offline_full_run,2026-08-30 16:45:00+07:00,15.0,-0.3999999999999986,2026-08-30
1092,farm_gateway_s3:1788084000,2026-08-30T10:00:00Z,46264.708333333336,farm_gateway_s3,41.5,28.8,14,4.3,0,0,0,,,,,,,,,,,,,,,,2026-08-30 10:00:00+00:00,True,False,repeated_signature_60min_offline_full_run,2026-08-30 17:00:00+07:00,15.0,-0.5,2026-08-30
1093,farm_gateway_s3:1788084900,2026-08-30T10:15:00Z,46264.71875,farm_gateway_s3,41.0,28.8,13,4.3,0,0,0,,,,,,,,,,,,,,,,2026-08-30 10:15:00+00:00,True,False,repeated_signature_60min_offline_full_run,2026-08-30 17:15:00+07:00,15.0,-0.5,2026-08-30
1094,farm_gateway_s3:1788085800,2026-08-30T10:30:00Z,46264.729166666664,farm_gateway_s3,40.7,28.8,11,4.3,0,0,0,,,,,,,,,,,,,,,,2026-08-30 10:30:00+00:00,True,False,repeated_signature_60min_offline_full_run,2026-08-30 17:30:00+07:00,15.0,-0.29999999999999716,2026-08-30
1095,farm_gateway_s3:1788086700,2026-08-30T10:45:00Z,46264.739583333336,farm_gateway_s3,40.3,28.7,10,4.3,0,0,0,,,,,,,,,,,,,,,,2026-08-30 10:45:00+00:00,True,False,repeated_signature_60min_offline_full_run,2026-08-30 17:45:00+07:00,15.0,-0.4000000000000057,2026-08-30
1096,farm_gateway_s3:1788087600,2026-08-30T11:00:00Z,46264.75,farm_gateway_s3,39.8,28.7,8,4.3,0,0,0,,,,,,,,,,,,,,,,2026-08-30 11:00:00+00:00,True,False,repeated_signature_60min_offline_full_run,2026-08-30 18:00:00+07:00,15.0,-0.5,2026-08-30
1097,farm_gateway_s3:1788088500,2026-08-30T11:15:00Z,46264.760416666664,farm_gateway_s3,39.5,28.6,7,4.3,0,0,0,,,,,,,,,,,,,,,,2026-08-30 11:15:00+00:00,False,True,,2026-08-30 18:15:00+07:00,15.0,-0.29999999999999716,2026-08-30
1098,farm_gateway_s3:1788089400,2026-08-30T11:30:00Z,46264.770833333336,farm_gateway_s3,39.2,28.6,6,4.3,0,0,0,,,,,,,,,,,,,,,,2026-08-30 11:30:00+00:00,True,False,repeated_signature_60min_offline_full_run,2026-08-30 18:30:00+07:00,15.0,-0.29999999999999716,2026-08-30
1099,farm_gateway_s3:1788090300,2026-08-30T11:45:00Z,46264.78125,farm_gateway_s3,38.5,28.4,5,4.2,0,0,0,,,,,,,,,,,,,,,,2026-08-30 11:45:00+00:00,True,False,repeated_signature_60min_offline_full_run,2026-08-30 18:45:00+07:00,15.0,-0.7000000000000028,2026-08-30
1100,farm_gateway_s3:1788091200,2026-08-30T12:00:00Z,46264.791666666664,farm_gateway_s3,38.2,28.4,3,4.2,0,0,0,,,,,,,,,,,,,,,,2026-08-30 12:00:00+00:00,True,False,repeated_signature_60min_offline_full_run,2026-08-30 19:00:00+07:00,15.0,-0.29999999999999716,2026-08-30
1101,farm_gateway_s3:1788092100,2026-08-30T12:15:00Z,46264.802083333336,farm_gateway_s3,37.8,28.3,2,5.5,0,0,0,,,,,,,,,,,,,,,,2026-08-30 12:15:00+00:00,True,False,repeated_signature_60min_offline_full_run,2026-08-30 19:15:00+07:00,15.0,-0.4000000000000057,2026-08-30
1102,farm_gateway_s3:1788093000,2026-08-30T12:30:00Z,46264.8125,farm_gateway_s3,37.6,28.2,1,4.2,0,0,0,,,,,,,,,,,,,,,,2026-08-30 12:30:00+00:00,True,False,repeated_signature_60min_offline_full_run,2026-08-30 19:30:00+07:00,15.0,-0.19999999999999574,2026-08-30
1103,farm_gateway_s3:1788093900,2026-08-30T12:45:00Z,46264.822916666664,farm_gateway_s3,37.2,28.2,0,4.2,0,0,0,,,,,,,,,,,,,,,,2026-08-30 12:45:00+00:00,True,False,repeated_signature_60min_offline_full_run,2026-08-30 19:45:00+07:00,15.0,-0.3999999999999986,2026-08-30
1104,farm_gateway_s3:1788094800,2026-08-30T13:00:00Z,46264.833333333336,farm_gateway_s3,37.0,28.1,0,4.2,0,0,0,,,,,,,,,,,,,,,,2026-08-30 13:00:00+00:00,True,False,repeated_signature_60min_offline_full_run,2026-08-30 20:00:00+07:00,15.0,-0.20000000000000284,2026-08-30
1105,farm_gateway_s3:1788095700,2026-08-30T13:15:00Z,46264.84375,farm_gateway_s3,36.8,28.1,0,4.2,0,0,0,,,,,,,,,,,,,,,,2026-08-30 13:15:00+00:00,True,False,repeated_signature_60min_offline_full_run,2026-08-30 20:15:00+07:00,15.0,-0.20000000000000284,2026-08-30
1106,farm_gateway_s3:1788096600,2026-08-30T13:30:00Z,46264.854166666664,farm_gateway_s3,36.4,28.0,0,4.2,0,0,0,,,,,,,,,,,,,,,,2026-08-30 13:30:00+00:00,True,False,repeated_signature_60min_offline_full_run,2026-08-30 20:30:00+07:00,15.0,-0.3999999999999986,2026-08-30
1107,farm_gateway_s3:1788097500,2026-08-30T13:45:00Z,46264.864583333336,farm_gateway_s3,36.1,27.9,0,4.2,0,0,0,,,,,,,,,,,,,,,,2026-08-30 13:45:00+00:00,True,False,repeated_signature_60min_offline_full_run,2026-08-30 20:45:00+07:00,15.0,-0.29999999999999716,2026-08-30
1108,farm_gateway_s3:1788098400,2026-08-30T14:00:00Z,46264.875,farm_gateway_s3,36.1,27.9,0,4.2,0,0,0,,,,,,,,,,,,,,,,2026-08-30 14:00:00+00:00,True,False,repeated_signature_60min_offline_full_run,2026-08-30 21:00:00+07:00,15.0,0.0,2026-08-30
1109,farm_gateway_s3:1788099300,2026-08-30T14:15:00Z,46264.885416666664,farm_gateway_s3,35.9,27.8,0,4.3,0,0,0,,,,,,,,,,,,,,,,2026-08-30 14:15:00+00:00,True,False,repeated_signature_60min_offline_full_run,2026-08-30 21:15:00+07:00,15.0,-0.20000000000000284,2026-08-30
1110,farm_gateway_s3:1788100200,2026-08-30T14:30:00Z,46264.895833333336,farm_gateway_s3,35.6,27.8,0,4.2,0,0,0,,,,,,,,,,,,,,,,2026-08-30 14:30:00+00:00,True,False,repeated_signature_60min_offline_full_run,2026-08-30 21:30:00+07:00,15.0,-0.29999999999999716,2026-08-30
1111,farm_gateway_s3:1788101100,2026-08-30T14:45:00Z,46264.90625,farm_gateway_s3,35.6,27.8,0,4.2,0,0,0,,,,,,,,,,,,,,,,2026-08-30 14:45:00+00:00,True,False,repeated_signature_60min_offline_full_run,2026-08-30 21:45:00+07:00,15.0,0.0,2026-08-30
1112,farm_gateway_s3:1788102000,2026-08-30T15:00:00Z,46264.916666666664,farm_gateway_s3,35.3,27.7,0,4.2,0,0,0,,,,,,,,,,,,,,,,2026-08-30 15:00:00+00:00,True,False,repeated_signature_60min_offline_full_run,2026-08-30 22:00:00+07:00,15.0,-0.30000000000000426,2026-08-30
1113,farm_gateway_s3:1788102900,2026-08-30T15:15:00Z,46264.927083333336,farm_gateway_s3,35.0,27.7,0,4.2,0,0,0,,,,,,,,,,,,,,,,2026-08-30 15:15:00+00:00,True,False,repeated_signature_60min_offline_full_run,2026-08-30 22:15:00+07:00,15.0,-0.29999999999999716,2026-08-30
1114,farm_gateway_s3:1788103800,2026-08-30T15:30:00Z,46264.9375,farm_gateway_s3,34.9,27.6,0,4.2,0,0,0,,,,,,,,,,,,,,,,2026-08-30 15:30:00+00:00,True,False,repeated_signature_60min_offline_full_run,2026-08-30 22:30:00+07:00,15.0,-0.10000000000000142,2026-08-30
1115,farm_gateway_s3:1788104700,2026-08-30T15:45:00Z,46264.947916666664,farm_gateway_s3,34.8,27.6,0,4.2,0,0,0,,,,,,,,,,,,,,,,2026-08-30 15:45:00+00:00,True,False,repeated_signature_60min_offline_full_run,2026-08-30 22:45:00+07:00,15.0,-0.10000000000000142,2026-08-30
1116,farm_gateway_s3:1788105600,2026-08-30T16:00:00Z,46264.958333333336,farm_gateway_s3,34.6,27.6,0,4.2,0,0,0,,,,,,,,,,,,,,,,2026-08-30 16:00:00+00:00,True,False,repeated_signature_60min_offline_full_run,2026-08-30 23:00:00+07:00,15.0,-0.19999999999999574,2026-08-30
1117,farm_gateway_s3:1788106500,2026-08-30T16:15:00Z,46264.96875,farm_gateway_s3,34.5,27.5,0,4.2,0,0,0,,,,,,,,,,,,,,,,2026-08-30 16:15:00+00:00,True,False,repeated_signature_60min_offline_full_run,2026-08-30 23:15:00+07:00,15.0,-0.10000000000000142,2026-08-30
1118,farm_gateway_s3:1788107400,2026-08-30T16:30:00Z,46264.979166666664,farm_gateway_s3,34.3,27.5,0,4.2,0,0,0,,,,,,,,,,,,,,,,2026-08-30 16:30:00+00:00,True,False,repeated_signature_60min_offline_full_run,2026-08-30 23:30:00+07:00,15.0,-0.20000000000000284,2026-08-30
1119,farm_gateway_s3:1788108300,2026-08-30T16:45:00Z,46264.989583333336,farm_gateway_s3,34.2,27.5,0,4.2,0,0,0,,,,,,,,,,,,,,,,2026-08-30 16:45:00+00:00,True,False,repeated_signature_60min_offline_full_run,2026-08-30 23:45:00+07:00,15.0,-0.09999999999999432,2026-08-30
1120,farm_gateway_s3:1788109200,2026-08-30T17:00:00Z,46265.0,farm_gateway_s3,34.1,27.4,0,4.1,0,0,0,,,,,,,,,,,,,,,,2026-08-30 17:00:00+00:00,True,False,repeated_signature_60min_offline_full_run,2026-08-31 00:00:00+07:00,15.0,-0.10000000000000142,2026-08-31
1121,farm_gateway_s3:1788110100,2026-08-30T17:15:00Z,46265.010416666664,farm_gateway_s3,33.9,27.4,0,4.1,0,0,0,,,,,,,,,,,,,,,,2026-08-30 17:15:00+00:00,True,False,repeated_signature_60min_offline_full_run,2026-08-31 00:15:00+07:00,15.0,-0.20000000000000284,2026-08-31
1122,farm_gateway_s3:1788111000,2026-08-30T17:30:00Z,46265.020833333336,farm_gateway_s3,33.8,27.4,0,4.1,0,0,0,,,,,,,,,,,,,,,,2026-08-30 17:30:00+00:00,True,False,repeated_signature_60min_offline_full_run,2026-08-31 00:30:00+07:00,15.0,-0.10000000000000142,2026-08-31
1123,farm_gateway_s3:1788111900,2026-08-30T17:45:00Z,46265.03125,farm_gateway_s3,33.8,27.4,0,4.1,0,0,0,,,,,,,,,,,,,,,,2026-08-30 17:45:00+00:00,True,False,repeated_signature_60min_offline_full_run,2026-08-31 00:45:00+07:00,15.0,0.0,2026-08-31
1124,farm_gateway_s3:1788112800,2026-08-30T18:00:00Z,46265.041666666664,farm_gateway_s3,33.5,27.4,0,4.1,0,0,0,,,,,,,,,,,,,,,,2026-08-30 18:00:00+00:00,True,False,repeated_signature_60min_offline_full_run,2026-08-31 01:00:00+07:00,15.0,-0.29999999999999716,2026-08-31
1125,farm_gateway_s3:1788113700,2026-08-30T18:15:00Z,46265.052083333336,farm_gateway_s3,33.4,27.4,0,4.1,0,0,0,,,,,,,,,,,,,,,,2026-08-30 18:15:00+00:00,True,False,repeated_signature_60min_offline_full_run,2026-08-31 01:15:00+07:00,15.0,-0.10000000000000142,2026-08-31
1126,farm_gateway_s3:1788114600,2026-08-30T18:30:00Z,46265.0625,farm_gateway_s3,33.2,27.3,0,4.1,0,0,0,,,,,,,,,,,,,,,,2026-08-30 18:30:00+00:00,True,False,repeated_signature_60min_offline_full_run,2026-08-31 01:30:00+07:00,15.0,-0.19999999999999574,2026-08-31
1127,farm_gateway_s3:1788115500,2026-08-30T18:45:00Z,46265.072916666664,farm_gateway_s3,33.2,27.3,0,4.1,0,0,0,,,,,,,,,,,,,,,,2026-08-30 18:45:00+00:00,True,False,repeated_signature_60min_offline_full_run,2026-08-31 01:45:00+07:00,15.0,0.0,2026-08-31
1128,farm_gateway_s3:1788116400,2026-08-30T19:00:00Z,46265.083333333336,farm_gateway_s3,33.0,27.3,0,4.1,0,0,0,,,,,,,,,,,,,,,,2026-08-30 19:00:00+00:00,True,False,repeated_signature_60min_offline_full_run,2026-08-31 02:00:00+07:00,15.0,-0.20000000000000284,2026-08-31
1129,farm_gateway_s3:1788117300,2026-08-30T19:15:00Z,46265.09375,farm_gateway_s3,32.8,27.3,0,4.1,0,0,0,,,,,,,,,,,,,,,,2026-08-30 19:15:00+00:00,True,False,repeated_signature_60min_offline_full_run,2026-08-31 02:15:00+07:00,15.0,-0.20000000000000284,2026-08-31
1130,farm_gateway_s3:1788118200,2026-08-30T19:30:00Z,46265.104166666664,farm_gateway_s3,32.8,27.2,0,4.1,0,0,0,,,,,,,,,,,,,,,,2026-08-30 19:30:00+00:00,True,False,repeated_signature_60min_offline_full_run,2026-08-31 02:30:00+07:00,15.0,0.0,2026-08-31
1131,farm_gateway_s3:1788119100,2026-08-30T19:45:00Z,46265.114583333336,farm_gateway_s3,32.7,27.2,0,4.1,0,0,0,,,,,,,,,,,,,,,,2026-08-30 19:45:00+00:00,True,False,repeated_signature_60min_offline_full_run,2026-08-31 02:45:00+07:00,15.0,-0.09999999999999432,2026-08-31
1132,farm_gateway_s3:1788120000,2026-08-30T20:00:00Z,46265.125,farm_gateway_s3,32.7,27.2,0,4.1,0,0,0,,,,,,,,,,,,,,,,2026-08-30 20:00:00+00:00,True,False,repeated_signature_60min_offline_full_run,2026-08-31 03:00:00+07:00,15.0,0.0,2026-08-31
1133,farm_gateway_s3:1788120900,2026-08-30T20:15:00Z,46265.135416666664,farm_gateway_s3,32.6,27.2,0,4.1,0,0,0,,,,,,,,,,,,,,,,2026-08-30 20:15:00+00:00,True,False,repeated_signature_60min_offline_full_run,2026-08-31 03:15:00+07:00,15.0,-0.10000000000000142,2026-08-31
1134,farm_gateway_s3:1788121800,2026-08-30T20:30:00Z,46265.145833333336,farm_gateway_s3,32.4,27.2,0,4.1,0,0,0,,,,,,,,,,,,,,,,2026-08-30 20:30:00+00:00,True,False,repeated_signature_60min_offline_full_run,2026-08-31 03:30:00+07:00,15.0,-0.20000000000000284,2026-08-31
1135,farm_gateway_s3:1788122700,2026-08-30T20:45:00Z,46265.15625,farm_gateway_s3,32.3,27.2,0,4.1,0,0,0,,,,,,,,,,,,,,,,2026-08-30 20:45:00+00:00,True,False,repeated_signature_60min_offline_full_run,2026-08-31 03:45:00+07:00,15.0,-0.10000000000000142,2026-08-31
1136,farm_gateway_s3:1788132600,2026-08-30T23:30:00Z,46265.270833333336,farm_gateway_s3,31.2,27.1,0,4.1,0,0,0,,,,,,,,,,,,,,,,2026-08-30 23:30:00+00:00,True,False,repeated_signature_60min_offline_full_run,2026-08-31 06:30:00+07:00,165.0,,2026-08-31
1137,farm_gateway_s3:1788133500,2026-08-30T23:45:00Z,46265.28125,farm_gateway_s3,31.2,27.1,0,4.1,0,0,0,,,,,,,,,,,,,,,,2026-08-30 23:45:00+00:00,True,False,repeated_signature_60min_offline_full_run,2026-08-31 06:45:00+07:00,15.0,0.0,2026-08-31
1138,farm_gateway_s3:1788134400,2026-08-31T00:00:00Z,46265.291666666664,farm_gateway_s3,31.0,27.0,0,4.0,0,0,0,,,,,,,,,,,,,,,,2026-08-31 00:00:00+00:00,True,False,repeated_signature_60min_offline_full_run,2026-08-31 07:00:00+07:00,15.0,-0.1999999999999993,2026-08-31
1139,farm_gateway_s3:1788135300,2026-08-31T00:15:00Z,46265.302083333336,farm_gateway_s3,31.0,27.1,0,4.0,0,0,0,,,,,,,,,,,,,,,,2026-08-31 00:15:00+00:00,True,False,repeated_signature_60min_offline_full_run,2026-08-31 07:15:00+07:00,15.0,0.0,2026-08-31
1140,farm_gateway_s3:1788136200,2026-08-31T00:30:00Z,46265.3125,farm_gateway_s3,30.9,27.1,0,4.0,0,0,0,,,,,,,,,,,,,,,,2026-08-31 00:30:00+00:00,True,False,repeated_signature_60min_offline_full_run,2026-08-31 07:30:00+07:00,15.0,-0.10000000000000142,2026-08-31
1141,farm_gateway_s3:1788137100,2026-08-31T00:45:00Z,46265.322916666664,farm_gateway_s3,30.9,27.1,0,4.0,0,0,0,,,,,,,,,,,,,,,,2026-08-31 00:45:00+00:00,True,False,repeated_signature_60min_offline_full_run,2026-08-31 07:45:00+07:00,15.0,0.0,2026-08-31
1142,farm_gateway_s3:1788138000,2026-08-31T01:00:00Z,46265.333333333336,farm_gateway_s3,30.9,27.1,0,4.1,0,0,0,,,,,,,,,,,,,,,,2026-08-31 01:00:00+00:00,True,False,repeated_signature_60min_offline_full_run,2026-08-31 08:00:00+07:00,15.0,0.0,2026-08-31
1143,farm_gateway_s3:1788138900,2026-08-31T01:15:00Z,46265.34375,farm_gateway_s3,30.8,27.2,0,4.1,0,0,0,,,,,,,,,,,,,,,,2026-08-31 01:15:00+00:00,True,False,repeated_signature_60min_offline_full_run,2026-08-31 08:15:00+07:00,15.0,-0.09999999999999787,2026-08-31
1144,farm_gateway_s3:1788139800,2026-08-31T01:30:00Z,46265.354166666664,farm_gateway_s3,30.8,27.3,0,4.1,0,0,0,,,,,,,,,,,,,,,,2026-08-31 01:30:00+00:00,True,False,repeated_signature_60min_offline_full_run,2026-08-31 08:30:00+07:00,15.0,0.0,2026-08-31
1145,farm_gateway_s3:1788140700,2026-08-31T01:45:00Z,46265.364583333336,farm_gateway_s3,30.6,27.3,0,4.0,0,0,0,,,,,,,,,,,,,,,,2026-08-31 01:45:00+00:00,True,False,repeated_signature_60min_offline_full_run,2026-08-31 08:45:00+07:00,15.0,-0.1999999999999993,2026-08-31
1146,farm_gateway_s3:1788141600,2026-08-31T02:00:00Z,46265.375,farm_gateway_s3,30.5,27.4,0,4.1,0,0,0,,,,,,,,,,,,,,,,2026-08-31 02:00:00+00:00,True,False,repeated_signature_60min_offline_full_run,2026-08-31 09:00:00+07:00,15.0,-0.10000000000000142,2026-08-31
1147,farm_gateway_s3:1788142500,2026-08-31T02:15:00Z,46265.385416666664,farm_gateway_s3,30.4,27.4,0,4.1,0,0,0,,,,,,,,,,,,,,,,2026-08-31 02:15:00+00:00,True,False,repeated_signature_60min_offline_full_run,2026-08-31 09:15:00+07:00,15.0,-0.10000000000000142,2026-08-31
1148,farm_gateway_s3:1788143400,2026-08-31T02:30:00Z,46265.395833333336,farm_gateway_s3,30.2,27.5,0,4.0,0,0,0,,,,,,,,,,,,,,,,2026-08-31 02:30:00+00:00,True,False,repeated_signature_60min_offline_full_run,2026-08-31 09:30:00+07:00,15.0,-0.1999999999999993,2026-08-31
1149,farm_gateway_s3:1788144300,2026-08-31T02:45:00Z,46265.40625,farm_gateway_s3,30.1,27.6,0,4.1,0,0,0,,,,,,,,,,,,,,,,2026-08-31 02:45:00+00:00,True,False,repeated_signature_60min_offline_full_run,2026-08-31 09:45:00+07:00,15.0,-0.09999999999999787,2026-08-31
1150,farm_gateway_s3:1788145200,2026-08-31T03:00:00Z,46265.416666666664,farm_gateway_s3,29.9,27.6,0,4.1,0,0,0,,,,,,,,,,,,,,,,2026-08-31 03:00:00+00:00,True,False,repeated_signature_60min_offline_full_run,2026-08-31 10:00:00+07:00,15.0,-0.20000000000000284,2026-08-31
1151,farm_gateway_s3:1788146100,2026-08-31T03:15:00Z,46265.427083333336,farm_gateway_s3,29.8,27.7,0,4.1,0,0,0,,,,,,,,,,,,,,,,2026-08-31 03:15:00+00:00,True,False,repeated_signature_60min_offline_full_run,2026-08-31 10:15:00+07:00,15.0,-0.09999999999999787,2026-08-31
1152,farm_gateway_s3:1788147000,2026-08-31T03:30:00Z,46265.4375,farm_gateway_s3,29.7,27.8,0,4.0,0,0,0,,,,,,,,,,,,,,,,2026-08-31 03:30:00+00:00,True,False,repeated_signature_60min_offline_full_run,2026-08-31 10:30:00+07:00,15.0,-0.10000000000000142,2026-08-31
1153,farm_gateway_s3:1788147900,2026-08-31T03:45:00Z,46265.447916666664,farm_gateway_s3,29.5,27.8,0,4.0,0,0,0,,,,,,,,,,,,,,,,2026-08-31 03:45:00+00:00,True,False,repeated_signature_60min_offline_full_run,2026-08-31 10:45:00+07:00,15.0,-0.1999999999999993,2026-08-31
1154,farm_gateway_s3:1788148800,2026-08-31T04:00:00Z,46265.458333333336,farm_gateway_s3,29.4,27.9,0,4.1,0,0,0,,,,,,,,,,,,,,,,2026-08-31 04:00:00+00:00,True,False,repeated_signature_60min_offline_full_run,2026-08-31 11:00:00+07:00,15.0,-0.10000000000000142,2026-08-31
1155,farm_gateway_s3:1788149700,2026-08-31T04:15:00Z,46265.46875,farm_gateway_s3,29.3,27.9,0,4.0,0,0,0,,,,,,,,,,,,,,,,2026-08-31 04:15:00+00:00,True,False,repeated_signature_60min_offline_full_run,2026-08-31 11:15:00+07:00,15.0,-0.09999999999999787,2026-08-31
1156,farm_gateway_s3:1788150600,2026-08-31T04:30:00Z,46265.479166666664,farm_gateway_s3,29.0,28.0,0,4.1,0,0,0,,,,,,,,,,,,,,,,2026-08-31 04:30:00+00:00,True,False,repeated_signature_60min_offline_full_run,2026-08-31 11:30:00+07:00,15.0,-0.3000000000000007,2026-08-31
1157,farm_gateway_s3:1788151500,2026-08-31T04:45:00Z,46265.489583333336,farm_gateway_s3,29.0,28.0,0,4.0,0,0,0,,,,,,,,,,,,,,,,2026-08-31 04:45:00+00:00,True,False,repeated_signature_60min_offline_full_run,2026-08-31 11:45:00+07:00,15.0,0.0,2026-08-31
1158,farm_gateway_s3:1788152400,2026-08-31T05:00:00Z,46265.5,farm_gateway_s3,28.8,28.0,0,4.1,0,0,0,,,,,,,,,,,,,,,,2026-08-31 05:00:00+00:00,True,False,repeated_signature_60min_offline_full_run,2026-08-31 12:00:00+07:00,15.0,-0.1999999999999993,2026-08-31
1159,farm_gateway_s3:1788153300,2026-08-31T05:15:00Z,46265.510416666664,farm_gateway_s3,28.7,28.1,0,4.0,0,0,0,,,,,,,,,,,,,,,,2026-08-31 05:15:00+00:00,True,False,repeated_signature_60min_offline_full_run,2026-08-31 12:15:00+07:00,15.0,-0.10000000000000142,2026-08-31
1160,farm_gateway_s3:1788154200,2026-08-31T05:30:00Z,46265.520833333336,farm_gateway_s3,28.6,28.1,0,4.0,0,0,0,,,,,,,,,,,,,,,,2026-08-31 05:30:00+00:00,True,False,repeated_signature_60min_offline_full_run,2026-08-31 12:30:00+07:00,15.0,-0.09999999999999787,2026-08-31
1161,farm_gateway_s3:1788155100,2026-08-31T05:45:00Z,46265.53125,farm_gateway_s3,28.4,28.1,0,4.0,0,0,0,,,,,,,,,,,,,,,,2026-08-31 05:45:00+00:00,True,False,repeated_signature_60min_offline_full_run,2026-08-31 12:45:00+07:00,15.0,-0.20000000000000284,2026-08-31
1162,farm_gateway_s3:1788156000,2026-08-31T06:00:00Z,46265.541666666664,farm_gateway_s3,28.4,28.1,0,4.0,0,0,0,,,,,,,,,,,,,,,,2026-08-31 06:00:00+00:00,True,False,repeated_signature_60min_offline_full_run,2026-08-31 13:00:00+07:00,15.0,0.0,2026-08-31
1163,farm_gateway_s3:1788156900,2026-08-31T06:15:00Z,46265.552083333336,farm_gateway_s3,28.3,28.1,0,4.0,0,0,0,,,,,,,,,,,,,,,,2026-08-31 06:15:00+00:00,True,False,repeated_signature_60min_offline_full_run,2026-08-31 13:15:00+07:00,15.0,-0.09999999999999787,2026-08-31
1164,farm_gateway_s3:1788157800,2026-08-31T06:30:00Z,46265.5625,farm_gateway_s3,28.2,28.1,0,4.0,0,0,0,,,,,,,,,,,,,,,,2026-08-31 06:30:00+00:00,True,False,repeated_signature_60min_offline_full_run,2026-08-31 13:30:00+07:00,15.0,-0.10000000000000142,2026-08-31
1165,farm_gateway_s3:1788158700,2026-08-31T06:45:00Z,46265.572916666664,farm_gateway_s3,28.2,28.1,0,4.0,0,0,0,,,,,,,,,,,,,,,,2026-08-31 06:45:00+00:00,True,False,repeated_signature_60min_offline_full_run,2026-08-31 13:45:00+07:00,15.0,0.0,2026-08-31
1166,farm_gateway_s3:1788159600,2026-08-31T07:00:00Z,46265.583333333336,farm_gateway_s3,28.1,28.1,0,4.0,0,0,0,,,,,,,,,,,,,,,,2026-08-31 07:00:00+00:00,True,False,repeated_signature_60min_offline_full_run,2026-08-31 14:00:00+07:00,15.0,-0.09999999999999787,2026-08-31
1167,farm_gateway_s3:1788160500,2026-08-31T07:15:00Z,46265.59375,farm_gateway_s3,28.0,28.1,0,4.0,0,0,0,,,,,,,,,,,,,,,,2026-08-31 07:15:00+00:00,True,False,repeated_signature_60min_offline_full_run,2026-08-31 14:15:00+07:00,15.0,-0.10000000000000142,2026-08-31
1168,farm_gateway_s3:1788161400,2026-08-31T07:30:00Z,46265.604166666664,farm_gateway_s3,28.0,28.1,0,4.0,0,0,0,,,,,,,,,,,,,,,,2026-08-31 07:30:00+00:00,False,True,,2026-08-31 14:30:00+07:00,15.0,0.0,2026-08-31
1169,farm_gateway_s3:1788162300,2026-08-31T07:45:00Z,46265.614583333336,farm_gateway_s3,28.0,28.1,0,4.0,0,0,0,,,,,,,,,,,,,,,,2026-08-31 07:45:00+00:00,True,False,repeated_signature_60min_offline_full_run,2026-08-31 14:45:00+07:00,15.0,0.0,2026-08-31
1170,farm_gateway_s3:1788163200,2026-08-31T08:00:00Z,46265.625,farm_gateway_s3,28.0,28.1,0,4.0,0,0,0,,,,,,,,,,,,,,,,2026-08-31 08:00:00+00:00,True,False,repeated_signature_60min_offline_full_run,2026-08-31 15:00:00+07:00,15.0,0.0,2026-08-31
1171,farm_gateway_s3:1788164100,2026-08-31T08:15:00Z,46265.635416666664,farm_gateway_s3,28.0,28.1,0,3.9,0,0,0,,,,,,,,,,,,,,,,2026-08-31 08:15:00+00:00,True,False,repeated_signature_60min_offline_full_run,2026-08-31 15:15:00+07:00,15.0,0.0,2026-08-31
1172,farm_gateway_s3:1788165000,2026-08-31T08:30:00Z,46265.645833333336,farm_gateway_s3,27.9,28.1,0,3.9,0,0,0,,,,,,,,,,,,,,,,2026-08-31 08:30:00+00:00,True,False,repeated_signature_60min_offline_full_run,2026-08-31 15:30:00+07:00,15.0,-0.10000000000000142,2026-08-31
1173,farm_gateway_s3:1788165900,2026-08-31T08:45:00Z,46265.65625,farm_gateway_s3,27.8,28.1,0,4.0,0,0,0,,,,,,,,,,,,,,,,2026-08-31 08:45:00+00:00,True,False,repeated_signature_60min_offline_full_run,2026-08-31 15:45:00+07:00,15.0,-0.09999999999999787,2026-08-31
1174,farm_gateway_s3:1788166800,2026-08-31T09:00:00Z,46265.666666666664,farm_gateway_s3,27.9,28.2,0,4.0,0,0,0,,,,,,,,,,,,,,,,2026-08-31 09:00:00+00:00,True,False,repeated_signature_60min_offline_full_run,2026-08-31 16:00:00+07:00,15.0,0.09999999999999787,2026-08-31
1175,farm_gateway_s3:1788167700,2026-08-31T09:15:00Z,46265.677083333336,farm_gateway_s3,27.9,28.4,0,4.0,0,0,0,,,,,,,,,,,,,,,,2026-08-31 09:15:00+00:00,True,False,repeated_signature_60min_offline_full_run,2026-08-31 16:15:00+07:00,15.0,0.0,2026-08-31
1176,farm_gateway_s3:1788168600,2026-08-31T09:30:00Z,46265.6875,farm_gateway_s3,27.9,28.5,0,3.9,0,0,0,,,,,,,,,,,,,,,,2026-08-31 09:30:00+00:00,True,False,repeated_signature_60min_offline_full_run,2026-08-31 16:30:00+07:00,15.0,0.0,2026-08-31
1177,farm_gateway_s3:1788169500,2026-08-31T09:45:00Z,46265.697916666664,farm_gateway_s3,27.8,28.6,0,3.8,0,0,0,,,,,,,,,,,,,,,,2026-08-31 09:45:00+00:00,True,False,repeated_signature_60min_offline_full_run,2026-08-31 16:45:00+07:00,15.0,-0.09999999999999787,2026-08-31
1178,farm_gateway_s3:1788170400,2026-08-31T10:00:00Z,46265.708333333336,farm_gateway_s3,27.8,28.7,0,3.7,0,0,0,,,,,,,,,,,,,,,,2026-08-31 10:00:00+00:00,True,False,repeated_signature_60min_offline_full_run,2026-08-31 17:00:00+07:00,15.0,0.0,2026-08-31
1179,farm_gateway_s3:1788171300,2026-08-31T10:15:00Z,46265.71875,farm_gateway_s3,27.7,28.7,0,3.6,0,0,0,,,,,,,,,,,,,,,,2026-08-31 10:15:00+00:00,True,False,repeated_signature_60min_offline_full_run,2026-08-31 17:15:00+07:00,15.0,-0.10000000000000142,2026-08-31
1180,farm_gateway_s3:1788172200,2026-08-31T10:30:00Z,46265.729166666664,farm_gateway_s3,27.7,28.6,0,3.5,0,0,0,,,,,,,,,,,,,,,,2026-08-31 10:30:00+00:00,True,False,repeated_signature_60min_offline_full_run,2026-08-31 17:30:00+07:00,15.0,0.0,2026-08-31
1181,farm_gateway_s3:1788173100,2026-08-31T10:45:00Z,46265.739583333336,farm_gateway_s3,27.6,28.6,0,3.5,0,0,0,,,,,,,,,,,,,,,,2026-08-31 10:45:00+00:00,True,False,repeated_signature_60min_offline_full_run,2026-08-31 17:45:00+07:00,15.0,-0.09999999999999787,2026-08-31
1182,farm_gateway_s3:1788174000,2026-08-31T11:00:00Z,46265.75,farm_gateway_s3,27.6,28.5,0,3.5,0,0,0,,,,,,,,,,,,,,,,2026-08-31 11:00:00+00:00,True,False,repeated_signature_60min_offline_full_run,2026-08-31 18:00:00+07:00,15.0,0.0,2026-08-31
1183,farm_gateway_s3:1788174900,2026-08-31T11:15:00Z,46265.760416666664,farm_gateway_s3,27.6,28.4,0,3.5,0,0,0,,,,,,,,,,,,,,,,2026-08-31 11:15:00+00:00,True,False,repeated_signature_60min_offline_full_run,2026-08-31 18:15:00+07:00,15.0,0.0,2026-08-31
1184,farm_gateway_s3:1788175800,2026-08-31T11:30:00Z,46265.770833333336,farm_gateway_s3,27.5,28.4,0,3.5,0,0,0,,,,,,,,,,,,,,,,2026-08-31 11:30:00+00:00,True,False,repeated_signature_60min_offline_full_run,2026-08-31 18:30:00+07:00,15.0,-0.10000000000000142,2026-08-31
1185,farm_gateway_s3:1788176700,2026-08-31T11:45:00Z,46265.78125,farm_gateway_s3,27.5,28.3,0,3.5,0,0,0,,,,,,,,,,,,,,,,2026-08-31 11:45:00+00:00,True,False,repeated_signature_60min_offline_full_run,2026-08-31 18:45:00+07:00,15.0,0.0,2026-08-31
1186,farm_gateway_s3:1788177600,2026-08-31T12:00:00Z,46265.791666666664,farm_gateway_s3,27.5,28.3,0,3.5,0,0,0,,,,,,,,,,,,,,,,2026-08-31 12:00:00+00:00,True,False,repeated_signature_60min_offline_full_run,2026-08-31 19:00:00+07:00,15.0,0.0,2026-08-31
1187,farm_gateway_s3:1788178500,2026-08-31T12:15:00Z,46265.802083333336,farm_gateway_s3,27.4,28.2,0,3.5,0,0,0,,,,,,,,,,,,,,,,2026-08-31 12:15:00+00:00,True,False,repeated_signature_60min_offline_full_run,2026-08-31 19:15:00+07:00,15.0,-0.10000000000000142,2026-08-31
1188,farm_gateway_s3:1788179400,2026-08-31T12:30:00Z,46265.8125,farm_gateway_s3,27.4,28.2,0,3.5,0,0,0,,,,,,,,,,,,,,,,2026-08-31 12:30:00+00:00,True,False,repeated_signature_60min_offline_full_run,2026-08-31 19:30:00+07:00,15.0,0.0,2026-08-31
1189,farm_gateway_s3:1788180300,2026-08-31T12:45:00Z,46265.822916666664,farm_gateway_s3,27.4,28.1,0,3.6,0,0,0,,,,,,,,,,,,,,,,2026-08-31 12:45:00+00:00,True,False,repeated_signature_60min_offline_full_run,2026-08-31 19:45:00+07:00,15.0,0.0,2026-08-31
1190,farm_gateway_s3:1788181200,2026-08-31T13:00:00Z,46265.833333333336,farm_gateway_s3,27.4,28.1,0,3.6,0,0,0,,,,,,,,,,,,,,,,2026-08-31 13:00:00+00:00,True,False,repeated_signature_60min_offline_full_run,2026-08-31 20:00:00+07:00,15.0,0.0,2026-08-31
1191,farm_gateway_s3:1788182100,2026-08-31T13:15:00Z,46265.84375,farm_gateway_s3,27.4,28.0,0,3.7,0,0,0,,,,,,,,,,,,,,,,2026-08-31 13:15:00+00:00,True,False,repeated_signature_60min_offline_full_run,2026-08-31 20:15:00+07:00,15.0,0.0,2026-08-31
1192,farm_gateway_s3:1788183000,2026-08-31T13:30:00Z,46265.854166666664,farm_gateway_s3,27.4,28.0,0,3.6,0,0,0,,,,,,,,,,,,,,,,2026-08-31 13:30:00+00:00,True,False,repeated_signature_60min_offline_full_run,2026-08-31 20:30:00+07:00,15.0,0.0,2026-08-31
1193,farm_gateway_s3:1788183900,2026-08-31T13:45:00Z,46265.864583333336,farm_gateway_s3,27.3,27.9,0,3.7,0,0,0,,,,,,,,,,,,,,,,2026-08-31 13:45:00+00:00,False,True,,2026-08-31 20:45:00+07:00,15.0,-0.09999999999999787,2026-08-31
1194,farm_gateway_s3:1788184800,2026-08-31T14:00:00Z,46265.875,farm_gateway_s3,27.3,27.9,0,3.6,0,0,0,,,,,,,,,,,,,,,,2026-08-31 14:00:00+00:00,True,False,repeated_signature_60min_offline_full_run,2026-08-31 21:00:00+07:00,15.0,0.0,2026-08-31
1195,farm_gateway_s3:1788185700,2026-08-31T14:15:00Z,46265.885416666664,farm_gateway_s3,27.3,27.8,0,3.6,0,0,0,,,,,,,,,,,,,,,,2026-08-31 14:15:00+00:00,True,False,repeated_signature_60min_offline_full_run,2026-08-31 21:15:00+07:00,15.0,0.0,2026-08-31
1196,farm_gateway_s3:1788186600,2026-08-31T14:30:00Z,46265.895833333336,farm_gateway_s3,27.3,27.8,0,3.6,0,0,0,,,,,,,,,,,,,,,,2026-08-31 14:30:00+00:00,True,False,repeated_signature_60min_offline_full_run,2026-08-31 21:30:00+07:00,15.0,0.0,2026-08-31
1197,farm_gateway_s3:1788187500,2026-08-31T14:45:00Z,46265.90625,farm_gateway_s3,27.3,27.7,0,3.6,0,0,0,,,,,,,,,,,,,,,,2026-08-31 14:45:00+00:00,True,False,repeated_signature_60min_offline_full_run,2026-08-31 21:45:00+07:00,15.0,0.0,2026-08-31
1198,farm_gateway_s3:1788188400,2026-08-31T15:00:00Z,46265.916666666664,farm_gateway_s3,27.3,27.7,0,3.6,0,0,0,,,,,,,,,,,,,,,,2026-08-31 15:00:00+00:00,True,False,repeated_signature_60min_offline_full_run,2026-08-31 22:00:00+07:00,15.0,0.0,2026-08-31
1199,farm_gateway_s3:1788189300,2026-08-31T15:15:00Z,46265.927083333336,farm_gateway_s3,27.2,27.7,0,3.5,0,0,0,,,,,,,,,,,,,,,,2026-08-31 15:15:00+00:00,True,False,repeated_signature_60min_offline_full_run,2026-08-31 22:15:00+07:00,15.0,-0.10000000000000142,2026-08-31
1200,farm_gateway_s3:1788190200,2026-08-31T15:30:00Z,46265.9375,farm_gateway_s3,27.2,27.6,0,3.6,0,0,0,,,,,,,,,,,,,,,,2026-08-31 15:30:00+00:00,True,False,repeated_signature_60min_offline_full_run,2026-08-31 22:30:00+07:00,15.0,0.0,2026-08-31
1201,farm_gateway_s3:1788191100,2026-08-31T15:45:00Z,46265.947916666664,farm_gateway_s3,27.3,27.6,0,4.6,0,0,0,,,,,,,,,,,,,,,,2026-08-31 15:45:00+00:00,True,False,repeated_signature_60min_offline_full_run,2026-08-31 22:45:00+07:00,15.0,0.10000000000000142,2026-08-31
1202,farm_gateway_s3:1788192000,2026-08-31T16:00:00Z,46265.958333333336,farm_gateway_s3,27.2,27.6,0,3.6,0,0,0,,,,,,,,,,,,,,,,2026-08-31 16:00:00+00:00,True,False,repeated_signature_60min_offline_full_run,2026-08-31 23:00:00+07:00,15.0,-0.10000000000000142,2026-08-31
1203,farm_gateway_s3:1788192900,2026-08-31T16:15:00Z,46265.96875,farm_gateway_s3,27.2,27.5,0,3.6,0,0,0,,,,,,,,,,,,,,,,2026-08-31 16:15:00+00:00,True,False,repeated_signature_60min_offline_full_run,2026-08-31 23:15:00+07:00,15.0,0.0,2026-08-31
1204,farm_gateway_s3:1788193800,2026-08-31T16:30:00Z,46265.979166666664,farm_gateway_s3,27.2,27.5,0,3.7,0,0,0,,,,,,,,,,,,,,,,2026-08-31 16:30:00+00:00,True,False,repeated_signature_60min_offline_full_run,2026-08-31 23:30:00+07:00,15.0,0.0,2026-08-31
1205,farm_gateway_s3:1788194700,2026-08-31T16:45:00Z,46265.989583333336,farm_gateway_s3,27.2,27.5,0,3.7,0,0,0,,,,,,,,,,,,,,,,2026-08-31 16:45:00+00:00,True,False,repeated_signature_60min_offline_full_run,2026-08-31 23:45:00+07:00,15.0,0.0,2026-08-31
1206,farm_gateway_s3:1788195600,2026-08-31T17:00:00Z,46266.0,farm_gateway_s3,27.2,27.5,0,3.7,0,0,0,,,,,,,,,,,,,,,,2026-08-31 17:00:00+00:00,True,False,repeated_signature_60min_offline_full_run,2026-09-01 00:00:00+07:00,15.0,0.0,2026-09-01
1207,farm_gateway_s3:1788196500,2026-08-31T17:15:00Z,46266.010416666664,farm_gateway_s3,27.2,27.4,0,3.7,0,0,0,,,,,,,,,,,,,,,,2026-08-31 17:15:00+00:00,True,False,repeated_signature_60min_offline_full_run,2026-09-01 00:15:00+07:00,15.0,0.0,2026-09-01
1208,farm_gateway_s3:1788197400,2026-08-31T17:30:00Z,46266.020833333336,farm_gateway_s3,27.2,27.4,0,3.7,0,0,0,,,,,,,,,,,,,,,,2026-08-31 17:30:00+00:00,True,False,repeated_signature_60min_offline_full_run,2026-09-01 00:30:00+07:00,15.0,0.0,2026-09-01
1209,farm_gateway_s3:1788198300,2026-08-31T17:45:00Z,46266.03125,farm_gateway_s3,27.1,27.4,0,3.7,0,0,0,,,,,,,,,,,,,,,,2026-08-31 17:45:00+00:00,True,False,repeated_signature_60min_offline_full_run,2026-09-01 00:45:00+07:00,15.0,-0.09999999999999787,2026-09-01
1210,farm_gateway_s3:1788199200,2026-08-31T18:00:00Z,46266.041666666664,farm_gateway_s3,27.1,27.4,0,3.7,0,0,0,,,,,,,,,,,,,,,,2026-08-31 18:00:00+00:00,True,False,repeated_signature_60min_offline_full_run,2026-09-01 01:00:00+07:00,15.0,0.0,2026-09-01
1211,farm_gateway_s3:1788200100,2026-08-31T18:15:00Z,46266.052083333336,farm_gateway_s3,27.1,27.4,0,3.7,0,0,0,,,,,,,,,,,,,,,,2026-08-31 18:15:00+00:00,True,False,repeated_signature_60min_offline_full_run,2026-09-01 01:15:00+07:00,15.0,0.0,2026-09-01
1212,farm_gateway_s3:1788201000,2026-08-31T18:30:00Z,46266.0625,farm_gateway_s3,27.0,27.3,0,3.7,0,0,0,,,,,,,,,,,,,,,,2026-08-31 18:30:00+00:00,True,False,repeated_signature_60min_offline_full_run,2026-09-01 01:30:00+07:00,15.0,-0.10000000000000142,2026-09-01
1213,farm_gateway_s3:1788201900,2026-08-31T18:45:00Z,46266.072916666664,farm_gateway_s3,27.0,27.3,0,3.7,0,0,0,,,,,,,,,,,,,,,,2026-08-31 18:45:00+00:00,True,False,repeated_signature_60min_offline_full_run,2026-09-01 01:45:00+07:00,15.0,0.0,2026-09-01
1214,farm_gateway_s3:1788202800,2026-08-31T19:00:00Z,46266.083333333336,farm_gateway_s3,27.0,27.3,0,3.7,0,0,0,,,,,,,,,,,,,,,,2026-08-31 19:00:00+00:00,True,False,repeated_signature_60min_offline_full_run,2026-09-01 02:00:00+07:00,15.0,0.0,2026-09-01
1215,farm_gateway_s3:1788203700,2026-08-31T19:15:00Z,46266.09375,farm_gateway_s3,27.0,27.3,0,3.7,0,0,0,,,,,,,,,,,,,,,,2026-08-31 19:15:00+00:00,True,False,repeated_signature_60min_offline_full_run,2026-09-01 02:15:00+07:00,15.0,0.0,2026-09-01
1216,farm_gateway_s3:1788204600,2026-08-31T19:30:00Z,46266.104166666664,farm_gateway_s3,27.0,27.2,0,3.7,0,0,0,,,,,,,,,,,,,,,,2026-08-31 19:30:00+00:00,True,False,repeated_signature_60min_offline_full_run,2026-09-01 02:30:00+07:00,15.0,0.0,2026-09-01
1217,farm_gateway_s3:1788205500,2026-08-31T19:45:00Z,46266.114583333336,farm_gateway_s3,26.9,27.2,0,3.8,0,0,0,,,,,,,,,,,,,,,,2026-08-31 19:45:00+00:00,True,False,repeated_signature_60min_offline_full_run,2026-09-01 02:45:00+07:00,15.0,-0.10000000000000142,2026-09-01
1218,farm_gateway_s3:1788206400,2026-08-31T20:00:00Z,46266.125,farm_gateway_s3,26.9,27.2,0,3.8,0,0,0,,,,,,,,,,,,,,,,2026-08-31 20:00:00+00:00,False,True,,2026-09-01 03:00:00+07:00,15.0,0.0,2026-09-01
1219,farm_gateway_s3:1788207300,2026-08-31T20:15:00Z,46266.135416666664,farm_gateway_s3,26.9,27.2,0,3.8,0,0,0,,,,,,,,,,,,,,,,2026-08-31 20:15:00+00:00,True,False,repeated_signature_60min_offline_full_run,2026-09-01 03:15:00+07:00,15.0,0.0,2026-09-01
1220,farm_gateway_s3:1788208200,2026-08-31T20:30:00Z,46266.145833333336,farm_gateway_s3,26.9,27.2,0,3.8,0,0,0,,,,,,,,,,,,,,,,2026-08-31 20:30:00+00:00,True,False,repeated_signature_60min_offline_full_run,2026-09-01 03:30:00+07:00,15.0,0.0,2026-09-01
1221,farm_gateway_s3:1788209100,2026-08-31T20:45:00Z,46266.15625,farm_gateway_s3,26.9,27.1,0,3.8,0,0,0,,,,,,,,,,,,,,,,2026-08-31 20:45:00+00:00,True,False,repeated_signature_60min_offline_full_run,2026-09-01 03:45:00+07:00,15.0,0.0,2026-09-01
1222,farm_gateway_s3:1788210000,2026-08-31T21:00:00Z,46266.166666666664,farm_gateway_s3,26.9,27.1,0,3.8,0,0,0,,,,,,,,,,,,,,,,2026-08-31 21:00:00+00:00,True,False,repeated_signature_60min_offline_full_run,2026-09-01 04:00:00+07:00,15.0,0.0,2026-09-01
1223,farm_gateway_s3:1788210900,2026-08-31T21:15:00Z,46266.177083333336,farm_gateway_s3,26.9,27.1,0,3.9,0,0,0,,,,,,,,,,,,,,,,2026-08-31 21:15:00+00:00,True,False,repeated_signature_60min_offline_full_run,2026-09-01 04:15:00+07:00,15.0,0.0,2026-09-01
1224,farm_gateway_s3:1788211800,2026-08-31T21:30:00Z,46266.1875,farm_gateway_s3,26.9,27.1,0,3.8,0,0,0,,,,,,,,,,,,,,,,2026-08-31 21:30:00+00:00,True,False,repeated_signature_60min_offline_full_run,2026-09-01 04:30:00+07:00,15.0,0.0,2026-09-01
1225,farm_gateway_s3:1788219900,2026-08-31T23:45:00Z,46266.28125,farm_gateway_s3,26.8,26.9,0,3.8,0,0,0,,,,,,,,,,,,,,,,2026-08-31 23:45:00+00:00,True,False,repeated_signature_60min_offline_full_run,2026-09-01 06:45:00+07:00,135.0,,2026-09-01
1226,farm_gateway_s3:1788220800,2026-09-01T00:00:00Z,46266.291666666664,farm_gateway_s3,26.8,26.9,0,3.8,0,0,0,,,,,,,,,,,,,,,,2026-09-01 00:00:00+00:00,True,False,repeated_signature_60min_offline_full_run,2026-09-01 07:00:00+07:00,15.0,0.0,2026-09-01
1227,farm_gateway_s3:1788221700,2026-09-01T00:15:00Z,46266.302083333336,farm_gateway_s3,26.8,26.9,0,3.7,0,0,0,,,,,,,,,,,,,,,,2026-09-01 00:15:00+00:00,True,False,repeated_signature_60min_offline_full_run,2026-09-01 07:15:00+07:00,15.0,0.0,2026-09-01
1228,farm_gateway_s3:1788222600,2026-09-01T00:30:00Z,46266.3125,farm_gateway_s3,26.8,26.9,0,3.7,0,0,0,,,,,,,,,,,,,,,,2026-09-01 00:30:00+00:00,True,False,repeated_signature_60min_offline_full_run,2026-09-01 07:30:00+07:00,15.0,0.0,2026-09-01
1229,farm_gateway_s3:1788223500,2026-09-01T00:45:00Z,46266.322916666664,farm_gateway_s3,26.7,27.1,0,3.7,0,0,0,,,,,,,,,,,,,,,,2026-09-01 00:45:00+00:00,True,False,repeated_signature_60min_offline_full_run,2026-09-01 07:45:00+07:00,15.0,-0.10000000000000142,2026-09-01
1230,farm_gateway_s3:1788224400,2026-09-01T01:00:00Z,46266.333333333336,farm_gateway_s3,26.7,27.1,0,3.7,0,0,0,,,,,,,,,,,,,,,,2026-09-01 01:00:00+00:00,True,False,repeated_signature_60min_offline_full_run,2026-09-01 08:00:00+07:00,15.0,0.0,2026-09-01
1231,farm_gateway_s3:1788225300,2026-09-01T01:15:00Z,46266.34375,farm_gateway_s3,26.7,27.1,0,3.7,0,0,0,,,,,,,,,,,,,,,,2026-09-01 01:15:00+00:00,True,False,repeated_signature_60min_offline_full_run,2026-09-01 08:15:00+07:00,15.0,0.0,2026-09-01
1232,farm_gateway_s3:1788226200,2026-09-01T01:30:00Z,46266.354166666664,farm_gateway_s3,26.7,27.2,0,3.7,0,0,0,,,,,,,,,,,,,,,,2026-09-01 01:30:00+00:00,True,False,repeated_signature_60min_offline_full_run,2026-09-01 08:30:00+07:00,15.0,0.0,2026-09-01
1233,farm_gateway_s3:1788227100,2026-09-01T01:45:00Z,46266.364583333336,farm_gateway_s3,26.7,27.2,0,3.7,0,0,0,,,,,,,,,,,,,,,,2026-09-01 01:45:00+00:00,True,False,repeated_signature_60min_offline_full_run,2026-09-01 08:45:00+07:00,15.0,0.0,2026-09-01
1234,farm_gateway_s3:1788228000,2026-09-01T02:00:00Z,46266.375,farm_gateway_s3,26.7,27.3,0,3.7,0,0,0,,,,,,,,,,,,,,,,2026-09-01 02:00:00+00:00,True,False,repeated_signature_60min_offline_full_run,2026-09-01 09:00:00+07:00,15.0,0.0,2026-09-01
1235,farm_gateway_s3:1788228900,2026-09-01T02:15:00Z,46266.385416666664,farm_gateway_s3,26.7,27.3,0,3.8,0,0,0,,,,,,,,,,,,,,,,2026-09-01 02:15:00+00:00,True,False,repeated_signature_60min_offline_full_run,2026-09-01 09:15:00+07:00,15.0,0.0,2026-09-01
1236,farm_gateway_s3:1788229800,2026-09-01T02:30:00Z,46266.395833333336,farm_gateway_s3,26.6,27.4,0,3.8,0,0,0,,,,,,,,,,,,,,,,2026-09-01 02:30:00+00:00,True,False,repeated_signature_60min_offline_full_run,2026-09-01 09:30:00+07:00,15.0,-0.09999999999999787,2026-09-01
1237,farm_gateway_s3:1788230700,2026-09-01T02:45:00Z,46266.40625,farm_gateway_s3,26.6,27.4,0,3.7,0,0,0,,,,,,,,,,,,,,,,2026-09-01 02:45:00+00:00,True,False,repeated_signature_60min_offline_full_run,2026-09-01 09:45:00+07:00,15.0,0.0,2026-09-01
1238,farm_gateway_s3:1788231600,2026-09-01T03:00:00Z,46266.416666666664,farm_gateway_s3,26.6,27.5,0,3.7,0,0,0,,,,,,,,,,,,,,,,2026-09-01 03:00:00+00:00,True,False,repeated_signature_60min_offline_full_run,2026-09-01 10:00:00+07:00,15.0,0.0,2026-09-01
1239,farm_gateway_s3:1788232500,2026-09-01T03:15:00Z,46266.427083333336,farm_gateway_s3,26.6,27.6,0,3.7,0,0,0,,,,,,,,,,,,,,,,2026-09-01 03:15:00+00:00,True,False,repeated_signature_60min_offline_full_run,2026-09-01 10:15:00+07:00,15.0,0.0,2026-09-01
1240,farm_gateway_s3:1788233400,2026-09-01T03:30:00Z,46266.4375,farm_gateway_s3,26.5,27.6,0,3.7,0,0,0,,,,,,,,,,,,,,,,2026-09-01 03:30:00+00:00,True,False,repeated_signature_60min_offline_full_run,2026-09-01 10:30:00+07:00,15.0,-0.10000000000000142,2026-09-01
1241,farm_gateway_s3:1788234300,2026-09-01T03:45:00Z,46266.447916666664,farm_gateway_s3,26.5,27.6,0,3.7,0,0,0,,,,,,,,,,,,,,,,2026-09-01 03:45:00+00:00,True,False,repeated_signature_60min_offline_full_run,2026-09-01 10:45:00+07:00,15.0,0.0,2026-09-01
1242,farm_gateway_s3:1788235200,2026-09-01T04:00:00Z,46266.458333333336,farm_gateway_s3,26.5,27.7,0,3.8,0,0,0,,,,,,,,,,,,,,,,2026-09-01 04:00:00+00:00,True,False,repeated_signature_60min_offline_full_run,2026-09-01 11:00:00+07:00,15.0,0.0,2026-09-01
1243,farm_gateway_s3:1788236100,2026-09-01T04:15:00Z,46266.46875,farm_gateway_s3,26.5,27.8,0,3.7,0,0,0,,,,,,,,,,,,,,,,2026-09-01 04:15:00+00:00,True,False,repeated_signature_60min_offline_full_run,2026-09-01 11:15:00+07:00,15.0,0.0,2026-09-01
1244,farm_gateway_s3:1788237000,2026-09-01T04:30:00Z,46266.479166666664,farm_gateway_s3,26.4,27.8,0,4.8,0,0,0,,,,,,,,,,,,,,,,2026-09-01 04:30:00+00:00,True,False,repeated_signature_60min_offline_full_run,2026-09-01 11:30:00+07:00,15.0,-0.10000000000000142,2026-09-01
1245,farm_gateway_s3:1788237900,2026-09-01T04:45:00Z,46266.489583333336,farm_gateway_s3,26.4,27.9,0,4.8,0,0,0,,,,,,,,,,,,,,,,2026-09-01 04:45:00+00:00,True,False,repeated_signature_60min_offline_full_run,2026-09-01 11:45:00+07:00,15.0,0.0,2026-09-01
1246,farm_gateway_s3:1788238800,2026-09-01T05:00:00Z,46266.5,farm_gateway_s3,26.4,27.9,0,5.1,0,0,0,,,,,,,,,,,,,,,,2026-09-01 05:00:00+00:00,True,False,repeated_signature_60min_offline_full_run,2026-09-01 12:00:00+07:00,15.0,0.0,2026-09-01
1247,farm_gateway_s3:1788239700,2026-09-01T05:15:00Z,46266.510416666664,farm_gateway_s3,26.4,28.0,0,4.2,0,0,0,,,,,,,,,,,,,,,,2026-09-01 05:15:00+00:00,True,False,repeated_signature_60min_offline_full_run,2026-09-01 12:15:00+07:00,15.0,0.0,2026-09-01
1248,farm_gateway_s3:1788240600,2026-09-01T05:30:00Z,46266.520833333336,farm_gateway_s3,26.3,28.1,0,4.4,0,0,0,,,,,,,,,,,,,,,,2026-09-01 05:30:00+00:00,True,False,repeated_signature_60min_offline_full_run,2026-09-01 12:30:00+07:00,15.0,-0.09999999999999787,2026-09-01
1249,farm_gateway_s3:1788241500,2026-09-01T05:45:00Z,46266.53125,farm_gateway_s3,26.3,28.1,0,4.5,0,0,0,,,,,,,,,,,,,,,,2026-09-01 05:45:00+00:00,True,False,repeated_signature_60min_offline_full_run,2026-09-01 12:45:00+07:00,15.0,0.0,2026-09-01
1250,farm_gateway_s3:1788242400,2026-09-01T06:00:00Z,46266.541666666664,farm_gateway_s3,26.3,28.2,0,4.3,0,0,0,,,,,,,,,,,,,,,,2026-09-01 06:00:00+00:00,True,False,repeated_signature_60min_offline_full_run,2026-09-01 13:00:00+07:00,15.0,0.0,2026-09-01
1251,farm_gateway_s3:1788243300,2026-09-01T06:15:00Z,46266.552083333336,farm_gateway_s3,26.3,28.2,0,4.1,0,0,0,,,,,,,,,,,,,,,,2026-09-01 06:15:00+00:00,True,False,repeated_signature_60min_offline_full_run,2026-09-01 13:15:00+07:00,15.0,0.0,2026-09-01
1252,farm_gateway_s3:1788244200,2026-09-01T06:30:00Z,46266.5625,farm_gateway_s3,26.3,28.3,0,4.3,0,0,0,,,,,,,,,,,,,,,,2026-09-01 06:30:00+00:00,True,False,repeated_signature_60min_offline_full_run,2026-09-01 13:30:00+07:00,15.0,0.0,2026-09-01
1253,farm_gateway_s3:1788245100,2026-09-01T06:45:00Z,46266.572916666664,farm_gateway_s3,26.2,28.4,0,4.4,0,0,0,,,,,,,,,,,,,,,,2026-09-01 06:45:00+00:00,True,False,repeated_signature_60min_offline_full_run,2026-09-01 13:45:00+07:00,15.0,-0.10000000000000142,2026-09-01
1254,farm_gateway_s3:1788246000,2026-09-01T07:00:00Z,46266.583333333336,farm_gateway_s3,26.2,28.5,0,4.4,0,0,0,,,,,,,,,,,,,,,,2026-09-01 07:00:00+00:00,True,False,repeated_signature_60min_offline_full_run,2026-09-01 14:00:00+07:00,15.0,0.0,2026-09-01
1255,farm_gateway_s3:1788246900,2026-09-01T07:15:00Z,46266.59375,farm_gateway_s3,26.2,28.6,0,4.2,0,0,0,,,,,,,,,,,,,,,,2026-09-01 07:15:00+00:00,True,False,repeated_signature_60min_offline_full_run,2026-09-01 14:15:00+07:00,15.0,0.0,2026-09-01
1256,farm_gateway_s3:1788247800,2026-09-01T07:30:00Z,46266.604166666664,farm_gateway_s3,26.2,28.7,0,3.9,0,0,0,,,,,,,,,,,,,,,,2026-09-01 07:30:00+00:00,True,False,repeated_signature_60min_offline_full_run,2026-09-01 14:30:00+07:00,15.0,0.0,2026-09-01
1257,farm_gateway_s3:1788248700,2026-09-01T07:45:00Z,46266.614583333336,farm_gateway_s3,26.2,28.9,0,4.3,0,0,0,,,,,,,,,,,,,,,,2026-09-01 07:45:00+00:00,True,False,repeated_signature_60min_offline_full_run,2026-09-01 14:45:00+07:00,15.0,0.0,2026-09-01
1258,farm_gateway_s3:1788249600,2026-09-01T08:00:00Z,46266.625,farm_gateway_s3,26.2,29.1,0,4.3,0,0,0,,,,,,,,,,,,,,,,2026-09-01 08:00:00+00:00,True,False,repeated_signature_60min_offline_full_run,2026-09-01 15:00:00+07:00,15.0,0.0,2026-09-01
1259,farm_gateway_s3:1788250500,2026-09-01T08:15:00Z,46266.635416666664,farm_gateway_s3,26.2,29.2,0,4.3,0,0,0,,,,,,,,,,,,,,,,2026-09-01 08:15:00+00:00,True,False,repeated_signature_60min_offline_full_run,2026-09-01 15:15:00+07:00,15.0,0.0,2026-09-01
1260,farm_gateway_s3:1788251400,2026-09-01T08:30:00Z,46266.645833333336,farm_gateway_s3,26.1,29.2,0,4.4,0,0,0,,,,,,,,,,,,,,,,2026-09-01 08:30:00+00:00,True,False,repeated_signature_60min_offline_full_run,2026-09-01 15:30:00+07:00,15.0,-0.09999999999999787,2026-09-01
1261,farm_gateway_s3:1788252300,2026-09-01T08:45:00Z,46266.65625,farm_gateway_s3,26.0,29.2,0,4.3,0,0,0,,,,,,,,,,,,,,,,2026-09-01 08:45:00+00:00,True,False,repeated_signature_60min_offline_full_run,2026-09-01 15:45:00+07:00,15.0,-0.10000000000000142,2026-09-01
1262,farm_gateway_s3:1788253200,2026-09-01T09:00:00Z,46266.666666666664,farm_gateway_s3,26.0,29.2,0,4.2,0,0,0,,,,,,,,,,,,,,,,2026-09-01 09:00:00+00:00,True,False,repeated_signature_60min_offline_full_run,2026-09-01 16:00:00+07:00,15.0,0.0,2026-09-01
1263,farm_gateway_s3:1788254100,2026-09-01T09:15:00Z,46266.677083333336,farm_gateway_s3,26.0,29.3,0,4.1,0,0,0,,,,,,,,,,,,,,,,2026-09-01 09:15:00+00:00,True,False,repeated_signature_60min_offline_full_run,2026-09-01 16:15:00+07:00,15.0,0.0,2026-09-01
1264,farm_gateway_s3:1788255000,2026-09-01T09:30:00Z,46266.6875,farm_gateway_s3,26.0,29.3,0,4.0,0,0,0,,,,,,,,,,,,,,,,2026-09-01 09:30:00+00:00,True,False,repeated_signature_60min_offline_full_run,2026-09-01 16:30:00+07:00,15.0,0.0,2026-09-01
1265,farm_gateway_s3:1788255900,2026-09-01T09:45:00Z,46266.697916666664,farm_gateway_s3,26.0,29.4,0,4.0,0,0,0,,,,,,,,,,,,,,,,2026-09-01 09:45:00+00:00,True,False,repeated_signature_60min_offline_full_run,2026-09-01 16:45:00+07:00,15.0,0.0,2026-09-01
1266,farm_gateway_s3:1788256800,2026-09-01T10:00:00Z,46266.708333333336,farm_gateway_s3,25.9,29.4,0,4.0,0,0,0,,,,,,,,,,,,,,,,2026-09-01 10:00:00+00:00,True,False,repeated_signature_60min_offline_full_run,2026-09-01 17:00:00+07:00,15.0,-0.10000000000000142,2026-09-01
1267,farm_gateway_s3:1788257700,2026-09-01T10:15:00Z,46266.71875,farm_gateway_s3,25.9,29.5,0,4.0,0,0,0,,,,,,,,,,,,,,,,2026-09-01 10:15:00+00:00,True,False,repeated_signature_60min_offline_full_run,2026-09-01 17:15:00+07:00,15.0,0.0,2026-09-01
1268,farm_gateway_s3:1788258600,2026-09-01T10:30:00Z,46266.729166666664,farm_gateway_s3,25.8,29.4,0,4.0,0,0,0,,,,,,,,,,,,,,,,2026-09-01 10:30:00+00:00,True,False,repeated_signature_60min_offline_full_run,2026-09-01 17:30:00+07:00,15.0,-0.09999999999999787,2026-09-01
1269,farm_gateway_s3:1788259500,2026-09-01T10:45:00Z,46266.739583333336,farm_gateway_s3,25.8,29.3,0,4.1,0,0,0,,,,,,,,,,,,,,,,2026-09-01 10:45:00+00:00,True,False,repeated_signature_60min_offline_full_run,2026-09-01 17:45:00+07:00,15.0,0.0,2026-09-01
1270,farm_gateway_s3:1788260400,2026-09-01T11:00:00Z,46266.75,farm_gateway_s3,25.8,29.3,0,4.1,0,0,0,,,,,,,,,,,,,,,,2026-09-01 11:00:00+00:00,True,False,repeated_signature_60min_offline_full_run,2026-09-01 18:00:00+07:00,15.0,0.0,2026-09-01
1271,farm_gateway_s3:1788261300,2026-09-01T11:15:00Z,46266.760416666664,farm_gateway_s3,25.7,29.2,0,4.1,0,0,0,,,,,,,,,,,,,,,,2026-09-01 11:15:00+00:00,True,False,repeated_signature_60min_offline_full_run,2026-09-01 18:15:00+07:00,15.0,-0.10000000000000142,2026-09-01
1272,farm_gateway_s3:1788262200,2026-09-01T11:30:00Z,46266.770833333336,farm_gateway_s3,25.7,29.1,0,4.1,0,0,0,,,,,,,,,,,,,,,,2026-09-01 11:30:00+00:00,True,False,repeated_signature_60min_offline_full_run,2026-09-01 18:30:00+07:00,15.0,0.0,2026-09-01
1273,farm_gateway_s3:1788263100,2026-09-01T11:45:00Z,46266.78125,farm_gateway_s3,25.6,29.0,0,4.1,0,0,0,,,,,,,,,,,,,,,,2026-09-01 11:45:00+00:00,True,False,repeated_signature_60min_offline_full_run,2026-09-01 18:45:00+07:00,15.0,-0.09999999999999787,2026-09-01
1274,farm_gateway_s3:1788264000,2026-09-01T12:00:00Z,46266.791666666664,farm_gateway_s3,25.6,29.0,0,4.1,0,0,0,,,,,,,,,,,,,,,,2026-09-01 12:00:00+00:00,True,False,repeated_signature_60min_offline_full_run,2026-09-01 19:00:00+07:00,15.0,0.0,2026-09-01
1275,farm_gateway_s3:1788264900,2026-09-01T12:15:00Z,46266.802083333336,farm_gateway_s3,25.6,28.9,0,4.1,0,0,0,,,,,,,,,,,,,,,,2026-09-01 12:15:00+00:00,True,False,repeated_signature_60min_offline_full_run,2026-09-01 19:15:00+07:00,15.0,0.0,2026-09-01
1276,farm_gateway_s3:1788265800,2026-09-01T12:30:00Z,46266.8125,farm_gateway_s3,25.6,28.8,0,4.1,0,0,0,,,,,,,,,,,,,,,,2026-09-01 12:30:00+00:00,True,False,repeated_signature_60min_offline_full_run,2026-09-01 19:30:00+07:00,15.0,0.0,2026-09-01
1277,farm_gateway_s3:1788266700,2026-09-01T12:45:00Z,46266.822916666664,farm_gateway_s3,25.6,28.7,0,4.1,0,0,0,,,,,,,,,,,,,,,,2026-09-01 12:45:00+00:00,True,False,repeated_signature_60min_offline_full_run,2026-09-01 19:45:00+07:00,15.0,0.0,2026-09-01
1278,farm_gateway_s3:1788267600,2026-09-01T13:00:00Z,46266.833333333336,farm_gateway_s3,25.6,28.7,0,4.1,0,0,0,,,,,,,,,,,,,,,,2026-09-01 13:00:00+00:00,True,False,repeated_signature_60min_offline_full_run,2026-09-01 20:00:00+07:00,15.0,0.0,2026-09-01
1279,farm_gateway_s3:1788268500,2026-09-01T13:15:00Z,46266.84375,farm_gateway_s3,25.6,28.6,0,4.1,0,0,0,,,,,,,,,,,,,,,,2026-09-01 13:15:00+00:00,True,False,repeated_signature_60min_offline_full_run,2026-09-01 20:15:00+07:00,15.0,0.0,2026-09-01
1280,farm_gateway_s3:1788269400,2026-09-01T13:30:00Z,46266.854166666664,farm_gateway_s3,25.5,28.5,0,4.1,0,0,0,,,,,,,,,,,,,,,,2026-09-01 13:30:00+00:00,True,False,repeated_signature_60min_offline_full_run,2026-09-01 20:30:00+07:00,15.0,-0.10000000000000142,2026-09-01
1281,farm_gateway_s3:1788270300,2026-09-01T13:45:00Z,46266.864583333336,farm_gateway_s3,25.5,28.4,0,4.1,0,0,0,,,,,,,,,,,,,,,,2026-09-01 13:45:00+00:00,True,False,repeated_signature_60min_offline_full_run,2026-09-01 20:45:00+07:00,15.0,0.0,2026-09-01
1282,farm_gateway_s3:1788271200,2026-09-01T14:00:00Z,46266.875,farm_gateway_s3,25.5,28.4,0,4.1,0,0,0,,,,,,,,,,,,,,,,2026-09-01 14:00:00+00:00,True,False,repeated_signature_60min_offline_full_run,2026-09-01 21:00:00+07:00,15.0,0.0,2026-09-01
1283,farm_gateway_s3:1788272100,2026-09-01T14:15:00Z,46266.885416666664,farm_gateway_s3,25.5,28.3,0,4.1,0,0,0,,,,,,,,,,,,,,,,2026-09-01 14:15:00+00:00,True,False,repeated_signature_60min_offline_full_run,2026-09-01 21:15:00+07:00,15.0,0.0,2026-09-01
1284,farm_gateway_s3:1788273000,2026-09-01T14:30:00Z,46266.895833333336,farm_gateway_s3,25.5,28.3,0,4.2,0,0,0,,,,,,,,,,,,,,,,2026-09-01 14:30:00+00:00,True,False,repeated_signature_60min_offline_full_run,2026-09-01 21:30:00+07:00,15.0,0.0,2026-09-01
1285,farm_gateway_s3:1788273900,2026-09-01T14:45:00Z,46266.90625,farm_gateway_s3,25.5,28.2,0,4.1,0,0,0,,,,,,,,,,,,,,,,2026-09-01 14:45:00+00:00,True,False,repeated_signature_60min_offline_full_run,2026-09-01 21:45:00+07:00,15.0,0.0,2026-09-01
1286,farm_gateway_s3:1788274800,2026-09-01T15:00:00Z,46266.916666666664,farm_gateway_s3,25.5,28.1,0,4.1,0,0,0,,,,,,,,,,,,,,,,2026-09-01 15:00:00+00:00,True,False,repeated_signature_60min_offline_full_run,2026-09-01 22:00:00+07:00,15.0,0.0,2026-09-01
1287,farm_gateway_s3:1788275700,2026-09-01T15:15:00Z,46266.927083333336,farm_gateway_s3,25.5,28.1,0,4.2,0,0,0,,,,,,,,,,,,,,,,2026-09-01 15:15:00+00:00,True,False,repeated_signature_60min_offline_full_run,2026-09-01 22:15:00+07:00,15.0,0.0,2026-09-01
1288,farm_gateway_s3:1788308100,2026-09-02T00:15:00Z,46267.302083333336,farm_gateway_s3,25.3,27.3,0,4.9,0,0,0,,,,,,,,,,,,,,,,2026-09-02 00:15:00+00:00,True,False,repeated_signature_60min_offline_full_run,2026-09-02 07:15:00+07:00,540.0,,2026-09-02
1289,farm_gateway_s3:1788309000,2026-09-02T00:30:00Z,46267.3125,farm_gateway_s3,25.3,27.3,0,4.0,0,0,0,,,,,,,,,,,,,,,,2026-09-02 00:30:00+00:00,True,False,repeated_signature_60min_offline_full_run,2026-09-02 07:30:00+07:00,15.0,0.0,2026-09-02
1290,farm_gateway_s3:1788309900,2026-09-02T00:45:00Z,46267.322916666664,farm_gateway_s3,25.3,27.3,0,3.9,0,0,0,,,,,,,,,,,,,,,,2026-09-02 00:45:00+00:00,True,False,repeated_signature_60min_offline_full_run,2026-09-02 07:45:00+07:00,15.0,0.0,2026-09-02
1291,farm_gateway_s3:1788310800,2026-09-02T01:00:00Z,46267.333333333336,farm_gateway_s3,25.3,27.3,0,4.0,0,0,0,,,,,,,,,,,,,,,,2026-09-02 01:00:00+00:00,True,False,repeated_signature_60min_offline_full_run,2026-09-02 08:00:00+07:00,15.0,0.0,2026-09-02
1292,farm_gateway_s3:1788311700,2026-09-02T01:15:00Z,46267.34375,farm_gateway_s3,25.3,27.4,0,4.0,0,0,0,,,,,,,,,,,,,,,,2026-09-02 01:15:00+00:00,True,False,repeated_signature_60min_offline_full_run,2026-09-02 08:15:00+07:00,15.0,0.0,2026-09-02
1293,farm_gateway_s3:1788312600,2026-09-02T01:30:00Z,46267.354166666664,farm_gateway_s3,25.3,27.4,0,4.0,0,0,0,,,,,,,,,,,,,,,,2026-09-02 01:30:00+00:00,True,False,repeated_signature_60min_offline_full_run,2026-09-02 08:30:00+07:00,15.0,0.0,2026-09-02
1294,farm_gateway_s3:1788313500,2026-09-02T01:45:00Z,46267.364583333336,farm_gateway_s3,25.3,27.5,0,4.0,0,0,0,,,,,,,,,,,,,,,,2026-09-02 01:45:00+00:00,True,False,repeated_signature_60min_offline_full_run,2026-09-02 08:45:00+07:00,15.0,0.0,2026-09-02
1295,farm_gateway_s3:1788314400,2026-09-02T02:00:00Z,46267.375,farm_gateway_s3,25.3,27.5,0,4.0,0,0,0,,,,,,,,,,,,,,,,2026-09-02 02:00:00+00:00,True,False,repeated_signature_60min_offline_full_run,2026-09-02 09:00:00+07:00,15.0,0.0,2026-09-02
1296,farm_gateway_s3:1788315300,2026-09-02T02:15:00Z,46267.385416666664,farm_gateway_s3,25.3,27.6,0,4.0,0,0,0,,,,,,,,,,,,,,,,2026-09-02 02:15:00+00:00,True,False,repeated_signature_60min_offline_full_run,2026-09-02 09:15:00+07:00,15.0,0.0,2026-09-02
1297,farm_gateway_s3:1788316200,2026-09-02T02:30:00Z,46267.395833333336,farm_gateway_s3,25.3,27.6,0,4.0,0,0,0,,,,,,,,,,,,,,,,2026-09-02 02:30:00+00:00,True,False,repeated_signature_60min_offline_full_run,2026-09-02 09:30:00+07:00,15.0,0.0,2026-09-02
1298,farm_gateway_s3:1788317100,2026-09-02T02:45:00Z,46267.40625,farm_gateway_s3,25.3,27.7,0,4.0,0,0,0,,,,,,,,,,,,,,,,2026-09-02 02:45:00+00:00,True,False,repeated_signature_60min_offline_full_run,2026-09-02 09:45:00+07:00,15.0,0.0,2026-09-02
1299,farm_gateway_s3:1788318000,2026-09-02T03:00:00Z,46267.416666666664,farm_gateway_s3,25.3,27.7,0,4.0,0,0,0,,,,,,,,,,,,,,,,2026-09-02 03:00:00+00:00,True,False,repeated_signature_60min_offline_full_run,2026-09-02 10:00:00+07:00,15.0,0.0,2026-09-02
1300,farm_gateway_s3:1788318900,2026-09-02T03:15:00Z,46267.427083333336,farm_gateway_s3,25.2,27.8,0,4.0,0,0,0,,,,,,,,,,,,,,,,2026-09-02 03:15:00+00:00,True,False,repeated_signature_60min_offline_full_run,2026-09-02 10:15:00+07:00,15.0,-0.10000000000000142,2026-09-02
1301,farm_gateway_s3:1788319800,2026-09-02T03:30:00Z,46267.4375,farm_gateway_s3,25.2,27.8,0,4.0,0,0,0,,,,,,,,,,,,,,,,2026-09-02 03:30:00+00:00,True,False,repeated_signature_60min_offline_full_run,2026-09-02 10:30:00+07:00,15.0,0.0,2026-09-02
1302,farm_gateway_s3:1788320700,2026-09-02T03:45:00Z,46267.447916666664,farm_gateway_s3,25.2,27.8,0,4.0,0,0,0,,,,,,,,,,,,,,,,2026-09-02 03:45:00+00:00,True,False,repeated_signature_60min_offline_full_run,2026-09-02 10:45:00+07:00,15.0,0.0,2026-09-02
1303,farm_gateway_s3:1788321600,2026-09-02T04:00:00Z,46267.458333333336,farm_gateway_s3,25.2,27.8,0,4.9,0,0,0,,,,,,,,,,,,,,,,2026-09-02 04:00:00+00:00,True,False,repeated_signature_60min_offline_full_run,2026-09-02 11:00:00+07:00,15.0,0.0,2026-09-02
1304,farm_gateway_s3:1788322500,2026-09-02T04:15:00Z,46267.46875,farm_gateway_s3,25.2,27.9,0,4.0,0,0,0,,,,,,,,,,,,,,,,2026-09-02 04:15:00+00:00,True,False,repeated_signature_60min_offline_full_run,2026-09-02 11:15:00+07:00,15.0,0.0,2026-09-02
1305,farm_gateway_s3:1788323400,2026-09-02T04:30:00Z,46267.479166666664,farm_gateway_s3,25.2,27.9,0,4.0,0,0,0,,,,,,,,,,,,,,,,2026-09-02 04:30:00+00:00,True,False,repeated_signature_60min_offline_full_run,2026-09-02 11:30:00+07:00,15.0,0.0,2026-09-02
1306,farm_gateway_s3:1788324300,2026-09-02T04:45:00Z,46267.489583333336,farm_gateway_s3,25.2,28.0,0,4.0,0,0,0,,,,,,,,,,,,,,,,2026-09-02 04:45:00+00:00,True,False,repeated_signature_60min_offline_full_run,2026-09-02 11:45:00+07:00,15.0,0.0,2026-09-02
1307,farm_gateway_s3:1788325200,2026-09-02T05:00:00Z,46267.5,farm_gateway_s3,25.2,28.0,0,4.0,0,0,0,,,,,,,,,,,,,,,,2026-09-02 05:00:00+00:00,True,False,repeated_signature_60min_offline_full_run,2026-09-02 12:00:00+07:00,15.0,0.0,2026-09-02
1308,farm_gateway_s3:1788326100,2026-09-02T05:15:00Z,46267.510416666664,farm_gateway_s3,25.2,28.1,0,4.0,0,0,0,,,,,,,,,,,,,,,,2026-09-02 05:15:00+00:00,True,False,repeated_signature_60min_offline_full_run,2026-09-02 12:15:00+07:00,15.0,0.0,2026-09-02
1309,farm_gateway_s3:1788327000,2026-09-02T05:30:00Z,46267.520833333336,farm_gateway_s3,25.2,28.2,0,4.0,0,0,0,,,,,,,,,,,,,,,,2026-09-02 05:30:00+00:00,True,False,repeated_signature_60min_offline_full_run,2026-09-02 12:30:00+07:00,15.0,0.0,2026-09-02
1310,farm_gateway_s3:1788327900,2026-09-02T05:45:00Z,46267.53125,farm_gateway_s3,25.0,28.2,0,4.0,0,0,0,,,,,,,,,,,,,,,,2026-09-02 05:45:00+00:00,True,False,repeated_signature_60min_offline_full_run,2026-09-02 12:45:00+07:00,15.0,-0.1999999999999993,2026-09-02
1311,farm_gateway_s3:1788328800,2026-09-02T06:00:00Z,46267.541666666664,farm_gateway_s3,25.0,28.2,0,4.0,0,0,0,,,,,,,,,,,,,,,,2026-09-02 06:00:00+00:00,True,False,repeated_signature_60min_offline_full_run,2026-09-02 13:00:00+07:00,15.0,0.0,2026-09-02
1312,farm_gateway_s3:1788329700,2026-09-02T06:15:00Z,46267.552083333336,farm_gateway_s3,25.0,28.2,0,4.0,0,0,0,,,,,,,,,,,,,,,,2026-09-02 06:15:00+00:00,True,False,repeated_signature_60min_offline_full_run,2026-09-02 13:15:00+07:00,15.0,0.0,2026-09-02
1313,farm_gateway_s3:1788330600,2026-09-02T06:30:00Z,46267.5625,farm_gateway_s3,25.0,28.2,0,4.1,0,0,0,,,,,,,,,,,,,,,,2026-09-02 06:30:00+00:00,True,False,repeated_signature_60min_offline_full_run,2026-09-02 13:30:00+07:00,15.0,0.0,2026-09-02
1314,farm_gateway_s3:1788331500,2026-09-02T06:45:00Z,46267.572916666664,farm_gateway_s3,25.0,28.3,0,4.0,0,0,0,,,,,,,,,,,,,,,,2026-09-02 06:45:00+00:00,True,False,repeated_signature_60min_offline_full_run,2026-09-02 13:45:00+07:00,15.0,0.0,2026-09-02
1315,farm_gateway_s3:1788332400,2026-09-02T07:00:00Z,46267.583333333336,farm_gateway_s3,25.0,28.3,0,4.0,0,0,0,,,,,,,,,,,,,,,,2026-09-02 07:00:00+00:00,True,False,repeated_signature_60min_offline_full_run,2026-09-02 14:00:00+07:00,15.0,0.0,2026-09-02
1316,farm_gateway_s3:1788333300,2026-09-02T07:15:00Z,46267.59375,farm_gateway_s3,25.1,28.4,0,4.0,0,0,0,,,,,,,,,,,,,,,,2026-09-02 07:15:00+00:00,True,False,repeated_signature_60min_offline_full_run,2026-09-02 14:15:00+07:00,15.0,0.10000000000000142,2026-09-02
1317,farm_gateway_s3:1788334200,2026-09-02T07:30:00Z,46267.604166666664,farm_gateway_s3,25.1,28.7,0,4.0,0,0,0,,,,,,,,,,,,,,,,2026-09-02 07:30:00+00:00,True,False,repeated_signature_60min_offline_full_run,2026-09-02 14:30:00+07:00,15.0,0.0,2026-09-02
1318,farm_gateway_s3:1788335100,2026-09-02T07:45:00Z,46267.614583333336,farm_gateway_s3,25.0,28.7,0,4.0,0,0,0,,,,,,,,,,,,,,,,2026-09-02 07:45:00+00:00,True,False,repeated_signature_60min_offline_full_run,2026-09-02 14:45:00+07:00,15.0,-0.10000000000000142,2026-09-02
1319,farm_gateway_s3:1788336000,2026-09-02T08:00:00Z,46267.625,farm_gateway_s3,25.0,28.7,0,4.0,0,0,0,,,,,,,,,,,,,,,,2026-09-02 08:00:00+00:00,True,False,repeated_signature_60min_offline_full_run,2026-09-02 15:00:00+07:00,15.0,0.0,2026-09-02
1320,farm_gateway_s3:1788336900,2026-09-02T08:15:00Z,46267.635416666664,farm_gateway_s3,25.0,28.7,0,4.0,0,0,0,,,,,,,,,,,,,,,,2026-09-02 08:15:00+00:00,True,False,repeated_signature_60min_offline_full_run,2026-09-02 15:15:00+07:00,15.0,0.0,2026-09-02
1321,farm_gateway_s3:1788337800,2026-09-02T08:30:00Z,46267.645833333336,farm_gateway_s3,24.9,28.7,0,4.0,0,0,0,,,,,,,,,,,,,,,,2026-09-02 08:30:00+00:00,True,False,repeated_signature_60min_offline_full_run,2026-09-02 15:30:00+07:00,15.0,-0.10000000000000142,2026-09-02
1322,farm_gateway_s3:1788338700,2026-09-02T08:45:00Z,46267.65625,farm_gateway_s3,24.9,28.7,0,4.0,0,0,0,,,,,,,,,,,,,,,,2026-09-02 08:45:00+00:00,True,False,repeated_signature_60min_offline_full_run,2026-09-02 15:45:00+07:00,15.0,0.0,2026-09-02
1323,farm_gateway_s3:1788339600,2026-09-02T09:00:00Z,46267.666666666664,farm_gateway_s3,24.9,28.7,0,4.0,0,0,0,,,,,,,,,,,,,,,,2026-09-02 09:00:00+00:00,True,False,repeated_signature_60min_offline_full_run,2026-09-02 16:00:00+07:00,15.0,0.0,2026-09-02
1324,farm_gateway_s3:1788340500,2026-09-02T09:15:00Z,46267.677083333336,farm_gateway_s3,24.9,28.7,0,4.0,0,0,0,,,,,,,,,,,,,,,,2026-09-02 09:15:00+00:00,True,False,repeated_signature_60min_offline_full_run,2026-09-02 16:15:00+07:00,15.0,0.0,2026-09-02
1325,farm_gateway_s3:1788341400,2026-09-02T09:30:00Z,46267.6875,farm_gateway_s3,24.6,28.7,0,4.0,0,0,0,,,,,,,,,,,,,,,,2026-09-02 09:30:00+00:00,True,False,repeated_signature_60min_offline_full_run,2026-09-02 16:30:00+07:00,15.0,-0.29999999999999716,2026-09-02
1326,farm_gateway_s3:1788342300,2026-09-02T09:45:00Z,46267.697916666664,farm_gateway_s3,34.3,28.5,8,4.0,0,0,0,,,,,,,,,,,,,,,,2026-09-02 09:45:00+00:00,True,False,repeated_signature_60min_offline_full_run,2026-09-02 16:45:00+07:00,15.0,9.699999999999996,2026-09-02
1327,farm_gateway_s3:1788343200,2026-09-02T10:00:00Z,46267.708333333336,farm_gateway_s3,61.4,26.6,36,4.5,0,0,0,,,,,,,,,,,,,,,,2026-09-02 10:00:00+00:00,True,False,repeated_signature_60min_offline_full_run,2026-09-02 17:00:00+07:00,15.0,27.1,2026-09-02
1328,farm_gateway_s3:1788344100,2026-09-02T10:15:00Z,46267.71875,farm_gateway_s3,56.1,27.1,32,4.4,0,0,0,,,,,,,,,,,,,,,,2026-09-02 10:15:00+00:00,True,False,repeated_signature_60min_offline_full_run,2026-09-02 17:15:00+07:00,15.0,-5.299999999999997,2026-09-02
1329,farm_gateway_s3:1788345000,2026-09-02T10:30:00Z,46267.729166666664,farm_gateway_s3,53.4,27.4,29,4.4,0,0,0,,,,,,,,,,,,,,,,2026-09-02 10:30:00+00:00,True,False,repeated_signature_60min_offline_full_run,2026-09-02 17:30:00+07:00,15.0,-2.700000000000003,2026-09-02
1330,farm_gateway_s3:1788345900,2026-09-02T10:45:00Z,46267.739583333336,farm_gateway_s3,50.7,27.5,24,4.4,0,0,0,,,,,,,,,,,,,,,,2026-09-02 10:45:00+00:00,True,False,repeated_signature_60min_offline_full_run,2026-09-02 17:45:00+07:00,15.0,-2.6999999999999957,2026-09-02
1331,farm_gateway_s3:1788346800,2026-09-02T11:00:00Z,46267.75,farm_gateway_s3,48.6,27.6,20,4.4,0,0,0,,,,,,,,,,,,,,,,2026-09-02 11:00:00+00:00,True,False,repeated_signature_60min_offline_full_run,2026-09-02 18:00:00+07:00,15.0,-2.1000000000000014,2026-09-02
1332,farm_gateway_s3:1788347700,2026-09-02T11:15:00Z,46267.760416666664,farm_gateway_s3,47.0,27.6,17,4.4,0,0,0,,,,,,,,,,,,,,,,2026-09-02 11:15:00+00:00,True,False,repeated_signature_60min_offline_full_run,2026-09-02 18:15:00+07:00,15.0,-1.6000000000000014,2026-09-02
1333,farm_gateway_s3:1788348600,2026-09-02T11:30:00Z,46267.770833333336,farm_gateway_s3,46.0,27.6,14,4.4,0,0,0,,,,,,,,,,,,,,,,2026-09-02 11:30:00+00:00,True,False,repeated_signature_60min_offline_full_run,2026-09-02 18:30:00+07:00,15.0,-1.0,2026-09-02
1334,farm_gateway_s3:1788349500,2026-09-02T11:45:00Z,46267.78125,farm_gateway_s3,45.2,27.6,12,4.4,0,0,0,,,,,,,,,,,,,,,,2026-09-02 11:45:00+00:00,True,False,repeated_signature_60min_offline_full_run,2026-09-02 18:45:00+07:00,15.0,-0.7999999999999972,2026-09-02
1335,farm_gateway_s3:1788350400,2026-09-02T12:00:00Z,46267.791666666664,farm_gateway_s3,44.2,27.5,9,4.4,0,0,0,,,,,,,,,,,,,,,,2026-09-02 12:00:00+00:00,True,False,repeated_signature_60min_offline_full_run,2026-09-02 19:00:00+07:00,15.0,-1.0,2026-09-02
1336,farm_gateway_s3:1788351300,2026-09-02T12:15:00Z,46267.802083333336,farm_gateway_s3,43.6,27.5,7,4.4,0,0,0,,,,,,,,,,,,,,,,2026-09-02 12:15:00+00:00,True,False,repeated_signature_60min_offline_full_run,2026-09-02 19:15:00+07:00,15.0,-0.6000000000000014,2026-09-02
1337,farm_gateway_s3:1788352200,2026-09-02T12:30:00Z,46267.8125,farm_gateway_s3,43.0,27.5,6,4.4,0,0,0,,,,,,,,,,,,,,,,2026-09-02 12:30:00+00:00,True,False,repeated_signature_60min_offline_full_run,2026-09-02 19:30:00+07:00,15.0,-0.6000000000000014,2026-09-02
1338,farm_gateway_s3:1788353100,2026-09-02T12:45:00Z,46267.822916666664,farm_gateway_s3,42.6,27.5,4,4.4,0,0,0,,,,,,,,,,,,,,,,2026-09-02 12:45:00+00:00,True,False,repeated_signature_60min_offline_full_run,2026-09-02 19:45:00+07:00,15.0,-0.3999999999999986,2026-09-02
1339,farm_gateway_s3:1788354000,2026-09-02T13:00:00Z,46267.833333333336,farm_gateway_s3,42.1,27.4,2,4.4,0,0,0,,,,,,,,,,,,,,,,2026-09-02 13:00:00+00:00,True,False,repeated_signature_60min_offline_full_run,2026-09-02 20:00:00+07:00,15.0,-0.5,2026-09-02
1340,farm_gateway_s3:1788354900,2026-09-02T13:15:00Z,46267.84375,farm_gateway_s3,41.8,27.4,1,4.4,0,0,0,,,,,,,,,,,,,,,,2026-09-02 13:15:00+00:00,True,False,repeated_signature_60min_offline_full_run,2026-09-02 20:15:00+07:00,15.0,-0.30000000000000426,2026-09-02
1341,farm_gateway_s3:1788355800,2026-09-02T13:30:00Z,46267.854166666664,farm_gateway_s3,41.3,27.4,0,4.4,0,0,0,,,,,,,,,,,,,,,,2026-09-02 13:30:00+00:00,True,False,repeated_signature_60min_offline_full_run,2026-09-02 20:30:00+07:00,15.0,-0.5,2026-09-02
1342,farm_gateway_s3:1788356700,2026-09-02T13:45:00Z,46267.864583333336,farm_gateway_s3,41.0,27.4,0,4.4,0,0,0,,,,,,,,,,,,,,,,2026-09-02 13:45:00+00:00,True,False,repeated_signature_60min_offline_full_run,2026-09-02 20:45:00+07:00,15.0,-0.29999999999999716,2026-09-02
1343,farm_gateway_s3:1788357600,2026-09-02T14:00:00Z,46267.875,farm_gateway_s3,40.7,27.4,0,4.4,0,0,0,,,,,,,,,,,,,,,,2026-09-02 14:00:00+00:00,True,False,repeated_signature_60min_offline_full_run,2026-09-02 21:00:00+07:00,15.0,-0.29999999999999716,2026-09-02
1344,farm_gateway_s3:1788358500,2026-09-02T14:15:00Z,46267.885416666664,farm_gateway_s3,40.4,27.4,0,4.4,0,0,0,,,,,,,,,,,,,,,,2026-09-02 14:15:00+00:00,True,False,repeated_signature_60min_offline_full_run,2026-09-02 21:15:00+07:00,15.0,-0.30000000000000426,2026-09-02
1345,farm_gateway_s3:1788359400,2026-09-02T14:30:00Z,46267.895833333336,farm_gateway_s3,40.0,27.4,0,4.4,0,0,0,,,,,,,,,,,,,,,,2026-09-02 14:30:00+00:00,True,False,repeated_signature_60min_offline_full_run,2026-09-02 21:30:00+07:00,15.0,-0.3999999999999986,2026-09-02
1346,farm_gateway_s3:1788360300,2026-09-02T14:45:00Z,46267.90625,farm_gateway_s3,39.7,27.3,0,4.4,0,0,0,,,,,,,,,,,,,,,,2026-09-02 14:45:00+00:00,True,False,repeated_signature_60min_offline_full_run,2026-09-02 21:45:00+07:00,15.0,-0.29999999999999716,2026-09-02
1347,farm_gateway_s3:1788361200,2026-09-02T15:00:00Z,46267.916666666664,farm_gateway_s3,39.5,27.4,0,5.3,0,0,0,,,,,,,,,,,,,,,,2026-09-02 15:00:00+00:00,True,False,repeated_signature_60min_offline_full_run,2026-09-02 22:00:00+07:00,15.0,-0.20000000000000284,2026-09-02
1348,farm_gateway_s3:1788362100,2026-09-02T15:15:00Z,46267.927083333336,farm_gateway_s3,39.2,27.3,0,5.3,0,0,0,,,,,,,,,,,,,,,,2026-09-02 15:15:00+00:00,True,False,repeated_signature_60min_offline_full_run,2026-09-02 22:15:00+07:00,15.0,-0.29999999999999716,2026-09-02
1349,farm_gateway_s3:1788394500,2026-09-03T00:15:00Z,46268.302083333336,farm_gateway_s3,33.0,26.9,0,4.7,0,0,0,,,,,,,,,,,,,,,,2026-09-03 00:15:00+00:00,True,False,repeated_signature_60min_offline_full_run,2026-09-03 07:15:00+07:00,540.0,,2026-09-03
1350,farm_gateway_s3:1788395400,2026-09-03T00:30:00Z,46268.3125,farm_gateway_s3,33.0,26.9,0,4.7,0,0,0,,,,,,,,,,,,,,,,2026-09-03 00:30:00+00:00,True,False,repeated_signature_60min_offline_full_run,2026-09-03 07:30:00+07:00,15.0,0.0,2026-09-03
1351,farm_gateway_s3:1788396300,2026-09-03T00:45:00Z,46268.322916666664,farm_gateway_s3,32.8,27.0,0,5.2,0,0,0,,,,,,,,,,,,,,,,2026-09-03 00:45:00+00:00,True,False,repeated_signature_60min_offline_full_run,2026-09-03 07:45:00+07:00,15.0,-0.20000000000000284,2026-09-03
1352,farm_gateway_s3:1788397200,2026-09-03T01:00:00Z,46268.333333333336,farm_gateway_s3,32.7,27.1,0,4.1,0,0,0,,,,,,,,,,,,,,,,2026-09-03 01:00:00+00:00,True,False,repeated_signature_60min_offline_full_run,2026-09-03 08:00:00+07:00,15.0,-0.09999999999999432,2026-09-03
1353,farm_gateway_s3:1788398100,2026-09-03T01:15:00Z,46268.34375,farm_gateway_s3,32.7,27.1,0,4.1,0,0,0,,,,,,,,,,,,,,,,2026-09-03 01:15:00+00:00,True,False,repeated_signature_60min_offline_full_run,2026-09-03 08:15:00+07:00,15.0,0.0,2026-09-03
1354,farm_gateway_s3:1788399000,2026-09-03T01:30:00Z,46268.354166666664,farm_gateway_s3,32.6,27.2,0,3.7,0,0,0,,,,,,,,,,,,,,,,2026-09-03 01:30:00+00:00,True,False,repeated_signature_60min_offline_full_run,2026-09-03 08:30:00+07:00,15.0,-0.10000000000000142,2026-09-03
1355,farm_gateway_s3:1788399900,2026-09-03T01:45:00Z,46268.364583333336,farm_gateway_s3,32.4,27.2,0,3.7,0,0,0,,,,,,,,,,,,,,,,2026-09-03 01:45:00+00:00,True,False,repeated_signature_60min_offline_full_run,2026-09-03 08:45:00+07:00,15.0,-0.20000000000000284,2026-09-03
1356,farm_gateway_s3:1788400800,2026-09-03T02:00:00Z,46268.375,farm_gateway_s3,32.1,27.3,0,4.2,0,0,0,,,,,,,,,,,,,,,,2026-09-03 02:00:00+00:00,True,False,repeated_signature_60min_offline_full_run,2026-09-03 09:00:00+07:00,15.0,-0.29999999999999716,2026-09-03
1357,farm_gateway_s3:1788401700,2026-09-03T02:15:00Z,46268.385416666664,farm_gateway_s3,32.1,27.4,0,4.2,0,0,0,,,,,,,,,,,,,,,,2026-09-03 02:15:00+00:00,True,False,repeated_signature_60min_offline_full_run,2026-09-03 09:15:00+07:00,15.0,0.0,2026-09-03
1358,farm_gateway_s3:1788402600,2026-09-03T02:30:00Z,46268.395833333336,farm_gateway_s3,31.6,27.4,0,4.2,0,0,0,,,,,,,,,,,,,,,,2026-09-03 02:30:00+00:00,True,False,repeated_signature_60min_offline_full_run,2026-09-03 09:30:00+07:00,15.0,-0.5,2026-09-03
1359,farm_gateway_s3:1788403500,2026-09-03T02:45:00Z,46268.40625,farm_gateway_s3,31.6,27.5,0,4.3,0,0,0,,,,,,,,,,,,,,,,2026-09-03 02:45:00+00:00,True,False,repeated_signature_60min_offline_full_run,2026-09-03 09:45:00+07:00,15.0,0.0,2026-09-03
1360,farm_gateway_s3:1788404400,2026-09-03T03:00:00Z,46268.416666666664,farm_gateway_s3,31.5,27.5,0,4.3,0,0,0,,,,,,,,,,,,,,,,2026-09-03 03:00:00+00:00,True,False,repeated_signature_60min_offline_full_run,2026-09-03 10:00:00+07:00,15.0,-0.10000000000000142,2026-09-03
1361,farm_gateway_s3:1788405300,2026-09-03T03:15:00Z,46268.427083333336,farm_gateway_s3,31.2,27.6,0,4.3,0,0,0,,,,,,,,,,,,,,,,2026-09-03 03:15:00+00:00,True,False,repeated_signature_60min_offline_full_run,2026-09-03 10:15:00+07:00,15.0,-0.3000000000000007,2026-09-03
1362,farm_gateway_s3:1788406200,2026-09-03T03:30:00Z,46268.4375,farm_gateway_s3,30.9,27.6,0,4.3,0,0,0,,,,,,,,,,,,,,,,2026-09-03 03:30:00+00:00,True,False,repeated_signature_60min_offline_full_run,2026-09-03 10:30:00+07:00,15.0,-0.3000000000000007,2026-09-03
1363,farm_gateway_s3:1788407100,2026-09-03T03:45:00Z,46268.447916666664,farm_gateway_s3,30.9,27.7,0,5.3,0,0,0,,,,,,,,,,,,,,,,2026-09-03 03:45:00+00:00,True,False,repeated_signature_60min_offline_full_run,2026-09-03 10:45:00+07:00,15.0,0.0,2026-09-03
1364,farm_gateway_s3:1788408000,2026-09-03T04:00:00Z,46268.458333333336,farm_gateway_s3,30.6,27.8,0,4.3,0,0,0,,,,,,,,,,,,,,,,2026-09-03 04:00:00+00:00,True,False,repeated_signature_60min_offline_full_run,2026-09-03 11:00:00+07:00,15.0,-0.29999999999999716,2026-09-03
1365,farm_gateway_s3:1788408900,2026-09-03T04:15:00Z,46268.46875,farm_gateway_s3,30.5,27.8,0,4.4,0,0,0,,,,,,,,,,,,,,,,2026-09-03 04:15:00+00:00,True,False,repeated_signature_60min_offline_full_run,2026-09-03 11:15:00+07:00,15.0,-0.10000000000000142,2026-09-03
1366,farm_gateway_s3:1788409800,2026-09-03T04:30:00Z,46268.479166666664,farm_gateway_s3,30.4,27.9,0,4.5,0,0,0,,,,,,,,,,,,,,,,2026-09-03 04:30:00+00:00,True,False,repeated_signature_60min_offline_full_run,2026-09-03 11:30:00+07:00,15.0,-0.10000000000000142,2026-09-03
1367,farm_gateway_s3:1788410700,2026-09-03T04:45:00Z,46268.489583333336,farm_gateway_s3,30.2,27.9,0,4.3,0,0,0,,,,,,,,,,,,,,,,2026-09-03 04:45:00+00:00,True,False,repeated_signature_60min_offline_full_run,2026-09-03 11:45:00+07:00,15.0,-0.1999999999999993,2026-09-03
1368,farm_gateway_s3:1788411600,2026-09-03T05:00:00Z,46268.5,farm_gateway_s3,29.9,28.0,0,4.4,0,0,0,,,,,,,,,,,,,,,,2026-09-03 05:00:00+00:00,True,False,repeated_signature_60min_offline_full_run,2026-09-03 12:00:00+07:00,15.0,-0.3000000000000007,2026-09-03
1369,farm_gateway_s3:1788412500,2026-09-03T05:15:00Z,46268.510416666664,farm_gateway_s3,29.8,28.1,0,4.4,0,0,0,,,,,,,,,,,,,,,,2026-09-03 05:15:00+00:00,True,False,repeated_signature_60min_offline_full_run,2026-09-03 12:15:00+07:00,15.0,-0.09999999999999787,2026-09-03
1370,farm_gateway_s3:1788413400,2026-09-03T05:30:00Z,46268.520833333336,farm_gateway_s3,29.5,28.1,0,4.4,0,0,0,,,,,,,,,,,,,,,,2026-09-03 05:30:00+00:00,True,False,repeated_signature_60min_offline_full_run,2026-09-03 12:30:00+07:00,15.0,-0.3000000000000007,2026-09-03
1371,farm_gateway_s3:1788414300,2026-09-03T05:45:00Z,46268.53125,farm_gateway_s3,29.4,28.1,0,4.5,0,0,0,,,,,,,,,,,,,,,,2026-09-03 05:45:00+00:00,True,False,repeated_signature_60min_offline_full_run,2026-09-03 12:45:00+07:00,15.0,-0.10000000000000142,2026-09-03
1372,farm_gateway_s3:1788415200,2026-09-03T06:00:00Z,46268.541666666664,farm_gateway_s3,29.3,28.1,0,4.4,0,0,0,,,,,,,,,,,,,,,,2026-09-03 06:00:00+00:00,False,True,,2026-09-03 13:00:00+07:00,15.0,-0.09999999999999787,2026-09-03
1373,farm_gateway_s3:1788416100,2026-09-03T06:15:00Z,46268.552083333336,farm_gateway_s3,29.3,28.1,0,4.4,0,0,0,,,,,,,,,,,,,,,,2026-09-03 06:15:00+00:00,True,False,repeated_signature_60min_offline_full_run,2026-09-03 13:15:00+07:00,15.0,0.0,2026-09-03
1374,farm_gateway_s3:1788417000,2026-09-03T06:30:00Z,46268.5625,farm_gateway_s3,29.0,28.1,0,4.0,0,0,0,,,,,,,,,,,,,,,,2026-09-03 06:30:00+00:00,True,False,repeated_signature_60min_offline_full_run,2026-09-03 13:30:00+07:00,15.0,-0.3000000000000007,2026-09-03
1375,farm_gateway_s3:1788417900,2026-09-03T06:45:00Z,46268.572916666664,farm_gateway_s3,28.8,28.1,0,4.4,0,0,0,,,,,,,,,,,,,,,,2026-09-03 06:45:00+00:00,True,False,repeated_signature_60min_offline_full_run,2026-09-03 13:45:00+07:00,15.0,-0.1999999999999993,2026-09-03
1376,farm_gateway_s3:1788418800,2026-09-03T07:00:00Z,46268.583333333336,farm_gateway_s3,28.3,28.1,0,4.4,0,0,0,,,,,,,,,,,,,,,,2026-09-03 07:00:00+00:00,True,False,repeated_signature_60min_offline_full_run,2026-09-03 14:00:00+07:00,15.0,-0.5,2026-09-03
1377,farm_gateway_s3:1788419700,2026-09-03T07:15:00Z,46268.59375,farm_gateway_s3,48.8,28.0,32,4.4,0,0,0,,,,,,,,,,,,,,,,2026-09-03 07:15:00+00:00,True,False,repeated_signature_60min_offline_full_run,2026-09-03 14:15:00+07:00,15.0,20.499999999999996,2026-09-03
1378,farm_gateway_s3:1788420600,2026-09-03T07:30:00Z,46268.604166666664,farm_gateway_s3,48.1,27.9,26,4.0,0,0,0,,,,,,,,,,,,,,,,2026-09-03 07:30:00+00:00,True,False,repeated_signature_60min_offline_full_run,2026-09-03 14:30:00+07:00,15.0,-0.6999999999999957,2026-09-03
1379,farm_gateway_s3:1788421500,2026-09-03T07:45:00Z,46268.614583333336,farm_gateway_s3,46.5,27.9,21,4.2,0,0,0,,,,,,,,,,,,,,,,2026-09-03 07:45:00+00:00,True,False,repeated_signature_60min_offline_full_run,2026-09-03 14:45:00+07:00,15.0,-1.6000000000000014,2026-09-03
1380,farm_gateway_s3:1788422400,2026-09-03T08:00:00Z,46268.625,farm_gateway_s3,45.9,27.9,18,4.2,0,0,0,,,,,,,,,,,,,,,,2026-09-03 08:00:00+00:00,True,False,repeated_signature_60min_offline_full_run,2026-09-03 15:00:00+07:00,15.0,-0.6000000000000014,2026-09-03
1381,farm_gateway_s3:1788423300,2026-09-03T08:15:00Z,46268.635416666664,farm_gateway_s3,45.3,27.9,15,4.1,0,0,0,,,,,,,,,,,,,,,,2026-09-03 08:15:00+00:00,True,False,repeated_signature_60min_offline_full_run,2026-09-03 15:15:00+07:00,15.0,-0.6000000000000014,2026-09-03
1382,farm_gateway_s3:1788424200,2026-09-03T08:30:00Z,46268.645833333336,farm_gateway_s3,44.6,27.9,13,4.2,0,0,0,,,,,,,,,,,,,,,,2026-09-03 08:30:00+00:00,True,False,repeated_signature_60min_offline_full_run,2026-09-03 15:30:00+07:00,15.0,-0.6999999999999957,2026-09-03
1383,farm_gateway_s3:1788425100,2026-09-03T08:45:00Z,46268.65625,farm_gateway_s3,44.1,28.0,11,4.2,0,0,0,,,,,,,,,,,,,,,,2026-09-03 08:45:00+00:00,True,False,repeated_signature_60min_offline_full_run,2026-09-03 15:45:00+07:00,15.0,-0.5,2026-09-03
1384,farm_gateway_s3:1788426000,2026-09-03T09:00:00Z,46268.666666666664,farm_gateway_s3,43.7,28.0,9,4.2,0,0,0,,,,,,,,,,,,,,,,2026-09-03 09:00:00+00:00,True,False,repeated_signature_60min_offline_full_run,2026-09-03 16:00:00+07:00,15.0,-0.3999999999999986,2026-09-03
1385,farm_gateway_s3:1788426900,2026-09-03T09:15:00Z,46268.677083333336,farm_gateway_s3,43.3,28.1,7,4.2,0,0,0,,,,,,,,,,,,,,,,2026-09-03 09:15:00+00:00,True,False,repeated_signature_60min_offline_full_run,2026-09-03 16:15:00+07:00,15.0,-0.4000000000000057,2026-09-03
1386,farm_gateway_s3:1788427800,2026-09-03T09:30:00Z,46268.6875,farm_gateway_s3,42.9,28.1,5,4.3,0,0,0,,,,,,,,,,,,,,,,2026-09-03 09:30:00+00:00,True,False,repeated_signature_60min_offline_full_run,2026-09-03 16:30:00+07:00,15.0,-0.3999999999999986,2026-09-03
1387,farm_gateway_s3:1788428700,2026-09-03T09:45:00Z,46268.697916666664,farm_gateway_s3,42.6,28.1,4,4.4,0,0,0,,,,,,,,,,,,,,,,2026-09-03 09:45:00+00:00,True,False,repeated_signature_60min_offline_full_run,2026-09-03 16:45:00+07:00,15.0,-0.29999999999999716,2026-09-03
1388,farm_gateway_s3:1788429600,2026-09-03T10:00:00Z,46268.708333333336,farm_gateway_s3,42.1,28.1,2,4.4,0,0,0,,,,,,,,,,,,,,,,2026-09-03 10:00:00+00:00,True,False,repeated_signature_60min_offline_full_run,2026-09-03 17:00:00+07:00,15.0,-0.5,2026-09-03
1389,farm_gateway_s3:1788430500,2026-09-03T10:15:00Z,46268.71875,farm_gateway_s3,84.1,27.7,57,4.8,0,0,0,,,,,,,,,,,,,,,,2026-09-03 10:15:00+00:00,True,False,repeated_signature_60min_offline_full_run,2026-09-03 17:15:00+07:00,15.0,41.99999999999999,2026-09-03
1390,farm_gateway_s3:1788431400,2026-09-03T10:30:00Z,46268.729166666664,farm_gateway_s3,75.9,25.7,10,4.5,0,0,0,,,,,,,,,,,,,,,,2026-09-03 10:30:00+00:00,True,False,repeated_signature_60min_offline_full_run,2026-09-03 17:30:00+07:00,15.0,-8.199999999999989,2026-09-03
1391,farm_gateway_s3:1788432300,2026-09-03T10:45:00Z,46268.739583333336,farm_gateway_s3,83.4,24.9,0,4.4,0,0,0,,,,,,,,,,,,,,,,2026-09-03 10:45:00+00:00,True,False,repeated_signature_60min_offline_full_run,2026-09-03 17:45:00+07:00,15.0,7.5,2026-09-03
1392,farm_gateway_s3:1788433200,2026-09-03T11:00:00Z,46268.75,farm_gateway_s3,62.5,25.1,0,4.3,0,0,0,,,,,,,,,,,,,,,,2026-09-03 11:00:00+00:00,True,False,repeated_signature_60min_offline_full_run,2026-09-03 18:00:00+07:00,15.0,-20.900000000000006,2026-09-03
1393,farm_gateway_s3:1788434100,2026-09-03T11:15:00Z,46268.760416666664,farm_gateway_s3,59.0,25.5,9,4.1,0,0,0,,,,,,,,,,,,,,,,2026-09-03 11:15:00+00:00,True,False,repeated_signature_60min_offline_full_run,2026-09-03 18:15:00+07:00,15.0,-3.5,2026-09-03
1394,farm_gateway_s3:1788435000,2026-09-03T11:30:00Z,46268.770833333336,farm_gateway_s3,54.8,25.8,7,4.0,0,0,0,,,,,,,,,,,,,,,,2026-09-03 11:30:00+00:00,True,False,repeated_signature_60min_offline_full_run,2026-09-03 18:30:00+07:00,15.0,-4.200000000000003,2026-09-03
1395,farm_gateway_s3:1788435900,2026-09-03T11:45:00Z,46268.78125,farm_gateway_s3,51.0,25.9,1,3.9,0,0,0,,,,,,,,,,,,,,,,2026-09-03 11:45:00+00:00,True,False,repeated_signature_60min_offline_full_run,2026-09-03 18:45:00+07:00,15.0,-3.799999999999997,2026-09-03
1396,farm_gateway_s3:1788436800,2026-09-03T12:00:00Z,46268.791666666664,farm_gateway_s3,48.4,26.0,0,3.8,0,0,0,,,,,,,,,,,,,,,,2026-09-03 12:00:00+00:00,True,False,repeated_signature_60min_offline_full_run,2026-09-03 19:00:00+07:00,15.0,-2.6000000000000014,2026-09-03
1397,farm_gateway_s3:1788437700,2026-09-03T12:15:00Z,46268.802083333336,farm_gateway_s3,46.7,26.1,0,3.8,0,0,0,,,,,,,,,,,,,,,,2026-09-03 12:15:00+00:00,True,False,repeated_signature_60min_offline_full_run,2026-09-03 19:15:00+07:00,15.0,-1.6999999999999957,2026-09-03
1398,farm_gateway_s3:1788438600,2026-09-03T12:30:00Z,46268.8125,farm_gateway_s3,45.8,26.1,0,3.8,0,0,0,,,,,,,,,,,,,,,,2026-09-03 12:30:00+00:00,True,False,repeated_signature_60min_offline_full_run,2026-09-03 19:30:00+07:00,15.0,-0.9000000000000057,2026-09-03
1399,farm_gateway_s3:1788439500,2026-09-03T12:45:00Z,46268.822916666664,farm_gateway_s3,45.3,26.2,0,3.8,0,0,0,,,,,,,,,,,,,,,,2026-09-03 12:45:00+00:00,True,False,repeated_signature_60min_offline_full_run,2026-09-03 19:45:00+07:00,15.0,-0.5,2026-09-03
1400,farm_gateway_s3:1788440400,2026-09-03T13:00:00Z,46268.833333333336,farm_gateway_s3,45.4,26.2,0,3.8,0,0,0,,,,,,,,,,,,,,,,2026-09-03 13:00:00+00:00,True,False,repeated_signature_60min_offline_full_run,2026-09-03 20:00:00+07:00,15.0,0.10000000000000142,2026-09-03
1401,farm_gateway_s3:1788441300,2026-09-03T13:15:00Z,46268.84375,farm_gateway_s3,45.2,26.2,0,3.8,0,0,0,,,,,,,,,,,,,,,,2026-09-03 13:15:00+00:00,True,False,repeated_signature_60min_offline_full_run,2026-09-03 20:15:00+07:00,15.0,-0.19999999999999574,2026-09-03
1402,farm_gateway_s3:1788442200,2026-09-03T13:30:00Z,46268.854166666664,farm_gateway_s3,44.9,26.2,0,3.9,0,0,0,,,,,,,,,,,,,,,,2026-09-03 13:30:00+00:00,True,False,repeated_signature_60min_offline_full_run,2026-09-03 20:30:00+07:00,15.0,-0.30000000000000426,2026-09-03
1403,farm_gateway_s3:1788443100,2026-09-03T13:45:00Z,46268.864583333336,farm_gateway_s3,44.5,26.2,0,3.9,0,0,0,,,,,,,,,,,,,,,,2026-09-03 13:45:00+00:00,True,False,repeated_signature_60min_offline_full_run,2026-09-03 20:45:00+07:00,15.0,-0.3999999999999986,2026-09-03
1404,farm_gateway_s3:1788444000,2026-09-03T14:00:00Z,46268.875,farm_gateway_s3,43.9,26.3,0,3.9,0,0,0,,,,,,,,,,,,,,,,2026-09-03 14:00:00+00:00,True,False,repeated_signature_60min_offline_full_run,2026-09-03 21:00:00+07:00,15.0,-0.6000000000000014,2026-09-03
1405,farm_gateway_s3:1788444900,2026-09-03T14:15:00Z,46268.885416666664,farm_gateway_s3,43.5,26.3,0,3.9,0,0,0,,,,,,,,,,,,,,,,2026-09-03 14:15:00+00:00,False,True,,2026-09-03 21:15:00+07:00,15.0,-0.3999999999999986,2026-09-03
1406,farm_gateway_s3:1788445800,2026-09-03T14:30:00Z,46268.895833333336,farm_gateway_s3,43.4,26.3,0,3.9,0,0,0,,,,,,,,,,,,,,,,2026-09-03 14:30:00+00:00,True,False,repeated_signature_60min_offline_full_run,2026-09-03 21:30:00+07:00,15.0,-0.10000000000000142,2026-09-03
1407,farm_gateway_s3:1788446700,2026-09-03T14:45:00Z,46268.90625,farm_gateway_s3,43.0,26.3,0,4.0,0,0,0,,,,,,,,,,,,,,,,2026-09-03 14:45:00+00:00,True,False,repeated_signature_60min_offline_full_run,2026-09-03 21:45:00+07:00,15.0,-0.3999999999999986,2026-09-03
1408,farm_gateway_s3:1788447600,2026-09-03T15:00:00Z,46268.916666666664,farm_gateway_s3,42.7,26.3,0,4.0,0,0,0,,,,,,,,,,,,,,,,2026-09-03 15:00:00+00:00,True,False,repeated_signature_60min_offline_full_run,2026-09-03 22:00:00+07:00,15.0,-0.29999999999999716,2026-09-03
1409,farm_gateway_s3:1788448500,2026-09-03T15:15:00Z,46268.927083333336,farm_gateway_s3,42.4,26.3,0,4.0,0,0,0,,,,,,,,,,,,,,,,2026-09-03 15:15:00+00:00,True,False,repeated_signature_60min_offline_full_run,2026-09-03 22:15:00+07:00,15.0,-0.30000000000000426,2026-09-03
1410,farm_gateway_s3:1788449400,2026-09-03T15:30:00Z,46268.9375,farm_gateway_s3,42.1,26.3,0,4.0,0,0,0,,,,,,,,,,,,,,,,2026-09-03 15:30:00+00:00,True,False,repeated_signature_60min_offline_full_run,2026-09-03 22:30:00+07:00,15.0,-0.29999999999999716,2026-09-03
1411,farm_gateway_s3:1788450300,2026-09-03T15:45:00Z,46268.947916666664,farm_gateway_s3,41.7,26.3,0,4.0,0,0,0,,,,,,,,,,,,,,,,2026-09-03 15:45:00+00:00,True,False,repeated_signature_60min_offline_full_run,2026-09-03 22:45:00+07:00,15.0,-0.3999999999999986,2026-09-03
1412,farm_gateway_s3:1788451200,2026-09-03T16:00:00Z,46268.958333333336,farm_gateway_s3,41.4,26.3,0,4.0,0,0,0,,,,,,,,,,,,,,,,2026-09-03 16:00:00+00:00,True,False,repeated_signature_60min_offline_full_run,2026-09-03 23:00:00+07:00,15.0,-0.30000000000000426,2026-09-03
1413,farm_gateway_s3:1788452100,2026-09-03T16:15:00Z,46268.96875,farm_gateway_s3,41.2,26.3,0,4.0,0,0,0,,,,,,,,,,,,,,,,2026-09-03 16:15:00+00:00,True,False,repeated_signature_60min_offline_full_run,2026-09-03 23:15:00+07:00,15.0,-0.19999999999999574,2026-09-03
1414,farm_gateway_s3:1788453000,2026-09-03T16:30:00Z,46268.979166666664,farm_gateway_s3,41.1,26.3,0,4.0,0,0,0,,,,,,,,,,,,,,,,2026-09-03 16:30:00+00:00,True,False,repeated_signature_60min_offline_full_run,2026-09-03 23:30:00+07:00,15.0,-0.10000000000000142,2026-09-03
1415,farm_gateway_s3:1788453900,2026-09-03T16:45:00Z,46268.989583333336,farm_gateway_s3,40.8,26.3,0,4.0,0,0,0,,,,,,,,,,,,,,,,2026-09-03 16:45:00+00:00,True,False,repeated_signature_60min_offline_full_run,2026-09-03 23:45:00+07:00,15.0,-0.30000000000000426,2026-09-03
1416,farm_gateway_s3:1788454800,2026-09-03T17:00:00Z,46269.0,farm_gateway_s3,40.6,26.3,0,4.0,0,0,0,,,,,,,,,,,,,,,,2026-09-03 17:00:00+00:00,True,False,repeated_signature_60min_offline_full_run,2026-09-04 00:00:00+07:00,15.0,-0.19999999999999574,2026-09-04
1417,farm_gateway_s3:1788455700,2026-09-03T17:15:00Z,46269.010416666664,farm_gateway_s3,40.4,26.3,0,5.0,0,0,0,,,,,,,,,,,,,,,,2026-09-03 17:15:00+00:00,True,False,repeated_signature_60min_offline_full_run,2026-09-04 00:15:00+07:00,15.0,-0.20000000000000284,2026-09-04
1418,farm_gateway_s3:1788456600,2026-09-03T17:30:00Z,46269.020833333336,farm_gateway_s3,40.2,26.3,0,4.0,0,0,0,,,,,,,,,,,,,,,,2026-09-03 17:30:00+00:00,True,False,repeated_signature_60min_offline_full_run,2026-09-04 00:30:00+07:00,15.0,-0.19999999999999574,2026-09-04
1419,farm_gateway_s3:1788457500,2026-09-03T17:45:00Z,46269.03125,farm_gateway_s3,40.0,26.3,0,4.0,0,0,0,,,,,,,,,,,,,,,,2026-09-03 17:45:00+00:00,True,False,repeated_signature_60min_offline_full_run,2026-09-04 00:45:00+07:00,15.0,-0.20000000000000284,2026-09-04
1420,farm_gateway_s3:1788458400,2026-09-03T18:00:00Z,46269.041666666664,farm_gateway_s3,39.8,26.3,0,4.0,0,0,0,,,,,,,,,,,,,,,,2026-09-03 18:00:00+00:00,True,False,repeated_signature_60min_offline_full_run,2026-09-04 01:00:00+07:00,15.0,-0.20000000000000284,2026-09-04
1421,farm_gateway_s3:1788459300,2026-09-03T18:15:00Z,46269.052083333336,farm_gateway_s3,39.6,26.3,0,4.0,0,0,0,,,,,,,,,,,,,,,,2026-09-03 18:15:00+00:00,True,False,repeated_signature_60min_offline_full_run,2026-09-04 01:15:00+07:00,15.0,-0.19999999999999574,2026-09-04
1422,farm_gateway_s3:1788460200,2026-09-03T18:30:00Z,46269.0625,farm_gateway_s3,39.5,26.3,0,4.0,0,0,0,,,,,,,,,,,,,,,,2026-09-03 18:30:00+00:00,True,False,repeated_signature_60min_offline_full_run,2026-09-04 01:30:00+07:00,15.0,-0.10000000000000142,2026-09-04
1423,farm_gateway_s3:1788461100,2026-09-03T18:45:00Z,46269.072916666664,farm_gateway_s3,39.3,26.3,0,3.9,0,0,0,,,,,,,,,,,,,,,,2026-09-03 18:45:00+00:00,True,False,repeated_signature_60min_offline_full_run,2026-09-04 01:45:00+07:00,15.0,-0.20000000000000284,2026-09-04
1424,farm_gateway_s3:1788462000,2026-09-03T19:00:00Z,46269.083333333336,farm_gateway_s3,39.2,26.3,0,4.0,0,0,0,,,,,,,,,,,,,,,,2026-09-03 19:00:00+00:00,True,False,repeated_signature_60min_offline_full_run,2026-09-04 02:00:00+07:00,15.0,-0.09999999999999432,2026-09-04
1425,farm_gateway_s3:1788462900,2026-09-03T19:15:00Z,46269.09375,farm_gateway_s3,38.7,26.3,0,4.0,0,0,0,,,,,,,,,,,,,,,,2026-09-03 19:15:00+00:00,True,False,repeated_signature_60min_offline_full_run,2026-09-04 02:15:00+07:00,15.0,-0.5,2026-09-04
1426,farm_gateway_s3:1788463800,2026-09-03T19:30:00Z,46269.104166666664,farm_gateway_s3,38.5,26.3,0,3.9,0,0,0,,,,,,,,,,,,,,,,2026-09-03 19:30:00+00:00,True,False,repeated_signature_60min_offline_full_run,2026-09-04 02:30:00+07:00,15.0,-0.20000000000000284,2026-09-04
1427,farm_gateway_s3:1788464700,2026-09-03T19:45:00Z,46269.114583333336,farm_gateway_s3,38.3,26.3,0,4.0,0,0,0,,,,,,,,,,,,,,,,2026-09-03 19:45:00+00:00,True,False,repeated_signature_60min_offline_full_run,2026-09-04 02:45:00+07:00,15.0,-0.20000000000000284,2026-09-04
1428,farm_gateway_s3:1788478200,2026-09-03T23:30:00Z,46269.270833333336,farm_gateway_s3,36.3,26.2,0,3.9,0,0,0,,,,,,,,,,,,,,,,2026-09-03 23:30:00+00:00,True,False,repeated_signature_60min_offline_full_run,2026-09-04 06:30:00+07:00,225.0,,2026-09-04
1429,farm_gateway_s3:1788479100,2026-09-03T23:45:00Z,46269.28125,farm_gateway_s3,36.1,26.2,0,3.9,0,0,0,,,,,,,,,,,,,,,,2026-09-03 23:45:00+00:00,True,False,repeated_signature_60min_offline_full_run,2026-09-04 06:45:00+07:00,15.0,-0.19999999999999574,2026-09-04
1430,farm_gateway_s3:1788480000,2026-09-04T00:00:00Z,46269.291666666664,farm_gateway_s3,36.1,26.3,0,3.9,0,0,0,,,,,,,,,,,,,,,,2026-09-04 00:00:00+00:00,True,False,repeated_signature_60min_offline_full_run,2026-09-04 07:00:00+07:00,15.0,0.0,2026-09-04
1431,farm_gateway_s3:1788480900,2026-09-04T00:15:00Z,46269.302083333336,farm_gateway_s3,36.1,26.3,0,3.9,0,0,0,,,,,,,,,,,,,,,,2026-09-04 00:15:00+00:00,True,False,repeated_signature_60min_offline_full_run,2026-09-04 07:15:00+07:00,15.0,0.0,2026-09-04
1432,farm_gateway_s3:1788481800,2026-09-04T00:30:00Z,46269.3125,farm_gateway_s3,36.0,26.3,0,3.9,0,0,0,,,,,,,,,,,,,,,,2026-09-04 00:30:00+00:00,True,False,repeated_signature_60min_offline_full_run,2026-09-04 07:30:00+07:00,15.0,-0.10000000000000142,2026-09-04
1433,farm_gateway_s3:1788482700,2026-09-04T00:45:00Z,46269.322916666664,farm_gateway_s3,35.9,26.4,0,4.0,0,0,0,,,,,,,,,,,,,,,,2026-09-04 00:45:00+00:00,True,False,repeated_signature_60min_offline_full_run,2026-09-04 07:45:00+07:00,15.0,-0.10000000000000142,2026-09-04
1434,farm_gateway_s3:1788483600,2026-09-04T01:00:00Z,46269.333333333336,farm_gateway_s3,35.7,26.4,0,4.0,0,0,0,,,,,,,,,,,,,,,,2026-09-04 01:00:00+00:00,True,False,repeated_signature_60min_offline_full_run,2026-09-04 08:00:00+07:00,15.0,-0.19999999999999574,2026-09-04
1435,farm_gateway_s3:1788484500,2026-09-04T01:15:00Z,46269.34375,farm_gateway_s3,35.6,26.4,0,4.0,0,0,0,,,,,,,,,,,,,,,,2026-09-04 01:15:00+00:00,True,False,repeated_signature_60min_offline_full_run,2026-09-04 08:15:00+07:00,15.0,-0.10000000000000142,2026-09-04
1436,farm_gateway_s3:1788485400,2026-09-04T01:30:00Z,46269.354166666664,farm_gateway_s3,35.6,26.5,0,4.0,0,0,0,,,,,,,,,,,,,,,,2026-09-04 01:30:00+00:00,True,False,repeated_signature_60min_offline_full_run,2026-09-04 08:30:00+07:00,15.0,0.0,2026-09-04
1437,farm_gateway_s3:1788486300,2026-09-04T01:45:00Z,46269.364583333336,farm_gateway_s3,35.6,26.6,0,4.0,0,0,0,,,,,,,,,,,,,,,,2026-09-04 01:45:00+00:00,True,False,repeated_signature_60min_offline_full_run,2026-09-04 08:45:00+07:00,15.0,0.0,2026-09-04
1438,farm_gateway_s3:1788487200,2026-09-04T02:00:00Z,46269.375,farm_gateway_s3,35.6,26.6,0,4.0,0,0,0,,,,,,,,,,,,,,,,2026-09-04 02:00:00+00:00,True,False,repeated_signature_60min_offline_full_run,2026-09-04 09:00:00+07:00,15.0,0.0,2026-09-04
1439,farm_gateway_s3:1788488100,2026-09-04T02:15:00Z,46269.385416666664,farm_gateway_s3,35.3,26.7,0,4.0,0,0,0,,,,,,,,,,,,,,,,2026-09-04 02:15:00+00:00,True,False,repeated_signature_60min_offline_full_run,2026-09-04 09:15:00+07:00,15.0,-0.30000000000000426,2026-09-04
1440,farm_gateway_s3:1788489000,2026-09-04T02:30:00Z,46269.395833333336,farm_gateway_s3,35.2,26.8,0,4.0,0,0,0,,,,,,,,,,,,,,,,2026-09-04 02:30:00+00:00,True,False,repeated_signature_60min_offline_full_run,2026-09-04 09:30:00+07:00,15.0,-0.09999999999999432,2026-09-04
1441,farm_gateway_s3:1788489900,2026-09-04T02:45:00Z,46269.40625,farm_gateway_s3,35.0,26.8,0,4.0,0,0,0,,,,,,,,,,,,,,,,2026-09-04 02:45:00+00:00,True,False,repeated_signature_60min_offline_full_run,2026-09-04 09:45:00+07:00,15.0,-0.20000000000000284,2026-09-04
1442,farm_gateway_s3:1788490800,2026-09-04T03:00:00Z,46269.416666666664,farm_gateway_s3,34.8,26.9,0,4.0,0,0,0,,,,,,,,,,,,,,,,2026-09-04 03:00:00+00:00,True,False,repeated_signature_60min_offline_full_run,2026-09-04 10:00:00+07:00,15.0,-0.20000000000000284,2026-09-04
1443,farm_gateway_s3:1788491700,2026-09-04T03:15:00Z,46269.427083333336,farm_gateway_s3,34.5,26.9,0,4.0,0,0,0,,,,,,,,,,,,,,,,2026-09-04 03:15:00+00:00,True,False,repeated_signature_60min_offline_full_run,2026-09-04 10:15:00+07:00,15.0,-0.29999999999999716,2026-09-04
1444,farm_gateway_s3:1788492600,2026-09-04T03:30:00Z,46269.4375,farm_gateway_s3,34.3,27.1,0,4.0,0,0,0,,,,,,,,,,,,,,,,2026-09-04 03:30:00+00:00,True,False,repeated_signature_60min_offline_full_run,2026-09-04 10:30:00+07:00,15.0,-0.20000000000000284,2026-09-04
1445,farm_gateway_s3:1788493500,2026-09-04T03:45:00Z,46269.447916666664,farm_gateway_s3,34.3,27.1,0,4.0,0,0,0,,,,,,,,,,,,,,,,2026-09-04 03:45:00+00:00,True,False,repeated_signature_60min_offline_full_run,2026-09-04 10:45:00+07:00,15.0,0.0,2026-09-04
1446,farm_gateway_s3:1788494400,2026-09-04T04:00:00Z,46269.458333333336,farm_gateway_s3,34.2,27.2,0,4.0,0,0,0,,,,,,,,,,,,,,,,2026-09-04 04:00:00+00:00,True,False,repeated_signature_60min_offline_full_run,2026-09-04 11:00:00+07:00,15.0,-0.09999999999999432,2026-09-04
1447,farm_gateway_s3:1788495300,2026-09-04T04:15:00Z,46269.46875,farm_gateway_s3,33.9,27.3,0,3.9,0,0,0,30.9,74.0,32.8,65.0,1008.0,0.0,0.0,0.0,0.0,0.0,4.0,25.3,38.8,40.7,127600.0,2026-09-04 04:15:00+00:00,False,False,,2026-09-04 11:15:00+07:00,15.0,-0.30000000000000426,2026-09-04
1448,farm_gateway_s3:1788496200,2026-09-04T04:30:00Z,46269.479166666664,farm_gateway_s3,33.8,27.4,0,3.9,0,0,0,31.2,71.0,33.3,64.0,1008.0,0.0,0.0,0.0,0.0,0.0,3.0,25.5,39.4,41.9,95040.0,2026-09-04 04:30:00+00:00,False,False,,2026-09-04 11:30:00+07:00,15.0,-0.10000000000000142,2026-09-04
1449,farm_gateway_s3:1788497100,2026-09-04T04:45:00Z,46269.489583333336,farm_gateway_s3,33.7,27.4,0,3.9,0,0,0,31.6,68.0,33.3,63.0,1008.0,0.0,0.0,0.0,0.0,0.0,4.0,25.2,39.3,41.5,120120.0,2026-09-04 04:45:00+00:00,False,False,,2026-09-04 11:45:00+07:00,15.0,-0.09999999999999432,2026-09-04
1450,farm_gateway_s3:1788498000,2026-09-04T05:00:00Z,46269.5,farm_gateway_s3,33.5,27.5,0,4.9,0,0,0,32.5,64.0,32.9,63.0,1007.0,0.0,0.0,0.0,0.0,0.0,1.0,24.8,38.7,40.4,25300.0,2026-09-04 05:00:00+00:00,False,False,,2026-09-04 12:00:00+07:00,15.0,-0.20000000000000284,2026-09-04
1451,farm_gateway_s3:1788498900,2026-09-04T05:15:00Z,46269.510416666664,farm_gateway_s3,33.4,27.5,0,4.9,0,0,0,,,,,,,,,,,,,,,,2026-09-04 05:15:00+00:00,False,True,,2026-09-04 12:15:00+07:00,15.0,-0.10000000000000142,2026-09-04
1452,farm_gateway_s3:1788499800,2026-09-04T05:30:00Z,46269.520833333336,farm_gateway_s3,33.2,27.6,0,3.9,0,0,0,33.1,61.0,33.3,62.0,1007.0,0.0,0.0,0.0,0.0,0.0,1.0,24.9,39.2,41.1,13200.0,2026-09-04 05:30:00+00:00,False,False,,2026-09-04 12:30:00+07:00,15.0,-0.19999999999999574,2026-09-04
1453,farm_gateway_s3:1788500700,2026-09-04T05:45:00Z,46269.53125,farm_gateway_s3,33.0,27.6,0,3.8,0,0,0,31.3,64.0,26.5,84.0,1007.0,0.4,0.0,0.2,0.2,0.0,1.0,23.5,31.4,26.5,32780.0,2026-09-04 05:45:00+00:00,False,False,,2026-09-04 12:45:00+07:00,15.0,-0.20000000000000284,2026-09-04
1454,farm_gateway_s3:1788501600,2026-09-04T06:00:00Z,46269.541666666664,farm_gateway_s3,32.7,27.6,0,3.9,0,0,0,29.5,71.0,27.1,84.0,1007.0,0.0,0.0,0.2,0.2,0.0,4.0,24.1,32.3,30.5,113080.0,2026-09-04 06:00:00+00:00,False,False,,2026-09-04 13:00:00+07:00,15.0,-0.29999999999999716,2026-09-04
1455,farm_gateway_s3:1788502500,2026-09-04T06:15:00Z,46269.552083333336,farm_gateway_s3,32.7,27.6,0,3.9,0,0,0,30.1,69.0,29.1,76.0,1007.0,0.0,0.0,0.2,0.2,0.0,2.0,24.4,34.5,34.1,65780.0,2026-09-04 06:15:00+00:00,False,False,,2026-09-04 13:15:00+07:00,15.0,0.0,2026-09-04
1456,farm_gateway_s3:1788503400,2026-09-04T06:30:00Z,46269.5625,farm_gateway_s3,32.7,27.7,0,3.9,0,0,0,29.0,67.0,27.2,79.0,1007.0,0.1,0.0,0.2,0.2,0.0,1.0,23.2,32.0,30.1,35860.0,2026-09-04 06:30:00+00:00,False,False,,2026-09-04 13:30:00+07:00,15.0,0.0,2026-09-04
1457,farm_gateway_s3:1788504300,2026-09-04T06:45:00Z,46269.572916666664,farm_gateway_s3,32.7,27.7,0,3.9,0,0,0,29.3,67.0,29.9,70.0,1007.0,0.0,2.6,0.0,0.2,0.0,4.0,23.8,35.1,34.9,110880.0,2026-09-04 06:45:00+00:00,False,False,,2026-09-04 13:45:00+07:00,15.0,0.0,2026-09-04
1458,farm_gateway_s3:1788505200,2026-09-04T07:00:00Z,46269.583333333336,farm_gateway_s3,32.7,27.8,0,3.9,0,0,0,29.8,64.0,29.9,68.0,1005.0,0.1,3.3,0.0,0.2,0.0,4.0,23.3,35.0,34.5,114840.0,2026-09-04 07:00:00+00:00,False,False,,2026-09-04 14:00:00+07:00,15.0,0.0,2026-09-04
1459,farm_gateway_s3:1788506100,2026-09-04T07:15:00Z,46269.59375,farm_gateway_s3,32.7,28.0,0,3.9,0,0,0,30.2,65.0,30.7,69.0,1005.0,0.1,0.0,0.0,0.2,0.0,4.0,24.3,36.2,36.4,103180.0,2026-09-04 07:15:00+00:00,False,False,,2026-09-04 14:15:00+07:00,15.0,0.0,2026-09-04
1460,farm_gateway_s3:1788507000,2026-09-04T07:30:00Z,46269.604166666664,farm_gateway_s3,32.7,28.2,0,3.9,0,0,0,,,,,,,,,,,,,,,,2026-09-04 07:30:00+00:00,False,True,,2026-09-04 14:30:00+07:00,15.0,0.0,2026-09-04
1461,farm_gateway_s3:1788507900,2026-09-04T07:45:00Z,46269.614583333336,farm_gateway_s3,32.4,28.4,0,3.9,0,0,0,31.3,66.0,33.4,65.0,1005.0,0.0,0.0,0.0,0.2,0.0,1.0,25.8,39.7,42.6,47960.0,2026-09-04 07:45:00+00:00,False,False,,2026-09-04 14:45:00+07:00,15.0,-0.30000000000000426,2026-09-04
1462,farm_gateway_s3:1788508800,2026-09-04T08:00:00Z,46269.625,farm_gateway_s3,32.3,28.6,0,3.9,0,0,0,31.8,64.0,33.3,62.0,1005.0,0.0,0.0,0.0,0.2,0.0,3.0,24.9,39.2,41.1,88880.0,2026-09-04 08:00:00+00:00,False,False,,2026-09-04 15:00:00+07:00,15.0,-0.10000000000000142,2026-09-04
1463,farm_gateway_s3:1788509700,2026-09-04T08:15:00Z,46269.635416666664,farm_gateway_s3,32.1,28.7,0,3.9,0,0,0,31.9,65.0,34.9,61.0,1005.0,0.0,0.0,0.0,0.2,0.0,3.0,26.2,41.4,45.3,84040.0,2026-09-04 08:15:00+00:00,False,False,,2026-09-04 15:15:00+07:00,15.0,-0.19999999999999574,2026-09-04
1464,farm_gateway_s3:1788510600,2026-09-04T08:30:00Z,46269.645833333336,farm_gateway_s3,32.1,28.9,0,3.9,0,0,0,31.9,65.0,34.3,62.0,1005.0,0.0,0.0,0.0,0.2,0.0,2.0,25.9,40.6,44.0,71060.0,2026-09-04 08:30:00+00:00,False,False,,2026-09-04 15:30:00+07:00,15.0,0.0,2026-09-04
1465,farm_gateway_s3:1788511500,2026-09-04T08:45:00Z,46269.65625,farm_gateway_s3,32.0,29.0,0,4.0,0,0,0,32.1,65.0,33.5,65.0,1005.0,0.0,0.0,0.0,0.2,0.0,1.0,25.9,39.8,42.8,31130.0,2026-09-04 08:45:00+00:00,False,False,,2026-09-04 15:45:00+07:00,15.0,-0.10000000000000142,2026-09-04
1466,farm_gateway_s3:1788512400,2026-09-04T09:00:00Z,46269.666666666664,farm_gateway_s3,31.5,29.1,0,4.0,0,0,0,32.2,65.0,33.8,63.0,1004.0,0.0,0.0,0.0,0.2,0.0,2.0,25.7,40.0,42.8,54560.0,2026-09-04 09:00:00+00:00,False,False,,2026-09-04 16:00:00+07:00,15.0,-0.5,2026-09-04
1467,farm_gateway_s3:1788513300,2026-09-04T09:15:00Z,46269.677083333336,farm_gateway_s3,31.3,29.1,0,4.0,0,0,0,32.4,64.0,34.7,59.0,1004.0,0.0,0.0,0.0,0.2,0.0,1.0,25.4,40.9,43.6,18750.0,2026-09-04 09:15:00+00:00,False,False,,2026-09-04 16:15:00+07:00,15.0,-0.1999999999999993,2026-09-04
1468,farm_gateway_s3:1788514200,2026-09-04T09:30:00Z,46269.6875,farm_gateway_s3,31.0,29.1,0,4.0,0,0,0,32.6,62.0,35.4,57.0,1004.0,0.0,0.0,0.0,0.2,0.0,1.0,25.5,41.7,44.7,42570.0,2026-09-04 09:30:00+00:00,False,False,,2026-09-04 16:30:00+07:00,15.0,-0.3000000000000007,2026-09-04
1469,farm_gateway_s3:1788515100,2026-09-04T09:45:00Z,46269.697916666664,farm_gateway_s3,30.9,29.1,0,4.0,0,0,0,32.8,62.0,35.0,56.0,1004.0,0.0,0.0,0.0,0.2,0.0,1.0,24.8,41.0,43.2,28380.0,2026-09-04 09:45:00+00:00,False,False,,2026-09-04 16:45:00+07:00,15.0,-0.10000000000000142,2026-09-04
1470,farm_gateway_s3:1788516000,2026-09-04T10:00:00Z,46269.708333333336,farm_gateway_s3,30.8,29.1,0,4.0,0,0,0,32.8,61.0,35.3,57.0,1004.0,0.0,0.0,0.0,0.2,0.0,1.0,25.4,41.5,44.5,22770.0,2026-09-04 10:00:00+00:00,False,False,,2026-09-04 17:00:00+07:00,15.0,-0.09999999999999787,2026-09-04
1471,farm_gateway_s3:1788516900,2026-09-04T10:15:00Z,46269.71875,farm_gateway_s3,30.5,29.1,0,4.0,0,0,0,32.7,61.0,35.3,54.0,1004.0,0.0,0.0,0.0,0.2,0.0,1.0,24.5,41.2,43.1,18920.0,2026-09-04 10:15:00+00:00,False,False,,2026-09-04 17:15:00+07:00,15.0,-0.3000000000000007,2026-09-04
1472,farm_gateway_s3:1788517800,2026-09-04T10:30:00Z,46269.729166666664,farm_gateway_s3,30.4,29.0,0,4.0,0,0,0,32.6,60.0,32.8,63.0,1004.0,0.0,0.0,0.0,0.2,0.0,0.0,24.7,38.6,40.1,4900.0,2026-09-04 10:30:00+00:00,False,False,,2026-09-04 17:30:00+07:00,15.0,-0.10000000000000142,2026-09-04
1473,farm_gateway_s3:1788518700,2026-09-04T10:45:00Z,46269.739583333336,farm_gateway_s3,30.4,28.9,0,4.0,0,0,0,32.5,60.0,31.6,66.0,1004.0,0.0,0.0,0.0,0.2,0.0,0.0,24.4,37.2,38.0,3890.0,2026-09-04 10:45:00+00:00,False,False,,2026-09-04 17:45:00+07:00,15.0,0.0,2026-09-04
1474,farm_gateway_s3:1788519600,2026-09-04T11:00:00Z,46269.75,farm_gateway_s3,30.1,28.9,0,4.0,0,0,0,31.6,61.0,30.9,66.0,1005.0,0.0,0.0,0.0,0.2,0.0,0.0,23.7,36.2,36.3,2900.0,2026-09-04 11:00:00+00:00,False,False,,2026-09-04 18:00:00+07:00,15.0,-0.29999999999999716,2026-09-04
1475,farm_gateway_s3:1788520500,2026-09-04T11:15:00Z,46269.760416666664,farm_gateway_s3,29.8,28.8,0,4.0,0,0,0,31.8,62.0,30.3,69.0,1005.0,0.0,0.0,0.0,0.2,0.0,0.0,23.9,35.6,35.5,1620.0,2026-09-04 11:15:00+00:00,False,False,,2026-09-04 18:15:00+07:00,15.0,-0.3000000000000007,2026-09-04
1476,farm_gateway_s3:1788521400,2026-09-04T11:30:00Z,46269.770833333336,farm_gateway_s3,29.8,28.7,0,4.0,0,0,0,31.8,62.0,29.7,71.0,1005.0,0.0,0.0,0.0,0.2,0.0,0.0,23.8,34.9,34.6,430.0,2026-09-04 11:30:00+00:00,False,False,,2026-09-04 18:30:00+07:00,15.0,0.0,2026-09-04
1477,farm_gateway_s3:1788522300,2026-09-04T11:45:00Z,46269.78125,farm_gateway_s3,29.7,28.6,0,4.0,0,0,0,30.5,66.0,29.0,75.0,1005.0,0.0,0.0,0.0,0.2,0.0,0.0,24.0,34.3,33.8,10.0,2026-09-04 11:45:00+00:00,False,False,,2026-09-04 18:45:00+07:00,15.0,-0.10000000000000142,2026-09-04
1478,farm_gateway_s3:1788523200,2026-09-04T12:00:00Z,46269.791666666664,farm_gateway_s3,29.7,28.5,0,5.0,0,0,0,30.1,68.0,28.6,77.0,1005.0,0.0,0.0,0.0,0.2,0.0,0.0,24.1,33.9,33.2,0.0,2026-09-04 12:00:00+00:00,False,False,,2026-09-04 19:00:00+07:00,15.0,0.0,2026-09-04
1479,farm_gateway_s3:1788524100,2026-09-04T12:15:00Z,46269.802083333336,farm_gateway_s3,29.5,28.4,0,5.0,0,0,0,30.2,68.0,28.1,79.0,1005.0,0.0,0.0,0.0,0.2,0.0,0.0,24.0,33.3,32.2,0.0,2026-09-04 12:15:00+00:00,False,False,,2026-09-04 19:15:00+07:00,15.0,-0.1999999999999993,2026-09-04
1480,farm_gateway_s3:1788525000,2026-09-04T12:30:00Z,46269.8125,farm_gateway_s3,29.5,28.3,0,5.0,0,0,0,30.2,67.0,28.0,78.0,1005.0,0.0,0.0,0.0,0.2,0.0,0.0,23.7,33.1,31.8,0.0,2026-09-04 12:30:00+00:00,False,False,,2026-09-04 19:30:00+07:00,15.0,0.0,2026-09-04
1481,farm_gateway_s3:1788525900,2026-09-04T12:45:00Z,46269.822916666664,farm_gateway_s3,29.4,28.2,0,5.0,0,0,0,30.0,70.0,27.7,82.0,1005.0,0.0,0.0,0.0,0.2,0.0,0.0,24.3,33.0,31.6,0.0,2026-09-04 12:45:00+00:00,False,False,,2026-09-04 19:45:00+07:00,15.0,-0.10000000000000142,2026-09-04
1482,farm_gateway_s3:1788526800,2026-09-04T13:00:00Z,46269.833333333336,farm_gateway_s3,29.3,28.2,0,3.9,0,0,0,30.0,70.0,27.2,84.0,1006.0,0.0,0.0,0.0,0.2,0.0,0.0,24.2,32.4,30.6,0.0,2026-09-04 13:00:00+00:00,False,False,,2026-09-04 20:00:00+07:00,15.0,-0.09999999999999787,2026-09-04
1483,farm_gateway_s3:1788527700,2026-09-04T13:15:00Z,46269.84375,farm_gateway_s3,29.3,28.1,0,3.9,0,0,0,29.6,71.0,27.1,83.0,1006.0,0.0,0.0,0.0,0.2,0.0,0.0,23.9,32.2,30.2,0.0,2026-09-04 13:15:00+00:00,False,False,,2026-09-04 20:15:00+07:00,15.0,0.0,2026-09-04
1484,farm_gateway_s3:1788528600,2026-09-04T13:30:00Z,46269.854166666664,farm_gateway_s3,29.3,28.0,0,4.0,0,0,0,,,,,,,,,,,,,,,,2026-09-04 13:30:00+00:00,True,False,repeated_signature_60min_offline_full_run,2026-09-04 20:30:00+07:00,15.0,0.0,2026-09-04
1485,farm_gateway_s3:1788529500,2026-09-04T13:45:00Z,46269.864583333336,farm_gateway_s3,29.3,28.0,0,4.0,0,0,0,,,,,,,,,,,,,,,,2026-09-04 13:45:00+00:00,True,False,repeated_signature_60min_offline_full_run,2026-09-04 20:45:00+07:00,15.0,0.0,2026-09-04
1486,farm_gateway_s3:1788530400,2026-09-04T14:00:00Z,46269.875,farm_gateway_s3,29.3,27.9,0,4.0,0,0,0,,,,,,,,,,,,,,,,2026-09-04 14:00:00+00:00,True,False,repeated_signature_60min_offline_full_run,2026-09-04 21:00:00+07:00,15.0,0.0,2026-09-04
1487,farm_gateway_s3:1788531300,2026-09-04T14:15:00Z,46269.885416666664,farm_gateway_s3,29.1,27.9,0,4.0,0,0,0,,,,,,,,,,,,,,,,2026-09-04 14:15:00+00:00,True,False,repeated_signature_60min_offline_full_run,2026-09-04 21:15:00+07:00,15.0,-0.1999999999999993,2026-09-04
1488,farm_gateway_s3:1788532200,2026-09-04T14:30:00Z,46269.895833333336,farm_gateway_s3,29.1,27.8,0,4.1,0,0,0,,,,,,,,,,,,,,,,2026-09-04 14:30:00+00:00,True,False,repeated_signature_60min_offline_full_run,2026-09-04 21:30:00+07:00,15.0,0.0,2026-09-04
1489,farm_gateway_s3:1788533100,2026-09-04T14:45:00Z,46269.90625,farm_gateway_s3,29.0,27.8,0,4.1,0,0,0,,,,,,,,,,,,,,,,2026-09-04 14:45:00+00:00,True,False,repeated_signature_60min_offline_full_run,2026-09-04 21:45:00+07:00,15.0,-0.10000000000000142,2026-09-04
1490,farm_gateway_s3:1788534000,2026-09-04T15:00:00Z,46269.916666666664,farm_gateway_s3,29.0,27.8,0,4.1,0,0,0,,,,,,,,,,,,,,,,2026-09-04 15:00:00+00:00,True,False,repeated_signature_60min_offline_full_run,2026-09-04 22:00:00+07:00,15.0,0.0,2026-09-04
1491,farm_gateway_s3:1788534900,2026-09-04T15:15:00Z,46269.927083333336,farm_gateway_s3,28.8,27.7,0,4.1,0,0,0,,,,,,,,,,,,,,,,2026-09-04 15:15:00+00:00,True,False,repeated_signature_60min_offline_full_run,2026-09-04 22:15:00+07:00,15.0,-0.1999999999999993,2026-09-04
1492,farm_gateway_s3:1788535800,2026-09-04T15:30:00Z,46269.9375,farm_gateway_s3,28.8,27.7,0,4.1,0,0,0,,,,,,,,,,,,,,,,2026-09-04 15:30:00+00:00,True,False,repeated_signature_60min_offline_full_run,2026-09-04 22:30:00+07:00,15.0,0.0,2026-09-04
1493,farm_gateway_s3:1788536700,2026-09-04T15:45:00Z,46269.947916666664,farm_gateway_s3,28.8,27.6,0,4.1,0,0,0,,,,,,,,,,,,,,,,2026-09-04 15:45:00+00:00,True,False,repeated_signature_60min_offline_full_run,2026-09-04 22:45:00+07:00,15.0,0.0,2026-09-04
1494,farm_gateway_s3:1788537600,2026-09-04T16:00:00Z,46269.958333333336,farm_gateway_s3,28.7,27.6,0,4.1,0,0,0,,,,,,,,,,,,,,,,2026-09-04 16:00:00+00:00,True,False,repeated_signature_60min_offline_full_run,2026-09-04 23:00:00+07:00,15.0,-0.10000000000000142,2026-09-04
1495,farm_gateway_s3:1788569100,2026-09-05T00:45:00Z,46270.322916666664,farm_gateway_s3,27.9,26.9,0,4.1,0,0,0,,,,,,,,,,,,,,,,2026-09-05 00:45:00+00:00,True,False,repeated_signature_60min_offline_full_run,2026-09-05 07:45:00+07:00,525.0,,2026-09-05
1496,farm_gateway_s3:1788570000,2026-09-05T01:00:00Z,46270.333333333336,farm_gateway_s3,27.9,26.9,0,4.0,0,0,0,,,,,,,,,,,,,,,,2026-09-05 01:00:00+00:00,True,False,repeated_signature_60min_offline_full_run,2026-09-05 08:00:00+07:00,15.0,0.0,2026-09-05
1497,farm_gateway_s3:1788570900,2026-09-05T01:15:00Z,46270.34375,farm_gateway_s3,27.9,27.1,0,4.0,0,0,0,,,,,,,,,,,,,,,,2026-09-05 01:15:00+00:00,True,False,repeated_signature_60min_offline_full_run,2026-09-05 08:15:00+07:00,15.0,0.0,2026-09-05
1498,farm_gateway_s3:1788571800,2026-09-05T01:30:00Z,46270.354166666664,farm_gateway_s3,27.9,27.1,0,4.0,0,0,0,,,,,,,,,,,,,,,,2026-09-05 01:30:00+00:00,True,False,repeated_signature_60min_offline_full_run,2026-09-05 08:30:00+07:00,15.0,0.0,2026-09-05
1499,farm_gateway_s3:1788572700,2026-09-05T01:45:00Z,46270.364583333336,farm_gateway_s3,27.8,27.2,0,4.0,0,0,0,,,,,,,,,,,,,,,,2026-09-05 01:45:00+00:00,True,False,repeated_signature_60min_offline_full_run,2026-09-05 08:45:00+07:00,15.0,-0.09999999999999787,2026-09-05
1500,farm_gateway_s3:1788573600,2026-09-05T02:00:00Z,46270.375,farm_gateway_s3,27.8,27.2,0,4.0,0,0,0,,,,,,,,,,,,,,,,2026-09-05 02:00:00+00:00,True,False,repeated_signature_60min_offline_full_run,2026-09-05 09:00:00+07:00,15.0,0.0,2026-09-05
1501,farm_gateway_s3:1788574500,2026-09-05T02:15:00Z,46270.385416666664,farm_gateway_s3,27.8,27.3,0,4.0,0,0,0,,,,,,,,,,,,,,,,2026-09-05 02:15:00+00:00,True,False,repeated_signature_60min_offline_full_run,2026-09-05 09:15:00+07:00,15.0,0.0,2026-09-05
1502,farm_gateway_s3:1788575400,2026-09-05T02:30:00Z,46270.395833333336,farm_gateway_s3,27.8,27.4,0,4.0,0,0,0,,,,,,,,,,,,,,,,2026-09-05 02:30:00+00:00,True,False,repeated_signature_60min_offline_full_run,2026-09-05 09:30:00+07:00,15.0,0.0,2026-09-05
1503,farm_gateway_s3:1788576300,2026-09-05T02:45:00Z,46270.40625,farm_gateway_s3,27.7,27.4,0,4.0,0,0,0,,,,,,,,,,,,,,,,2026-09-05 02:45:00+00:00,True,False,repeated_signature_60min_offline_full_run,2026-09-05 09:45:00+07:00,15.0,-0.10000000000000142,2026-09-05
1504,farm_gateway_s3:1788577200,2026-09-05T03:00:00Z,46270.416666666664,farm_gateway_s3,27.7,27.5,0,4.0,0,0,0,,,,,,,,,,,,,,,,2026-09-05 03:00:00+00:00,True,False,repeated_signature_60min_offline_full_run,2026-09-05 10:00:00+07:00,15.0,0.0,2026-09-05
1505,farm_gateway_s3:1788578100,2026-09-05T03:15:00Z,46270.427083333336,farm_gateway_s3,27.7,27.5,0,4.0,0,0,0,,,,,,,,,,,,,,,,2026-09-05 03:15:00+00:00,True,False,repeated_signature_60min_offline_full_run,2026-09-05 10:15:00+07:00,15.0,0.0,2026-09-05
1506,farm_gateway_s3:1788579000,2026-09-05T03:30:00Z,46270.4375,farm_gateway_s3,27.6,27.6,0,4.0,0,0,0,,,,,,,,,,,,,,,,2026-09-05 03:30:00+00:00,True,False,repeated_signature_60min_offline_full_run,2026-09-05 10:30:00+07:00,15.0,-0.09999999999999787,2026-09-05
1507,farm_gateway_s3:1788579900,2026-09-05T03:45:00Z,46270.447916666664,farm_gateway_s3,27.6,27.6,0,4.0,0,0,0,,,,,,,,,,,,,,,,2026-09-05 03:45:00+00:00,True,False,repeated_signature_60min_offline_full_run,2026-09-05 10:45:00+07:00,15.0,0.0,2026-09-05
1508,farm_gateway_s3:1788580800,2026-09-05T04:00:00Z,46270.458333333336,farm_gateway_s3,27.5,27.7,0,4.0,0,0,0,,,,,,,,,,,,,,,,2026-09-05 04:00:00+00:00,True,False,repeated_signature_60min_offline_full_run,2026-09-05 11:00:00+07:00,15.0,-0.10000000000000142,2026-09-05
1509,farm_gateway_s3:1788581700,2026-09-05T04:15:00Z,46270.46875,farm_gateway_s3,27.5,27.8,0,4.0,0,0,0,,,,,,,,,,,,,,,,2026-09-05 04:15:00+00:00,True,False,repeated_signature_60min_offline_full_run,2026-09-05 11:15:00+07:00,15.0,0.0,2026-09-05
1510,farm_gateway_s3:1788582600,2026-09-05T04:30:00Z,46270.479166666664,farm_gateway_s3,27.4,27.8,0,4.0,0,0,0,,,,,,,,,,,,,,,,2026-09-05 04:30:00+00:00,True,False,repeated_signature_60min_offline_full_run,2026-09-05 11:30:00+07:00,15.0,-0.10000000000000142,2026-09-05
1511,farm_gateway_s3:1788583500,2026-09-05T04:45:00Z,46270.489583333336,farm_gateway_s3,27.4,27.9,0,4.0,0,0,0,,,,,,,,,,,,,,,,2026-09-05 04:45:00+00:00,True,False,repeated_signature_60min_offline_full_run,2026-09-05 11:45:00+07:00,15.0,0.0,2026-09-05
1512,farm_gateway_s3:1788584400,2026-09-05T05:00:00Z,46270.5,farm_gateway_s3,27.4,27.9,0,4.1,0,0,0,,,,,,,,,,,,,,,,2026-09-05 05:00:00+00:00,True,False,repeated_signature_60min_offline_full_run,2026-09-05 12:00:00+07:00,15.0,0.0,2026-09-05
1513,farm_gateway_s3:1788585300,2026-09-05T05:15:00Z,46270.510416666664,farm_gateway_s3,27.4,28.0,0,4.0,0,0,0,,,,,,,,,,,,,,,,2026-09-05 05:15:00+00:00,True,False,repeated_signature_60min_offline_full_run,2026-09-05 12:15:00+07:00,15.0,0.0,2026-09-05
1514,farm_gateway_s3:1788586200,2026-09-05T05:30:00Z,46270.520833333336,farm_gateway_s3,27.3,28.1,0,4.0,0,0,0,,,,,,,,,,,,,,,,2026-09-05 05:30:00+00:00,True,False,repeated_signature_60min_offline_full_run,2026-09-05 12:30:00+07:00,15.0,-0.09999999999999787,2026-09-05
1515,farm_gateway_s3:1788587100,2026-09-05T05:45:00Z,46270.53125,farm_gateway_s3,27.2,28.1,0,4.1,0,0,0,,,,,,,,,,,,,,,,2026-09-05 05:45:00+00:00,True,False,repeated_signature_60min_offline_full_run,2026-09-05 12:45:00+07:00,15.0,-0.10000000000000142,2026-09-05
1516,farm_gateway_s3:1788588000,2026-09-05T06:00:00Z,46270.541666666664,farm_gateway_s3,27.2,28.2,0,4.1,0,0,0,,,,,,,,,,,,,,,,2026-09-05 06:00:00+00:00,True,False,repeated_signature_60min_offline_full_run,2026-09-05 13:00:00+07:00,15.0,0.0,2026-09-05
1517,farm_gateway_s3:1788588900,2026-09-05T06:15:00Z,46270.552083333336,farm_gateway_s3,27.2,28.2,0,4.1,0,0,0,,,,,,,,,,,,,,,,2026-09-05 06:15:00+00:00,False,True,,2026-09-05 13:15:00+07:00,15.0,0.0,2026-09-05
1518,farm_gateway_s3:1788589800,2026-09-05T06:30:00Z,46270.5625,farm_gateway_s3,27.2,28.3,0,4.1,0,0,0,,,,,,,,,,,,,,,,2026-09-05 06:30:00+00:00,True,False,repeated_signature_60min_offline_full_run,2026-09-05 13:30:00+07:00,15.0,0.0,2026-09-05
1519,farm_gateway_s3:1788590700,2026-09-05T06:45:00Z,46270.572916666664,farm_gateway_s3,27.0,28.3,0,4.2,0,0,0,,,,,,,,,,,,,,,,2026-09-05 06:45:00+00:00,True,False,repeated_signature_60min_offline_full_run,2026-09-05 13:45:00+07:00,15.0,-0.1999999999999993,2026-09-05
1520,farm_gateway_s3:1788591600,2026-09-05T07:00:00Z,46270.583333333336,farm_gateway_s3,27.0,28.4,0,4.2,0,0,0,,,,,,,,,,,,,,,,2026-09-05 07:00:00+00:00,True,False,repeated_signature_60min_offline_full_run,2026-09-05 14:00:00+07:00,15.0,0.0,2026-09-05
1521,farm_gateway_s3:1788592500,2026-09-05T07:15:00Z,46270.59375,farm_gateway_s3,27.0,28.4,0,4.2,0,0,0,,,,,,,,,,,,,,,,2026-09-05 07:15:00+00:00,True,False,repeated_signature_60min_offline_full_run,2026-09-05 14:15:00+07:00,15.0,0.0,2026-09-05
1522,farm_gateway_s3:1788593400,2026-09-05T07:30:00Z,46270.604166666664,farm_gateway_s3,27.0,28.5,0,4.2,0,0,0,,,,,,,,,,,,,,,,2026-09-05 07:30:00+00:00,True,False,repeated_signature_60min_offline_full_run,2026-09-05 14:30:00+07:00,15.0,0.0,2026-09-05
1523,farm_gateway_s3:1788594300,2026-09-05T07:45:00Z,46270.614583333336,farm_gateway_s3,26.9,28.6,0,4.2,0,0,0,,,,,,,,,,,,,,,,2026-09-05 07:45:00+00:00,True,False,repeated_signature_60min_offline_full_run,2026-09-05 14:45:00+07:00,15.0,-0.10000000000000142,2026-09-05
1524,farm_gateway_s3:1788595200,2026-09-05T08:00:00Z,46270.625,farm_gateway_s3,26.9,28.8,0,4.2,0,0,0,,,,,,,,,,,,,,,,2026-09-05 08:00:00+00:00,True,False,repeated_signature_60min_offline_full_run,2026-09-05 15:00:00+07:00,15.0,0.0,2026-09-05
1525,farm_gateway_s3:1788596100,2026-09-05T08:15:00Z,46270.635416666664,farm_gateway_s3,26.9,28.9,0,4.2,0,0,0,,,,,,,,,,,,,,,,2026-09-05 08:15:00+00:00,True,False,repeated_signature_60min_offline_full_run,2026-09-05 15:15:00+07:00,15.0,0.0,2026-09-05
1526,farm_gateway_s3:1788597000,2026-09-05T08:30:00Z,46270.645833333336,farm_gateway_s3,26.9,29.0,0,4.2,0,0,0,,,,,,,,,,,,,,,,2026-09-05 08:30:00+00:00,True,False,repeated_signature_60min_offline_full_run,2026-09-05 15:30:00+07:00,15.0,0.0,2026-09-05
1527,farm_gateway_s3:1788597900,2026-09-05T08:45:00Z,46270.65625,farm_gateway_s3,26.8,29.0,0,4.2,0,0,0,,,,,,,,,,,,,,,,2026-09-05 08:45:00+00:00,True,False,repeated_signature_60min_offline_full_run,2026-09-05 15:45:00+07:00,15.0,-0.09999999999999787,2026-09-05
1528,farm_gateway_s3:1788598800,2026-09-05T09:00:00Z,46270.666666666664,farm_gateway_s3,26.7,29.0,0,4.2,0,0,0,,,,,,,,,,,,,,,,2026-09-05 09:00:00+00:00,True,False,repeated_signature_60min_offline_full_run,2026-09-05 16:00:00+07:00,15.0,-0.10000000000000142,2026-09-05
1529,farm_gateway_s3:1788599700,2026-09-05T09:15:00Z,46270.677083333336,farm_gateway_s3,26.7,29.0,0,4.3,0,0,0,,,,,,,,,,,,,,,,2026-09-05 09:15:00+00:00,True,False,repeated_signature_60min_offline_full_run,2026-09-05 16:15:00+07:00,15.0,0.0,2026-09-05
1530,farm_gateway_s3:1788600600,2026-09-05T09:30:00Z,46270.6875,farm_gateway_s3,26.6,29.0,0,4.3,0,0,0,,,,,,,,,,,,,,,,2026-09-05 09:30:00+00:00,True,False,repeated_signature_60min_offline_full_run,2026-09-05 16:30:00+07:00,15.0,-0.09999999999999787,2026-09-05
1531,farm_gateway_s3:1788601500,2026-09-05T09:45:00Z,46270.697916666664,farm_gateway_s3,26.6,28.9,0,4.3,0,0,0,,,,,,,,,,,,,,,,2026-09-05 09:45:00+00:00,True,False,repeated_signature_60min_offline_full_run,2026-09-05 16:45:00+07:00,15.0,0.0,2026-09-05
1532,farm_gateway_s3:1788602400,2026-09-05T10:00:00Z,46270.708333333336,farm_gateway_s3,26.5,28.9,0,4.3,0,0,0,,,,,,,,,,,,,,,,2026-09-05 10:00:00+00:00,True,False,repeated_signature_60min_offline_full_run,2026-09-05 17:00:00+07:00,15.0,-0.10000000000000142,2026-09-05
1533,farm_gateway_s3:1788603300,2026-09-05T10:15:00Z,46270.71875,farm_gateway_s3,26.5,28.8,0,4.3,0,0,0,,,,,,,,,,,,,,,,2026-09-05 10:15:00+00:00,True,False,repeated_signature_60min_offline_full_run,2026-09-05 17:15:00+07:00,15.0,0.0,2026-09-05
1534,farm_gateway_s3:1788604200,2026-09-05T10:30:00Z,46270.729166666664,farm_gateway_s3,26.5,28.8,0,4.3,0,0,0,,,,,,,,,,,,,,,,2026-09-05 10:30:00+00:00,True,False,repeated_signature_60min_offline_full_run,2026-09-05 17:30:00+07:00,15.0,0.0,2026-09-05
1535,farm_gateway_s3:1788605100,2026-09-05T10:45:00Z,46270.739583333336,farm_gateway_s3,26.5,28.7,0,4.2,0,0,0,,,,,,,,,,,,,,,,2026-09-05 10:45:00+00:00,True,False,repeated_signature_60min_offline_full_run,2026-09-05 17:45:00+07:00,15.0,0.0,2026-09-05
1536,farm_gateway_s3:1788606000,2026-09-05T11:00:00Z,46270.75,farm_gateway_s3,26.5,28.7,0,4.2,0,0,0,,,,,,,,,,,,,,,,2026-09-05 11:00:00+00:00,True,False,repeated_signature_60min_offline_full_run,2026-09-05 18:00:00+07:00,15.0,0.0,2026-09-05
1537,farm_gateway_s3:1788606900,2026-09-05T11:15:00Z,46270.760416666664,farm_gateway_s3,26.4,28.6,0,4.2,0,0,0,,,,,,,,,,,,,,,,2026-09-05 11:15:00+00:00,True,False,repeated_signature_60min_offline_full_run,2026-09-05 18:15:00+07:00,15.0,-0.10000000000000142,2026-09-05
1538,farm_gateway_s3:1788607800,2026-09-05T11:30:00Z,46270.770833333336,farm_gateway_s3,26.4,28.6,0,4.2,0,0,0,,,,,,,,,,,,,,,,2026-09-05 11:30:00+00:00,True,False,repeated_signature_60min_offline_full_run,2026-09-05 18:30:00+07:00,15.0,0.0,2026-09-05
1539,farm_gateway_s3:1788608700,2026-09-05T11:45:00Z,46270.78125,farm_gateway_s3,26.4,28.4,0,4.3,0,0,0,,,,,,,,,,,,,,,,2026-09-05 11:45:00+00:00,True,False,repeated_signature_60min_offline_full_run,2026-09-05 18:45:00+07:00,15.0,0.0,2026-09-05
1540,farm_gateway_s3:1788609600,2026-09-05T12:00:00Z,46270.791666666664,farm_gateway_s3,26.4,28.4,0,4.2,0,0,0,,,,,,,,,,,,,,,,2026-09-05 12:00:00+00:00,True,False,repeated_signature_60min_offline_full_run,2026-09-05 19:00:00+07:00,15.0,0.0,2026-09-05
1541,farm_gateway_s3:1788610500,2026-09-05T12:15:00Z,46270.802083333336,farm_gateway_s3,26.4,28.4,0,4.2,0,0,0,,,,,,,,,,,,,,,,2026-09-05 12:15:00+00:00,True,False,repeated_signature_60min_offline_full_run,2026-09-05 19:15:00+07:00,15.0,0.0,2026-09-05
1542,farm_gateway_s3:1788611400,2026-09-05T12:30:00Z,46270.8125,farm_gateway_s3,26.4,28.3,0,4.2,0,0,0,,,,,,,,,,,,,,,,2026-09-05 12:30:00+00:00,True,False,repeated_signature_60min_offline_full_run,2026-09-05 19:30:00+07:00,15.0,0.0,2026-09-05
1543,farm_gateway_s3:1788612300,2026-09-05T12:45:00Z,46270.822916666664,farm_gateway_s3,26.4,28.3,0,4.2,0,0,0,,,,,,,,,,,,,,,,2026-09-05 12:45:00+00:00,True,False,repeated_signature_60min_offline_full_run,2026-09-05 19:45:00+07:00,15.0,0.0,2026-09-05
1544,farm_gateway_s3:1788613200,2026-09-05T13:00:00Z,46270.833333333336,farm_gateway_s3,26.4,28.2,0,4.2,0,0,0,,,,,,,,,,,,,,,,2026-09-05 13:00:00+00:00,True,False,repeated_signature_60min_offline_full_run,2026-09-05 20:00:00+07:00,15.0,0.0,2026-09-05
1545,farm_gateway_s3:1788614100,2026-09-05T13:15:00Z,46270.84375,farm_gateway_s3,26.4,28.2,0,4.2,0,0,0,,,,,,,,,,,,,,,,2026-09-05 13:15:00+00:00,True,False,repeated_signature_60min_offline_full_run,2026-09-05 20:15:00+07:00,15.0,0.0,2026-09-05
1546,farm_gateway_s3:1788615000,2026-09-05T13:30:00Z,46270.854166666664,farm_gateway_s3,26.4,28.1,0,4.2,0,0,0,,,,,,,,,,,,,,,,2026-09-05 13:30:00+00:00,True,False,repeated_signature_60min_offline_full_run,2026-09-05 20:30:00+07:00,15.0,0.0,2026-09-05
1547,farm_gateway_s3:1788615900,2026-09-05T13:45:00Z,46270.864583333336,farm_gateway_s3,26.4,28.1,0,4.2,0,0,0,,,,,,,,,,,,,,,,2026-09-05 13:45:00+00:00,True,False,repeated_signature_60min_offline_full_run,2026-09-05 20:45:00+07:00,15.0,0.0,2026-09-05
1548,farm_gateway_s3:1788616800,2026-09-05T14:00:00Z,46270.875,farm_gateway_s3,26.4,28.1,0,4.2,0,0,0,,,,,,,,,,,,,,,,2026-09-05 14:00:00+00:00,True,False,repeated_signature_60min_offline_full_run,2026-09-05 21:00:00+07:00,15.0,0.0,2026-09-05
1549,farm_gateway_s3:1788617700,2026-09-05T14:15:00Z,46270.885416666664,farm_gateway_s3,26.4,28.0,0,4.2,0,0,0,,,,,,,,,,,,,,,,2026-09-05 14:15:00+00:00,True,False,repeated_signature_60min_offline_full_run,2026-09-05 21:15:00+07:00,15.0,0.0,2026-09-05
1550,farm_gateway_s3:1788618600,2026-09-05T14:30:00Z,46270.895833333336,farm_gateway_s3,26.4,28.0,0,4.2,0,0,0,,,,,,,,,,,,,,,,2026-09-05 14:30:00+00:00,True,False,repeated_signature_60min_offline_full_run,2026-09-05 21:30:00+07:00,15.0,0.0,2026-09-05
1551,farm_gateway_s3:1788619500,2026-09-05T14:45:00Z,46270.90625,farm_gateway_s3,26.3,28.0,0,4.2,0,0,0,,,,,,,,,,,,,,,,2026-09-05 14:45:00+00:00,True,False,repeated_signature_60min_offline_full_run,2026-09-05 21:45:00+07:00,15.0,-0.09999999999999787,2026-09-05
1552,farm_gateway_s3:1788620400,2026-09-05T15:00:00Z,46270.916666666664,farm_gateway_s3,26.3,28.0,0,4.2,0,0,0,,,,,,,,,,,,,,,,2026-09-05 15:00:00+00:00,True,False,repeated_signature_60min_offline_full_run,2026-09-05 22:00:00+07:00,15.0,0.0,2026-09-05
1553,farm_gateway_s3:1788621300,2026-09-05T15:15:00Z,46270.927083333336,farm_gateway_s3,26.3,27.9,0,4.1,0,0,0,,,,,,,,,,,,,,,,2026-09-05 15:15:00+00:00,True,False,repeated_signature_60min_offline_full_run,2026-09-05 22:15:00+07:00,15.0,0.0,2026-09-05
1554,farm_gateway_s3:1788622200,2026-09-05T15:30:00Z,46270.9375,farm_gateway_s3,26.3,27.9,0,4.3,0,0,0,,,,,,,,,,,,,,,,2026-09-05 15:30:00+00:00,True,False,repeated_signature_60min_offline_full_run,2026-09-05 22:30:00+07:00,15.0,0.0,2026-09-05
1555,farm_gateway_s3:1788623100,2026-09-05T15:45:00Z,46270.947916666664,farm_gateway_s3,26.3,27.9,0,4.3,0,0,0,,,,,,,,,,,,,,,,2026-09-05 15:45:00+00:00,True,False,repeated_signature_60min_offline_full_run,2026-09-05 22:45:00+07:00,15.0,0.0,2026-09-05
1556,farm_gateway_s3:1788624000,2026-09-05T16:00:00Z,46270.958333333336,farm_gateway_s3,26.3,27.8,0,4.2,0,0,0,,,,,,,,,,,,,,,,2026-09-05 16:00:00+00:00,True,False,repeated_signature_60min_offline_full_run,2026-09-05 23:00:00+07:00,15.0,0.0,2026-09-05
1557,farm_gateway_s3:1788624900,2026-09-05T16:15:00Z,46270.96875,farm_gateway_s3,26.3,27.8,0,4.2,0,0,0,,,,,,,,,,,,,,,,2026-09-05 16:15:00+00:00,True,False,repeated_signature_60min_offline_full_run,2026-09-05 23:15:00+07:00,15.0,0.0,2026-09-05
1558,farm_gateway_s3:1788625800,2026-09-05T16:30:00Z,46270.979166666664,farm_gateway_s3,26.3,27.8,0,4.3,0,0,0,,,,,,,,,,,,,,,,2026-09-05 16:30:00+00:00,True,False,repeated_signature_60min_offline_full_run,2026-09-05 23:30:00+07:00,15.0,0.0,2026-09-05
1559,farm_gateway_s3:1788626700,2026-09-05T16:45:00Z,46270.989583333336,farm_gateway_s3,26.3,27.8,0,4.3,0,0,0,,,,,,,,,,,,,,,,2026-09-05 16:45:00+00:00,True,False,repeated_signature_60min_offline_full_run,2026-09-05 23:45:00+07:00,15.0,0.0,2026-09-05
1560,farm_gateway_s3:1788627600,2026-09-05T17:00:00Z,46271.0,farm_gateway_s3,26.3,27.8,0,4.2,0,0,0,,,,,,,,,,,,,,,,2026-09-05 17:00:00+00:00,True,False,repeated_signature_60min_offline_full_run,2026-09-06 00:00:00+07:00,15.0,0.0,2026-09-06
1561,farm_gateway_s3:1788628500,2026-09-05T17:15:00Z,46271.010416666664,farm_gateway_s3,26.3,27.8,0,4.3,0,0,0,,,,,,,,,,,,,,,,2026-09-05 17:15:00+00:00,True,False,repeated_signature_60min_offline_full_run,2026-09-06 00:15:00+07:00,15.0,0.0,2026-09-06
1562,farm_gateway_s3:1788629400,2026-09-05T17:30:00Z,46271.020833333336,farm_gateway_s3,26.3,27.7,0,4.1,0,0,0,,,,,,,,,,,,,,,,2026-09-05 17:30:00+00:00,True,False,repeated_signature_60min_offline_full_run,2026-09-06 00:30:00+07:00,15.0,0.0,2026-09-06
1563,farm_gateway_s3:1788630300,2026-09-05T17:45:00Z,46271.03125,farm_gateway_s3,26.2,27.7,0,4.1,0,0,0,,,,,,,,,,,,,,,,2026-09-05 17:45:00+00:00,True,False,repeated_signature_60min_offline_full_run,2026-09-06 00:45:00+07:00,15.0,-0.10000000000000142,2026-09-06
1564,farm_gateway_s3:1788631200,2026-09-05T18:00:00Z,46271.041666666664,farm_gateway_s3,26.2,27.6,0,4.1,0,0,0,,,,,,,,,,,,,,,,2026-09-05 18:00:00+00:00,True,False,repeated_signature_60min_offline_full_run,2026-09-06 01:00:00+07:00,15.0,0.0,2026-09-06
1565,farm_gateway_s3:1788632100,2026-09-05T18:15:00Z,46271.052083333336,farm_gateway_s3,26.2,27.6,0,4.1,0,0,0,,,,,,,,,,,,,,,,2026-09-05 18:15:00+00:00,True,False,repeated_signature_60min_offline_full_run,2026-09-06 01:15:00+07:00,15.0,0.0,2026-09-06
1566,farm_gateway_s3:1788633000,2026-09-05T18:30:00Z,46271.0625,farm_gateway_s3,26.2,27.6,0,4.2,0,0,0,,,,,,,,,,,,,,,,2026-09-05 18:30:00+00:00,True,False,repeated_signature_60min_offline_full_run,2026-09-06 01:30:00+07:00,15.0,0.0,2026-09-06
1567,farm_gateway_s3:1788633900,2026-09-05T18:45:00Z,46271.072916666664,farm_gateway_s3,26.2,27.6,0,4.1,0,0,0,,,,,,,,,,,,,,,,2026-09-05 18:45:00+00:00,True,False,repeated_signature_60min_offline_full_run,2026-09-06 01:45:00+07:00,15.0,0.0,2026-09-06
1568,farm_gateway_s3:1788634800,2026-09-05T19:00:00Z,46271.083333333336,farm_gateway_s3,26.2,27.6,0,4.1,0,0,0,,,,,,,,,,,,,,,,2026-09-05 19:00:00+00:00,True,False,repeated_signature_60min_offline_full_run,2026-09-06 02:00:00+07:00,15.0,0.0,2026-09-06
1569,farm_gateway_s3:1788660000,2026-09-06T02:00:00Z,46271.375,farm_gateway_s3,26.0,27.5,0,5.3,0,0,0,,,,,,,,,,,,,,,,2026-09-06 02:00:00+00:00,True,False,repeated_signature_60min_offline_full_run,2026-09-06 09:00:00+07:00,420.0,,2026-09-06
1570,farm_gateway_s3:1788660900,2026-09-06T02:15:00Z,46271.385416666664,farm_gateway_s3,26.0,27.6,0,5.3,0,0,0,,,,,,,,,,,,,,,,2026-09-06 02:15:00+00:00,True,False,repeated_signature_60min_offline_full_run,2026-09-06 09:15:00+07:00,15.0,0.0,2026-09-06
1571,farm_gateway_s3:1788661800,2026-09-06T02:30:00Z,46271.395833333336,farm_gateway_s3,26.0,27.6,0,5.3,0,0,0,,,,,,,,,,,,,,,,2026-09-06 02:30:00+00:00,True,False,repeated_signature_60min_offline_full_run,2026-09-06 09:30:00+07:00,15.0,0.0,2026-09-06
1572,farm_gateway_s3:1788662700,2026-09-06T02:45:00Z,46271.40625,farm_gateway_s3,26.0,27.6,0,5.3,0,0,0,,,,,,,,,,,,,,,,2026-09-06 02:45:00+00:00,True,False,repeated_signature_60min_offline_full_run,2026-09-06 09:45:00+07:00,15.0,0.0,2026-09-06
1573,farm_gateway_s3:1788663600,2026-09-06T03:00:00Z,46271.416666666664,farm_gateway_s3,25.9,27.7,0,5.3,0,0,0,,,,,,,,,,,,,,,,2026-09-06 03:00:00+00:00,True,False,repeated_signature_60min_offline_full_run,2026-09-06 10:00:00+07:00,15.0,-0.10000000000000142,2026-09-06
1574,farm_gateway_s3:1788664500,2026-09-06T03:15:00Z,46271.427083333336,farm_gateway_s3,25.9,27.8,0,5.4,0,0,0,,,,,,,,,,,,,,,,2026-09-06 03:15:00+00:00,True,False,repeated_signature_60min_offline_full_run,2026-09-06 10:15:00+07:00,15.0,0.0,2026-09-06
1575,farm_gateway_s3:1788665400,2026-09-06T03:30:00Z,46271.4375,farm_gateway_s3,25.9,27.8,0,5.4,0,0,0,,,,,,,,,,,,,,,,2026-09-06 03:30:00+00:00,True,False,repeated_signature_60min_offline_full_run,2026-09-06 10:30:00+07:00,15.0,0.0,2026-09-06
1576,farm_gateway_s3:1788666300,2026-09-06T03:45:00Z,46271.447916666664,farm_gateway_s3,25.8,27.9,0,5.4,0,0,0,,,,,,,,,,,,,,,,2026-09-06 03:45:00+00:00,True,False,repeated_signature_60min_offline_full_run,2026-09-06 10:45:00+07:00,15.0,-0.09999999999999787,2026-09-06
1577,farm_gateway_s3:1788667200,2026-09-06T04:00:00Z,46271.458333333336,farm_gateway_s3,25.8,27.9,0,5.3,0,0,0,,,,,,,,,,,,,,,,2026-09-06 04:00:00+00:00,True,False,repeated_signature_60min_offline_full_run,2026-09-06 11:00:00+07:00,15.0,0.0,2026-09-06
1578,farm_gateway_s3:1788668100,2026-09-06T04:15:00Z,46271.46875,farm_gateway_s3,25.8,28.0,0,5.4,0,0,0,,,,,,,,,,,,,,,,2026-09-06 04:15:00+00:00,True,False,repeated_signature_60min_offline_full_run,2026-09-06 11:15:00+07:00,15.0,0.0,2026-09-06
1579,farm_gateway_s3:1788669000,2026-09-06T04:30:00Z,46271.479166666664,farm_gateway_s3,25.8,28.0,0,4.1,0,0,0,,,,,,,,,,,,,,,,2026-09-06 04:30:00+00:00,True,False,repeated_signature_60min_offline_full_run,2026-09-06 11:30:00+07:00,15.0,0.0,2026-09-06
1580,farm_gateway_s3:1788669900,2026-09-06T04:45:00Z,46271.489583333336,farm_gateway_s3,25.8,28.1,0,4.2,0,0,0,,,,,,,,,,,,,,,,2026-09-06 04:45:00+00:00,True,False,repeated_signature_60min_offline_full_run,2026-09-06 11:45:00+07:00,15.0,0.0,2026-09-06
1581,farm_gateway_s3:1788670800,2026-09-06T05:00:00Z,46271.5,farm_gateway_s3,25.8,28.1,0,4.1,0,0,0,,,,,,,,,,,,,,,,2026-09-06 05:00:00+00:00,True,False,repeated_signature_60min_offline_full_run,2026-09-06 12:00:00+07:00,15.0,0.0,2026-09-06
1582,farm_gateway_s3:1788671700,2026-09-06T05:15:00Z,46271.510416666664,farm_gateway_s3,25.8,28.2,0,4.2,0,0,0,,,,,,,,,,,,,,,,2026-09-06 05:15:00+00:00,True,False,repeated_signature_60min_offline_full_run,2026-09-06 12:15:00+07:00,15.0,0.0,2026-09-06
1583,farm_gateway_s3:1788672600,2026-09-06T05:30:00Z,46271.520833333336,farm_gateway_s3,25.6,28.3,0,4.3,0,0,0,,,,,,,,,,,,,,,,2026-09-06 05:30:00+00:00,True,False,repeated_signature_60min_offline_full_run,2026-09-06 12:30:00+07:00,15.0,-0.1999999999999993,2026-09-06
1584,farm_gateway_s3:1788673500,2026-09-06T05:45:00Z,46271.53125,farm_gateway_s3,25.6,28.3,0,4.4,0,0,0,,,,,,,,,,,,,,,,2026-09-06 05:45:00+00:00,True,False,repeated_signature_60min_offline_full_run,2026-09-06 12:45:00+07:00,15.0,0.0,2026-09-06
1585,farm_gateway_s3:1788674400,2026-09-06T06:00:00Z,46271.541666666664,farm_gateway_s3,25.6,28.4,0,4.4,0,0,0,,,,,,,,,,,,,,,,2026-09-06 06:00:00+00:00,True,False,repeated_signature_60min_offline_full_run,2026-09-06 13:00:00+07:00,15.0,0.0,2026-09-06
1586,farm_gateway_s3:1788675300,2026-09-06T06:15:00Z,46271.552083333336,farm_gateway_s3,25.6,28.4,0,4.4,0,0,0,,,,,,,,,,,,,,,,2026-09-06 06:15:00+00:00,True,False,repeated_signature_60min_offline_full_run,2026-09-06 13:15:00+07:00,15.0,0.0,2026-09-06
1587,farm_gateway_s3:1788676200,2026-09-06T06:30:00Z,46271.5625,farm_gateway_s3,25.6,28.5,0,4.4,0,0,0,,,,,,,,,,,,,,,,2026-09-06 06:30:00+00:00,True,False,repeated_signature_60min_offline_full_run,2026-09-06 13:30:00+07:00,15.0,0.0,2026-09-06
1588,farm_gateway_s3:1788677100,2026-09-06T06:45:00Z,46271.572916666664,farm_gateway_s3,25.6,28.6,0,4.4,0,0,0,,,,,,,,,,,,,,,,2026-09-06 06:45:00+00:00,True,False,repeated_signature_60min_offline_full_run,2026-09-06 13:45:00+07:00,15.0,0.0,2026-09-06
1589,farm_gateway_s3:1788678000,2026-09-06T07:00:00Z,46271.583333333336,farm_gateway_s3,25.6,28.7,0,4.4,0,0,0,,,,,,,,,,,,,,,,2026-09-06 07:00:00+00:00,True,False,repeated_signature_60min_offline_full_run,2026-09-06 14:00:00+07:00,15.0,0.0,2026-09-06
1590,farm_gateway_s3:1788678900,2026-09-06T07:15:00Z,46271.59375,farm_gateway_s3,25.6,28.9,0,4.4,0,0,0,,,,,,,,,,,,,,,,2026-09-06 07:15:00+00:00,True,False,repeated_signature_60min_offline_full_run,2026-09-06 14:15:00+07:00,15.0,0.0,2026-09-06
1591,farm_gateway_s3:1788679800,2026-09-06T07:30:00Z,46271.604166666664,farm_gateway_s3,25.6,29.1,0,4.4,0,0,0,,,,,,,,,,,,,,,,2026-09-06 07:30:00+00:00,True,False,repeated_signature_60min_offline_full_run,2026-09-06 14:30:00+07:00,15.0,0.0,2026-09-06
1592,farm_gateway_s3:1788680700,2026-09-06T07:45:00Z,46271.614583333336,farm_gateway_s3,25.6,29.2,0,4.5,0,0,0,,,,,,,,,,,,,,,,2026-09-06 07:45:00+00:00,True,False,repeated_signature_60min_offline_full_run,2026-09-06 14:45:00+07:00,15.0,0.0,2026-09-06
1593,farm_gateway_s3:1788681600,2026-09-06T08:00:00Z,46271.625,farm_gateway_s3,25.6,29.3,0,4.5,0,0,0,,,,,,,,,,,,,,,,2026-09-06 08:00:00+00:00,True,False,repeated_signature_60min_offline_full_run,2026-09-06 15:00:00+07:00,15.0,0.0,2026-09-06
1594,farm_gateway_s3:1788682500,2026-09-06T08:15:00Z,46271.635416666664,farm_gateway_s3,25.5,29.3,0,4.5,0,0,0,,,,,,,,,,,,,,,,2026-09-06 08:15:00+00:00,True,False,repeated_signature_60min_offline_full_run,2026-09-06 15:15:00+07:00,15.0,-0.10000000000000142,2026-09-06
1595,farm_gateway_s3:1788683400,2026-09-06T08:30:00Z,46271.645833333336,farm_gateway_s3,25.5,29.4,0,4.5,0,0,0,,,,,,,,,,,,,,,,2026-09-06 08:30:00+00:00,True,False,repeated_signature_60min_offline_full_run,2026-09-06 15:30:00+07:00,15.0,0.0,2026-09-06
1596,farm_gateway_s3:1788684300,2026-09-06T08:45:00Z,46271.65625,farm_gateway_s3,25.5,29.5,0,4.5,0,0,0,,,,,,,,,,,,,,,,2026-09-06 08:45:00+00:00,True,False,repeated_signature_60min_offline_full_run,2026-09-06 15:45:00+07:00,15.0,0.0,2026-09-06
1597,farm_gateway_s3:1788685200,2026-09-06T09:00:00Z,46271.666666666664,farm_gateway_s3,25.5,29.5,0,4.5,0,0,0,,,,,,,,,,,,,,,,2026-09-06 09:00:00+00:00,True,False,repeated_signature_60min_offline_full_run,2026-09-06 16:00:00+07:00,15.0,0.0,2026-09-06
1598,farm_gateway_s3:1788686100,2026-09-06T09:15:00Z,46271.677083333336,farm_gateway_s3,25.5,29.5,0,4.5,0,0,0,,,,,,,,,,,,,,,,2026-09-06 09:15:00+00:00,True,False,repeated_signature_60min_offline_full_run,2026-09-06 16:15:00+07:00,15.0,0.0,2026-09-06
1599,farm_gateway_s3:1788687000,2026-09-06T09:30:00Z,46271.6875,farm_gateway_s3,25.4,29.6,0,4.6,0,0,0,,,,,,,,,,,,,,,,2026-09-06 09:30:00+00:00,True,False,repeated_signature_60min_offline_full_run,2026-09-06 16:30:00+07:00,15.0,-0.10000000000000142,2026-09-06
1600,farm_gateway_s3:1788687900,2026-09-06T09:45:00Z,46271.697916666664,farm_gateway_s3,25.4,29.6,0,4.6,0,0,0,,,,,,,,,,,,,,,,2026-09-06 09:45:00+00:00,True,False,repeated_signature_60min_offline_full_run,2026-09-06 16:45:00+07:00,15.0,0.0,2026-09-06
1601,farm_gateway_s3:1788688800,2026-09-06T10:00:00Z,46271.708333333336,farm_gateway_s3,25.3,29.7,0,4.6,0,0,0,,,,,,,,,,,,,,,,2026-09-06 10:00:00+00:00,True,False,repeated_signature_60min_offline_full_run,2026-09-06 17:00:00+07:00,15.0,-0.09999999999999787,2026-09-06
1602,farm_gateway_s3:1788689700,2026-09-06T10:15:00Z,46271.71875,farm_gateway_s3,25.3,29.7,0,4.6,0,0,0,,,,,,,,,,,,,,,,2026-09-06 10:15:00+00:00,True,False,repeated_signature_60min_offline_full_run,2026-09-06 17:15:00+07:00,15.0,0.0,2026-09-06
1603,farm_gateway_s3:1788690600,2026-09-06T10:30:00Z,46271.729166666664,farm_gateway_s3,25.3,29.6,0,4.5,0,0,0,,,,,,,,,,,,,,,,2026-09-06 10:30:00+00:00,True,False,repeated_signature_60min_offline_full_run,2026-09-06 17:30:00+07:00,15.0,0.0,2026-09-06
1604,farm_gateway_s3:1788691500,2026-09-06T10:45:00Z,46271.739583333336,farm_gateway_s3,25.2,29.5,0,4.6,0,0,0,,,,,,,,,,,,,,,,2026-09-06 10:45:00+00:00,True,False,repeated_signature_60min_offline_full_run,2026-09-06 17:45:00+07:00,15.0,-0.10000000000000142,2026-09-06
1605,farm_gateway_s3:1788692400,2026-09-06T11:00:00Z,46271.75,farm_gateway_s3,25.2,29.4,0,4.6,0,0,0,,,,,,,,,,,,,,,,2026-09-06 11:00:00+00:00,True,False,repeated_signature_60min_offline_full_run,2026-09-06 18:00:00+07:00,15.0,0.0,2026-09-06
1606,farm_gateway_s3:1788693300,2026-09-06T11:15:00Z,46271.760416666664,farm_gateway_s3,25.1,29.3,0,4.6,0,0,0,,,,,,,,,,,,,,,,2026-09-06 11:15:00+00:00,True,False,repeated_signature_60min_offline_full_run,2026-09-06 18:15:00+07:00,15.0,-0.09999999999999787,2026-09-06
1607,farm_gateway_s3:1788694200,2026-09-06T11:30:00Z,46271.770833333336,farm_gateway_s3,25.1,29.3,0,4.6,0,0,0,,,,,,,,,,,,,,,,2026-09-06 11:30:00+00:00,True,False,repeated_signature_60min_offline_full_run,2026-09-06 18:30:00+07:00,15.0,0.0,2026-09-06
1608,farm_gateway_s3:1788695100,2026-09-06T11:45:00Z,46271.78125,farm_gateway_s3,25.1,29.2,0,4.6,0,0,0,,,,,,,,,,,,,,,,2026-09-06 11:45:00+00:00,True,False,repeated_signature_60min_offline_full_run,2026-09-06 18:45:00+07:00,15.0,0.0,2026-09-06
1609,farm_gateway_s3:1788696000,2026-09-06T12:00:00Z,46271.791666666664,farm_gateway_s3,25.1,29.1,0,4.6,0,0,0,,,,,,,,,,,,,,,,2026-09-06 12:00:00+00:00,True,False,repeated_signature_60min_offline_full_run,2026-09-06 19:00:00+07:00,15.0,0.0,2026-09-06
1610,farm_gateway_s3:1788696900,2026-09-06T12:15:00Z,46271.802083333336,farm_gateway_s3,25.1,29.0,0,4.6,0,0,0,,,,,,,,,,,,,,,,2026-09-06 12:15:00+00:00,True,False,repeated_signature_60min_offline_full_run,2026-09-06 19:15:00+07:00,15.0,0.0,2026-09-06
1611,farm_gateway_s3:1788697800,2026-09-06T12:30:00Z,46271.8125,farm_gateway_s3,25.1,28.9,0,4.6,0,0,0,,,,,,,,,,,,,,,,2026-09-06 12:30:00+00:00,True,False,repeated_signature_60min_offline_full_run,2026-09-06 19:30:00+07:00,15.0,0.0,2026-09-06
1612,farm_gateway_s3:1788698700,2026-09-06T12:45:00Z,46271.822916666664,farm_gateway_s3,25.1,28.9,0,4.6,0,0,0,,,,,,,,,,,,,,,,2026-09-06 12:45:00+00:00,True,False,repeated_signature_60min_offline_full_run,2026-09-06 19:45:00+07:00,15.0,0.0,2026-09-06
1613,farm_gateway_s3:1788699600,2026-09-06T13:00:00Z,46271.833333333336,farm_gateway_s3,25.1,28.8,0,4.6,0,0,0,,,,,,,,,,,,,,,,2026-09-06 13:00:00+00:00,True,False,repeated_signature_60min_offline_full_run,2026-09-06 20:00:00+07:00,15.0,0.0,2026-09-06
1614,farm_gateway_s3:1788700500,2026-09-06T13:15:00Z,46271.84375,farm_gateway_s3,25.1,28.8,0,4.6,0,0,0,,,,,,,,,,,,,,,,2026-09-06 13:15:00+00:00,True,False,repeated_signature_60min_offline_full_run,2026-09-06 20:15:00+07:00,15.0,0.0,2026-09-06
1615,farm_gateway_s3:1788702300,2026-09-06T13:45:00Z,46271.864583333336,farm_gateway_s3,25.1,28.7,0,4.6,0,0,0,,,,,,,,,,,,,,,,2026-09-06 13:45:00+00:00,False,True,,2026-09-06 20:45:00+07:00,30.0,0.0,2026-09-06
1616,farm_gateway_s3:1788703200,2026-09-06T14:00:00Z,46271.875,farm_gateway_s3,25.1,28.6,0,4.6,0,0,0,,,,,,,,,,,,,,,,2026-09-06 14:00:00+00:00,True,False,repeated_signature_60min_offline_full_run,2026-09-06 21:00:00+07:00,15.0,0.0,2026-09-06
1617,farm_gateway_s3:1788704100,2026-09-06T14:15:00Z,46271.885416666664,farm_gateway_s3,25.0,28.6,0,4.6,0,0,0,,,,,,,,,,,,,,,,2026-09-06 14:15:00+00:00,True,False,repeated_signature_60min_offline_full_run,2026-09-06 21:15:00+07:00,15.0,-0.10000000000000142,2026-09-06
1618,farm_gateway_s3:1788705000,2026-09-06T14:30:00Z,46271.895833333336,farm_gateway_s3,25.0,28.5,0,4.6,0,0,0,,,,,,,,,,,,,,,,2026-09-06 14:30:00+00:00,True,False,repeated_signature_60min_offline_full_run,2026-09-06 21:30:00+07:00,15.0,0.0,2026-09-06
1619,farm_gateway_s3:1788705900,2026-09-06T14:45:00Z,46271.90625,farm_gateway_s3,25.0,28.4,0,4.6,0,0,0,,,,,,,,,,,,,,,,2026-09-06 14:45:00+00:00,True,False,repeated_signature_60min_offline_full_run,2026-09-06 21:45:00+07:00,15.0,0.0,2026-09-06
1620,farm_gateway_s3:1788706800,2026-09-06T15:00:00Z,46271.916666666664,farm_gateway_s3,25.0,28.4,0,4.5,0,0,0,,,,,,,,,,,,,,,,2026-09-06 15:00:00+00:00,True,False,repeated_signature_60min_offline_full_run,2026-09-06 22:00:00+07:00,15.0,0.0,2026-09-06
1621,farm_gateway_s3:1788707700,2026-09-06T15:15:00Z,46271.927083333336,farm_gateway_s3,25.0,28.3,0,4.5,0,0,0,,,,,,,,,,,,,,,,2026-09-06 15:15:00+00:00,True,False,repeated_signature_60min_offline_full_run,2026-09-06 22:15:00+07:00,15.0,0.0,2026-09-06
1622,farm_gateway_s3:1788740100,2026-09-07T00:15:00Z,46272.302083333336,farm_gateway_s3,25.0,27.4,0,3.9,0,0,0,,,,,,,,,,,,,,,,2026-09-07 00:15:00+00:00,True,False,repeated_signature_60min_offline_full_run,2026-09-07 07:15:00+07:00,540.0,,2026-09-07
1623,farm_gateway_s3:1788741000,2026-09-07T00:30:00Z,46272.3125,farm_gateway_s3,25.0,27.5,0,3.9,0,0,0,,,,,,,,,,,,,,,,2026-09-07 00:30:00+00:00,True,False,repeated_signature_60min_offline_full_run,2026-09-07 07:30:00+07:00,15.0,0.0,2026-09-07
1624,farm_gateway_s3:1788741900,2026-09-07T00:45:00Z,46272.322916666664,farm_gateway_s3,25.0,27.5,0,3.9,0,0,0,,,,,,,,,,,,,,,,2026-09-07 00:45:00+00:00,True,False,repeated_signature_60min_offline_full_run,2026-09-07 07:45:00+07:00,15.0,0.0,2026-09-07
1625,farm_gateway_s3:1788742800,2026-09-07T01:00:00Z,46272.333333333336,farm_gateway_s3,25.0,27.6,0,3.9,0,0,0,,,,,,,,,,,,,,,,2026-09-07 01:00:00+00:00,True,False,repeated_signature_60min_offline_full_run,2026-09-07 08:00:00+07:00,15.0,0.0,2026-09-07
1626,farm_gateway_s3:1788743700,2026-09-07T01:15:00Z,46272.34375,farm_gateway_s3,24.9,27.6,0,3.9,0,0,0,,,,,,,,,,,,,,,,2026-09-07 01:15:00+00:00,True,False,repeated_signature_60min_offline_full_run,2026-09-07 08:15:00+07:00,15.0,-0.10000000000000142,2026-09-07
1627,farm_gateway_s3:1788744600,2026-09-07T01:30:00Z,46272.354166666664,farm_gateway_s3,25.0,27.6,0,4.0,0,0,0,,,,,,,,,,,,,,,,2026-09-07 01:30:00+00:00,True,False,repeated_signature_60min_offline_full_run,2026-09-07 08:30:00+07:00,15.0,0.10000000000000142,2026-09-07
1628,farm_gateway_s3:1788745500,2026-09-07T01:45:00Z,46272.364583333336,farm_gateway_s3,24.9,27.7,0,4.0,0,0,0,,,,,,,,,,,,,,,,2026-09-07 01:45:00+00:00,True,False,repeated_signature_60min_offline_full_run,2026-09-07 08:45:00+07:00,15.0,-0.10000000000000142,2026-09-07
1629,farm_gateway_s3:1788746400,2026-09-07T02:00:00Z,46272.375,farm_gateway_s3,24.9,27.8,0,4.1,0,0,0,,,,,,,,,,,,,,,,2026-09-07 02:00:00+00:00,True,False,repeated_signature_60min_offline_full_run,2026-09-07 09:00:00+07:00,15.0,0.0,2026-09-07
1630,farm_gateway_s3:1788747300,2026-09-07T02:15:00Z,46272.385416666664,farm_gateway_s3,25.0,27.8,0,4.1,0,0,0,,,,,,,,,,,,,,,,2026-09-07 02:15:00+00:00,True,False,repeated_signature_60min_offline_full_run,2026-09-07 09:15:00+07:00,15.0,0.10000000000000142,2026-09-07
1631,farm_gateway_s3:1788748200,2026-09-07T02:30:00Z,46272.395833333336,farm_gateway_s3,24.9,27.8,0,4.1,0,0,0,,,,,,,,,,,,,,,,2026-09-07 02:30:00+00:00,True,False,repeated_signature_60min_offline_full_run,2026-09-07 09:30:00+07:00,15.0,-0.10000000000000142,2026-09-07
1632,farm_gateway_s3:1788749100,2026-09-07T02:45:00Z,46272.40625,farm_gateway_s3,24.9,27.9,0,4.1,0,0,0,,,,,,,,,,,,,,,,2026-09-07 02:45:00+00:00,True,False,repeated_signature_60min_offline_full_run,2026-09-07 09:45:00+07:00,15.0,0.0,2026-09-07
1633,farm_gateway_s3:1788750000,2026-09-07T03:00:00Z,46272.416666666664,farm_gateway_s3,24.9,27.9,0,4.1,0,0,0,,,,,,,,,,,,,,,,2026-09-07 03:00:00+00:00,True,False,repeated_signature_60min_offline_full_run,2026-09-07 10:00:00+07:00,15.0,0.0,2026-09-07
1634,farm_gateway_s3:1788750900,2026-09-07T03:15:00Z,46272.427083333336,farm_gateway_s3,24.8,28.0,0,4.1,0,0,0,,,,,,,,,,,,,,,,2026-09-07 03:15:00+00:00,True,False,repeated_signature_60min_offline_full_run,2026-09-07 10:15:00+07:00,15.0,-0.09999999999999787,2026-09-07
1635,farm_gateway_s3:1788751800,2026-09-07T03:30:00Z,46272.4375,farm_gateway_s3,24.9,28.0,0,4.1,0,0,0,,,,,,,,,,,,,,,,2026-09-07 03:30:00+00:00,True,False,repeated_signature_60min_offline_full_run,2026-09-07 10:30:00+07:00,15.0,0.09999999999999787,2026-09-07
1636,farm_gateway_s3:1788752700,2026-09-07T03:45:00Z,46272.447916666664,farm_gateway_s3,24.8,28.1,0,4.0,0,0,0,,,,,,,,,,,,,,,,2026-09-07 03:45:00+00:00,False,True,,2026-09-07 10:45:00+07:00,15.0,-0.09999999999999787,2026-09-07
1637,farm_gateway_s3:1788753600,2026-09-07T04:00:00Z,46272.458333333336,farm_gateway_s3,24.8,28.1,0,4.1,0,0,0,,,,,,,,,,,,,,,,2026-09-07 04:00:00+00:00,True,False,repeated_signature_60min_offline_full_run,2026-09-07 11:00:00+07:00,15.0,0.0,2026-09-07
1638,farm_gateway_s3:1788754500,2026-09-07T04:15:00Z,46272.46875,farm_gateway_s3,24.8,28.2,0,4.1,0,0,0,,,,,,,,,,,,,,,,2026-09-07 04:15:00+00:00,True,False,repeated_signature_60min_offline_full_run,2026-09-07 11:15:00+07:00,15.0,0.0,2026-09-07
1639,farm_gateway_s3:1788755400,2026-09-07T04:30:00Z,46272.479166666664,farm_gateway_s3,24.8,28.2,0,4.1,0,0,0,,,,,,,,,,,,,,,,2026-09-07 04:30:00+00:00,True,False,repeated_signature_60min_offline_full_run,2026-09-07 11:30:00+07:00,15.0,0.0,2026-09-07
1640,farm_gateway_s3:1788756300,2026-09-07T04:45:00Z,46272.489583333336,farm_gateway_s3,24.7,28.3,0,4.2,0,0,0,,,,,,,,,,,,,,,,2026-09-07 04:45:00+00:00,True,False,repeated_signature_60min_offline_full_run,2026-09-07 11:45:00+07:00,15.0,-0.10000000000000142,2026-09-07
1641,farm_gateway_s3:1788757200,2026-09-07T05:00:00Z,46272.5,farm_gateway_s3,24.7,28.3,0,4.4,0,0,0,,,,,,,,,,,,,,,,2026-09-07 05:00:00+00:00,True,False,repeated_signature_60min_offline_full_run,2026-09-07 12:00:00+07:00,15.0,0.0,2026-09-07
1642,farm_gateway_s3:1788758100,2026-09-07T05:15:00Z,46272.510416666664,farm_gateway_s3,24.7,28.4,0,4.4,0,0,0,,,,,,,,,,,,,,,,2026-09-07 05:15:00+00:00,True,False,repeated_signature_60min_offline_full_run,2026-09-07 12:15:00+07:00,15.0,0.0,2026-09-07
1643,farm_gateway_s3:1788759000,2026-09-07T05:30:00Z,46272.520833333336,farm_gateway_s3,24.7,28.4,0,4.3,0,0,0,,,,,,,,,,,,,,,,2026-09-07 05:30:00+00:00,True,False,repeated_signature_60min_offline_full_run,2026-09-07 12:30:00+07:00,15.0,0.0,2026-09-07
1644,farm_gateway_s3:1788759900,2026-09-07T05:45:00Z,46272.53125,farm_gateway_s3,24.7,28.5,0,4.3,0,0,0,,,,,,,,,,,,,,,,2026-09-07 05:45:00+00:00,True,False,repeated_signature_60min_offline_full_run,2026-09-07 12:45:00+07:00,15.0,0.0,2026-09-07
1645,farm_gateway_s3:1788760800,2026-09-07T06:00:00Z,46272.541666666664,farm_gateway_s3,24.7,28.6,0,4.2,0,0,0,,,,,,,,,,,,,,,,2026-09-07 06:00:00+00:00,True,False,repeated_signature_60min_offline_full_run,2026-09-07 13:00:00+07:00,15.0,0.0,2026-09-07
1646,farm_gateway_s3:1788761700,2026-09-07T06:15:00Z,46272.552083333336,farm_gateway_s3,24.7,28.6,0,4.1,0,0,0,,,,,,,,,,,,,,,,2026-09-07 06:15:00+00:00,True,False,repeated_signature_60min_offline_full_run,2026-09-07 13:15:00+07:00,15.0,0.0,2026-09-07
1647,farm_gateway_s3:1788762600,2026-09-07T06:30:00Z,46272.5625,farm_gateway_s3,24.7,28.7,0,4.1,0,0,0,,,,,,,,,,,,,,,,2026-09-07 06:30:00+00:00,True,False,repeated_signature_60min_offline_full_run,2026-09-07 13:30:00+07:00,15.0,0.0,2026-09-07
1648,farm_gateway_s3:1788763500,2026-09-07T06:45:00Z,46272.572916666664,farm_gateway_s3,24.7,28.7,0,4.1,0,0,0,,,,,,,,,,,,,,,,2026-09-07 06:45:00+00:00,True,False,repeated_signature_60min_offline_full_run,2026-09-07 13:45:00+07:00,15.0,0.0,2026-09-07
1649,farm_gateway_s3:1788764400,2026-09-07T07:00:00Z,46272.583333333336,farm_gateway_s3,24.6,28.7,0,4.1,0,0,0,,,,,,,,,,,,,,,,2026-09-07 07:00:00+00:00,True,False,repeated_signature_60min_offline_full_run,2026-09-07 14:00:00+07:00,15.0,-0.09999999999999787,2026-09-07
1650,farm_gateway_s3:1788765300,2026-09-07T07:15:00Z,46272.59375,farm_gateway_s3,24.6,28.7,0,4.1,0,0,0,,,,,,,,,,,,,,,,2026-09-07 07:15:00+00:00,True,False,repeated_signature_60min_offline_full_run,2026-09-07 14:15:00+07:00,15.0,0.0,2026-09-07
1651,farm_gateway_s3:1788766200,2026-09-07T07:30:00Z,46272.604166666664,farm_gateway_s3,24.6,28.7,0,4.1,0,0,0,,,,,,,,,,,,,,,,2026-09-07 07:30:00+00:00,True,False,repeated_signature_60min_offline_full_run,2026-09-07 14:30:00+07:00,15.0,0.0,2026-09-07
1652,farm_gateway_s3:1788767100,2026-09-07T07:45:00Z,46272.614583333336,farm_gateway_s3,24.6,28.7,0,4.0,0,0,0,,,,,,,,,,,,,,,,2026-09-07 07:45:00+00:00,True,False,repeated_signature_60min_offline_full_run,2026-09-07 14:45:00+07:00,15.0,0.0,2026-09-07
1653,farm_gateway_s3:1788768000,2026-09-07T08:00:00Z,46272.625,farm_gateway_s3,24.6,28.7,0,4.1,0,0,0,,,,,,,,,,,,,,,,2026-09-07 08:00:00+00:00,True,False,repeated_signature_60min_offline_full_run,2026-09-07 15:00:00+07:00,15.0,0.0,2026-09-07
1654,farm_gateway_s3:1788768900,2026-09-07T08:15:00Z,46272.635416666664,farm_gateway_s3,24.6,28.7,0,4.0,0,0,0,,,,,,,,,,,,,,,,2026-09-07 08:15:00+00:00,True,False,repeated_signature_60min_offline_full_run,2026-09-07 15:15:00+07:00,15.0,0.0,2026-09-07
1655,farm_gateway_s3:1788769800,2026-09-07T08:30:00Z,46272.645833333336,farm_gateway_s3,24.6,28.7,0,4.0,0,0,0,,,,,,,,,,,,,,,,2026-09-07 08:30:00+00:00,True,False,repeated_signature_60min_offline_full_run,2026-09-07 15:30:00+07:00,15.0,0.0,2026-09-07
1656,farm_gateway_s3:1788770700,2026-09-07T08:45:00Z,46272.65625,farm_gateway_s3,24.6,28.8,0,4.1,0,0,0,,,,,,,,,,,,,,,,2026-09-07 08:45:00+00:00,True,False,repeated_signature_60min_offline_full_run,2026-09-07 15:45:00+07:00,15.0,0.0,2026-09-07
1657,farm_gateway_s3:1788771600,2026-09-07T09:00:00Z,46272.666666666664,farm_gateway_s3,24.6,28.8,0,4.1,0,0,0,,,,,,,,,,,,,,,,2026-09-07 09:00:00+00:00,True,False,repeated_signature_60min_offline_full_run,2026-09-07 16:00:00+07:00,15.0,0.0,2026-09-07
1658,farm_gateway_s3:1788772500,2026-09-07T09:15:00Z,46272.677083333336,farm_gateway_s3,24.6,28.7,0,4.1,0,0,0,,,,,,,,,,,,,,,,2026-09-07 09:15:00+00:00,True,False,repeated_signature_60min_offline_full_run,2026-09-07 16:15:00+07:00,15.0,0.0,2026-09-07
1659,farm_gateway_s3:1788773400,2026-09-07T09:30:00Z,46272.6875,farm_gateway_s3,24.6,28.8,0,4.1,0,0,0,,,,,,,,,,,,,,,,2026-09-07 09:30:00+00:00,True,False,repeated_signature_60min_offline_full_run,2026-09-07 16:30:00+07:00,15.0,0.0,2026-09-07
1660,farm_gateway_s3:1788774300,2026-09-07T09:45:00Z,46272.697916666664,farm_gateway_s3,24.6,28.8,0,4.1,0,0,0,,,,,,,,,,,,,,,,2026-09-07 09:45:00+00:00,True,False,repeated_signature_60min_offline_full_run,2026-09-07 16:45:00+07:00,15.0,0.0,2026-09-07
1661,farm_gateway_s3:1788775200,2026-09-07T10:00:00Z,46272.708333333336,farm_gateway_s3,24.6,28.8,0,4.1,0,0,0,,,,,,,,,,,,,,,,2026-09-07 10:00:00+00:00,True,False,repeated_signature_60min_offline_full_run,2026-09-07 17:00:00+07:00,15.0,0.0,2026-09-07
1662,farm_gateway_s3:1788776100,2026-09-07T10:15:00Z,46272.71875,farm_gateway_s3,24.6,28.8,0,4.1,0,0,0,,,,,,,,,,,,,,,,2026-09-07 10:15:00+00:00,True,False,repeated_signature_60min_offline_full_run,2026-09-07 17:15:00+07:00,15.0,0.0,2026-09-07
1663,farm_gateway_s3:1788777000,2026-09-07T10:30:00Z,46272.729166666664,farm_gateway_s3,24.5,28.8,0,4.1,0,0,0,,,,,,,,,,,,,,,,2026-09-07 10:30:00+00:00,True,False,repeated_signature_60min_offline_full_run,2026-09-07 17:30:00+07:00,15.0,-0.10000000000000142,2026-09-07
1664,farm_gateway_s3:1788777900,2026-09-07T10:45:00Z,46272.739583333336,farm_gateway_s3,24.6,28.7,0,4.1,0,0,0,,,,,,,,,,,,,,,,2026-09-07 10:45:00+00:00,True,False,repeated_signature_60min_offline_full_run,2026-09-07 17:45:00+07:00,15.0,0.10000000000000142,2026-09-07
1665,farm_gateway_s3:1788778800,2026-09-07T11:00:00Z,46272.75,farm_gateway_s3,24.5,28.7,0,4.1,0,0,0,,,,,,,,,,,,,,,,2026-09-07 11:00:00+00:00,True,False,repeated_signature_60min_offline_full_run,2026-09-07 18:00:00+07:00,15.0,-0.10000000000000142,2026-09-07
1666,farm_gateway_s3:1788779700,2026-09-07T11:15:00Z,46272.760416666664,farm_gateway_s3,24.5,28.7,0,4.1,0,0,0,,,,,,,,,,,,,,,,2026-09-07 11:15:00+00:00,True,False,repeated_signature_60min_offline_full_run,2026-09-07 18:15:00+07:00,15.0,0.0,2026-09-07
1667,farm_gateway_s3:1788780600,2026-09-07T11:30:00Z,46272.770833333336,farm_gateway_s3,24.5,28.7,0,4.0,0,0,0,,,,,,,,,,,,,,,,2026-09-07 11:30:00+00:00,True,False,repeated_signature_60min_offline_full_run,2026-09-07 18:30:00+07:00,15.0,0.0,2026-09-07
1668,farm_gateway_s3:1788781500,2026-09-07T11:45:00Z,46272.78125,farm_gateway_s3,24.5,28.7,0,4.0,0,0,0,,,,,,,,,,,,,,,,2026-09-07 11:45:00+00:00,True,False,repeated_signature_60min_offline_full_run,2026-09-07 18:45:00+07:00,15.0,0.0,2026-09-07
1669,farm_gateway_s3:1788782400,2026-09-07T12:00:00Z,46272.791666666664,farm_gateway_s3,24.5,28.6,0,4.0,0,0,0,,,,,,,,,,,,,,,,2026-09-07 12:00:00+00:00,True,False,repeated_signature_60min_offline_full_run,2026-09-07 19:00:00+07:00,15.0,0.0,2026-09-07
1670,farm_gateway_s3:1788783300,2026-09-07T12:15:00Z,46272.802083333336,farm_gateway_s3,24.4,28.6,0,4.1,0,0,0,,,,,,,,,,,,,,,,2026-09-07 12:15:00+00:00,True,False,repeated_signature_60min_offline_full_run,2026-09-07 19:15:00+07:00,15.0,-0.10000000000000142,2026-09-07
1671,farm_gateway_s3:1788784200,2026-09-07T12:30:00Z,46272.8125,farm_gateway_s3,24.5,28.5,0,4.1,0,0,0,,,,,,,,,,,,,,,,2026-09-07 12:30:00+00:00,True,False,repeated_signature_60min_offline_full_run,2026-09-07 19:30:00+07:00,15.0,0.10000000000000142,2026-09-07
1672,farm_gateway_s3:1788785100,2026-09-07T12:45:00Z,46272.822916666664,farm_gateway_s3,24.4,28.4,0,4.0,0,0,0,,,,,,,,,,,,,,,,2026-09-07 12:45:00+00:00,True,False,repeated_signature_60min_offline_full_run,2026-09-07 19:45:00+07:00,15.0,-0.10000000000000142,2026-09-07
1673,farm_gateway_s3:1788786000,2026-09-07T13:00:00Z,46272.833333333336,farm_gateway_s3,24.5,28.4,0,4.1,0,0,0,,,,,,,,,,,,,,,,2026-09-07 13:00:00+00:00,True,False,repeated_signature_60min_offline_full_run,2026-09-07 20:00:00+07:00,15.0,0.10000000000000142,2026-09-07
1674,farm_gateway_s3:1788786900,2026-09-07T13:15:00Z,46272.84375,farm_gateway_s3,24.4,28.4,0,4.1,0,0,0,,,,,,,,,,,,,,,,2026-09-07 13:15:00+00:00,True,False,repeated_signature_60min_offline_full_run,2026-09-07 20:15:00+07:00,15.0,-0.10000000000000142,2026-09-07
1675,farm_gateway_s3:1788787800,2026-09-07T13:30:00Z,46272.854166666664,farm_gateway_s3,24.4,28.3,0,4.1,0,0,0,,,,,,,,,,,,,,,,2026-09-07 13:30:00+00:00,True,False,repeated_signature_60min_offline_full_run,2026-09-07 20:30:00+07:00,15.0,0.0,2026-09-07
1676,farm_gateway_s3:1788788700,2026-09-07T13:45:00Z,46272.864583333336,farm_gateway_s3,24.5,28.3,0,4.1,0,0,0,,,,,,,,,,,,,,,,2026-09-07 13:45:00+00:00,True,False,repeated_signature_60min_offline_full_run,2026-09-07 20:45:00+07:00,15.0,0.10000000000000142,2026-09-07
1677,farm_gateway_s3:1788789600,2026-09-07T14:00:00Z,46272.875,farm_gateway_s3,24.4,28.3,0,4.1,0,0,0,,,,,,,,,,,,,,,,2026-09-07 14:00:00+00:00,True,False,repeated_signature_60min_offline_full_run,2026-09-07 21:00:00+07:00,15.0,-0.10000000000000142,2026-09-07
1678,farm_gateway_s3:1788790500,2026-09-07T14:15:00Z,46272.885416666664,farm_gateway_s3,24.4,28.3,0,4.1,0,0,0,,,,,,,,,,,,,,,,2026-09-07 14:15:00+00:00,True,False,repeated_signature_60min_offline_full_run,2026-09-07 21:15:00+07:00,15.0,0.0,2026-09-07
1679,farm_gateway_s3:1788791400,2026-09-07T14:30:00Z,46272.895833333336,farm_gateway_s3,24.4,28.2,0,4.2,0,0,0,,,,,,,,,,,,,,,,2026-09-07 14:30:00+00:00,True,False,repeated_signature_60min_offline_full_run,2026-09-07 21:30:00+07:00,15.0,0.0,2026-09-07
1680,farm_gateway_s3:1788792300,2026-09-07T14:45:00Z,46272.90625,farm_gateway_s3,24.4,28.2,0,4.1,0,0,0,,,,,,,,,,,,,,,,2026-09-07 14:45:00+00:00,True,False,repeated_signature_60min_offline_full_run,2026-09-07 21:45:00+07:00,15.0,0.0,2026-09-07
1681,farm_gateway_s3:1788793200,2026-09-07T15:00:00Z,46272.916666666664,farm_gateway_s3,24.4,28.2,0,4.1,0,0,0,,,,,,,,,,,,,,,,2026-09-07 15:00:00+00:00,True,False,repeated_signature_60min_offline_full_run,2026-09-07 22:00:00+07:00,15.0,0.0,2026-09-07
1682,farm_gateway_s3:1788794100,2026-09-07T15:15:00Z,46272.927083333336,farm_gateway_s3,24.4,28.1,0,4.1,0,0,0,,,,,,,,,,,,,,,,2026-09-07 15:15:00+00:00,True,False,repeated_signature_60min_offline_full_run,2026-09-07 22:15:00+07:00,15.0,0.0,2026-09-07
1683,farm_gateway_s3:1788795000,2026-09-07T15:30:00Z,46272.9375,farm_gateway_s3,24.4,28.1,0,4.1,0,0,0,,,,,,,,,,,,,,,,2026-09-07 15:30:00+00:00,True,False,repeated_signature_60min_offline_full_run,2026-09-07 22:30:00+07:00,15.0,0.0,2026-09-07
1684,farm_gateway_s3:1788795900,2026-09-07T15:45:00Z,46272.947916666664,farm_gateway_s3,24.4,28.1,0,4.1,0,0,0,,,,,,,,,,,,,,,,2026-09-07 15:45:00+00:00,True,False,repeated_signature_60min_offline_full_run,2026-09-07 22:45:00+07:00,15.0,0.0,2026-09-07
1685,farm_gateway_s3:1788796800,2026-09-07T16:00:00Z,46272.958333333336,farm_gateway_s3,24.4,28.0,0,4.2,0,0,0,,,,,,,,,,,,,,,,2026-09-07 16:00:00+00:00,True,False,repeated_signature_60min_offline_full_run,2026-09-07 23:00:00+07:00,15.0,0.0,2026-09-07
1686,farm_gateway_s3:1788797700,2026-09-07T16:15:00Z,46272.96875,farm_gateway_s3,24.4,28.0,0,4.1,0,0,0,,,,,,,,,,,,,,,,2026-09-07 16:15:00+00:00,True,False,repeated_signature_60min_offline_full_run,2026-09-07 23:15:00+07:00,15.0,0.0,2026-09-07
1687,farm_gateway_s3:1788798600,2026-09-07T16:30:00Z,46272.979166666664,farm_gateway_s3,24.4,28.0,0,4.3,0,0,0,,,,,,,,,,,,,,,,2026-09-07 16:30:00+00:00,True,False,repeated_signature_60min_offline_full_run,2026-09-07 23:30:00+07:00,15.0,0.0,2026-09-07
1688,farm_gateway_s3:1788799500,2026-09-07T16:45:00Z,46272.989583333336,farm_gateway_s3,24.4,28.0,0,4.3,0,0,0,,,,,,,,,,,,,,,,2026-09-07 16:45:00+00:00,True,False,repeated_signature_60min_offline_full_run,2026-09-07 23:45:00+07:00,15.0,0.0,2026-09-07
1689,farm_gateway_s3:1788800400,2026-09-07T17:00:00Z,46273.0,farm_gateway_s3,24.4,27.9,0,4.2,0,0,0,,,,,,,,,,,,,,,,2026-09-07 17:00:00+00:00,True,False,repeated_signature_60min_offline_full_run,2026-09-08 00:00:00+07:00,15.0,0.0,2026-09-08
1690,farm_gateway_s3:1788801300,2026-09-07T17:15:00Z,46273.010416666664,farm_gateway_s3,24.4,27.9,0,4.2,0,0,0,,,,,,,,,,,,,,,,2026-09-07 17:15:00+00:00,True,False,repeated_signature_60min_offline_full_run,2026-09-08 00:15:00+07:00,15.0,0.0,2026-09-08
1691,farm_gateway_s3:1788802200,2026-09-07T17:30:00Z,46273.020833333336,farm_gateway_s3,24.4,27.9,0,4.2,0,0,0,,,,,,,,,,,,,,,,2026-09-07 17:30:00+00:00,True,False,repeated_signature_60min_offline_full_run,2026-09-08 00:30:00+07:00,15.0,0.0,2026-09-08
1692,farm_gateway_s3:1788803100,2026-09-07T17:45:00Z,46273.03125,farm_gateway_s3,24.4,27.9,0,4.2,0,0,0,,,,,,,,,,,,,,,,2026-09-07 17:45:00+00:00,True,False,repeated_signature_60min_offline_full_run,2026-09-08 00:45:00+07:00,15.0,0.0,2026-09-08
1693,farm_gateway_s3:1788804000,2026-09-07T18:00:00Z,46273.041666666664,farm_gateway_s3,24.4,27.8,0,4.2,0,0,0,,,,,,,,,,,,,,,,2026-09-07 18:00:00+00:00,True,False,repeated_signature_60min_offline_full_run,2026-09-08 01:00:00+07:00,15.0,0.0,2026-09-08
1694,farm_gateway_s3:1788804900,2026-09-07T18:15:00Z,46273.052083333336,farm_gateway_s3,24.4,27.8,0,4.2,0,0,0,,,,,,,,,,,,,,,,2026-09-07 18:15:00+00:00,True,False,repeated_signature_60min_offline_full_run,2026-09-08 01:15:00+07:00,15.0,0.0,2026-09-08
1695,farm_gateway_s3:1788805800,2026-09-07T18:30:00Z,46273.0625,farm_gateway_s3,24.4,27.8,0,4.2,0,0,0,,,,,,,,,,,,,,,,2026-09-07 18:30:00+00:00,True,False,repeated_signature_60min_offline_full_run,2026-09-08 01:30:00+07:00,15.0,0.0,2026-09-08
1696,farm_gateway_s3:1788806700,2026-09-07T18:45:00Z,46273.072916666664,farm_gateway_s3,24.4,27.8,0,4.2,0,0,0,,,,,,,,,,,,,,,,2026-09-07 18:45:00+00:00,True,False,repeated_signature_60min_offline_full_run,2026-09-08 01:45:00+07:00,15.0,0.0,2026-09-08
1697,farm_gateway_s3:1788807600,2026-09-07T19:00:00Z,46273.083333333336,farm_gateway_s3,24.4,27.8,0,4.3,0,0,0,,,,,,,,,,,,,,,,2026-09-07 19:00:00+00:00,True,False,repeated_signature_60min_offline_full_run,2026-09-08 02:00:00+07:00,15.0,0.0,2026-09-08
1698,farm_gateway_s3:1788808500,2026-09-07T19:15:00Z,46273.09375,farm_gateway_s3,24.4,27.8,0,4.3,0,0,0,,,,,,,,,,,,,,,,2026-09-07 19:15:00+00:00,True,False,repeated_signature_60min_offline_full_run,2026-09-08 02:15:00+07:00,15.0,0.0,2026-09-08
1699,farm_gateway_s3:1788809400,2026-09-07T19:30:00Z,46273.104166666664,farm_gateway_s3,24.4,27.7,0,4.3,0,0,0,,,,,,,,,,,,,,,,2026-09-07 19:30:00+00:00,True,False,repeated_signature_60min_offline_full_run,2026-09-08 02:30:00+07:00,15.0,0.0,2026-09-08
1700,farm_gateway_s3:1788810300,2026-09-07T19:45:00Z,46273.114583333336,farm_gateway_s3,24.4,27.7,0,4.3,0,0,0,,,,,,,,,,,,,,,,2026-09-07 19:45:00+00:00,True,False,repeated_signature_60min_offline_full_run,2026-09-08 02:45:00+07:00,15.0,0.0,2026-09-08
1701,farm_gateway_s3:1788811200,2026-09-07T20:00:00Z,46273.125,farm_gateway_s3,24.4,27.7,0,4.3,0,0,0,,,,,,,,,,,,,,,,2026-09-07 20:00:00+00:00,True,False,repeated_signature_60min_offline_full_run,2026-09-08 03:00:00+07:00,15.0,0.0,2026-09-08
1702,farm_gateway_s3:1788812100,2026-09-07T20:15:00Z,46273.135416666664,farm_gateway_s3,24.4,27.7,0,4.4,0,0,0,,,,,,,,,,,,,,,,2026-09-07 20:15:00+00:00,True,False,repeated_signature_60min_offline_full_run,2026-09-08 03:15:00+07:00,15.0,0.0,2026-09-08
1703,farm_gateway_s3:1788813000,2026-09-07T20:30:00Z,46273.145833333336,farm_gateway_s3,24.4,27.7,0,4.3,0,0,0,,,,,,,,,,,,,,,,2026-09-07 20:30:00+00:00,True,False,repeated_signature_60min_offline_full_run,2026-09-08 03:30:00+07:00,15.0,0.0,2026-09-08
1704,farm_gateway_s3:1788825600,2026-09-08T00:00:00Z,46273.291666666664,farm_gateway_s3,24.4,27.5,0,4.3,0,0,0,,,,,,,,,,,,,,,,2026-09-08 00:00:00+00:00,True,False,repeated_signature_60min_offline_full_run,2026-09-08 07:00:00+07:00,210.0,,2026-09-08
1705,farm_gateway_s3:1788826500,2026-09-08T00:15:00Z,46273.302083333336,farm_gateway_s3,24.3,27.5,0,4.3,0,0,0,,,,,,,,,,,,,,,,2026-09-08 00:15:00+00:00,True,False,repeated_signature_60min_offline_full_run,2026-09-08 07:15:00+07:00,15.0,-0.09999999999999787,2026-09-08
1706,farm_gateway_s3:1788827400,2026-09-08T00:30:00Z,46273.3125,farm_gateway_s3,24.4,27.5,0,4.4,0,0,0,,,,,,,,,,,,,,,,2026-09-08 00:30:00+00:00,True,False,repeated_signature_60min_offline_full_run,2026-09-08 07:30:00+07:00,15.0,0.09999999999999787,2026-09-08
1707,farm_gateway_s3:1788828300,2026-09-08T00:45:00Z,46273.322916666664,farm_gateway_s3,24.4,27.5,0,4.3,0,0,0,,,,,,,,,,,,,,,,2026-09-08 00:45:00+00:00,True,False,repeated_signature_60min_offline_full_run,2026-09-08 07:45:00+07:00,15.0,0.0,2026-09-08
1708,farm_gateway_s3:1788829200,2026-09-08T01:00:00Z,46273.333333333336,farm_gateway_s3,24.4,27.5,0,4.4,0,0,0,,,,,,,,,,,,,,,,2026-09-08 01:00:00+00:00,True,False,repeated_signature_60min_offline_full_run,2026-09-08 08:00:00+07:00,15.0,0.0,2026-09-08
1709,farm_gateway_s3:1788830100,2026-09-08T01:15:00Z,46273.34375,farm_gateway_s3,24.4,27.6,0,4.4,0,0,0,,,,,,,,,,,,,,,,2026-09-08 01:15:00+00:00,True,False,repeated_signature_60min_offline_full_run,2026-09-08 08:15:00+07:00,15.0,0.0,2026-09-08
1710,farm_gateway_s3:1788831000,2026-09-08T01:30:00Z,46273.354166666664,farm_gateway_s3,24.4,27.6,0,4.4,0,0,0,,,,,,,,,,,,,,,,2026-09-08 01:30:00+00:00,True,False,repeated_signature_60min_offline_full_run,2026-09-08 08:30:00+07:00,15.0,0.0,2026-09-08
1711,farm_gateway_s3:1788831900,2026-09-08T01:45:00Z,46273.364583333336,farm_gateway_s3,24.4,27.6,0,4.4,0,0,0,,,,,,,,,,,,,,,,2026-09-08 01:45:00+00:00,True,False,repeated_signature_60min_offline_full_run,2026-09-08 08:45:00+07:00,15.0,0.0,2026-09-08
1712,farm_gateway_s3:1788832800,2026-09-08T02:00:00Z,46273.375,farm_gateway_s3,24.4,27.7,0,4.5,0,0,0,,,,,,,,,,,,,,,,2026-09-08 02:00:00+00:00,True,False,repeated_signature_60min_offline_full_run,2026-09-08 09:00:00+07:00,15.0,0.0,2026-09-08
1713,farm_gateway_s3:1788833700,2026-09-08T02:15:00Z,46273.385416666664,farm_gateway_s3,24.4,27.7,0,4.3,0,0,0,,,,,,,,,,,,,,,,2026-09-08 02:15:00+00:00,True,False,repeated_signature_60min_offline_full_run,2026-09-08 09:15:00+07:00,15.0,0.0,2026-09-08
1714,farm_gateway_s3:1788834600,2026-09-08T02:30:00Z,46273.395833333336,farm_gateway_s3,24.4,27.8,0,4.4,0,0,0,,,,,,,,,,,,,,,,2026-09-08 02:30:00+00:00,True,False,repeated_signature_60min_offline_full_run,2026-09-08 09:30:00+07:00,15.0,0.0,2026-09-08
1715,farm_gateway_s3:1788835500,2026-09-08T02:45:00Z,46273.40625,farm_gateway_s3,24.4,27.8,0,5.2,0,0,0,,,,,,,,,,,,,,,,2026-09-08 02:45:00+00:00,True,False,repeated_signature_60min_offline_full_run,2026-09-08 09:45:00+07:00,15.0,0.0,2026-09-08
1716,farm_gateway_s3:1788836400,2026-09-08T03:00:00Z,46273.416666666664,farm_gateway_s3,24.4,27.8,0,5.3,0,0,0,,,,,,,,,,,,,,,,2026-09-08 03:00:00+00:00,True,False,repeated_signature_60min_offline_full_run,2026-09-08 10:00:00+07:00,15.0,0.0,2026-09-08
1717,farm_gateway_s3:1788837300,2026-09-08T03:15:00Z,46273.427083333336,farm_gateway_s3,24.4,27.9,0,5.3,0,0,0,,,,,,,,,,,,,,,,2026-09-08 03:15:00+00:00,True,False,repeated_signature_60min_offline_full_run,2026-09-08 10:15:00+07:00,15.0,0.0,2026-09-08
1718,farm_gateway_s3:1788838200,2026-09-08T03:30:00Z,46273.4375,farm_gateway_s3,24.4,28.0,0,5.3,0,0,0,,,,,,,,,,,,,,,,2026-09-08 03:30:00+00:00,True,False,repeated_signature_60min_offline_full_run,2026-09-08 10:30:00+07:00,15.0,0.0,2026-09-08
1719,farm_gateway_s3:1788839100,2026-09-08T03:45:00Z,46273.447916666664,farm_gateway_s3,24.4,28.0,0,5.3,0,0,0,,,,,,,,,,,,,,,,2026-09-08 03:45:00+00:00,True,False,repeated_signature_60min_offline_full_run,2026-09-08 10:45:00+07:00,15.0,0.0,2026-09-08
1720,farm_gateway_s3:1788840000,2026-09-08T04:00:00Z,46273.458333333336,farm_gateway_s3,24.4,28.1,0,5.3,0,0,0,,,,,,,,,,,,,,,,2026-09-08 04:00:00+00:00,True,False,repeated_signature_60min_offline_full_run,2026-09-08 11:00:00+07:00,15.0,0.0,2026-09-08
1721,farm_gateway_s3:1788840900,2026-09-08T04:15:00Z,46273.46875,farm_gateway_s3,24.4,28.1,0,5.0,0,0,0,,,,,,,,,,,,,,,,2026-09-08 04:15:00+00:00,True,False,repeated_signature_60min_offline_full_run,2026-09-08 11:15:00+07:00,15.0,0.0,2026-09-08
1722,farm_gateway_s3:1788841800,2026-09-08T04:30:00Z,46273.479166666664,farm_gateway_s3,24.4,28.2,0,4.2,0,0,0,,,,,,,,,,,,,,,,2026-09-08 04:30:00+00:00,True,False,repeated_signature_60min_offline_full_run,2026-09-08 11:30:00+07:00,15.0,0.0,2026-09-08
1723,farm_gateway_s3:1788842700,2026-09-08T04:45:00Z,46273.489583333336,farm_gateway_s3,24.4,28.2,0,4.3,0,0,0,,,,,,,,,,,,,,,,2026-09-08 04:45:00+00:00,True,False,repeated_signature_60min_offline_full_run,2026-09-08 11:45:00+07:00,15.0,0.0,2026-09-08
1724,farm_gateway_s3:1788843600,2026-09-08T05:00:00Z,46273.5,farm_gateway_s3,24.4,28.3,0,4.4,0,0,0,,,,,,,,,,,,,,,,2026-09-08 05:00:00+00:00,True,False,repeated_signature_60min_offline_full_run,2026-09-08 12:00:00+07:00,15.0,0.0,2026-09-08
1725,farm_gateway_s3:1788844500,2026-09-08T05:15:00Z,46273.510416666664,farm_gateway_s3,24.4,28.4,0,4.4,0,0,0,,,,,,,,,,,,,,,,2026-09-08 05:15:00+00:00,True,False,repeated_signature_60min_offline_full_run,2026-09-08 12:15:00+07:00,15.0,0.0,2026-09-08
1726,farm_gateway_s3:1788845400,2026-09-08T05:30:00Z,46273.520833333336,farm_gateway_s3,24.4,28.4,0,4.4,0,0,0,,,,,,,,,,,,,,,,2026-09-08 05:30:00+00:00,True,False,repeated_signature_60min_offline_full_run,2026-09-08 12:30:00+07:00,15.0,0.0,2026-09-08
1727,farm_gateway_s3:1788846300,2026-09-08T05:45:00Z,46273.53125,farm_gateway_s3,24.4,28.5,0,4.4,0,0,0,,,,,,,,,,,,,,,,2026-09-08 05:45:00+00:00,True,False,repeated_signature_60min_offline_full_run,2026-09-08 12:45:00+07:00,15.0,0.0,2026-09-08
1728,farm_gateway_s3:1788847200,2026-09-08T06:00:00Z,46273.541666666664,farm_gateway_s3,24.4,28.6,0,4.4,0,0,0,,,,,,,,,,,,,,,,2026-09-08 06:00:00+00:00,True,False,repeated_signature_60min_offline_full_run,2026-09-08 13:00:00+07:00,15.0,0.0,2026-09-08
1729,farm_gateway_s3:1788848100,2026-09-08T06:15:00Z,46273.552083333336,farm_gateway_s3,24.3,28.7,0,4.4,0,0,0,,,,,,,,,,,,,,,,2026-09-08 06:15:00+00:00,True,False,repeated_signature_60min_offline_full_run,2026-09-08 13:15:00+07:00,15.0,-0.09999999999999787,2026-09-08
1730,farm_gateway_s3:1788849000,2026-09-08T06:30:00Z,46273.5625,farm_gateway_s3,24.3,28.7,0,4.4,0,0,0,,,,,,,,,,,,,,,,2026-09-08 06:30:00+00:00,True,False,repeated_signature_60min_offline_full_run,2026-09-08 13:30:00+07:00,15.0,0.0,2026-09-08
1731,farm_gateway_s3:1788849900,2026-09-08T06:45:00Z,46273.572916666664,farm_gateway_s3,24.3,28.7,0,4.4,0,0,0,,,,,,,,,,,,,,,,2026-09-08 06:45:00+00:00,True,False,repeated_signature_60min_offline_full_run,2026-09-08 13:45:00+07:00,15.0,0.0,2026-09-08
1732,farm_gateway_s3:1788850800,2026-09-08T07:00:00Z,46273.583333333336,farm_gateway_s3,24.3,28.8,0,4.4,0,0,0,,,,,,,,,,,,,,,,2026-09-08 07:00:00+00:00,True,False,repeated_signature_60min_offline_full_run,2026-09-08 14:00:00+07:00,15.0,0.0,2026-09-08
1733,farm_gateway_s3:1788851700,2026-09-08T07:15:00Z,46273.59375,farm_gateway_s3,24.3,28.8,0,4.4,0,0,0,,,,,,,,,,,,,,,,2026-09-08 07:15:00+00:00,True,False,repeated_signature_60min_offline_full_run,2026-09-08 14:15:00+07:00,15.0,0.0,2026-09-08
1734,farm_gateway_s3:1788852600,2026-09-08T07:30:00Z,46273.604166666664,farm_gateway_s3,24.3,28.9,0,4.4,0,0,0,,,,,,,,,,,,,,,,2026-09-08 07:30:00+00:00,True,False,repeated_signature_60min_offline_full_run,2026-09-08 14:30:00+07:00,15.0,0.0,2026-09-08
1735,farm_gateway_s3:1788853500,2026-09-08T07:45:00Z,46273.614583333336,farm_gateway_s3,24.3,28.9,0,4.4,0,0,0,,,,,,,,,,,,,,,,2026-09-08 07:45:00+00:00,True,False,repeated_signature_60min_offline_full_run,2026-09-08 14:45:00+07:00,15.0,0.0,2026-09-08
1736,farm_gateway_s3:1788854400,2026-09-08T08:00:00Z,46273.625,farm_gateway_s3,24.3,29.0,0,4.4,0,0,0,,,,,,,,,,,,,,,,2026-09-08 08:00:00+00:00,True,False,repeated_signature_60min_offline_full_run,2026-09-08 15:00:00+07:00,15.0,0.0,2026-09-08
1737,farm_gateway_s3:1788855300,2026-09-08T08:15:00Z,46273.635416666664,farm_gateway_s3,24.4,29.1,0,4.4,0,0,0,,,,,,,,,,,,,,,,2026-09-08 08:15:00+00:00,True,False,repeated_signature_60min_offline_full_run,2026-09-08 15:15:00+07:00,15.0,0.09999999999999787,2026-09-08
1738,farm_gateway_s3:1788856200,2026-09-08T08:30:00Z,46273.645833333336,farm_gateway_s3,24.4,29.3,0,4.4,0,0,0,,,,,,,,,,,,,,,,2026-09-08 08:30:00+00:00,True,False,repeated_signature_60min_offline_full_run,2026-09-08 15:30:00+07:00,15.0,0.0,2026-09-08
1739,farm_gateway_s3:1788857100,2026-09-08T08:45:00Z,46273.65625,farm_gateway_s3,24.4,29.4,0,4.5,0,0,0,,,,,,,,,,,,,,,,2026-09-08 08:45:00+00:00,True,False,repeated_signature_60min_offline_full_run,2026-09-08 15:45:00+07:00,15.0,0.0,2026-09-08
1740,farm_gateway_s3:1788858000,2026-09-08T09:00:00Z,46273.666666666664,farm_gateway_s3,24.4,29.6,0,4.5,0,0,0,,,,,,,,,,,,,,,,2026-09-08 09:00:00+00:00,True,False,repeated_signature_60min_offline_full_run,2026-09-08 16:00:00+07:00,15.0,0.0,2026-09-08
1741,farm_gateway_s3:1788858900,2026-09-08T09:15:00Z,46273.677083333336,farm_gateway_s3,24.3,29.7,0,4.5,0,0,0,,,,,,,,,,,,,,,,2026-09-08 09:15:00+00:00,True,False,repeated_signature_60min_offline_full_run,2026-09-08 16:15:00+07:00,15.0,-0.09999999999999787,2026-09-08
1742,farm_gateway_s3:1788859800,2026-09-08T09:30:00Z,46273.6875,farm_gateway_s3,24.2,29.7,0,4.5,0,0,0,,,,,,,,,,,,,,,,2026-09-08 09:30:00+00:00,True,False,repeated_signature_60min_offline_full_run,2026-09-08 16:30:00+07:00,15.0,-0.10000000000000142,2026-09-08
1743,farm_gateway_s3:1788860700,2026-09-08T09:45:00Z,46273.697916666664,farm_gateway_s3,24.2,29.7,0,4.5,0,0,0,,,,,,,,,,,,,,,,2026-09-08 09:45:00+00:00,True,False,repeated_signature_60min_offline_full_run,2026-09-08 16:45:00+07:00,15.0,0.0,2026-09-08
1744,farm_gateway_s3:1788861600,2026-09-08T10:00:00Z,46273.708333333336,farm_gateway_s3,24.2,29.7,0,4.5,0,0,0,,,,,,,,,,,,,,,,2026-09-08 10:00:00+00:00,True,False,repeated_signature_60min_offline_full_run,2026-09-08 17:00:00+07:00,15.0,0.0,2026-09-08
1745,farm_gateway_s3:1788862500,2026-09-08T10:15:00Z,46273.71875,farm_gateway_s3,24.1,29.6,0,4.5,0,0,0,,,,,,,,,,,,,,,,2026-09-08 10:15:00+00:00,True,False,repeated_signature_60min_offline_full_run,2026-09-08 17:15:00+07:00,15.0,-0.09999999999999787,2026-09-08
1746,farm_gateway_s3:1788863400,2026-09-08T10:30:00Z,46273.729166666664,farm_gateway_s3,24.1,29.6,0,4.5,0,0,0,,,,,,,,,,,,,,,,2026-09-08 10:30:00+00:00,True,False,repeated_signature_60min_offline_full_run,2026-09-08 17:30:00+07:00,15.0,0.0,2026-09-08
1747,farm_gateway_s3:1788864300,2026-09-08T10:45:00Z,46273.739583333336,farm_gateway_s3,24.1,29.5,0,4.4,0,0,0,,,,,,,,,,,,,,,,2026-09-08 10:45:00+00:00,True,False,repeated_signature_60min_offline_full_run,2026-09-08 17:45:00+07:00,15.0,0.0,2026-09-08
1748,farm_gateway_s3:1788865200,2026-09-08T11:00:00Z,46273.75,farm_gateway_s3,24.1,29.5,0,4.4,0,0,0,,,,,,,,,,,,,,,,2026-09-08 11:00:00+00:00,True,False,repeated_signature_60min_offline_full_run,2026-09-08 18:00:00+07:00,15.0,0.0,2026-09-08
1749,farm_gateway_s3:1788866100,2026-09-08T11:15:00Z,46273.760416666664,farm_gateway_s3,24.1,29.4,0,4.5,0,0,0,,,,,,,,,,,,,,,,2026-09-08 11:15:00+00:00,True,False,repeated_signature_60min_offline_full_run,2026-09-08 18:15:00+07:00,15.0,0.0,2026-09-08
1750,farm_gateway_s3:1788867000,2026-09-08T11:30:00Z,46273.770833333336,farm_gateway_s3,24.0,29.3,0,4.4,0,0,0,,,,,,,,,,,,,,,,2026-09-08 11:30:00+00:00,True,False,repeated_signature_60min_offline_full_run,2026-09-08 18:30:00+07:00,15.0,-0.10000000000000142,2026-09-08
1751,farm_gateway_s3:1788867900,2026-09-08T11:45:00Z,46273.78125,farm_gateway_s3,24.0,29.3,0,4.5,0,0,0,,,,,,,,,,,,,,,,2026-09-08 11:45:00+00:00,True,False,repeated_signature_60min_offline_full_run,2026-09-08 18:45:00+07:00,15.0,0.0,2026-09-08
1752,farm_gateway_s3:1788868800,2026-09-08T12:00:00Z,46273.791666666664,farm_gateway_s3,24.0,29.2,0,4.5,0,0,0,,,,,,,,,,,,,,,,2026-09-08 12:00:00+00:00,True,False,repeated_signature_60min_offline_full_run,2026-09-08 19:00:00+07:00,15.0,0.0,2026-09-08
1753,farm_gateway_s3:1788869700,2026-09-08T12:15:00Z,46273.802083333336,farm_gateway_s3,24.0,29.1,0,4.4,0,0,0,,,,,,,,,,,,,,,,2026-09-08 12:15:00+00:00,True,False,repeated_signature_60min_offline_full_run,2026-09-08 19:15:00+07:00,15.0,0.0,2026-09-08
1754,farm_gateway_s3:1788870600,2026-09-08T12:30:00Z,46273.8125,farm_gateway_s3,24.0,29.1,0,4.5,0,0,0,,,,,,,,,,,,,,,,2026-09-08 12:30:00+00:00,True,False,repeated_signature_60min_offline_full_run,2026-09-08 19:30:00+07:00,15.0,0.0,2026-09-08
1755,farm_gateway_s3:1788871500,2026-09-08T12:45:00Z,46273.822916666664,farm_gateway_s3,24.0,29.0,0,4.4,0,0,0,,,,,,,,,,,,,,,,2026-09-08 12:45:00+00:00,True,False,repeated_signature_60min_offline_full_run,2026-09-08 19:45:00+07:00,15.0,0.0,2026-09-08
1756,farm_gateway_s3:1788872400,2026-09-08T13:00:00Z,46273.833333333336,farm_gateway_s3,24.0,28.9,0,4.4,0,0,0,,,,,,,,,,,,,,,,2026-09-08 13:00:00+00:00,True,False,repeated_signature_60min_offline_full_run,2026-09-08 20:00:00+07:00,15.0,0.0,2026-09-08
1757,farm_gateway_s3:1788873300,2026-09-08T13:15:00Z,46273.84375,farm_gateway_s3,24.0,28.9,0,4.5,0,0,0,,,,,,,,,,,,,,,,2026-09-08 13:15:00+00:00,True,False,repeated_signature_60min_offline_full_run,2026-09-08 20:15:00+07:00,15.0,0.0,2026-09-08
1758,farm_gateway_s3:1788874200,2026-09-08T13:30:00Z,46273.854166666664,farm_gateway_s3,24.0,28.9,0,4.4,0,0,0,,,,,,,,,,,,,,,,2026-09-08 13:30:00+00:00,True,False,repeated_signature_60min_offline_full_run,2026-09-08 20:30:00+07:00,15.0,0.0,2026-09-08
1759,farm_gateway_s3:1788875100,2026-09-08T13:45:00Z,46273.864583333336,farm_gateway_s3,24.0,28.8,0,4.4,0,0,0,,,,,,,,,,,,,,,,2026-09-08 13:45:00+00:00,True,False,repeated_signature_60min_offline_full_run,2026-09-08 20:45:00+07:00,15.0,0.0,2026-09-08
1760,farm_gateway_s3:1788876000,2026-09-08T14:00:00Z,46273.875,farm_gateway_s3,24.0,28.8,0,4.5,0,0,0,,,,,,,,,,,,,,,,2026-09-08 14:00:00+00:00,True,False,repeated_signature_60min_offline_full_run,2026-09-08 21:00:00+07:00,15.0,0.0,2026-09-08
1761,farm_gateway_s3:1788876900,2026-09-08T14:15:00Z,46273.885416666664,farm_gateway_s3,24.0,28.7,0,4.5,0,0,0,,,,,,,,,,,,,,,,2026-09-08 14:15:00+00:00,True,False,repeated_signature_60min_offline_full_run,2026-09-08 21:15:00+07:00,15.0,0.0,2026-09-08
1762,farm_gateway_s3:1788877800,2026-09-08T14:30:00Z,46273.895833333336,farm_gateway_s3,24.0,28.7,0,4.4,0,0,0,,,,,,,,,,,,,,,,2026-09-08 14:30:00+00:00,True,False,repeated_signature_60min_offline_full_run,2026-09-08 21:30:00+07:00,15.0,0.0,2026-09-08
1763,farm_gateway_s3:1788878700,2026-09-08T14:45:00Z,46273.90625,farm_gateway_s3,24.0,28.7,0,4.4,0,0,0,,,,,,,,,,,,,,,,2026-09-08 14:45:00+00:00,True,False,repeated_signature_60min_offline_full_run,2026-09-08 21:45:00+07:00,15.0,0.0,2026-09-08
1764,farm_gateway_s3:1788879600,2026-09-08T15:00:00Z,46273.916666666664,farm_gateway_s3,24.0,28.7,0,4.4,0,0,0,,,,,,,,,,,,,,,,2026-09-08 15:00:00+00:00,True,False,repeated_signature_60min_offline_full_run,2026-09-08 22:00:00+07:00,15.0,0.0,2026-09-08
1765,farm_gateway_s3:1788880500,2026-09-08T15:15:00Z,46273.927083333336,farm_gateway_s3,24.0,28.6,0,4.4,0,0,0,,,,,,,,,,,,,,,,2026-09-08 15:15:00+00:00,True,False,repeated_signature_60min_offline_full_run,2026-09-08 22:15:00+07:00,15.0,0.0,2026-09-08
1766,farm_gateway_s3:1788881400,2026-09-08T15:30:00Z,46273.9375,farm_gateway_s3,24.0,28.6,0,4.4,0,0,0,,,,,,,,,,,,,,,,2026-09-08 15:30:00+00:00,True,False,repeated_signature_60min_offline_full_run,2026-09-08 22:30:00+07:00,15.0,0.0,2026-09-08
1767,farm_gateway_s3:1788882300,2026-09-08T15:45:00Z,46273.947916666664,farm_gateway_s3,24.0,28.6,0,4.4,0,0,0,,,,,,,,,,,,,,,,2026-09-08 15:45:00+00:00,True,False,repeated_signature_60min_offline_full_run,2026-09-08 22:45:00+07:00,15.0,0.0,2026-09-08
1768,farm_gateway_s3:1788883200,2026-09-08T16:00:00Z,46273.958333333336,farm_gateway_s3,24.0,28.5,0,4.4,0,0,0,,,,,,,,,,,,,,,,2026-09-08 16:00:00+00:00,True,False,repeated_signature_60min_offline_full_run,2026-09-08 23:00:00+07:00,15.0,0.0,2026-09-08
1769,farm_gateway_s3:1788884100,2026-09-08T16:15:00Z,46273.96875,farm_gateway_s3,24.0,28.4,0,4.4,0,0,0,,,,,,,,,,,,,,,,2026-09-08 16:15:00+00:00,True,False,repeated_signature_60min_offline_full_run,2026-09-08 23:15:00+07:00,15.0,0.0,2026-09-08
1770,farm_gateway_s3:1788913800,2026-09-09T00:30:00Z,46274.3125,farm_gateway_s3,24.0,27.8,0,5.4,0,0,0,,,,,,,,,,,,,,,,2026-09-09 00:30:00+00:00,True,False,repeated_signature_60min_offline_full_run,2026-09-09 07:30:00+07:00,495.0,,2026-09-09
1771,farm_gateway_s3:1788914700,2026-09-09T00:45:00Z,46274.322916666664,farm_gateway_s3,24.0,27.8,0,5.4,0,0,0,,,,,,,,,,,,,,,,2026-09-09 00:45:00+00:00,True,False,repeated_signature_60min_offline_full_run,2026-09-09 07:45:00+07:00,15.0,0.0,2026-09-09
1772,farm_gateway_s3:1788915600,2026-09-09T01:00:00Z,46274.333333333336,farm_gateway_s3,24.0,27.9,0,4.5,0,0,0,,,,,,,,,,,,,,,,2026-09-09 01:00:00+00:00,True,False,repeated_signature_60min_offline_full_run,2026-09-09 08:00:00+07:00,15.0,0.0,2026-09-09
1773,farm_gateway_s3:1788916500,2026-09-09T01:15:00Z,46274.34375,farm_gateway_s3,24.0,27.9,0,4.4,0,0,0,,,,,,,,,,,,,,,,2026-09-09 01:15:00+00:00,True,False,repeated_signature_60min_offline_full_run,2026-09-09 08:15:00+07:00,15.0,0.0,2026-09-09
1774,farm_gateway_s3:1788917400,2026-09-09T01:30:00Z,46274.354166666664,farm_gateway_s3,24.0,28.0,0,4.4,0,0,0,,,,,,,,,,,,,,,,2026-09-09 01:30:00+00:00,True,False,repeated_signature_60min_offline_full_run,2026-09-09 08:30:00+07:00,15.0,0.0,2026-09-09
1775,farm_gateway_s3:1788918300,2026-09-09T01:45:00Z,46274.364583333336,farm_gateway_s3,24.0,28.0,0,4.5,0,0,0,,,,,,,,,,,,,,,,2026-09-09 01:45:00+00:00,True,False,repeated_signature_60min_offline_full_run,2026-09-09 08:45:00+07:00,15.0,0.0,2026-09-09
1776,farm_gateway_s3:1788919200,2026-09-09T02:00:00Z,46274.375,farm_gateway_s3,24.0,28.0,0,4.5,0,0,0,,,,,,,,,,,,,,,,2026-09-09 02:00:00+00:00,True,False,repeated_signature_60min_offline_full_run,2026-09-09 09:00:00+07:00,15.0,0.0,2026-09-09
1777,farm_gateway_s3:1788920100,2026-09-09T02:15:00Z,46274.385416666664,farm_gateway_s3,24.0,28.1,0,4.5,0,0,0,,,,,,,,,,,,,,,,2026-09-09 02:15:00+00:00,True,False,repeated_signature_60min_offline_full_run,2026-09-09 09:15:00+07:00,15.0,0.0,2026-09-09
1778,farm_gateway_s3:1788921000,2026-09-09T02:30:00Z,46274.395833333336,farm_gateway_s3,24.0,28.1,0,4.5,0,0,0,,,,,,,,,,,,,,,,2026-09-09 02:30:00+00:00,True,False,repeated_signature_60min_offline_full_run,2026-09-09 09:30:00+07:00,15.0,0.0,2026-09-09
1779,farm_gateway_s3:1788921900,2026-09-09T02:45:00Z,46274.40625,farm_gateway_s3,24.0,28.2,0,4.5,0,0,0,,,,,,,,,,,,,,,,2026-09-09 02:45:00+00:00,True,False,repeated_signature_60min_offline_full_run,2026-09-09 09:45:00+07:00,15.0,0.0,2026-09-09
1780,farm_gateway_s3:1788922800,2026-09-09T03:00:00Z,46274.416666666664,farm_gateway_s3,24.0,28.2,0,4.5,0,0,0,,,,,,,,,,,,,,,,2026-09-09 03:00:00+00:00,True,False,repeated_signature_60min_offline_full_run,2026-09-09 10:00:00+07:00,15.0,0.0,2026-09-09
1781,farm_gateway_s3:1788923700,2026-09-09T03:15:00Z,46274.427083333336,farm_gateway_s3,24.0,28.3,0,4.5,0,0,0,,,,,,,,,,,,,,,,2026-09-09 03:15:00+00:00,True,False,repeated_signature_60min_offline_full_run,2026-09-09 10:15:00+07:00,15.0,0.0,2026-09-09
1782,farm_gateway_s3:1788924600,2026-09-09T03:30:00Z,46274.4375,farm_gateway_s3,23.9,28.4,0,4.5,0,0,0,,,,,,,,,,,,,,,,2026-09-09 03:30:00+00:00,True,False,repeated_signature_60min_offline_full_run,2026-09-09 10:30:00+07:00,15.0,-0.10000000000000142,2026-09-09
1783,farm_gateway_s3:1788925500,2026-09-09T03:45:00Z,46274.447916666664,farm_gateway_s3,23.9,28.4,0,4.5,0,0,0,,,,,,,,,,,,,,,,2026-09-09 03:45:00+00:00,True,False,repeated_signature_60min_offline_full_run,2026-09-09 10:45:00+07:00,15.0,0.0,2026-09-09
1784,farm_gateway_s3:1788926400,2026-09-09T04:00:00Z,46274.458333333336,farm_gateway_s3,23.9,28.4,0,4.5,0,0,0,,,,,,,,,,,,,,,,2026-09-09 04:00:00+00:00,True,False,repeated_signature_60min_offline_full_run,2026-09-09 11:00:00+07:00,15.0,0.0,2026-09-09
1785,farm_gateway_s3:1788927300,2026-09-09T04:15:00Z,46274.46875,farm_gateway_s3,23.9,28.4,0,4.5,0,0,0,,,,,,,,,,,,,,,,2026-09-09 04:15:00+00:00,True,False,repeated_signature_60min_offline_full_run,2026-09-09 11:15:00+07:00,15.0,0.0,2026-09-09
1786,farm_gateway_s3:1788928200,2026-09-09T04:30:00Z,46274.479166666664,farm_gateway_s3,23.9,28.5,0,4.5,0,0,0,,,,,,,,,,,,,,,,2026-09-09 04:30:00+00:00,True,False,repeated_signature_60min_offline_full_run,2026-09-09 11:30:00+07:00,15.0,0.0,2026-09-09
1787,farm_gateway_s3:1788929100,2026-09-09T04:45:00Z,46274.489583333336,farm_gateway_s3,23.9,28.6,0,4.5,0,0,0,,,,,,,,,,,,,,,,2026-09-09 04:45:00+00:00,True,False,repeated_signature_60min_offline_full_run,2026-09-09 11:45:00+07:00,15.0,0.0,2026-09-09
1788,farm_gateway_s3:1788930000,2026-09-09T05:00:00Z,46274.5,farm_gateway_s3,23.8,28.6,0,4.5,0,0,0,,,,,,,,,,,,,,,,2026-09-09 05:00:00+00:00,True,False,repeated_signature_60min_offline_full_run,2026-09-09 12:00:00+07:00,15.0,-0.09999999999999787,2026-09-09
1789,farm_gateway_s3:1788930900,2026-09-09T05:15:00Z,46274.510416666664,farm_gateway_s3,23.9,28.6,0,4.7,0,0,0,,,,,,,,,,,,,,,,2026-09-09 05:15:00+00:00,True,False,repeated_signature_60min_offline_full_run,2026-09-09 12:15:00+07:00,15.0,0.09999999999999787,2026-09-09
1790,farm_gateway_s3:1788931800,2026-09-09T05:30:00Z,46274.520833333336,farm_gateway_s3,23.9,28.7,0,4.5,0,0,0,,,,,,,,,,,,,,,,2026-09-09 05:30:00+00:00,True,False,repeated_signature_60min_offline_full_run,2026-09-09 12:30:00+07:00,15.0,0.0,2026-09-09
1791,farm_gateway_s3:1788932700,2026-09-09T05:45:00Z,46274.53125,farm_gateway_s3,23.8,28.7,0,4.5,0,0,0,,,,,,,,,,,,,,,,2026-09-09 05:45:00+00:00,True,False,repeated_signature_60min_offline_full_run,2026-09-09 12:45:00+07:00,15.0,-0.09999999999999787,2026-09-09
1792,farm_gateway_s3:1788933600,2026-09-09T06:00:00Z,46274.541666666664,farm_gateway_s3,23.8,28.7,0,4.6,0,0,0,,,,,,,,,,,,,,,,2026-09-09 06:00:00+00:00,True,False,repeated_signature_60min_offline_full_run,2026-09-09 13:00:00+07:00,15.0,0.0,2026-09-09
1793,farm_gateway_s3:1788934500,2026-09-09T06:15:00Z,46274.552083333336,farm_gateway_s3,23.8,28.8,0,4.6,0,0,0,,,,,,,,,,,,,,,,2026-09-09 06:15:00+00:00,True,False,repeated_signature_60min_offline_full_run,2026-09-09 13:15:00+07:00,15.0,0.0,2026-09-09
1794,farm_gateway_s3:1788935400,2026-09-09T06:30:00Z,46274.5625,farm_gateway_s3,23.9,28.9,0,4.6,0,0,0,,,,,,,,,,,,,,,,2026-09-09 06:30:00+00:00,True,False,repeated_signature_60min_offline_full_run,2026-09-09 13:30:00+07:00,15.0,0.09999999999999787,2026-09-09
1795,farm_gateway_s3:1788936300,2026-09-09T06:45:00Z,46274.572916666664,farm_gateway_s3,23.9,28.9,0,4.5,0,0,0,,,,,,,,,,,,,,,,2026-09-09 06:45:00+00:00,True,False,repeated_signature_60min_offline_full_run,2026-09-09 13:45:00+07:00,15.0,0.0,2026-09-09
1796,farm_gateway_s3:1788937200,2026-09-09T07:00:00Z,46274.583333333336,farm_gateway_s3,23.9,29.0,0,4.5,0,0,0,,,,,,,,,,,,,,,,2026-09-09 07:00:00+00:00,True,False,repeated_signature_60min_offline_full_run,2026-09-09 14:00:00+07:00,15.0,0.0,2026-09-09
1797,farm_gateway_s3:1788938100,2026-09-09T07:15:00Z,46274.59375,farm_gateway_s3,23.9,29.1,0,4.5,0,0,0,,,,,,,,,,,,,,,,2026-09-09 07:15:00+00:00,True,False,repeated_signature_60min_offline_full_run,2026-09-09 14:15:00+07:00,15.0,0.0,2026-09-09
1798,farm_gateway_s3:1788939000,2026-09-09T07:30:00Z,46274.604166666664,farm_gateway_s3,23.8,29.3,0,4.6,0,0,0,,,,,,,,,,,,,,,,2026-09-09 07:30:00+00:00,True,False,repeated_signature_60min_offline_full_run,2026-09-09 14:30:00+07:00,15.0,-0.09999999999999787,2026-09-09
1799,farm_gateway_s3:1788939900,2026-09-09T07:45:00Z,46274.614583333336,farm_gateway_s3,23.8,29.3,0,4.6,0,0,0,,,,,,,,,,,,,,,,2026-09-09 07:45:00+00:00,True,False,repeated_signature_60min_offline_full_run,2026-09-09 14:45:00+07:00,15.0,0.0,2026-09-09
1800,farm_gateway_s3:1788940800,2026-09-09T08:00:00Z,46274.625,farm_gateway_s3,23.7,29.3,0,4.6,0,0,0,,,,,,,,,,,,,,,,2026-09-09 08:00:00+00:00,True,False,repeated_signature_60min_offline_full_run,2026-09-09 15:00:00+07:00,15.0,-0.10000000000000142,2026-09-09
1801,farm_gateway_s3:1788941700,2026-09-09T08:15:00Z,46274.635416666664,farm_gateway_s3,23.7,29.2,0,4.6,0,0,0,,,,,,,,,,,,,,,,2026-09-09 08:15:00+00:00,True,False,repeated_signature_60min_offline_full_run,2026-09-09 15:15:00+07:00,15.0,0.0,2026-09-09
1802,farm_gateway_s3:1788942600,2026-09-09T08:30:00Z,46274.645833333336,farm_gateway_s3,23.7,29.2,0,4.6,0,0,0,,,,,,,,,,,,,,,,2026-09-09 08:30:00+00:00,True,False,repeated_signature_60min_offline_full_run,2026-09-09 15:30:00+07:00,15.0,0.0,2026-09-09
1803,farm_gateway_s3:1788943500,2026-09-09T08:45:00Z,46274.65625,farm_gateway_s3,23.7,29.1,0,4.6,0,0,0,,,,,,,,,,,,,,,,2026-09-09 08:45:00+00:00,True,False,repeated_signature_60min_offline_full_run,2026-09-09 15:45:00+07:00,15.0,0.0,2026-09-09
1804,farm_gateway_s3:1788944400,2026-09-09T09:00:00Z,46274.666666666664,farm_gateway_s3,23.7,29.1,0,4.6,0,0,0,,,,,,,,,,,,,,,,2026-09-09 09:00:00+00:00,True,False,repeated_signature_60min_offline_full_run,2026-09-09 16:00:00+07:00,15.0,0.0,2026-09-09
1805,farm_gateway_s3:1788945300,2026-09-09T09:15:00Z,46274.677083333336,farm_gateway_s3,23.7,29.0,0,4.6,0,0,0,,,,,,,,,,,,,,,,2026-09-09 09:15:00+00:00,True,False,repeated_signature_60min_offline_full_run,2026-09-09 16:15:00+07:00,15.0,0.0,2026-09-09
1806,farm_gateway_s3:1788946200,2026-09-09T09:30:00Z,46274.6875,farm_gateway_s3,23.7,29.0,0,4.6,0,0,0,,,,,,,,,,,,,,,,2026-09-09 09:30:00+00:00,True,False,repeated_signature_60min_offline_full_run,2026-09-09 16:30:00+07:00,15.0,0.0,2026-09-09
1807,farm_gateway_s3:1788947100,2026-09-09T09:45:00Z,46274.697916666664,farm_gateway_s3,23.7,28.9,0,4.6,0,0,0,,,,,,,,,,,,,,,,2026-09-09 09:45:00+00:00,True,False,repeated_signature_60min_offline_full_run,2026-09-09 16:45:00+07:00,15.0,0.0,2026-09-09
1808,farm_gateway_s3:1788948000,2026-09-09T10:00:00Z,46274.708333333336,farm_gateway_s3,24.6,28.9,0,4.7,0,0,0,,,,,,,,,,,,,,,,2026-09-09 10:00:00+00:00,True,False,repeated_signature_60min_offline_full_run,2026-09-09 17:00:00+07:00,15.0,0.9000000000000021,2026-09-09
1809,farm_gateway_s3:1788948900,2026-09-09T10:15:00Z,46274.71875,farm_gateway_s3,24.6,28.8,0,4.8,0,0,0,,,,,,,,,,,,,,,,2026-09-09 10:15:00+00:00,True,False,repeated_signature_60min_offline_full_run,2026-09-09 17:15:00+07:00,15.0,0.0,2026-09-09
1810,farm_gateway_s3:1788949800,2026-09-09T10:30:00Z,46274.729166666664,farm_gateway_s3,24.6,28.8,0,4.8,0,0,0,,,,,,,,,,,,,,,,2026-09-09 10:30:00+00:00,True,False,repeated_signature_60min_offline_full_run,2026-09-09 17:30:00+07:00,15.0,0.0,2026-09-09
1811,farm_gateway_s3:1788950700,2026-09-09T10:45:00Z,46274.739583333336,farm_gateway_s3,24.6,28.7,0,4.8,0,0,0,,,,,,,,,,,,,,,,2026-09-09 10:45:00+00:00,True,False,repeated_signature_60min_offline_full_run,2026-09-09 17:45:00+07:00,15.0,0.0,2026-09-09
1812,farm_gateway_s3:1788951600,2026-09-09T11:00:00Z,46274.75,farm_gateway_s3,24.6,28.7,0,4.8,0,0,0,,,,,,,,,,,,,,,,2026-09-09 11:00:00+00:00,True,False,repeated_signature_60min_offline_full_run,2026-09-09 18:00:00+07:00,15.0,0.0,2026-09-09
1813,farm_gateway_s3:1788952500,2026-09-09T11:15:00Z,46274.760416666664,farm_gateway_s3,24.6,28.6,0,4.8,0,0,0,,,,,,,,,,,,,,,,2026-09-09 11:15:00+00:00,True,False,repeated_signature_60min_offline_full_run,2026-09-09 18:15:00+07:00,15.0,0.0,2026-09-09
1814,farm_gateway_s3:1788953400,2026-09-09T11:30:00Z,46274.770833333336,farm_gateway_s3,24.6,28.6,0,4.8,0,0,0,,,,,,,,,,,,,,,,2026-09-09 11:30:00+00:00,True,False,repeated_signature_60min_offline_full_run,2026-09-09 18:30:00+07:00,15.0,0.0,2026-09-09
1815,farm_gateway_s3:1788954300,2026-09-09T11:45:00Z,46274.78125,farm_gateway_s3,24.6,28.5,0,4.8,0,0,0,,,,,,,,,,,,,,,,2026-09-09 11:45:00+00:00,True,False,repeated_signature_60min_offline_full_run,2026-09-09 18:45:00+07:00,15.0,0.0,2026-09-09
1816,farm_gateway_s3:1788955200,2026-09-09T12:00:00Z,46274.791666666664,farm_gateway_s3,24.6,28.5,0,4.8,0,0,0,,,,,,,,,,,,,,,,2026-09-09 12:00:00+00:00,True,False,repeated_signature_60min_offline_full_run,2026-09-09 19:00:00+07:00,15.0,0.0,2026-09-09
1817,farm_gateway_s3:1788956100,2026-09-09T12:15:00Z,46274.802083333336,farm_gateway_s3,24.6,28.4,0,4.8,0,0,0,,,,,,,,,,,,,,,,2026-09-09 12:15:00+00:00,True,False,repeated_signature_60min_offline_full_run,2026-09-09 19:15:00+07:00,15.0,0.0,2026-09-09
1818,farm_gateway_s3:1788957000,2026-09-09T12:30:00Z,46274.8125,farm_gateway_s3,24.6,28.4,0,4.8,0,0,0,,,,,,,,,,,,,,,,2026-09-09 12:30:00+00:00,True,False,repeated_signature_60min_offline_full_run,2026-09-09 19:30:00+07:00,15.0,0.0,2026-09-09
1819,farm_gateway_s3:1788957900,2026-09-09T12:45:00Z,46274.822916666664,farm_gateway_s3,24.6,28.4,0,4.8,0,0,0,,,,,,,,,,,,,,,,2026-09-09 12:45:00+00:00,True,False,repeated_signature_60min_offline_full_run,2026-09-09 19:45:00+07:00,15.0,0.0,2026-09-09
1820,farm_gateway_s3:1788958800,2026-09-09T13:00:00Z,46274.833333333336,farm_gateway_s3,24.5,28.3,0,4.8,0,0,0,,,,,,,,,,,,,,,,2026-09-09 13:00:00+00:00,True,False,repeated_signature_60min_offline_full_run,2026-09-09 20:00:00+07:00,15.0,-0.10000000000000142,2026-09-09
1821,farm_gateway_s3:1788959700,2026-09-09T13:15:00Z,46274.84375,farm_gateway_s3,24.5,28.3,0,4.8,0,0,0,,,,,,,,,,,,,,,,2026-09-09 13:15:00+00:00,True,False,repeated_signature_60min_offline_full_run,2026-09-09 20:15:00+07:00,15.0,0.0,2026-09-09
1822,farm_gateway_s3:1788960600,2026-09-09T13:30:00Z,46274.854166666664,farm_gateway_s3,24.5,28.3,0,4.8,0,0,0,,,,,,,,,,,,,,,,2026-09-09 13:30:00+00:00,True,False,repeated_signature_60min_offline_full_run,2026-09-09 20:30:00+07:00,15.0,0.0,2026-09-09
1823,farm_gateway_s3:1788961500,2026-09-09T13:45:00Z,46274.864583333336,farm_gateway_s3,24.5,28.3,0,4.9,0,0,0,,,,,,,,,,,,,,,,2026-09-09 13:45:00+00:00,True,False,repeated_signature_60min_offline_full_run,2026-09-09 20:45:00+07:00,15.0,0.0,2026-09-09
1824,farm_gateway_s3:1788962400,2026-09-09T14:00:00Z,46274.875,farm_gateway_s3,24.5,28.2,0,4.9,0,0,0,,,,,,,,,,,,,,,,2026-09-09 14:00:00+00:00,True,False,repeated_signature_60min_offline_full_run,2026-09-09 21:00:00+07:00,15.0,0.0,2026-09-09
1825,farm_gateway_s3:1788963300,2026-09-09T14:15:00Z,46274.885416666664,farm_gateway_s3,24.5,28.2,0,4.8,0,0,0,,,,,,,,,,,,,,,,2026-09-09 14:15:00+00:00,True,False,repeated_signature_60min_offline_full_run,2026-09-09 21:15:00+07:00,15.0,0.0,2026-09-09
1826,farm_gateway_s3:1788964200,2026-09-09T14:30:00Z,46274.895833333336,farm_gateway_s3,24.4,28.2,0,4.8,0,0,0,29.2,79.0,25.9,97.0,1007.0,0.0,0.0,0.0,1.7,0.0,0.0,25.3,31.4,25.9,0.0,2026-09-09 14:30:00+00:00,False,False,,2026-09-09 21:30:00+07:00,15.0,-0.10000000000000142,2026-09-09
1827,farm_gateway_s3:1788965100,2026-09-09T14:45:00Z,46274.90625,farm_gateway_s3,24.5,28.2,0,4.8,0,0,0,29.1,78.0,25.8,97.0,1007.0,0.0,0.0,0.0,1.7,0.0,0.0,25.2,31.3,25.8,0.0,2026-09-09 14:45:00+00:00,False,False,,2026-09-09 21:45:00+07:00,15.0,0.10000000000000142,2026-09-09
1828,farm_gateway_s3:1788966000,2026-09-09T15:00:00Z,46274.916666666664,farm_gateway_s3,24.4,28.2,0,4.8,0,0,0,28.8,77.0,25.8,96.0,1006.0,0.0,0.0,0.0,1.7,0.0,0.0,25.0,31.2,25.8,0.0,2026-09-09 15:00:00+00:00,False,False,,2026-09-09 22:00:00+07:00,15.0,-0.10000000000000142,2026-09-09
1829,farm_gateway_s3:1788966900,2026-09-09T15:15:00Z,46274.927083333336,farm_gateway_s3,24.4,28.1,0,4.8,0,0,0,28.8,76.0,26.0,93.0,1006.0,0.0,0.0,0.0,1.7,0.0,0.0,24.7,31.3,26.0,0.0,2026-09-09 15:15:00+00:00,False,False,,2026-09-09 22:15:00+07:00,15.0,0.0,2026-09-09
1830,farm_gateway_s3:1788967800,2026-09-09T15:30:00Z,46274.9375,farm_gateway_s3,24.4,28.1,0,4.8,0,0,0,28.8,76.0,26.2,93.0,1006.0,0.0,0.0,0.0,1.7,0.0,0.0,24.9,31.6,26.2,0.0,2026-09-09 15:30:00+00:00,False,False,,2026-09-09 22:30:00+07:00,15.0,0.0,2026-09-09
1831,farm_gateway_s3:1788968700,2026-09-09T15:45:00Z,46274.947916666664,farm_gateway_s3,24.4,28.1,0,4.8,0,0,0,28.8,75.0,26.0,94.0,1006.0,0.0,0.0,0.0,1.7,0.0,0.0,24.9,31.4,26.0,0.0,2026-09-09 15:45:00+00:00,False,False,,2026-09-09 22:45:00+07:00,15.0,0.0,2026-09-09
1832,farm_gateway_s3:1788969600,2026-09-09T16:00:00Z,46274.958333333336,farm_gateway_s3,24.4,28.1,0,4.8,0,0,0,28.8,76.0,25.7,94.0,1006.0,0.0,0.0,0.0,1.7,0.0,0.0,24.6,30.9,25.7,0.0,2026-09-09 16:00:00+00:00,False,False,,2026-09-09 23:00:00+07:00,15.0,0.0,2026-09-09
1833,farm_gateway_s3:1788970500,2026-09-09T16:15:00Z,46274.96875,farm_gateway_s3,24.4,28.1,0,4.8,0,0,0,28.6,76.0,25.7,94.0,1006.0,0.0,0.0,0.0,1.7,0.0,0.0,24.6,30.9,25.7,0.0,2026-09-09 16:15:00+00:00,False,False,,2026-09-09 23:15:00+07:00,15.0,0.0,2026-09-09
1834,farm_gateway_s3:1788998400,2026-09-10T00:00:00Z,46275.291666666664,farm_gateway_s3,24.1,27.6,0,4.9,0,0,0,27.6,80.0,25.6,96.0,1005.0,0.0,0.0,0.0,0.0,0.0,0.0,24.8,30.9,25.6,6180.0,2026-09-10 00:00:00+00:00,False,False,,2026-09-10 07:00:00+07:00,465.0,,2026-09-10
1835,farm_gateway_s3:1788999300,2026-09-10T00:15:00Z,46275.302083333336,farm_gateway_s3,24.1,27.7,0,4.9,0,0,0,27.6,80.0,26.2,95.0,1005.0,0.0,0.0,0.0,0.0,0.0,0.0,25.3,31.7,26.2,8030.0,2026-09-10 00:15:00+00:00,False,False,,2026-09-10 07:15:00+07:00,15.0,0.0,2026-09-10
1836,farm_gateway_s3:1789000200,2026-09-10T00:30:00Z,46275.3125,farm_gateway_s3,24.0,27.7,0,4.9,0,0,0,27.8,80.0,26.5,92.0,1005.0,0.0,0.0,0.0,0.0,0.0,0.0,25.0,32.0,26.5,8600.0,2026-09-10 00:30:00+00:00,False,False,,2026-09-10 07:30:00+07:00,15.0,-0.10000000000000142,2026-09-10
1837,farm_gateway_s3:1789001100,2026-09-10T00:45:00Z,46275.322916666664,farm_gateway_s3,24.0,27.7,0,4.9,0,0,0,27.8,79.0,26.9,91.0,1005.0,0.0,0.0,0.0,0.0,0.0,0.0,25.2,32.5,30.6,13030.0,2026-09-10 00:45:00+00:00,False,False,,2026-09-10 07:45:00+07:00,15.0,0.0,2026-09-10
1838,farm_gateway_s3:1789002000,2026-09-10T01:00:00Z,46275.333333333336,farm_gateway_s3,24.0,27.7,0,4.9,0,0,0,27.9,79.0,27.5,87.0,1005.0,0.0,0.0,0.0,0.0,0.0,0.0,25.1,33.0,32.0,13090.0,2026-09-10 01:00:00+00:00,False,False,,2026-09-10 08:00:00+07:00,15.0,0.0,2026-09-10
1839,farm_gateway_s3:1789002900,2026-09-10T01:15:00Z,46275.34375,farm_gateway_s3,24.0,27.7,0,4.9,0,0,0,27.9,79.0,27.8,89.0,1005.0,0.0,0.0,0.0,0.0,0.0,1.0,25.7,33.6,32.9,15400.0,2026-09-10 01:15:00+00:00,False,False,,2026-09-10 08:15:00+07:00,15.0,0.0,2026-09-10
1840,farm_gateway_s3:1789003800,2026-09-10T01:30:00Z,46275.354166666664,farm_gateway_s3,24.0,27.8,0,4.9,0,0,0,28.1,79.0,28.2,88.0,1005.0,0.0,0.0,0.0,0.0,0.0,1.0,25.9,34.1,33.9,15510.0,2026-09-10 01:30:00+00:00,False,False,,2026-09-10 08:30:00+07:00,15.0,0.0,2026-09-10
1841,farm_gateway_s3:1789004700,2026-09-10T01:45:00Z,46275.364583333336,farm_gateway_s3,24.0,27.8,0,4.9,0,0,0,28.2,78.0,28.6,86.0,1005.0,0.0,0.0,0.0,0.0,0.0,1.0,25.9,34.6,34.7,20020.0,2026-09-10 01:45:00+00:00,False,False,,2026-09-10 08:45:00+07:00,15.0,0.0,2026-09-10
1842,farm_gateway_s3:1789005600,2026-09-10T02:00:00Z,46275.375,farm_gateway_s3,24.0,27.8,0,4.9,0,0,0,28.3,79.0,29.6,80.0,1006.0,0.0,0.0,0.0,0.0,0.0,2.0,25.7,35.5,36.3,44660.0,2026-09-10 02:00:00+00:00,False,False,,2026-09-10 09:00:00+07:00,15.0,0.0,2026-09-10
1843,farm_gateway_s3:1789006500,2026-09-10T02:15:00Z,46275.385416666664,farm_gateway_s3,24.0,27.9,0,4.9,0,0,0,28.6,77.0,30.3,75.0,1006.0,0.0,0.0,0.0,0.0,0.0,2.0,25.3,36.1,37.1,65340.0,2026-09-10 02:15:00+00:00,False,False,,2026-09-10 09:15:00+07:00,15.0,0.0,2026-09-10
1844,farm_gateway_s3:1789007400,2026-09-10T02:30:00Z,46275.395833333336,farm_gateway_s3,24.0,27.9,0,4.9,0,0,0,28.9,76.0,31.3,73.0,1006.0,0.0,0.0,0.0,0.0,0.0,3.0,25.8,37.4,39.4,84700.0,2026-09-10 02:30:00+00:00,False,False,,2026-09-10 09:30:00+07:00,15.0,0.0,2026-09-10
1845,farm_gateway_s3:1789008300,2026-09-10T02:45:00Z,46275.40625,farm_gateway_s3,24.0,28.0,0,4.9,0,0,0,29.2,75.0,30.3,75.0,1006.0,0.0,0.0,0.0,0.0,0.0,1.0,25.3,36.1,37.1,27610.0,2026-09-10 02:45:00+00:00,False,False,,2026-09-10 09:45:00+07:00,15.0,0.0,2026-09-10
1846,farm_gateway_s3:1789009200,2026-09-10T03:00:00Z,46275.416666666664,farm_gateway_s3,23.9,28.1,0,4.9,0,0,0,29.6,74.0,30.2,78.0,1006.0,0.0,0.0,0.0,0.0,0.0,0.0,25.9,36.2,37.7,9510.0,2026-09-10 03:00:00+00:00,False,False,,2026-09-10 10:00:00+07:00,15.0,-0.10000000000000142,2026-09-10
1847,farm_gateway_s3:1789010100,2026-09-10T03:15:00Z,46275.427083333336,farm_gateway_s3,23.9,28.1,0,4.9,0,0,0,29.7,74.0,30.9,74.0,1006.0,0.0,0.0,0.0,0.0,0.0,1.0,25.6,36.9,38.6,34540.0,2026-09-10 03:15:00+00:00,False,False,,2026-09-10 10:15:00+07:00,15.0,0.0,2026-09-10
1848,farm_gateway_s3:1789011000,2026-09-10T03:30:00Z,46275.4375,farm_gateway_s3,23.9,28.1,0,4.9,0,0,0,29.9,73.0,30.5,78.0,1006.0,0.0,0.0,0.0,0.0,0.0,1.0,26.1,36.7,38.7,34980.0,2026-09-10 03:30:00+00:00,False,False,,2026-09-10 10:30:00+07:00,15.0,0.0,2026-09-10
1849,farm_gateway_s3:1789011900,2026-09-10T03:45:00Z,46275.447916666664,farm_gateway_s3,40.0,28.2,0,5.0,0,0,0,30.0,74.0,27.5,90.0,1006.0,0.0,0.0,3.8,3.8,0.2,1.0,25.6,33.3,32.3,19960.0,2026-09-10 03:45:00+00:00,False,False,,2026-09-10 10:45:00+07:00,15.0,16.1,2026-09-10
1850,farm_gateway_s3:1789012800,2026-09-10T04:00:00Z,46275.458333333336,farm_gateway_s3,42.1,28.1,0,5.0,0,0,0,29.7,75.0,27.3,92.0,1006.0,0.0,0.0,4.0,4.0,0.2,1.0,25.8,33.1,31.9,24970.0,2026-09-10 04:00:00+00:00,False,False,,2026-09-10 11:00:00+07:00,15.0,2.1000000000000014,2026-09-10
1851,farm_gateway_s3:1789013700,2026-09-10T04:15:00Z,46275.46875,farm_gateway_s3,41.2,28.1,0,5.0,0,0,0,29.6,76.0,27.8,90.0,1006.0,0.0,0.0,4.0,4.0,0.2,1.0,25.9,33.7,33.1,20790.0,2026-09-10 04:15:00+00:00,False,False,,2026-09-10 11:15:00+07:00,15.0,-0.8999999999999986,2026-09-10
1852,farm_gateway_s3:1789014600,2026-09-10T04:30:00Z,46275.479166666664,farm_gateway_s3,40.6,28.1,0,5.0,0,0,0,29.6,77.0,28.3,86.0,1006.0,0.0,0.0,4.0,4.0,0.2,2.0,25.7,34.1,33.9,58740.0,2026-09-10 04:30:00+00:00,False,False,,2026-09-10 11:30:00+07:00,15.0,-0.6000000000000014,2026-09-10
1853,farm_gateway_s3:1789015500,2026-09-10T04:45:00Z,46275.489583333336,farm_gateway_s3,40.0,28.1,0,5.0,0,0,0,29.9,76.0,30.8,78.0,1006.0,0.0,0.0,0.2,4.0,0.2,4.0,26.4,37.1,39.5,135960.0,2026-09-10 04:45:00+00:00,False,False,,2026-09-10 11:45:00+07:00,15.0,-0.6000000000000014,2026-09-10
1854,farm_gateway_s3:1789016400,2026-09-10T05:00:00Z,46275.5,farm_gateway_s3,38.7,28.2,0,5.1,0,0,0,30.2,74.0,30.9,77.0,1006.0,0.0,0.0,0.0,4.0,0.2,1.0,26.3,37.2,39.6,40150.0,2026-09-10 05:00:00+00:00,False,False,,2026-09-10 12:00:00+07:00,15.0,-1.2999999999999972,2026-09-10
1855,farm_gateway_s3:1789017300,2026-09-10T05:15:00Z,46275.510416666664,farm_gateway_s3,38.1,28.3,0,5.0,0,0,0,30.4,73.0,31.2,77.0,1006.0,0.0,0.0,0.0,4.0,0.2,2.0,26.6,37.6,40.6,42680.0,2026-09-10 05:15:00+00:00,False,False,,2026-09-10 12:15:00+07:00,15.0,-0.6000000000000014,2026-09-10
1856,farm_gateway_s3:1789018200,2026-09-10T05:30:00Z,46275.520833333336,farm_gateway_s3,37.5,28.4,0,5.0,0,0,0,30.6,73.0,30.6,80.0,1006.0,0.0,0.0,0.0,4.0,0.2,1.0,26.7,37.0,39.5,28930.0,2026-09-10 05:30:00+00:00,False,False,,2026-09-10 12:30:00+07:00,15.0,-0.6000000000000014,2026-09-10
1857,farm_gateway_s3:1789019100,2026-09-10T05:45:00Z,46275.53125,farm_gateway_s3,37.0,28.4,0,5.0,0,0,0,,,,,,,,,,,,,,,,2026-09-10 05:45:00+00:00,False,True,,2026-09-10 12:45:00+07:00,15.0,-0.5,2026-09-10
1858,farm_gateway_s3:1789020000,2026-09-10T06:00:00Z,46275.541666666664,farm_gateway_s3,36.4,28.5,0,5.0,0,0,0,30.9,71.0,31.2,72.0,1004.0,0.0,0.0,0.0,4.0,0.2,2.0,25.5,37.2,38.8,48400.0,2026-09-10 06:00:00+00:00,False,False,,2026-09-10 13:00:00+07:00,15.0,-0.6000000000000014,2026-09-10
1859,farm_gateway_s3:1789020900,2026-09-10T06:15:00Z,46275.552083333336,farm_gateway_s3,36.1,28.6,0,5.1,0,0,0,31.1,70.0,32.0,71.0,1004.0,0.0,0.0,0.0,4.0,0.2,2.0,26.0,38.2,40.8,44000.0,2026-09-10 06:15:00+00:00,False,False,,2026-09-10 13:15:00+07:00,15.0,-0.29999999999999716,2026-09-10
1860,farm_gateway_s3:1789021800,2026-09-10T06:30:00Z,46275.5625,farm_gateway_s3,35.6,28.6,0,5.1,0,0,0,31.3,70.0,30.8,72.0,1004.0,0.0,0.0,0.0,4.0,0.2,1.0,25.1,36.6,37.7,22330.0,2026-09-10 06:30:00+00:00,False,False,,2026-09-10 13:30:00+07:00,15.0,-0.5,2026-09-10
1861,farm_gateway_s3:1789022700,2026-09-10T06:45:00Z,46275.572916666664,farm_gateway_s3,34.9,28.7,0,5.1,0,0,0,31.3,68.0,30.3,73.0,1004.0,0.0,0.0,0.0,4.0,0.2,1.0,24.8,36.0,36.6,15950.0,2026-09-10 06:45:00+00:00,False,False,,2026-09-10 13:45:00+07:00,15.0,-0.7000000000000028,2026-09-10
1862,farm_gateway_s3:1789023600,2026-09-10T07:00:00Z,46275.583333333336,farm_gateway_s3,34.6,28.7,0,5.1,0,0,0,31.3,68.0,30.6,75.0,1004.0,0.0,0.0,0.0,4.0,0.2,1.0,25.6,36.6,38.0,30910.0,2026-09-10 07:00:00+00:00,False,False,,2026-09-10 14:00:00+07:00,15.0,-0.29999999999999716,2026-09-10
1863,farm_gateway_s3:1789024500,2026-09-10T07:15:00Z,46275.59375,farm_gateway_s3,34.2,28.7,0,5.1,0,0,0,31.3,68.0,29.8,78.0,1004.0,0.0,0.0,0.0,4.0,0.2,1.0,25.5,35.7,36.6,38500.0,2026-09-10 07:15:00+00:00,False,False,,2026-09-10 14:15:00+07:00,15.0,-0.3999999999999986,2026-09-10
1864,farm_gateway_s3:1789025400,2026-09-10T07:30:00Z,46275.604166666664,farm_gateway_s3,33.8,28.6,0,5.1,0,0,0,31.2,67.0,30.1,77.0,1004.0,0.0,0.0,0.0,4.0,0.2,2.0,25.5,36.0,37.1,46420.0,2026-09-10 07:30:00+00:00,False,False,,2026-09-10 14:30:00+07:00,15.0,-0.4000000000000057,2026-09-10
1865,farm_gateway_s3:1789026300,2026-09-10T07:45:00Z,46275.614583333336,farm_gateway_s3,33.5,28.7,0,5.0,0,0,0,31.3,67.0,30.7,73.0,1004.0,0.0,0.0,0.0,4.0,0.2,2.0,25.2,36.5,37.6,49500.0,2026-09-10 07:45:00+00:00,False,False,,2026-09-10 14:45:00+07:00,15.0,-0.29999999999999716,2026-09-10
1866,farm_gateway_s3:1789027200,2026-09-10T08:00:00Z,46275.625,farm_gateway_s3,33.1,28.7,0,5.0,0,0,0,,,,,,,,,,,,,,,,2026-09-10 08:00:00+00:00,False,True,,2026-09-10 15:00:00+07:00,15.0,-0.3999999999999986,2026-09-10
1867,farm_gateway_s3:1789028100,2026-09-10T08:15:00Z,46275.635416666664,farm_gateway_s3,32.7,28.7,0,5.0,0,0,0,31.4,67.0,29.3,79.0,1003.0,0.0,0.0,0.0,4.0,0.2,0.0,25.2,35.0,35.3,8820.0,2026-09-10 08:15:00+00:00,False,False,,2026-09-10 15:15:00+07:00,15.0,-0.3999999999999986,2026-09-10
1868,farm_gateway_s3:1789029000,2026-09-10T08:30:00Z,46275.645833333336,farm_gateway_s3,32.4,28.7,0,5.0,0,0,0,31.3,67.0,29.0,79.0,1003.0,0.0,0.0,0.0,4.0,0.2,1.0,24.9,34.6,34.7,22440.0,2026-09-10 08:30:00+00:00,False,False,,2026-09-10 15:30:00+07:00,15.0,-0.30000000000000426,2026-09-10
1869,farm_gateway_s3:1789029900,2026-09-10T08:45:00Z,46275.65625,farm_gateway_s3,32.3,28.7,0,5.0,0,0,0,31.2,68.0,30.7,75.0,1003.0,0.0,0.0,0.0,4.0,0.2,2.0,25.7,36.7,38.2,59840.0,2026-09-10 08:45:00+00:00,False,False,,2026-09-10 15:45:00+07:00,15.0,-0.10000000000000142,2026-09-10
1870,farm_gateway_s3:1789030800,2026-09-10T09:00:00Z,46275.666666666664,farm_gateway_s3,31.6,28.7,0,5.0,0,0,0,31.2,68.0,28.5,81.0,1002.0,0.0,0.0,0.0,4.0,0.2,0.0,24.8,34.0,33.7,4230.0,2026-09-10 09:00:00+00:00,False,False,,2026-09-10 16:00:00+07:00,15.0,-0.6999999999999957,2026-09-10
1871,farm_gateway_s3:1789031700,2026-09-10T09:15:00Z,46275.677083333336,farm_gateway_s3,31.6,28.7,0,5.0,0,0,0,30.8,70.0,26.3,92.0,1002.0,0.0,0.0,1.4,5.5,0.2,0.0,24.8,31.7,26.3,9150.0,2026-09-10 09:15:00+00:00,False,False,,2026-09-10 16:15:00+07:00,15.0,0.0,2026-09-10
1872,farm_gateway_s3:1789032600,2026-09-10T09:30:00Z,46275.6875,farm_gateway_s3,33.8,28.6,0,5.0,0,0,0,30.4,71.0,26.1,93.0,1002.0,0.0,0.0,1.7,5.7,0.2,0.0,24.8,31.4,26.1,11600.0,2026-09-10 09:30:00+00:00,False,False,,2026-09-10 16:30:00+07:00,15.0,2.1999999999999957,2026-09-10
1873,farm_gateway_s3:1789033500,2026-09-10T09:45:00Z,46275.697916666664,farm_gateway_s3,34.9,28.6,0,5.0,0,0,0,30.2,72.0,27.3,89.0,1002.0,0.0,0.0,1.7,5.7,0.2,1.0,25.3,32.9,31.7,20070.0,2026-09-10 09:45:00+00:00,False,False,,2026-09-10 16:45:00+07:00,15.0,1.1000000000000014,2026-09-10
1874,farm_gateway_s3:1789034400,2026-09-10T10:00:00Z,46275.708333333336,farm_gateway_s3,35.2,28.5,0,5.0,0,0,0,29.5,74.0,26.4,92.0,1003.0,0.0,0.0,1.7,5.7,0.2,0.0,24.9,31.8,26.4,4890.0,2026-09-10 10:00:00+00:00,False,False,,2026-09-10 17:00:00+07:00,15.0,0.30000000000000426,2026-09-10
1875,farm_gateway_s3:1789035300,2026-09-10T10:15:00Z,46275.71875,farm_gateway_s3,35.2,28.5,0,4.9,0,0,0,29.7,73.0,26.3,93.0,1003.0,0.0,0.0,0.2,5.7,0.2,0.0,25.0,31.7,26.3,3720.0,2026-09-10 10:15:00+00:00,False,False,,2026-09-10 17:15:00+07:00,15.0,0.0,2026-09-10
1876,farm_gateway_s3:1789036200,2026-09-10T10:30:00Z,46275.729166666664,farm_gateway_s3,35.3,28.4,0,4.9,0,0,0,29.6,73.0,26.2,94.0,1003.0,0.0,0.0,1.2,7.0,0.2,0.0,25.1,31.7,26.2,3050.0,2026-09-10 10:30:00+00:00,False,False,,2026-09-10 17:30:00+07:00,15.0,0.09999999999999432,2026-09-10
1877,farm_gateway_s3:1789037100,2026-09-10T10:45:00Z,46275.739583333336,farm_gateway_s3,38.1,28.4,0,4.8,0,0,0,29.6,74.0,26.2,94.0,1003.0,0.0,0.0,1.7,7.4,0.4,0.0,25.1,31.7,26.2,4040.0,2026-09-10 10:45:00+00:00,False,False,,2026-09-10 17:45:00+07:00,15.0,2.8000000000000043,2026-09-10
1878,farm_gateway_s3:1789038000,2026-09-10T11:00:00Z,46275.75,farm_gateway_s3,39.2,28.3,0,4.7,0,0,0,29.5,75.0,26.3,95.0,1003.0,0.0,0.0,1.7,7.4,0.2,0.0,25.4,31.9,26.3,3390.0,2026-09-10 11:00:00+00:00,False,False,,2026-09-10 18:00:00+07:00,15.0,1.1000000000000014,2026-09-10
1879,farm_gateway_s3:1789038900,2026-09-10T11:15:00Z,46275.760416666664,farm_gateway_s3,39.2,28.3,0,4.7,0,0,0,29.4,75.0,26.1,95.0,1003.0,0.0,0.0,1.7,7.4,0.2,0.0,25.2,31.6,26.1,1630.0,2026-09-10 11:15:00+00:00,False,False,,2026-09-10 18:15:00+07:00,15.0,0.0,2026-09-10
1880,farm_gateway_s3:1789039800,2026-09-10T11:30:00Z,46275.770833333336,farm_gateway_s3,38.7,28.3,0,4.7,0,0,0,29.2,75.0,25.7,95.0,1003.0,0.0,0.0,0.2,7.4,0.2,0.0,24.8,31.0,25.7,100.0,2026-09-10 11:30:00+00:00,False,False,,2026-09-10 18:30:00+07:00,15.0,-0.5,2026-09-10
1881,farm_gateway_s3:1789040700,2026-09-10T11:45:00Z,46275.78125,farm_gateway_s3,38.5,28.2,0,4.6,0,0,0,29.1,75.0,25.6,96.0,1003.0,0.0,0.0,0.0,7.4,0.2,0.0,24.8,30.9,25.6,0.0,2026-09-10 11:45:00+00:00,False,False,,2026-09-10 18:45:00+07:00,15.0,-0.20000000000000284,2026-09-10
1882,farm_gateway_s3:1789041600,2026-09-10T12:00:00Z,46275.791666666664,farm_gateway_s3,38.3,28.2,0,4.6,0,0,0,29.0,75.0,25.5,96.0,1004.0,0.0,0.0,0.0,7.4,0.2,0.0,24.7,30.8,25.5,0.0,2026-09-10 12:00:00+00:00,False,False,,2026-09-10 19:00:00+07:00,15.0,-0.20000000000000284,2026-09-10
1883,farm_gateway_s3:1789042500,2026-09-10T12:15:00Z,46275.802083333336,farm_gateway_s3,37.9,28.2,0,4.5,0,0,0,28.9,75.0,25.4,95.0,1004.0,0.0,0.0,0.0,7.4,0.2,0.0,24.5,30.6,25.4,0.0,2026-09-10 12:15:00+00:00,False,False,,2026-09-10 19:15:00+07:00,15.0,-0.3999999999999986,2026-09-10
1884,farm_gateway_s3:1789043400,2026-09-10T12:30:00Z,46275.8125,farm_gateway_s3,37.6,28.1,0,4.5,0,0,0,29.0,75.0,25.3,95.0,1004.0,0.0,0.0,0.0,7.4,0.2,0.0,24.4,30.4,25.3,0.0,2026-09-10 12:30:00+00:00,False,False,,2026-09-10 19:30:00+07:00,15.0,-0.29999999999999716,2026-09-10
1885,farm_gateway_s3:1789044300,2026-09-10T12:45:00Z,46275.822916666664,farm_gateway_s3,37.2,28.1,0,4.5,0,0,0,28.9,75.0,25.2,96.0,1004.0,0.0,0.0,0.0,7.4,0.2,0.0,24.4,30.4,25.2,0.0,2026-09-10 12:45:00+00:00,False,False,,2026-09-10 19:45:00+07:00,15.0,-0.3999999999999986,2026-09-10
1886,farm_gateway_s3:1789045200,2026-09-10T13:00:00Z,46275.833333333336,farm_gateway_s3,37.1,28.1,0,4.5,0,0,0,28.8,75.0,25.2,95.0,1004.0,0.0,0.0,0.0,7.4,0.2,0.0,24.3,30.3,25.2,0.0,2026-09-10 13:00:00+00:00,False,False,,2026-09-10 20:00:00+07:00,15.0,-0.10000000000000142,2026-09-10
1887,farm_gateway_s3:1789046100,2026-09-10T13:15:00Z,46275.84375,farm_gateway_s3,36.8,28.0,0,4.5,0,0,0,28.7,75.0,25.1,96.0,1004.0,0.0,0.0,0.0,7.4,0.2,0.0,24.3,30.2,25.1,0.0,2026-09-10 13:15:00+00:00,False,False,,2026-09-10 20:15:00+07:00,15.0,-0.30000000000000426,2026-09-10
1888,farm_gateway_s3:1789047000,2026-09-10T13:30:00Z,46275.854166666664,farm_gateway_s3,36.7,28.0,0,4.4,0,0,0,28.6,75.0,25.0,95.0,1004.0,0.0,0.0,0.0,7.4,0.2,0.0,24.1,30.0,25.0,0.0,2026-09-10 13:30:00+00:00,False,False,,2026-09-10 20:30:00+07:00,15.0,-0.09999999999999432,2026-09-10
1889,farm_gateway_s3:1789047900,2026-09-10T13:45:00Z,46275.864583333336,farm_gateway_s3,36.4,28.0,0,4.4,0,0,0,28.6,75.0,25.0,96.0,1004.0,0.0,0.0,0.0,7.4,0.2,0.0,24.2,30.1,25.0,0.0,2026-09-10 13:45:00+00:00,False,False,,2026-09-10 20:45:00+07:00,15.0,-0.30000000000000426,2026-09-10
1890,farm_gateway_s3:1789048800,2026-09-10T14:00:00Z,46275.875,farm_gateway_s3,36.1,28.0,0,4.4,0,0,0,28.5,76.0,24.9,97.0,1005.0,0.0,0.0,0.0,7.4,0.2,0.0,24.3,30.0,24.9,0.0,2026-09-10 14:00:00+00:00,False,False,,2026-09-10 21:00:00+07:00,15.0,-0.29999999999999716,2026-09-10
1891,farm_gateway_s3:1789049700,2026-09-10T14:15:00Z,46275.885416666664,farm_gateway_s3,36.0,27.9,0,4.4,0,0,0,,,,,,,,,,,,,,,,2026-09-10 14:15:00+00:00,False,True,,2026-09-10 21:15:00+07:00,15.0,-0.10000000000000142,2026-09-10
1892,farm_gateway_s3:1789050600,2026-09-10T14:30:00Z,46275.895833333336,farm_gateway_s3,35.7,27.9,0,4.4,0,0,0,28.3,76.0,24.9,97.0,1005.0,0.0,0.0,0.0,7.4,0.2,0.0,24.3,30.0,24.9,0.0,2026-09-10 14:30:00+00:00,False,False,,2026-09-10 21:30:00+07:00,15.0,-0.29999999999999716,2026-09-10
1893,farm_gateway_s3:1789051500,2026-09-10T14:45:00Z,46275.90625,farm_gateway_s3,35.6,27.9,0,4.3,0,0,0,28.3,77.0,24.9,97.0,1005.0,0.0,0.0,0.0,7.4,0.2,0.0,24.3,30.0,24.9,0.0,2026-09-10 14:45:00+00:00,False,False,,2026-09-10 21:45:00+07:00,15.0,-0.10000000000000142,2026-09-10
1894,farm_gateway_s3:1789052400,2026-09-10T15:00:00Z,46275.916666666664,farm_gateway_s3,35.4,27.9,0,4.3,0,0,0,28.2,77.0,24.8,97.0,1006.0,0.0,0.0,0.0,7.4,0.2,0.0,24.2,29.8,24.8,0.0,2026-09-10 15:00:00+00:00,False,False,,2026-09-10 22:00:00+07:00,15.0,-0.20000000000000284,2026-09-10
1895,farm_gateway_s3:1789053300,2026-09-10T15:15:00Z,46275.927083333336,farm_gateway_s3,35.0,27.8,0,4.4,0,0,0,28.1,76.0,24.8,97.0,1006.0,0.0,0.0,0.0,7.4,0.2,0.0,24.2,29.8,24.8,0.0,2026-09-10 15:15:00+00:00,False,False,,2026-09-10 22:15:00+07:00,15.0,-0.3999999999999986,2026-09-10
1896,farm_gateway_s3:1789054200,2026-09-10T15:30:00Z,46275.9375,farm_gateway_s3,34.9,27.8,0,4.3,0,0,0,28.1,77.0,24.8,97.0,1006.0,0.0,0.0,0.0,7.4,0.2,0.0,24.2,29.8,24.8,0.0,2026-09-10 15:30:00+00:00,False,False,,2026-09-10 22:30:00+07:00,15.0,-0.10000000000000142,2026-09-10
1897,farm_gateway_s3:1789055100,2026-09-10T15:45:00Z,46275.947916666664,farm_gateway_s3,34.8,27.8,0,4.3,0,0,0,28.1,77.0,24.8,97.0,1006.0,0.0,0.0,0.0,7.4,0.2,0.0,24.2,29.8,24.8,0.0,2026-09-10 15:45:00+00:00,False,False,,2026-09-10 22:45:00+07:00,15.0,-0.10000000000000142,2026-09-10
1898,farm_gateway_s3:1789085700,2026-09-11T00:15:00Z,46276.302083333336,farm_gateway_s3,41.7,27.1,0,4.6,0,0,0,26.6,79.0,24.0,97.0,1005.0,0.0,0.0,0.0,8.7,1.0,0.0,23.4,28.7,24.0,5500.0,2026-09-11 00:15:00+00:00,False,False,,2026-09-11 07:15:00+07:00,510.0,,2026-09-11
1899,farm_gateway_s3:1789086600,2026-09-11T00:30:00Z,46276.3125,farm_gateway_s3,41.4,27.1,0,4.6,0,0,0,26.6,79.0,24.3,96.0,1005.0,0.0,0.0,0.0,8.7,1.0,0.0,23.5,29.1,24.3,9350.0,2026-09-11 00:30:00+00:00,False,False,,2026-09-11 07:30:00+07:00,15.0,-0.30000000000000426,2026-09-11
1900,farm_gateway_s3:1789087500,2026-09-11T00:45:00Z,46276.322916666664,farm_gateway_s3,41.1,27.1,0,4.6,0,0,0,26.7,79.0,24.8,95.0,1005.0,0.0,0.0,0.0,8.7,1.0,1.0,23.9,29.7,24.8,15890.0,2026-09-11 00:45:00+00:00,False,False,,2026-09-11 07:45:00+07:00,15.0,-0.29999999999999716,2026-09-11
1901,farm_gateway_s3:1789088400,2026-09-11T01:00:00Z,46276.333333333336,farm_gateway_s3,40.8,27.1,0,4.6,0,0,0,26.7,79.0,25.4,92.0,1006.0,0.0,0.0,0.0,8.7,1.0,1.0,23.9,30.4,25.4,19190.0,2026-09-11 01:00:00+00:00,False,False,,2026-09-11 08:00:00+07:00,15.0,-0.30000000000000426,2026-09-11
1902,farm_gateway_s3:1789089300,2026-09-11T01:15:00Z,46276.34375,farm_gateway_s3,40.6,27.1,0,4.6,0,0,0,26.8,80.0,26.0,91.0,1006.0,0.0,0.0,0.0,8.7,1.0,1.0,24.3,31.2,26.0,16550.0,2026-09-11 01:15:00+00:00,False,False,,2026-09-11 08:15:00+07:00,15.0,-0.19999999999999574,2026-09-11
1903,farm_gateway_s3:1789090200,2026-09-11T01:30:00Z,46276.354166666664,farm_gateway_s3,40.4,27.1,0,4.5,0,0,0,26.9,80.0,26.3,90.0,1006.0,0.0,0.0,0.0,8.7,1.0,1.0,24.5,31.5,26.3,16830.0,2026-09-11 01:30:00+00:00,False,False,,2026-09-11 08:30:00+07:00,15.0,-0.20000000000000284,2026-09-11
1904,farm_gateway_s3:1789091100,2026-09-11T01:45:00Z,46276.364583333336,farm_gateway_s3,40.0,27.2,0,4.5,0,0,0,27.1,80.0,26.7,92.0,1006.0,0.0,0.0,0.0,8.7,1.0,1.0,25.2,32.2,30.1,20400.0,2026-09-11 01:45:00+00:00,False,False,,2026-09-11 08:45:00+07:00,15.0,-0.3999999999999986,2026-09-11
1905,farm_gateway_s3:1789092000,2026-09-11T02:00:00Z,46276.375,farm_gateway_s3,39.8,27.2,0,4.5,0,0,0,27.1,81.0,26.8,92.0,1007.0,0.0,0.0,0.0,8.7,0.8,1.0,25.3,32.4,30.3,16390.0,2026-09-11 02:00:00+00:00,False,False,,2026-09-11 09:00:00+07:00,15.0,-0.20000000000000284,2026-09-11
1906,farm_gateway_s3:1789092900,2026-09-11T02:15:00Z,46276.385416666664,farm_gateway_s3,39.5,27.2,0,4.5,0,0,0,27.2,80.0,27.0,90.0,1007.0,0.0,0.0,0.0,8.7,0.8,1.0,25.1,32.5,30.8,19580.0,2026-09-11 02:15:00+00:00,False,False,,2026-09-11 09:15:00+07:00,15.0,-0.29999999999999716,2026-09-11
1907,farm_gateway_s3:1789093800,2026-09-11T02:30:00Z,46276.395833333336,farm_gateway_s3,39.3,27.3,0,4.5,0,0,0,27.4,80.0,27.0,90.0,1007.0,0.0,0.0,0.0,8.7,0.8,1.0,25.1,32.5,30.8,17270.0,2026-09-11 02:30:00+00:00,False,False,,2026-09-11 09:30:00+07:00,15.0,-0.20000000000000284,2026-09-11
1908,farm_gateway_s3:1789094700,2026-09-11T02:45:00Z,46276.40625,farm_gateway_s3,39.0,27.3,0,4.5,0,0,0,27.4,81.0,26.9,92.0,1007.0,0.0,0.0,0.0,8.7,0.8,1.0,25.4,32.5,30.8,16110.0,2026-09-11 02:45:00+00:00,False,False,,2026-09-11 09:45:00+07:00,15.0,-0.29999999999999716,2026-09-11
1909,farm_gateway_s3:1789095600,2026-09-11T03:00:00Z,46276.416666666664,farm_gateway_s3,38.5,27.4,0,4.5,0,0,0,27.6,80.0,26.9,89.0,1007.0,0.0,0.0,0.0,8.7,0.8,1.0,24.9,32.3,30.3,15450.0,2026-09-11 03:00:00+00:00,False,False,,2026-09-11 10:00:00+07:00,15.0,-0.5,2026-09-11
1910,farm_gateway_s3:1789096500,2026-09-11T03:15:00Z,46276.427083333336,farm_gateway_s3,38.3,27.4,0,4.5,0,0,0,27.6,80.0,27.1,91.0,1007.0,0.0,0.0,0.0,8.7,0.8,1.0,25.4,32.8,31.2,17430.0,2026-09-11 03:15:00+00:00,False,False,,2026-09-11 10:15:00+07:00,15.0,-0.20000000000000284,2026-09-11
1911,farm_gateway_s3:1789097400,2026-09-11T03:30:00Z,46276.4375,farm_gateway_s3,38.1,27.4,0,4.5,0,0,0,27.6,80.0,27.2,91.0,1007.0,0.0,0.0,0.2,8.9,0.8,1.0,25.5,32.9,31.4,21120.0,2026-09-11 03:30:00+00:00,False,False,,2026-09-11 10:30:00+07:00,15.0,-0.19999999999999574,2026-09-11
1912,farm_gateway_s3:1789098300,2026-09-11T03:45:00Z,46276.447916666664,farm_gateway_s3,37.8,27.5,0,4.5,0,0,0,27.7,79.0,27.3,89.0,1007.0,0.0,0.0,0.2,8.9,0.8,1.0,25.3,32.9,31.7,28380.0,2026-09-11 03:45:00+00:00,False,False,,2026-09-11 10:45:00+07:00,15.0,-0.30000000000000426,2026-09-11
1913,farm_gateway_s3:1789099200,2026-09-11T04:00:00Z,46276.458333333336,farm_gateway_s3,37.6,27.5,0,4.4,0,0,0,27.7,80.0,27.9,89.0,1007.0,0.0,0.0,0.2,8.9,0.6,1.0,25.8,33.8,33.3,39710.0,2026-09-11 04:00:00+00:00,False,False,,2026-09-11 11:00:00+07:00,15.0,-0.19999999999999574,2026-09-11
1914,farm_gateway_s3:1789100100,2026-09-11T04:15:00Z,46276.46875,farm_gateway_s3,37.5,27.6,0,4.4,0,0,0,28.0,80.0,28.6,84.0,1007.0,0.0,0.0,0.2,8.9,0.6,2.0,25.6,34.4,34.5,40920.0,2026-09-11 04:15:00+00:00,False,False,,2026-09-11 11:15:00+07:00,15.0,-0.10000000000000142,2026-09-11
1915,farm_gateway_s3:1789101000,2026-09-11T04:30:00Z,46276.479166666664,farm_gateway_s3,37.2,27.6,0,4.4,0,0,0,28.1,79.0,29.1,80.0,1007.0,0.0,0.0,0.0,8.9,0.6,1.0,25.2,34.8,35.0,39270.0,2026-09-11 04:30:00+00:00,False,False,,2026-09-11 11:30:00+07:00,15.0,-0.29999999999999716,2026-09-11
1916,farm_gateway_s3:1789101900,2026-09-11T04:45:00Z,46276.489583333336,farm_gateway_s3,37.1,27.6,0,4.4,0,0,0,28.3,77.0,29.5,80.0,1007.0,0.0,0.0,0.0,8.9,0.6,2.0,25.6,35.4,36.3,43670.0,2026-09-11 04:45:00+00:00,False,False,,2026-09-11 11:45:00+07:00,15.0,-0.10000000000000142,2026-09-11
1917,farm_gateway_s3:1789102800,2026-09-11T05:00:00Z,46276.5,farm_gateway_s3,36.8,27.7,0,4.4,0,0,0,28.6,76.0,29.8,75.0,1007.0,0.0,0.0,0.0,8.9,0.6,2.0,24.8,35.4,35.8,45980.0,2026-09-11 05:00:00+00:00,False,False,,2026-09-11 12:00:00+07:00,15.0,-0.30000000000000426,2026-09-11
1918,farm_gateway_s3:1789103700,2026-09-11T05:15:00Z,46276.510416666664,farm_gateway_s3,36.5,27.8,0,4.4,0,0,0,28.7,76.0,30.3,74.0,1007.0,0.0,0.0,0.0,8.9,0.6,2.0,25.1,36.0,36.8,52360.0,2026-09-11 05:15:00+00:00,False,False,,2026-09-11 12:15:00+07:00,15.0,-0.29999999999999716,2026-09-11
1919,farm_gateway_s3:1789104600,2026-09-11T05:30:00Z,46276.520833333336,farm_gateway_s3,36.3,27.8,0,4.4,0,0,0,28.9,75.0,31.1,72.0,1007.0,0.0,0.0,0.0,8.9,0.6,2.0,25.4,37.0,38.5,70400.0,2026-09-11 05:30:00+00:00,False,False,,2026-09-11 12:30:00+07:00,15.0,-0.20000000000000284,2026-09-11
1920,farm_gateway_s3:1789105500,2026-09-11T05:45:00Z,46276.53125,farm_gateway_s3,36.1,27.9,0,4.4,0,0,0,29.0,75.0,31.4,71.0,1007.0,0.0,0.0,0.0,8.9,0.6,3.0,25.4,37.4,39.0,83600.0,2026-09-11 05:45:00+00:00,False,False,,2026-09-11 12:45:00+07:00,15.0,-0.19999999999999574,2026-09-11
1921,farm_gateway_s3:1789106400,2026-09-11T06:00:00Z,46276.541666666664,farm_gateway_s3,35.9,27.9,0,4.4,0,0,0,29.4,73.0,31.2,70.0,1005.0,0.0,0.0,0.0,8.9,0.6,2.0,25.0,37.0,38.2,49280.0,2026-09-11 06:00:00+00:00,False,False,,2026-09-11 13:00:00+07:00,15.0,-0.20000000000000284,2026-09-11
1922,farm_gateway_s3:1789107300,2026-09-11T06:15:00Z,46276.552083333336,farm_gateway_s3,35.7,28.0,0,4.4,0,0,0,29.6,72.0,31.8,71.0,1005.0,0.0,0.0,0.0,8.9,0.6,2.0,25.8,37.9,40.1,59620.0,2026-09-11 06:15:00+00:00,False,False,,2026-09-11 13:15:00+07:00,15.0,-0.19999999999999574,2026-09-11
1923,farm_gateway_s3:1789108200,2026-09-11T06:30:00Z,46276.5625,farm_gateway_s3,35.4,28.1,0,4.4,0,0,0,29.9,71.0,31.5,68.0,1005.0,0.0,0.0,0.0,8.9,0.6,2.0,24.8,37.2,38.3,57420.0,2026-09-11 06:30:00+00:00,False,False,,2026-09-11 13:30:00+07:00,15.0,-0.30000000000000426,2026-09-11
1924,farm_gateway_s3:1789109100,2026-09-11T06:45:00Z,46276.572916666664,farm_gateway_s3,35.2,28.1,0,4.4,0,0,0,30.1,72.0,31.7,68.0,1005.0,0.0,0.0,0.0,8.9,0.6,1.0,25.0,37.5,38.8,40590.0,2026-09-11 06:45:00+00:00,False,False,,2026-09-11 13:45:00+07:00,15.0,-0.19999999999999574,2026-09-11
1925,farm_gateway_s3:1789110000,2026-09-11T07:00:00Z,46276.583333333336,farm_gateway_s3,34.9,28.1,0,4.4,0,0,0,30.4,71.0,31.8,69.0,1004.0,0.0,0.0,0.0,8.9,0.6,2.0,25.3,37.7,39.5,46860.0,2026-09-11 07:00:00+00:00,False,False,,2026-09-11 14:00:00+07:00,15.0,-0.30000000000000426,2026-09-11
1926,farm_gateway_s3:1789110900,2026-09-11T07:15:00Z,46276.59375,farm_gateway_s3,34.8,28.2,0,4.4,0,0,0,30.6,70.0,31.5,70.0,1004.0,0.0,0.0,0.0,8.9,0.6,1.0,25.3,37.4,39.0,39050.0,2026-09-11 07:15:00+00:00,False,False,,2026-09-11 14:15:00+07:00,15.0,-0.10000000000000142,2026-09-11
1927,farm_gateway_s3:1789111800,2026-09-11T07:30:00Z,46276.604166666664,farm_gateway_s3,34.5,28.2,0,4.4,0,0,0,30.8,69.0,31.7,68.0,1004.0,0.0,0.0,0.0,8.9,0.6,2.0,25.0,37.5,38.8,52140.0,2026-09-11 07:30:00+00:00,False,False,,2026-09-11 14:30:00+07:00,15.0,-0.29999999999999716,2026-09-11
1928,farm_gateway_s3:1789112700,2026-09-11T07:45:00Z,46276.614583333336,farm_gateway_s3,34.3,28.3,0,4.4,0,0,0,30.9,68.0,31.8,71.0,1004.0,0.0,0.0,0.0,8.9,0.6,1.0,25.8,37.9,40.1,33110.0,2026-09-11 07:45:00+00:00,False,False,,2026-09-11 14:45:00+07:00,15.0,-0.20000000000000284,2026-09-11
1929,farm_gateway_s3:1789113600,2026-09-11T08:00:00Z,46276.625,farm_gateway_s3,34.1,28.3,0,5.3,0,0,0,31.0,69.0,31.8,70.0,1003.0,0.0,0.0,0.0,8.9,0.4,1.0,25.6,37.8,39.9,35860.0,2026-09-11 08:00:00+00:00,False,False,,2026-09-11 15:00:00+07:00,15.0,-0.19999999999999574,2026-09-11
1930,farm_gateway_s3:1789114500,2026-09-11T08:15:00Z,46276.635416666664,farm_gateway_s3,33.9,28.3,0,5.3,0,0,0,31.0,68.0,31.3,72.0,1003.0,0.0,0.0,0.0,8.9,0.4,1.0,25.6,37.3,39.0,39270.0,2026-09-11 08:15:00+00:00,False,False,,2026-09-11 15:15:00+07:00,15.0,-0.20000000000000284,2026-09-11
1931,farm_gateway_s3:1789115400,2026-09-11T08:30:00Z,46276.645833333336,farm_gateway_s3,33.8,28.4,0,5.3,0,0,0,31.1,68.0,31.7,69.0,1003.0,0.0,0.0,0.0,8.9,0.4,1.0,25.2,37.6,39.3,32120.0,2026-09-11 08:30:00+00:00,False,False,,2026-09-11 15:30:00+07:00,15.0,-0.10000000000000142,2026-09-11
1932,farm_gateway_s3:1789116300,2026-09-11T08:45:00Z,46276.65625,farm_gateway_s3,33.7,28.4,0,4.3,0,0,0,31.3,68.0,31.7,70.0,1003.0,0.0,0.0,0.0,8.9,0.4,1.0,25.5,37.7,39.4,29810.0,2026-09-11 08:45:00+00:00,False,False,,2026-09-11 15:45:00+07:00,15.0,-0.09999999999999432,2026-09-11
1933,farm_gateway_s3:1789117200,2026-09-11T09:00:00Z,46276.666666666664,farm_gateway_s3,33.4,28.4,0,4.3,0,0,0,31.0,68.0,29.8,76.0,1003.0,0.2,0.0,0.0,8.9,0.4,2.0,25.0,35.5,36.0,47740.0,2026-09-11 09:00:00+00:00,False,False,,2026-09-11 16:00:00+07:00,15.0,-0.30000000000000426,2026-09-11
1934,farm_gateway_s3:1789118100,2026-09-11T09:15:00Z,46276.677083333336,farm_gateway_s3,33.2,28.4,0,4.3,0,0,0,31.0,67.0,29.6,74.0,1003.0,0.0,9.3,0.0,8.9,0.4,1.0,24.4,35.0,34.9,39160.0,2026-09-11 09:15:00+00:00,False,False,,2026-09-11 16:15:00+07:00,15.0,-0.19999999999999574,2026-09-11
1935,farm_gateway_s3:1789119000,2026-09-11T09:30:00Z,46276.6875,farm_gateway_s3,33.1,28.4,0,4.3,0,0,0,30.9,67.0,29.8,76.0,1003.0,0.0,0.0,0.0,8.9,0.4,1.0,25.0,35.5,36.0,16940.0,2026-09-11 09:30:00+00:00,False,False,,2026-09-11 16:30:00+07:00,15.0,-0.10000000000000142,2026-09-11
1936,farm_gateway_s3:1789119900,2026-09-11T09:45:00Z,46276.697916666664,farm_gateway_s3,32.8,28.5,0,4.3,0,0,0,30.8,67.0,29.4,76.0,1003.0,0.0,0.0,0.0,8.9,0.4,0.0,24.6,34.9,34.8,11770.0,2026-09-11 09:45:00+00:00,False,False,,2026-09-11 16:45:00+07:00,15.0,-0.30000000000000426,2026-09-11
1937,farm_gateway_s3:1789120800,2026-09-11T10:00:00Z,46276.708333333336,farm_gateway_s3,32.7,28.4,0,4.3,0,0,0,30.5,67.0,29.2,76.0,1003.0,0.0,0.0,0.0,8.9,0.4,0.0,24.5,34.6,34.5,7640.0,2026-09-11 10:00:00+00:00,False,False,,2026-09-11 17:00:00+07:00,15.0,-0.09999999999999432,2026-09-11
1938,farm_gateway_s3:1789121700,2026-09-11T10:15:00Z,46276.71875,farm_gateway_s3,32.6,28.4,0,4.3,0,0,0,30.3,70.0,28.8,81.0,1003.0,0.0,0.0,0.0,8.9,0.4,0.0,25.1,34.5,34.3,4640.0,2026-09-11 10:15:00+00:00,False,False,,2026-09-11 17:15:00+07:00,15.0,-0.10000000000000142,2026-09-11
1939,farm_gateway_s3:1789122600,2026-09-11T10:30:00Z,46276.729166666664,farm_gateway_s3,32.3,28.4,0,4.3,0,0,0,30.4,70.0,28.0,83.0,1003.0,0.0,0.0,0.0,8.9,0.4,0.0,24.8,33.5,32.6,1140.0,2026-09-11 10:30:00+00:00,False,False,,2026-09-11 17:30:00+07:00,15.0,-0.30000000000000426,2026-09-11
1940,farm_gateway_s3:1789123500,2026-09-11T10:45:00Z,46276.739583333336,farm_gateway_s3,32.1,28.4,0,4.3,0,0,0,30.1,68.0,26.3,87.0,1003.0,0.0,0.0,0.2,9.2,0.4,0.0,23.9,31.3,26.3,600.0,2026-09-11 10:45:00+00:00,False,False,,2026-09-11 17:45:00+07:00,15.0,-0.19999999999999574,2026-09-11
1941,farm_gateway_s3:1789124400,2026-09-11T11:00:00Z,46276.75,farm_gateway_s3,33.8,28.3,0,4.3,0,0,0,29.7,70.0,24.9,95.0,1004.0,0.0,0.0,2.5,11.5,0.6,0.0,24.0,29.9,24.9,520.0,2026-09-11 11:00:00+00:00,False,False,,2026-09-11 18:00:00+07:00,15.0,1.6999999999999957,2026-09-11
1942,farm_gateway_s3:1789125300,2026-09-11T11:15:00Z,46276.760416666664,farm_gateway_s3,37.2,28.1,0,4.3,0,0,0,29.6,71.0,24.9,95.0,1004.0,0.0,0.0,2.9,11.9,0.6,0.0,24.0,29.9,24.9,300.0,2026-09-11 11:15:00+00:00,False,False,,2026-09-11 18:15:00+07:00,15.0,3.4000000000000057,2026-09-11
1943,farm_gateway_s3:1789126200,2026-09-11T11:30:00Z,46276.770833333336,farm_gateway_s3,39.5,28.1,0,4.3,0,0,0,29.4,71.0,24.8,95.0,1004.0,0.0,0.0,2.9,11.9,0.6,0.0,23.9,29.7,24.8,50.0,2026-09-11 11:30:00+00:00,False,False,,2026-09-11 18:30:00+07:00,15.0,2.299999999999997,2026-09-11
1944,farm_gateway_s3:1789127100,2026-09-11T11:45:00Z,46276.78125,farm_gateway_s3,40.5,28.0,0,4.3,0,0,0,29.3,72.0,24.8,96.0,1004.0,0.0,0.0,2.5,11.9,0.6,0.0,24.0,29.8,24.8,0.0,2026-09-11 11:45:00+00:00,False,False,,2026-09-11 18:45:00+07:00,15.0,1.0,2026-09-11
1945,farm_gateway_s3:1789128000,2026-09-11T12:00:00Z,46276.791666666664,farm_gateway_s3,40.8,27.9,0,4.2,0,0,0,29.1,72.0,24.8,96.0,1005.0,0.0,0.0,0.4,11.9,0.4,0.0,24.0,29.8,24.8,0.0,2026-09-11 12:00:00+00:00,False,False,,2026-09-11 19:00:00+07:00,15.0,0.29999999999999716,2026-09-11
1946,farm_gateway_s3:1789128900,2026-09-11T12:15:00Z,46276.802083333336,farm_gateway_s3,40.7,27.9,0,4.3,0,0,0,29.0,72.0,24.7,96.0,1005.0,0.0,0.0,0.0,11.9,0.4,0.0,23.9,29.6,24.7,0.0,2026-09-11 12:15:00+00:00,False,False,,2026-09-11 19:15:00+07:00,15.0,-0.09999999999999432,2026-09-11
1947,farm_gateway_s3:1789129800,2026-09-11T12:30:00Z,46276.8125,farm_gateway_s3,40.3,27.9,0,4.3,0,0,0,28.9,73.0,24.8,96.0,1005.0,0.0,0.0,0.0,11.9,0.4,0.0,24.0,29.8,24.8,0.0,2026-09-11 12:30:00+00:00,False,False,,2026-09-11 19:30:00+07:00,15.0,-0.4000000000000057,2026-09-11
1948,farm_gateway_s3:1789130700,2026-09-11T12:45:00Z,46276.822916666664,farm_gateway_s3,39.5,27.8,0,4.3,0,0,0,28.9,73.0,24.8,96.0,1005.0,0.0,0.0,0.0,11.9,0.4,0.0,24.0,29.8,24.8,0.0,2026-09-11 12:45:00+00:00,False,False,,2026-09-11 19:45:00+07:00,15.0,-0.7999999999999972,2026-09-11
1949,farm_gateway_s3:1789131600,2026-09-11T13:00:00Z,46276.833333333336,farm_gateway_s3,39.5,27.8,0,4.3,0,0,0,28.8,73.0,24.8,96.0,1005.0,0.0,0.0,0.0,11.9,0.4,0.0,24.0,29.8,24.8,0.0,2026-09-11 13:00:00+00:00,False,False,,2026-09-11 20:00:00+07:00,15.0,0.0,2026-09-11
1950,farm_gateway_s3:1789132500,2026-09-11T13:15:00Z,46276.84375,farm_gateway_s3,38.7,27.8,0,4.3,0,0,0,28.6,74.0,25.0,96.0,1005.0,0.0,0.0,0.0,11.9,0.4,0.0,24.2,30.1,25.0,0.0,2026-09-11 13:15:00+00:00,False,False,,2026-09-11 20:15:00+07:00,15.0,-0.7999999999999972,2026-09-11
1951,farm_gateway_s3:1789133400,2026-09-11T13:30:00Z,46276.854166666664,farm_gateway_s3,38.5,27.7,0,4.3,0,0,0,28.6,74.0,24.8,96.0,1005.0,0.0,0.0,0.0,11.9,0.4,0.0,24.0,29.8,24.8,0.0,2026-09-11 13:30:00+00:00,False,False,,2026-09-11 20:30:00+07:00,15.0,-0.20000000000000284,2026-09-11
1952,farm_gateway_s3:1789134300,2026-09-11T13:45:00Z,46276.864583333336,farm_gateway_s3,38.3,27.7,0,4.3,0,0,0,28.6,75.0,24.9,97.0,1005.0,0.0,0.0,0.0,11.9,0.4,0.0,24.3,30.0,24.9,0.0,2026-09-11 13:45:00+00:00,False,False,,2026-09-11 20:45:00+07:00,15.0,-0.20000000000000284,2026-09-11
1953,farm_gateway_s3:1789135200,2026-09-11T14:00:00Z,46276.875,farm_gateway_s3,38.3,27.7,0,4.3,0,0,0,28.5,75.0,24.8,97.0,1006.0,0.0,0.0,0.0,11.9,0.4,0.0,24.2,29.8,24.8,0.0,2026-09-11 14:00:00+00:00,False,False,,2026-09-11 21:00:00+07:00,15.0,0.0,2026-09-11
1954,farm_gateway_s3:1789136100,2026-09-11T14:15:00Z,46276.885416666664,farm_gateway_s3,38.1,27.7,0,4.3,0,0,0,28.4,75.0,24.9,97.0,1006.0,0.0,0.0,0.0,11.9,0.4,0.0,24.3,30.0,24.9,0.0,2026-09-11 14:15:00+00:00,False,False,,2026-09-11 21:15:00+07:00,15.0,-0.19999999999999574,2026-09-11
1955,farm_gateway_s3:1789137900,2026-09-11T14:45:00Z,46276.90625,farm_gateway_s3,37.8,27.6,0,4.4,0,0,0,28.1,76.0,24.8,97.0,1006.0,0.0,0.0,0.0,11.9,0.4,0.0,24.2,29.8,24.8,0.0,2026-09-11 14:45:00+00:00,False,False,,2026-09-11 21:45:00+07:00,30.0,-0.30000000000000426,2026-09-11
1956,farm_gateway_s3:1789138800,2026-09-11T15:00:00Z,46276.916666666664,farm_gateway_s3,37.6,27.6,0,4.4,0,0,0,28.1,76.0,24.7,97.0,1006.0,0.0,0.0,0.0,11.9,0.4,0.0,24.1,29.7,24.7,0.0,2026-09-11 15:00:00+00:00,False,False,,2026-09-11 22:00:00+07:00,15.0,-0.19999999999999574,2026-09-11
1957,farm_gateway_s3:1789139700,2026-09-11T15:15:00Z,46276.927083333336,farm_gateway_s3,37.5,27.6,0,4.3,0,0,0,28.1,76.0,24.6,97.0,1006.0,0.0,0.0,0.0,11.9,0.4,0.0,24.0,29.6,24.6,0.0,2026-09-11 15:15:00+00:00,False,False,,2026-09-11 22:15:00+07:00,15.0,-0.10000000000000142,2026-09-11
1958,farm_gateway_s3:1789171200,2026-09-12T00:00:00Z,46277.291666666664,farm_gateway_s3,33.9,27.1,0,5.1,0,0,0,26.6,81.0,24.4,98.0,1005.0,0.0,0.0,0.0,0.2,0.0,0.0,24.0,29.3,24.4,5390.0,2026-09-12 00:00:00+00:00,False,False,,2026-09-12 07:00:00+07:00,525.0,,2026-09-12
1959,farm_gateway_s3:1789172100,2026-09-12T00:15:00Z,46277.302083333336,farm_gateway_s3,33.9,27.1,0,5.1,0,0,0,26.7,81.0,24.8,97.0,1005.0,0.0,0.0,0.0,0.2,0.0,0.0,24.2,29.8,24.8,9400.0,2026-09-12 00:15:00+00:00,False,False,,2026-09-12 07:15:00+07:00,15.0,0.0,2026-09-12
1960,farm_gateway_s3:1789173000,2026-09-12T00:30:00Z,46277.3125,farm_gateway_s3,33.8,27.1,0,4.4,0,0,0,26.7,81.0,25.3,96.0,1005.0,0.0,0.0,0.0,0.2,0.0,0.0,24.5,30.5,25.3,12320.0,2026-09-12 00:30:00+00:00,False,False,,2026-09-12 07:30:00+07:00,15.0,-0.10000000000000142,2026-09-12
1961,farm_gateway_s3:1789173900,2026-09-12T00:45:00Z,46277.322916666664,farm_gateway_s3,33.8,27.1,0,4.4,0,0,0,26.8,82.0,25.9,94.0,1005.0,0.0,0.0,0.0,0.2,0.0,1.0,24.8,31.2,25.9,19030.0,2026-09-12 00:45:00+00:00,False,False,,2026-09-12 07:45:00+07:00,15.0,0.0,2026-09-12
1962,farm_gateway_s3:1789174800,2026-09-12T01:00:00Z,46277.333333333336,farm_gateway_s3,33.8,27.2,0,4.3,0,0,0,26.8,82.0,26.7,93.0,1006.0,0.0,0.0,0.0,0.2,0.0,1.0,25.4,32.3,30.1,27610.0,2026-09-12 01:00:00+00:00,False,False,,2026-09-12 08:00:00+07:00,15.0,0.0,2026-09-12
1963,farm_gateway_s3:1789175700,2026-09-12T01:15:00Z,46277.34375,farm_gateway_s3,33.8,27.2,0,4.3,0,0,0,27.1,83.0,28.7,88.0,1006.0,0.0,0.0,0.0,0.2,0.0,1.0,26.4,34.9,35.5,27830.0,2026-09-12 01:15:00+00:00,False,False,,2026-09-12 08:15:00+07:00,15.0,0.0,2026-09-12
1964,farm_gateway_s3:1789176600,2026-09-12T01:30:00Z,46277.354166666664,farm_gateway_s3,33.7,27.3,0,4.3,0,0,0,27.3,83.0,27.8,88.0,1006.0,0.0,0.0,0.0,0.2,0.0,1.0,25.6,33.6,33.0,21060.0,2026-09-12 01:30:00+00:00,False,False,,2026-09-12 08:30:00+07:00,15.0,-0.09999999999999432,2026-09-12
1965,farm_gateway_s3:1789177500,2026-09-12T01:45:00Z,46277.364583333336,farm_gateway_s3,33.5,27.3,0,4.3,0,0,0,27.6,82.0,27.8,88.0,1006.0,0.0,0.0,0.0,0.2,0.0,1.0,25.6,33.6,33.0,26070.0,2026-09-12 01:45:00+00:00,False,False,,2026-09-12 08:45:00+07:00,15.0,-0.20000000000000284,2026-09-12
1966,farm_gateway_s3:1789178400,2026-09-12T02:00:00Z,46277.375,farm_gateway_s3,33.4,27.4,0,4.3,0,0,0,27.9,80.0,29.0,84.0,1006.0,0.0,0.0,0.0,0.2,0.0,3.0,25.9,35.0,35.8,67320.0,2026-09-12 02:00:00+00:00,False,False,,2026-09-12 09:00:00+07:00,15.0,-0.10000000000000142,2026-09-12
1967,farm_gateway_s3:1789179300,2026-09-12T02:15:00Z,46277.385416666664,farm_gateway_s3,33.4,27.4,0,4.3,0,0,0,28.2,79.0,29.7,81.0,1006.0,0.0,0.0,0.0,0.2,0.0,2.0,26.0,35.8,37.0,66000.0,2026-09-12 02:15:00+00:00,False,False,,2026-09-12 09:15:00+07:00,15.0,0.0,2026-09-12
1968,farm_gateway_s3:1789180200,2026-09-12T02:30:00Z,46277.395833333336,farm_gateway_s3,33.2,27.5,0,4.3,0,0,0,28.6,78.0,30.9,76.0,1006.0,0.0,0.0,0.0,0.2,0.0,3.0,26.1,37.1,39.2,77440.0,2026-09-12 02:30:00+00:00,False,False,,2026-09-12 09:30:00+07:00,15.0,-0.19999999999999574,2026-09-12
1969,farm_gateway_s3:1789181100,2026-09-12T02:45:00Z,46277.40625,farm_gateway_s3,33.2,27.5,0,4.3,0,0,0,29.0,78.0,31.1,76.0,1006.0,0.0,0.0,0.0,0.2,0.0,1.0,26.3,37.4,39.8,29700.0,2026-09-12 02:45:00+00:00,False,False,,2026-09-12 09:45:00+07:00,15.0,0.0,2026-09-12
1970,farm_gateway_s3:1789182000,2026-09-12T03:00:00Z,46277.416666666664,farm_gateway_s3,33.1,27.6,0,4.3,0,0,0,29.5,76.0,31.2,75.0,1007.0,0.0,0.0,0.0,0.2,0.0,2.0,26.2,37.4,39.7,57200.0,2026-09-12 03:00:00+00:00,False,False,,2026-09-12 10:00:00+07:00,15.0,-0.10000000000000142,2026-09-12
1971,farm_gateway_s3:1789182900,2026-09-12T03:15:00Z,46277.427083333336,farm_gateway_s3,33.0,27.6,0,4.3,0,0,0,29.8,75.0,31.7,70.0,1007.0,0.0,0.0,0.0,0.2,0.0,2.0,25.5,37.7,39.4,58300.0,2026-09-12 03:15:00+00:00,False,False,,2026-09-12 10:15:00+07:00,15.0,-0.10000000000000142,2026-09-12
1972,farm_gateway_s3:1789183800,2026-09-12T03:30:00Z,46277.4375,farm_gateway_s3,32.8,27.7,0,4.3,0,0,0,30.1,74.0,31.7,68.0,1007.0,0.0,0.0,0.0,0.2,0.0,2.0,25.0,37.5,38.8,65780.0,2026-09-12 03:30:00+00:00,False,False,,2026-09-12 10:30:00+07:00,15.0,-0.20000000000000284,2026-09-12
1973,farm_gateway_s3:1789184700,2026-09-12T03:45:00Z,46277.447916666664,farm_gateway_s3,32.7,27.8,0,4.3,0,0,0,30.5,73.0,31.4,73.0,1007.0,0.0,0.0,0.0,0.2,0.0,1.0,25.9,37.5,39.7,21720.0,2026-09-12 03:45:00+00:00,False,False,,2026-09-12 10:45:00+07:00,15.0,-0.09999999999999432,2026-09-12
1974,farm_gateway_s3:1789185600,2026-09-12T04:00:00Z,46277.458333333336,farm_gateway_s3,32.7,27.8,0,4.3,0,0,0,30.6,72.0,31.3,75.0,1006.0,0.0,0.0,0.0,0.2,0.0,1.0,26.3,37.6,40.1,39380.0,2026-09-12 04:00:00+00:00,False,False,,2026-09-12 11:00:00+07:00,15.0,0.0,2026-09-12
1975,farm_gateway_s3:1789186500,2026-09-12T04:15:00Z,46277.46875,farm_gateway_s3,32.6,27.9,0,4.3,0,0,0,30.8,72.0,31.2,75.0,1006.0,0.0,0.0,0.0,0.2,0.0,1.0,26.2,37.4,39.7,24750.0,2026-09-12 04:15:00+00:00,False,False,,2026-09-12 11:15:00+07:00,15.0,-0.10000000000000142,2026-09-12
1976,farm_gateway_s3:1789187400,2026-09-12T04:30:00Z,46277.479166666664,farm_gateway_s3,32.3,27.9,0,4.3,0,0,0,30.9,71.0,29.9,78.0,1006.0,0.0,0.0,0.0,0.2,0.0,1.0,25.6,35.8,36.8,23650.0,2026-09-12 04:30:00+00:00,False,False,,2026-09-12 11:30:00+07:00,15.0,-0.30000000000000426,2026-09-12
1977,farm_gateway_s3:1789188300,2026-09-12T04:45:00Z,46277.489583333336,farm_gateway_s3,32.1,28.0,0,4.3,0,0,0,30.7,71.0,27.8,86.0,1006.0,0.0,0.0,1.2,1.4,0.0,1.0,25.2,33.4,32.5,18480.0,2026-09-12 04:45:00+00:00,False,False,,2026-09-12 11:45:00+07:00,15.0,-0.19999999999999574,2026-09-12
1978,farm_gateway_s3:1789189200,2026-09-12T05:00:00Z,46277.5,farm_gateway_s3,32.7,28.0,0,4.3,0,0,0,30.5,73.0,27.2,92.0,1006.0,0.0,0.0,2.1,2.3,0.0,1.0,25.7,33.0,31.6,26840.0,2026-09-12 05:00:00+00:00,False,False,,2026-09-12 12:00:00+07:00,15.0,0.6000000000000014,2026-09-12
1979,farm_gateway_s3:1789190100,2026-09-12T05:15:00Z,46277.510416666664,farm_gateway_s3,33.4,28.0,0,4.3,0,0,0,30.4,74.0,28.0,86.0,1006.0,0.0,0.0,2.1,2.3,0.0,1.0,25.4,33.7,33.1,39600.0,2026-09-12 05:15:00+00:00,False,False,,2026-09-12 12:15:00+07:00,15.0,0.6999999999999957,2026-09-12
1980,farm_gateway_s3:1789191000,2026-09-12T05:30:00Z,46277.520833333336,farm_gateway_s3,33.8,28.0,0,4.3,0,0,0,30.3,72.0,28.5,86.0,1006.0,0.0,0.0,2.1,2.3,0.0,2.0,25.9,34.4,34.7,51920.0,2026-09-12 05:30:00+00:00,False,False,,2026-09-12 12:30:00+07:00,15.0,0.3999999999999986,2026-09-12
1981,farm_gateway_s3:1789191900,2026-09-12T05:45:00Z,46277.53125,farm_gateway_s3,34.1,28.0,0,4.3,0,0,0,30.4,73.0,29.3,83.0,1006.0,0.0,0.0,0.6,2.3,0.0,2.0,26.0,35.3,36.3,64680.0,2026-09-12 05:45:00+00:00,False,False,,2026-09-12 12:45:00+07:00,15.0,0.30000000000000426,2026-09-12
1982,farm_gateway_s3:1789192800,2026-09-12T06:00:00Z,46277.541666666664,farm_gateway_s3,34.3,28.0,0,4.3,0,0,0,30.6,72.0,29.8,78.0,1004.0,0.0,0.0,0.0,2.3,0.0,1.0,25.5,35.7,36.6,33000.0,2026-09-12 06:00:00+00:00,False,False,,2026-09-12 13:00:00+07:00,15.0,0.19999999999999574,2026-09-12
1983,farm_gateway_s3:1789193700,2026-09-12T06:15:00Z,46277.552083333336,farm_gateway_s3,34.3,28.1,0,4.3,0,0,0,30.6,71.0,29.3,81.0,1004.0,0.0,0.0,0.0,2.3,0.0,1.0,25.6,35.2,35.8,26290.0,2026-09-12 06:15:00+00:00,False,False,,2026-09-12 13:15:00+07:00,15.0,0.0,2026-09-12
1984,farm_gateway_s3:1789194600,2026-09-12T06:30:00Z,46277.5625,farm_gateway_s3,34.2,28.1,0,4.3,0,0,0,30.6,72.0,28.5,85.0,1004.0,0.0,0.0,0.0,2.3,0.0,1.0,25.7,34.3,34.5,21720.0,2026-09-12 06:30:00+00:00,False,False,,2026-09-12 13:30:00+07:00,15.0,-0.09999999999999432,2026-09-12
1985,farm_gateway_s3:1789195500,2026-09-12T06:45:00Z,46277.572916666664,farm_gateway_s3,34.2,28.1,0,4.3,0,0,0,30.5,71.0,27.2,86.0,1004.0,0.0,0.0,0.0,2.3,0.0,0.0,24.6,32.5,30.8,4490.0,2026-09-12 06:45:00+00:00,False,False,,2026-09-12 13:45:00+07:00,15.0,0.0,2026-09-12
1986,farm_gateway_s3:1789196400,2026-09-12T07:00:00Z,46277.583333333336,farm_gateway_s3,62.7,27.8,19,4.8,0,0,0,30.1,70.0,24.9,95.0,1005.0,0.0,0.6,11.5,13.9,0.8,0.0,24.0,29.9,24.9,3490.0,2026-09-12 07:00:00+00:00,False,False,,2026-09-12 14:00:00+07:00,15.0,28.5,2026-09-12
1987,farm_gateway_s3:1789197300,2026-09-12T07:15:00Z,46277.59375,farm_gateway_s3,53.8,27.5,0,4.6,0,0,0,29.6,71.0,24.4,96.0,1005.0,0.0,0.0,12.8,15.1,1.0,0.0,23.6,29.2,24.4,6050.0,2026-09-12 07:15:00+00:00,False,False,,2026-09-12 14:15:00+07:00,15.0,-8.900000000000006,2026-09-12
1988,farm_gateway_s3:1789198200,2026-09-12T07:30:00Z,46277.604166666664,farm_gateway_s3,50.3,27.5,0,4.5,0,0,0,29.2,71.0,24.5,96.0,1005.0,0.0,0.0,12.8,15.1,1.0,0.0,23.7,29.4,24.5,4220.0,2026-09-12 07:30:00+00:00,False,False,,2026-09-12 14:30:00+07:00,15.0,-3.5,2026-09-12
1989,farm_gateway_s3:1789199100,2026-09-12T07:45:00Z,46277.614583333336,farm_gateway_s3,48.4,27.5,0,4.4,0,0,0,29.0,73.0,24.5,97.0,1005.0,0.0,0.0,12.8,15.1,1.0,0.0,23.9,29.4,24.5,3340.0,2026-09-12 07:45:00+00:00,False,False,,2026-09-12 14:45:00+07:00,15.0,-1.8999999999999986,2026-09-12
1990,farm_gateway_s3:1789200000,2026-09-12T08:00:00Z,46277.625,farm_gateway_s3,47.0,27.5,0,4.5,0,0,0,28.9,73.0,24.7,97.0,1004.0,0.0,0.0,1.2,15.6,0.8,0.0,24.1,29.7,24.7,3570.0,2026-09-12 08:00:00+00:00,False,False,,2026-09-12 15:00:00+07:00,15.0,-1.3999999999999986,2026-09-12
1991,farm_gateway_s3:1789200900,2026-09-12T08:15:00Z,46277.635416666664,farm_gateway_s3,46.2,27.5,0,4.4,0,0,0,28.6,74.0,24.7,97.0,1004.0,0.0,0.0,0.6,15.8,0.8,0.0,24.1,29.7,24.7,4560.0,2026-09-12 08:15:00+00:00,False,False,,2026-09-12 15:15:00+07:00,15.0,-0.7999999999999972,2026-09-12
1992,farm_gateway_s3:1789201800,2026-09-12T08:30:00Z,46277.645833333336,farm_gateway_s3,45.8,27.5,0,4.4,0,0,0,,,,,,,,,,,,,,,,2026-09-12 08:30:00+00:00,False,True,,2026-09-12 15:30:00+07:00,15.0,-0.4000000000000057,2026-09-12
1993,farm_gateway_s3:1789202700,2026-09-12T08:45:00Z,46277.65625,farm_gateway_s3,45.4,27.5,0,4.4,0,0,0,28.4,74.0,24.3,95.0,1004.0,0.0,0.0,1.0,16.2,1.0,0.0,23.4,29.0,24.3,5250.0,2026-09-12 08:45:00+00:00,False,False,,2026-09-12 15:45:00+07:00,15.0,-0.3999999999999986,2026-09-12
1994,farm_gateway_s3:1789203600,2026-09-12T09:00:00Z,46277.666666666664,farm_gateway_s3,45.1,27.5,0,4.4,0,0,0,28.3,74.0,24.3,95.0,1004.0,0.0,0.0,0.8,16.4,0.8,0.0,23.4,29.0,24.3,5770.0,2026-09-12 09:00:00+00:00,False,False,,2026-09-12 16:00:00+07:00,15.0,-0.29999999999999716,2026-09-12
1995,farm_gateway_s3:1789204500,2026-09-12T09:15:00Z,46277.677083333336,farm_gateway_s3,44.7,27.5,0,4.4,0,0,0,28.2,74.0,24.4,96.0,1004.0,0.0,0.0,0.6,16.4,0.8,0.0,23.6,29.2,24.4,7040.0,2026-09-12 09:15:00+00:00,False,False,,2026-09-12 16:15:00+07:00,15.0,-0.3999999999999986,2026-09-12
1996,farm_gateway_s3:1789205400,2026-09-12T09:30:00Z,46277.6875,farm_gateway_s3,44.2,27.4,0,4.4,0,0,0,28.1,74.0,24.5,94.0,1004.0,0.0,0.0,0.6,16.6,0.8,0.0,23.4,29.2,24.5,8770.0,2026-09-12 09:30:00+00:00,False,False,,2026-09-12 16:30:00+07:00,15.0,-0.5,2026-09-12
1997,farm_gateway_s3:1789206300,2026-09-12T09:45:00Z,46277.697916666664,farm_gateway_s3,44.0,27.4,0,4.4,0,0,0,28.0,75.0,24.9,95.0,1004.0,0.0,0.0,0.4,16.6,0.8,0.0,24.0,29.9,24.9,8410.0,2026-09-12 09:45:00+00:00,False,False,,2026-09-12 16:45:00+07:00,15.0,-0.20000000000000284,2026-09-12
1998,farm_gateway_s3:1789207200,2026-09-12T10:00:00Z,46277.708333333336,farm_gateway_s3,43.7,27.4,0,4.4,0,0,0,28.0,76.0,24.8,94.0,1003.0,0.0,0.0,0.2,16.6,0.8,0.0,23.7,29.7,24.8,5500.0,2026-09-12 10:00:00+00:00,False,False,,2026-09-12 17:00:00+07:00,15.0,-0.29999999999999716,2026-09-12
1999,farm_gateway_s3:1789208100,2026-09-12T10:15:00Z,46277.71875,farm_gateway_s3,43.4,27.4,0,4.4,0,0,0,27.9,76.0,24.8,95.0,1003.0,0.0,0.0,0.2,16.6,0.8,0.0,23.9,29.7,24.8,3610.0,2026-09-12 10:15:00+00:00,False,False,,2026-09-12 17:15:00+07:00,15.0,-0.30000000000000426,2026-09-12
2000,farm_gateway_s3:1789209000,2026-09-12T10:30:00Z,46277.729166666664,farm_gateway_s3,43.1,27.4,0,4.4,0,0,0,27.9,77.0,24.8,96.0,1003.0,0.0,0.0,0.0,16.6,0.8,0.0,24.0,29.8,24.8,2460.0,2026-09-12 10:30:00+00:00,False,False,,2026-09-12 17:30:00+07:00,15.0,-0.29999999999999716,2026-09-12
2001,farm_gateway_s3:1789209900,2026-09-12T10:45:00Z,46277.739583333336,farm_gateway_s3,42.9,27.4,0,4.4,0,0,0,27.9,77.0,24.7,96.0,1003.0,0.0,0.0,0.0,16.6,0.8,0.0,23.9,29.6,24.7,1470.0,2026-09-12 10:45:00+00:00,False,False,,2026-09-12 17:45:00+07:00,15.0,-0.20000000000000284,2026-09-12
2002,farm_gateway_s3:1789210800,2026-09-12T11:00:00Z,46277.75,farm_gateway_s3,42.7,27.4,0,4.4,0,0,0,27.8,77.0,24.5,97.0,1004.0,0.0,0.0,0.0,16.6,0.8,0.0,23.9,29.4,24.5,780.0,2026-09-12 11:00:00+00:00,False,False,,2026-09-12 18:00:00+07:00,15.0,-0.19999999999999574,2026-09-12
2003,farm_gateway_s3:1789211700,2026-09-12T11:15:00Z,46277.760416666664,farm_gateway_s3,42.3,27.3,0,4.4,0,0,0,27.7,77.0,24.5,97.0,1004.0,0.0,0.0,0.0,16.6,0.8,0.0,23.9,29.4,24.5,290.0,2026-09-12 11:15:00+00:00,False,False,,2026-09-12 18:15:00+07:00,15.0,-0.4000000000000057,2026-09-12
2004,farm_gateway_s3:1789212600,2026-09-12T11:30:00Z,46277.770833333336,farm_gateway_s3,42.1,27.3,0,4.4,0,0,0,27.6,78.0,24.3,97.0,1004.0,0.0,0.0,0.0,16.6,0.8,0.0,23.7,29.1,24.3,30.0,2026-09-12 11:30:00+00:00,False,False,,2026-09-12 18:30:00+07:00,15.0,-0.19999999999999574,2026-09-12
2005,farm_gateway_s3:1789213500,2026-09-12T11:45:00Z,46277.78125,farm_gateway_s3,41.8,27.3,0,4.4,0,0,0,27.6,78.0,24.3,97.0,1004.0,0.0,0.0,0.0,16.6,0.8,0.0,23.7,29.1,24.3,0.0,2026-09-12 11:45:00+00:00,False,False,,2026-09-12 18:45:00+07:00,15.0,-0.30000000000000426,2026-09-12
2006,farm_gateway_s3:1789214400,2026-09-12T12:00:00Z,46277.791666666664,farm_gateway_s3,41.6,27.3,0,5.2,0,0,0,27.5,78.0,24.3,98.0,1004.0,0.0,0.0,0.0,16.6,0.8,0.0,23.9,29.2,24.3,0.0,2026-09-12 12:00:00+00:00,False,False,,2026-09-12 19:00:00+07:00,15.0,-0.19999999999999574,2026-09-12
2007,farm_gateway_s3:1789215300,2026-09-12T12:15:00Z,46277.802083333336,farm_gateway_s3,41.4,27.3,0,5.2,0,0,0,27.5,78.0,24.1,97.0,1004.0,0.0,0.0,0.2,16.9,0.8,0.0,23.5,28.8,24.1,0.0,2026-09-12 12:15:00+00:00,False,False,,2026-09-12 19:15:00+07:00,15.0,-0.20000000000000284,2026-09-12
2008,farm_gateway_s3:1789216200,2026-09-12T12:30:00Z,46277.8125,farm_gateway_s3,41.2,27.2,0,5.2,0,0,0,,,,,,,,,,,,,,,,2026-09-12 12:30:00+00:00,False,True,,2026-09-12 19:30:00+07:00,15.0,-0.19999999999999574,2026-09-12
2009,farm_gateway_s3:1789217100,2026-09-12T12:45:00Z,46277.822916666664,farm_gateway_s3,41.0,27.3,0,5.2,0,0,0,27.5,77.0,24.0,98.0,1004.0,0.0,0.0,0.2,16.9,0.8,0.0,23.6,28.8,24.0,0.0,2026-09-12 12:45:00+00:00,False,False,,2026-09-12 19:45:00+07:00,15.0,-0.20000000000000284,2026-09-12
2010,farm_gateway_s3:1789218000,2026-09-12T13:00:00Z,46277.833333333336,farm_gateway_s3,40.8,27.2,0,5.0,0,0,0,27.5,77.0,24.0,98.0,1005.0,0.0,0.0,0.2,16.9,0.6,0.0,23.6,28.8,24.0,0.0,2026-09-12 13:00:00+00:00,False,False,,2026-09-12 20:00:00+07:00,15.0,-0.20000000000000284,2026-09-12
2011,farm_gateway_s3:1789218900,2026-09-12T13:15:00Z,46277.84375,farm_gateway_s3,40.8,27.2,0,4.6,0,0,0,27.3,77.0,24.0,98.0,1005.0,0.0,0.0,0.0,16.9,0.6,0.0,23.6,28.8,24.0,0.0,2026-09-12 13:15:00+00:00,False,False,,2026-09-12 20:15:00+07:00,15.0,0.0,2026-09-12
2012,farm_gateway_s3:1789219800,2026-09-12T13:30:00Z,46277.854166666664,farm_gateway_s3,40.5,27.2,0,4.5,0,0,0,27.3,77.0,24.0,98.0,1005.0,0.0,0.0,0.0,16.9,0.6,0.0,23.6,28.8,24.0,0.0,2026-09-12 13:30:00+00:00,False,False,,2026-09-12 20:30:00+07:00,15.0,-0.29999999999999716,2026-09-12
2013,farm_gateway_s3:1789220700,2026-09-12T13:45:00Z,46277.864583333336,farm_gateway_s3,40.4,27.2,0,4.4,0,0,0,27.1,78.0,24.0,98.0,1005.0,0.0,0.0,0.0,16.9,0.6,0.0,23.6,28.8,24.0,0.0,2026-09-12 13:45:00+00:00,False,False,,2026-09-12 20:45:00+07:00,15.0,-0.10000000000000142,2026-09-12
2014,farm_gateway_s3:1789221600,2026-09-12T14:00:00Z,46277.875,farm_gateway_s3,40.2,27.2,0,4.4,0,0,0,27.1,78.0,24.0,98.0,1006.0,0.0,0.0,0.0,16.9,0.6,0.0,23.6,28.8,24.0,0.0,2026-09-12 14:00:00+00:00,False,False,,2026-09-12 21:00:00+07:00,15.0,-0.19999999999999574,2026-09-12
2015,farm_gateway_s3:1789222500,2026-09-12T14:15:00Z,46277.885416666664,farm_gateway_s3,40.0,27.2,0,4.4,0,0,0,26.9,78.0,24.0,98.0,1006.0,0.0,0.0,0.0,16.9,0.6,0.0,23.6,28.8,24.0,0.0,2026-09-12 14:15:00+00:00,False,False,,2026-09-12 21:15:00+07:00,15.0,-0.20000000000000284,2026-09-12
2016,farm_gateway_s3:1789223400,2026-09-12T14:30:00Z,46277.895833333336,farm_gateway_s3,40.0,27.1,0,4.4,0,0,0,26.9,78.0,24.0,98.0,1006.0,0.0,0.0,0.0,16.9,0.6,0.0,23.6,28.8,24.0,0.0,2026-09-12 14:30:00+00:00,False,False,,2026-09-12 21:30:00+07:00,15.0,0.0,2026-09-12
2017,farm_gateway_s3:1789258500,2026-09-13T00:15:00Z,46278.302083333336,farm_gateway_s3,35.4,26.8,0,4.4,0,0,0,26.2,82.0,24.0,99.0,1005.0,0.0,0.0,0.0,0.0,0.0,0.0,23.8,28.8,24.0,6540.0,2026-09-13 00:15:00+00:00,False,False,,2026-09-13 07:15:00+07:00,585.0,,2026-09-13
2018,farm_gateway_s3:1789259400,2026-09-13T00:30:00Z,46278.3125,farm_gateway_s3,35.4,26.8,0,4.5,0,0,0,26.2,82.0,24.2,98.0,1005.0,0.0,0.0,0.0,0.0,0.0,0.0,23.8,29.0,24.2,9180.0,2026-09-13 00:30:00+00:00,False,False,,2026-09-13 07:30:00+07:00,15.0,0.0,2026-09-13
2019,farm_gateway_s3:1789260300,2026-09-13T00:45:00Z,46278.322916666664,farm_gateway_s3,35.3,26.8,0,4.5,0,0,0,26.2,82.0,24.7,98.0,1005.0,0.0,0.0,0.0,0.0,0.0,0.0,24.3,29.8,24.7,12320.0,2026-09-13 00:45:00+00:00,False,False,,2026-09-13 07:45:00+07:00,15.0,-0.10000000000000142,2026-09-13
2020,farm_gateway_s3:1789261200,2026-09-13T01:00:00Z,46278.333333333336,farm_gateway_s3,35.2,26.8,0,4.5,0,0,0,,,,,,,,,,,,,,,,2026-09-13 01:00:00+00:00,False,True,,2026-09-13 08:00:00+07:00,15.0,-0.09999999999999432,2026-09-13
2021,farm_gateway_s3:1789262100,2026-09-13T01:15:00Z,46278.34375,farm_gateway_s3,35.2,26.8,0,4.5,0,0,0,26.2,83.0,25.5,96.0,1006.0,0.0,0.0,0.0,0.0,0.0,1.0,24.7,30.8,25.5,17210.0,2026-09-13 01:15:00+00:00,False,False,,2026-09-13 08:15:00+07:00,15.0,0.0,2026-09-13
2022,farm_gateway_s3:1789263000,2026-09-13T01:30:00Z,46278.354166666664,farm_gateway_s3,35.0,26.8,0,4.5,0,0,0,26.3,83.0,25.7,94.0,1006.0,0.0,0.0,0.0,0.0,0.0,1.0,24.6,30.9,25.7,17270.0,2026-09-13 01:30:00+00:00,False,False,,2026-09-13 08:30:00+07:00,15.0,-0.20000000000000284,2026-09-13
2023,farm_gateway_s3:1789263900,2026-09-13T01:45:00Z,46278.364583333336,farm_gateway_s3,35.0,26.8,0,4.5,0,0,0,26.4,84.0,26.1,94.0,1006.0,0.0,0.0,0.0,0.0,0.0,1.0,25.0,31.5,26.1,19360.0,2026-09-13 01:45:00+00:00,False,False,,2026-09-13 08:45:00+07:00,15.0,0.0,2026-09-13
2024,farm_gateway_s3:1789264800,2026-09-13T02:00:00Z,46278.375,farm_gateway_s3,35.0,26.9,0,4.5,0,0,0,26.5,84.0,26.6,93.0,1006.0,0.0,0.0,0.0,0.0,0.0,1.0,25.3,32.2,26.6,25410.0,2026-09-13 02:00:00+00:00,False,False,,2026-09-13 09:00:00+07:00,15.0,0.0,2026-09-13
2025,farm_gateway_s3:1789265700,2026-09-13T02:15:00Z,46278.385416666664,farm_gateway_s3,34.9,26.9,0,4.5,0,0,0,26.6,84.0,27.0,92.0,1006.0,0.0,0.0,0.0,0.0,0.0,1.0,25.5,32.7,31.1,25410.0,2026-09-13 02:15:00+00:00,False,False,,2026-09-13 09:15:00+07:00,15.0,-0.10000000000000142,2026-09-13
2026,farm_gateway_s3:1789266600,2026-09-13T02:30:00Z,46278.395833333336,farm_gateway_s3,34.9,27.0,0,4.5,0,0,0,26.8,84.0,27.6,90.0,1006.0,0.0,0.0,0.0,0.0,0.0,1.0,25.7,33.4,32.6,30140.0,2026-09-13 02:30:00+00:00,False,False,,2026-09-13 09:30:00+07:00,15.0,0.0,2026-09-13
2027,farm_gateway_s3:1789267500,2026-09-13T02:45:00Z,46278.40625,farm_gateway_s3,34.9,27.1,0,4.5,0,0,0,27.0,84.0,28.0,89.0,1006.0,0.0,0.0,0.0,0.0,0.0,1.0,25.9,33.9,33.7,37180.0,2026-09-13 02:45:00+00:00,False,False,,2026-09-13 09:45:00+07:00,15.0,0.0,2026-09-13
2028,farm_gateway_s3:1789268400,2026-09-13T03:00:00Z,46278.416666666664,farm_gateway_s3,34.9,27.1,0,4.5,0,0,0,27.2,83.0,28.4,86.0,1006.0,0.0,0.0,0.0,0.0,0.0,2.0,25.8,34.3,34.2,47520.0,2026-09-13 03:00:00+00:00,False,False,,2026-09-13 10:00:00+07:00,15.0,0.0,2026-09-13
2029,farm_gateway_s3:1789269300,2026-09-13T03:15:00Z,46278.427083333336,farm_gateway_s3,34.8,27.2,0,4.5,0,0,0,27.4,83.0,29.3,82.0,1006.0,0.0,0.0,0.0,0.0,0.0,2.0,25.8,35.3,36.1,60280.0,2026-09-13 03:15:00+00:00,False,False,,2026-09-13 10:15:00+07:00,15.0,-0.10000000000000142,2026-09-13
2030,farm_gateway_s3:1789270200,2026-09-13T03:30:00Z,46278.4375,farm_gateway_s3,34.6,27.2,0,4.5,0,0,0,27.7,81.0,30.3,79.0,1006.0,0.0,0.0,0.0,0.0,0.0,2.0,26.2,36.5,38.5,56320.0,2026-09-13 03:30:00+00:00,False,False,,2026-09-13 10:30:00+07:00,15.0,-0.19999999999999574,2026-09-13
2031,farm_gateway_s3:1789271100,2026-09-13T03:45:00Z,46278.447916666664,farm_gateway_s3,34.6,27.3,0,4.5,0,0,0,28.0,77.0,30.3,74.0,1006.0,0.0,0.0,0.0,0.0,0.0,2.0,25.1,36.0,36.8,62480.0,2026-09-13 03:45:00+00:00,False,False,,2026-09-13 10:45:00+07:00,15.0,0.0,2026-09-13
2032,farm_gateway_s3:1789272000,2026-09-13T04:00:00Z,46278.458333333336,farm_gateway_s3,34.3,27.4,0,4.5,0,0,0,28.3,78.0,30.7,76.0,1006.0,0.0,0.0,0.0,0.0,0.0,2.0,25.9,36.8,38.5,66440.0,2026-09-13 04:00:00+00:00,False,False,,2026-09-13 11:00:00+07:00,15.0,-0.30000000000000426,2026-09-13
2033,farm_gateway_s3:1789272900,2026-09-13T04:15:00Z,46278.46875,farm_gateway_s3,34.3,27.4,0,4.5,0,0,0,28.6,75.0,31.2,73.0,1006.0,0.0,0.0,0.0,0.0,0.0,2.0,25.7,37.2,39.0,49720.0,2026-09-13 04:15:00+00:00,False,False,,2026-09-13 11:15:00+07:00,15.0,0.0,2026-09-13
2034,farm_gateway_s3:1789273800,2026-09-13T04:30:00Z,46278.479166666664,farm_gateway_s3,34.3,27.5,0,4.5,0,0,0,29.0,74.0,31.8,69.0,1006.0,0.0,0.0,0.0,0.0,0.0,4.0,25.3,37.7,39.5,114400.0,2026-09-13 04:30:00+00:00,False,False,,2026-09-13 11:30:00+07:00,15.0,0.0,2026-09-13
2035,farm_gateway_s3:1789274700,2026-09-13T04:45:00Z,46278.489583333336,farm_gateway_s3,34.2,27.6,0,4.5,0,0,0,29.5,74.0,32.8,67.0,1006.0,0.0,0.0,0.0,0.0,0.0,4.0,25.8,39.0,41.6,121660.0,2026-09-13 04:45:00+00:00,False,False,,2026-09-13 11:45:00+07:00,15.0,-0.09999999999999432,2026-09-13
2036,farm_gateway_s3:1789275600,2026-09-13T05:00:00Z,46278.5,farm_gateway_s3,34.1,27.6,0,4.5,0,0,0,29.8,72.0,33.0,66.0,1005.0,0.0,0.0,0.0,0.0,0.0,3.0,25.7,39.2,41.8,83380.0,2026-09-13 05:00:00+00:00,False,False,,2026-09-13 12:00:00+07:00,15.0,-0.10000000000000142,2026-09-13
2037,farm_gateway_s3:1789276500,2026-09-13T05:15:00Z,46278.510416666664,farm_gateway_s3,33.8,27.7,0,4.5,0,0,0,30.1,71.0,32.0,69.0,1005.0,0.0,0.0,0.0,0.0,0.0,1.0,25.5,38.0,40.1,28380.0,2026-09-13 05:15:00+00:00,False,False,,2026-09-13 12:15:00+07:00,15.0,-0.30000000000000426,2026-09-13
2038,farm_gateway_s3:1789278300,2026-09-13T05:45:00Z,46278.53125,farm_gateway_s3,33.7,27.8,0,4.6,0,0,0,30.5,71.0,32.3,70.0,1005.0,0.0,0.0,0.0,0.0,0.0,4.0,26.0,38.6,41.2,125840.0,2026-09-13 05:45:00+00:00,False,False,,2026-09-13 12:45:00+07:00,30.0,-0.09999999999999432,2026-09-13
2039,farm_gateway_s3:1789279200,2026-09-13T06:00:00Z,46278.541666666664,farm_gateway_s3,33.7,27.8,0,4.6,0,0,0,30.7,70.0,33.8,66.0,1004.0,0.0,0.0,0.0,0.0,0.0,3.0,26.5,40.3,44.1,106700.0,2026-09-13 06:00:00+00:00,False,False,,2026-09-13 13:00:00+07:00,15.0,0.0,2026-09-13
2040,farm_gateway_s3:1789280100,2026-09-13T06:15:00Z,46278.552083333336,farm_gateway_s3,33.4,27.9,0,4.6,0,0,0,31.2,69.0,34.2,64.0,1004.0,0.0,0.0,0.0,0.0,0.0,4.0,26.3,40.7,44.5,135740.0,2026-09-13 06:15:00+00:00,False,False,,2026-09-13 13:15:00+07:00,15.0,-0.30000000000000426,2026-09-13
2041,farm_gateway_s3:1789281000,2026-09-13T06:30:00Z,46278.5625,farm_gateway_s3,33.2,28.0,0,4.6,0,0,0,31.6,66.0,33.5,62.0,1004.0,0.0,0.0,0.0,0.0,0.0,4.0,25.1,39.5,41.6,129140.0,2026-09-13 06:30:00+00:00,False,False,,2026-09-13 13:30:00+07:00,15.0,-0.19999999999999574,2026-09-13
2042,farm_gateway_s3:1789281900,2026-09-13T06:45:00Z,46278.572916666664,farm_gateway_s3,33.1,28.1,0,4.6,0,0,0,31.8,68.0,34.3,66.0,1004.0,0.0,0.0,0.0,0.0,0.0,4.0,26.9,41.1,45.7,121440.0,2026-09-13 06:45:00+00:00,False,False,,2026-09-13 13:45:00+07:00,15.0,-0.10000000000000142,2026-09-13
2043,farm_gateway_s3:1789282800,2026-09-13T07:00:00Z,46278.583333333336,farm_gateway_s3,33.1,28.1,0,4.6,0,0,0,32.0,63.0,33.3,60.0,1003.0,0.0,0.0,0.0,0.0,0.0,4.0,24.4,39.0,40.3,113080.0,2026-09-13 07:00:00+00:00,False,False,,2026-09-13 14:00:00+07:00,15.0,0.0,2026-09-13
2044,farm_gateway_s3:1789283700,2026-09-13T07:15:00Z,46278.59375,farm_gateway_s3,32.8,28.3,0,4.6,0,0,0,32.3,63.0,32.8,62.0,1003.0,0.0,0.0,0.0,0.0,0.0,1.0,24.5,38.5,39.7,29040.0,2026-09-13 07:15:00+00:00,False,False,,2026-09-13 14:15:00+07:00,15.0,-0.30000000000000426,2026-09-13
2045,farm_gateway_s3:1789284600,2026-09-13T07:30:00Z,46278.604166666664,farm_gateway_s3,32.7,28.4,0,4.6,0,0,0,32.3,64.0,32.5,66.0,1003.0,0.0,0.0,0.0,0.0,0.0,2.0,25.2,38.5,40.4,43780.0,2026-09-13 07:30:00+00:00,False,False,,2026-09-13 14:30:00+07:00,15.0,-0.09999999999999432,2026-09-13
2046,farm_gateway_s3:1789285500,2026-09-13T07:45:00Z,46278.614583333336,farm_gateway_s3,32.7,28.4,0,4.6,0,0,0,32.4,65.0,33.8,63.0,1003.0,0.0,0.0,0.0,0.0,0.0,2.0,25.7,40.0,42.8,70840.0,2026-09-13 07:45:00+00:00,False,False,,2026-09-13 14:45:00+07:00,15.0,0.0,2026-09-13
2047,farm_gateway_s3:1789286400,2026-09-13T08:00:00Z,46278.625,farm_gateway_s3,32.6,28.4,0,4.6,0,0,0,32.6,63.0,34.5,59.0,1002.0,0.0,0.0,0.0,0.0,0.0,2.0,25.2,40.6,43.2,62920.0,2026-09-13 08:00:00+00:00,False,False,,2026-09-13 15:00:00+07:00,15.0,-0.10000000000000142,2026-09-13
2048,farm_gateway_s3:1789287300,2026-09-13T08:15:00Z,46278.635416666664,farm_gateway_s3,32.3,28.5,0,4.6,0,0,0,32.7,62.0,33.3,63.0,1002.0,0.0,0.0,0.0,0.0,0.0,1.0,25.2,39.3,41.5,30030.0,2026-09-13 08:15:00+00:00,False,False,,2026-09-13 15:15:00+07:00,15.0,-0.30000000000000426,2026-09-13
2049,farm_gateway_s3:1789288200,2026-09-13T08:30:00Z,46278.645833333336,farm_gateway_s3,32.1,28.6,0,4.6,0,0,0,32.6,64.0,31.4,71.0,1002.0,0.0,0.0,0.0,0.0,0.0,0.0,25.4,37.4,39.0,8440.0,2026-09-13 08:30:00+00:00,False,False,,2026-09-13 15:30:00+07:00,15.0,-0.19999999999999574,2026-09-13
2050,farm_gateway_s3:1789289100,2026-09-13T08:45:00Z,46278.65625,farm_gateway_s3,32.0,28.6,0,4.6,0,0,0,32.4,64.0,28.0,83.0,1002.0,0.0,0.0,0.0,0.0,0.0,0.0,24.8,33.5,32.6,14080.0,2026-09-13 08:45:00+00:00,False,False,,2026-09-13 15:45:00+07:00,15.0,-0.10000000000000142,2026-09-13
2051,farm_gateway_s3:1789290000,2026-09-13T09:00:00Z,46278.666666666664,farm_gateway_s3,31.6,28.4,0,4.6,0,0,0,31.6,65.0,26.5,88.0,1002.0,0.0,0.0,0.0,0.0,0.0,0.0,24.3,31.7,26.5,4240.0,2026-09-13 09:00:00+00:00,False,False,,2026-09-13 16:00:00+07:00,15.0,-0.3999999999999986,2026-09-13
2052,farm_gateway_s3:1789290900,2026-09-13T09:15:00Z,46278.677083333336,farm_gateway_s3,31.6,28.4,0,4.6,0,0,0,31.1,66.0,25.8,92.0,1002.0,0.0,0.0,0.0,0.0,0.0,0.0,24.3,30.9,25.8,620.0,2026-09-13 09:15:00+00:00,False,False,,2026-09-13 16:15:00+07:00,15.0,0.0,2026-09-13
2053,farm_gateway_s3:1789291800,2026-09-13T09:30:00Z,46278.6875,farm_gateway_s3,31.5,28.3,0,4.6,0,0,0,30.8,67.0,25.5,91.0,1002.0,0.5,3.9,0.0,0.0,0.0,0.0,23.8,30.5,25.5,1320.0,2026-09-13 09:30:00+00:00,False,False,,2026-09-13 16:30:00+07:00,15.0,-0.10000000000000142,2026-09-13
2054,farm_gateway_s3:1789292700,2026-09-13T09:45:00Z,46278.697916666664,farm_gateway_s3,31.0,28.3,0,4.6,0,0,0,30.4,68.0,25.5,93.0,1002.0,0.0,0.0,2.1,2.1,0.0,0.0,24.2,30.6,25.5,1600.0,2026-09-13 09:45:00+00:00,False,False,,2026-09-13 16:45:00+07:00,15.0,-0.5,2026-09-13
2055,farm_gateway_s3:1789293600,2026-09-13T10:00:00Z,46278.708333333336,farm_gateway_s3,58.1,27.7,16,4.8,0,0,0,30.1,69.0,24.5,94.0,1004.0,0.0,0.0,10.9,10.9,0.6,0.0,23.4,29.2,24.5,820.0,2026-09-13 10:00:00+00:00,False,False,,2026-09-13 17:00:00+07:00,15.0,27.1,2026-09-13
2056,farm_gateway_s3:1789294500,2026-09-13T10:15:00Z,46278.71875,farm_gateway_s3,54.3,27.4,7,4.8,0,0,0,29.8,69.0,24.3,96.0,1004.0,0.0,0.0,13.6,13.6,0.6,0.0,23.5,29.1,24.3,830.0,2026-09-13 10:15:00+00:00,False,False,,2026-09-13 17:15:00+07:00,15.0,-3.8000000000000043,2026-09-13
2057,farm_gateway_s3:1789295400,2026-09-13T10:30:00Z,46278.729166666664,farm_gateway_s3,51.4,27.3,2,4.7,0,0,0,29.5,70.0,24.3,96.0,1004.0,0.0,0.0,14.3,14.3,0.6,0.0,23.5,29.1,24.3,260.0,2026-09-13 10:30:00+00:00,False,False,,2026-09-13 17:30:00+07:00,15.0,-2.8999999999999986,2026-09-13
2058,farm_gateway_s3:1789296300,2026-09-13T10:45:00Z,46278.739583333336,farm_gateway_s3,50.2,27.4,0,4.6,0,0,0,29.3,71.0,24.3,97.0,1004.0,0.0,0.0,12.4,14.7,0.8,0.0,23.7,29.1,24.3,900.0,2026-09-13 10:45:00+00:00,False,False,,2026-09-13 17:45:00+07:00,15.0,-1.1999999999999957,2026-09-13
2059,farm_gateway_s3:1789297200,2026-09-13T11:00:00Z,46278.75,farm_gateway_s3,48.8,27.4,0,4.6,0,0,0,29.2,71.0,24.4,97.0,1004.0,0.0,0.0,3.6,14.7,0.6,0.0,23.8,29.3,24.4,720.0,2026-09-13 11:00:00+00:00,False,False,,2026-09-13 18:00:00+07:00,15.0,-1.4000000000000057,2026-09-13
2060,farm_gateway_s3:1789298100,2026-09-13T11:15:00Z,46278.760416666664,farm_gateway_s3,47.6,27.4,0,4.6,0,0,0,29.1,72.0,24.5,97.0,1004.0,0.0,0.0,1.0,14.7,0.6,0.0,23.9,29.4,24.5,260.0,2026-09-13 11:15:00+00:00,False,False,,2026-09-13 18:15:00+07:00,15.0,-1.1999999999999957,2026-09-13
2061,farm_gateway_s3:1789299000,2026-09-13T11:30:00Z,46278.770833333336,farm_gateway_s3,46.4,27.4,0,4.5,0,0,0,28.9,73.0,24.6,97.0,1004.0,0.0,0.0,0.2,14.7,0.6,0.0,24.0,29.6,24.6,20.0,2026-09-13 11:30:00+00:00,False,False,,2026-09-13 18:30:00+07:00,15.0,-1.2000000000000028,2026-09-13
2062,farm_gateway_s3:1789299900,2026-09-13T11:45:00Z,46278.78125,farm_gateway_s3,46.0,27.4,0,4.6,0,0,0,28.8,73.0,24.5,97.0,1004.0,0.0,0.0,0.2,14.9,0.6,0.0,23.9,29.4,24.5,0.0,2026-09-13 11:45:00+00:00,False,False,,2026-09-13 18:45:00+07:00,15.0,-0.3999999999999986,2026-09-13
2063,farm_gateway_s3:1789300800,2026-09-13T12:00:00Z,46278.791666666664,farm_gateway_s3,45.4,27.4,0,4.4,0,0,0,28.8,73.0,24.5,97.0,1005.0,0.0,0.0,0.2,14.9,0.6,0.0,23.9,29.4,24.5,0.0,2026-09-13 12:00:00+00:00,False,False,,2026-09-13 19:00:00+07:00,15.0,-0.6000000000000014,2026-09-13
2064,farm_gateway_s3:1789301700,2026-09-13T12:15:00Z,46278.802083333336,farm_gateway_s3,45.1,27.3,0,4.4,0,0,0,28.6,73.0,24.5,97.0,1005.0,0.0,0.0,0.2,14.9,0.6,0.0,23.9,29.4,24.5,0.0,2026-09-13 12:15:00+00:00,False,False,,2026-09-13 19:15:00+07:00,15.0,-0.29999999999999716,2026-09-13
2065,farm_gateway_s3:1789302600,2026-09-13T12:30:00Z,46278.8125,farm_gateway_s3,44.6,27.3,0,4.4,0,0,0,28.6,74.0,24.5,97.0,1005.0,0.0,0.0,0.2,14.9,0.6,0.0,23.9,29.4,24.5,0.0,2026-09-13 12:30:00+00:00,False,False,,2026-09-13 19:30:00+07:00,15.0,-0.5,2026-09-13
2066,farm_gateway_s3:1789303500,2026-09-13T12:45:00Z,46278.822916666664,farm_gateway_s3,44.1,27.3,0,4.4,0,0,0,28.4,74.0,24.4,97.0,1005.0,0.0,0.0,0.2,15.1,0.6,0.0,23.8,29.3,24.4,0.0,2026-09-13 12:45:00+00:00,False,False,,2026-09-13 19:45:00+07:00,15.0,-0.5,2026-09-13
2067,farm_gateway_s3:1789304400,2026-09-13T13:00:00Z,46278.833333333336,farm_gateway_s3,43.8,27.3,0,4.4,0,0,0,28.3,75.0,24.5,98.0,1006.0,0.0,0.0,0.2,15.1,0.6,0.0,24.1,29.5,24.5,0.0,2026-09-13 13:00:00+00:00,False,False,,2026-09-13 20:00:00+07:00,15.0,-0.30000000000000426,2026-09-13
2068,farm_gateway_s3:1789305300,2026-09-13T13:15:00Z,46278.84375,farm_gateway_s3,43.5,27.3,0,4.6,0,0,0,28.3,75.0,24.5,98.0,1006.0,0.0,0.0,0.2,15.1,0.6,0.0,24.1,29.5,24.5,0.0,2026-09-13 13:15:00+00:00,False,False,,2026-09-13 20:15:00+07:00,15.0,-0.29999999999999716,2026-09-13
2069,farm_gateway_s3:1789306200,2026-09-13T13:30:00Z,46278.854166666664,farm_gateway_s3,43.2,27.3,0,4.7,0,0,0,28.3,75.0,24.6,98.0,1006.0,0.0,0.0,0.2,15.1,0.6,0.0,24.2,29.6,24.6,0.0,2026-09-13 13:30:00+00:00,False,False,,2026-09-13 20:30:00+07:00,15.0,-0.29999999999999716,2026-09-13
2070,farm_gateway_s3:1789307100,2026-09-13T13:45:00Z,46278.864583333336,farm_gateway_s3,42.9,27.3,0,4.7,0,0,0,28.2,75.0,24.5,98.0,1006.0,0.0,0.0,0.0,15.1,0.6,0.0,24.1,29.5,24.5,0.0,2026-09-13 13:45:00+00:00,False,False,,2026-09-13 20:45:00+07:00,15.0,-0.30000000000000426,2026-09-13
2071,farm_gateway_s3:1789308000,2026-09-13T14:00:00Z,46278.875,farm_gateway_s3,42.6,27.2,0,4.6,0,0,0,28.2,75.0,24.5,98.0,1007.0,0.0,0.0,0.0,15.1,0.6,0.0,24.1,29.5,24.5,0.0,2026-09-13 14:00:00+00:00,False,False,,2026-09-13 21:00:00+07:00,15.0,-0.29999999999999716,2026-09-13
2072,farm_gateway_s3:1789345800,2026-09-14T00:30:00Z,46279.3125,farm_gateway_s3,37.1,26.9,0,4.5,0,0,0,26.6,82.0,25.0,98.0,1005.0,0.0,0.0,0.0,0.0,0.0,0.0,24.6,30.2,25.0,9810.0,2026-09-14 00:30:00+00:00,False,False,,2026-09-14 07:30:00+07:00,630.0,,2026-09-14
2073,farm_gateway_s3:1789346700,2026-09-14T00:45:00Z,46279.322916666664,farm_gateway_s3,37.1,26.9,0,4.5,0,0,0,26.7,82.0,25.4,97.0,1005.0,0.0,0.0,0.0,0.0,0.0,1.0,24.8,30.7,25.4,16440.0,2026-09-14 00:45:00+00:00,False,False,,2026-09-14 07:45:00+07:00,15.0,0.0,2026-09-14
2074,farm_gateway_s3:1789347600,2026-09-14T01:00:00Z,46279.333333333336,farm_gateway_s3,37.0,26.9,0,4.5,0,0,0,26.8,83.0,25.9,95.0,1006.0,0.0,0.0,0.0,0.0,0.0,1.0,25.0,31.3,25.9,14300.0,2026-09-14 01:00:00+00:00,False,False,,2026-09-14 08:00:00+07:00,15.0,-0.10000000000000142,2026-09-14
2075,farm_gateway_s3:1789348500,2026-09-14T01:15:00Z,46279.34375,farm_gateway_s3,36.8,27.0,0,4.4,0,0,0,26.9,82.0,26.4,94.0,1006.0,0.0,0.0,0.0,0.0,0.0,1.0,25.3,31.9,26.4,17050.0,2026-09-14 01:15:00+00:00,False,False,,2026-09-14 08:15:00+07:00,15.0,-0.20000000000000284,2026-09-14
2076,farm_gateway_s3:1789349400,2026-09-14T01:30:00Z,46279.354166666664,farm_gateway_s3,36.7,27.0,0,4.4,0,0,0,27.0,82.0,26.9,92.0,1006.0,0.0,0.0,0.0,0.0,0.0,1.0,25.4,32.5,30.8,18480.0,2026-09-14 01:30:00+00:00,False,False,,2026-09-14 08:30:00+07:00,15.0,-0.09999999999999432,2026-09-14
2077,farm_gateway_s3:1789350300,2026-09-14T01:45:00Z,46279.364583333336,farm_gateway_s3,36.7,27.1,0,4.3,0,0,0,27.1,82.0,27.3,90.0,1006.0,0.0,0.0,0.0,0.0,0.0,0.0,25.4,33.0,31.6,13420.0,2026-09-14 01:45:00+00:00,False,False,,2026-09-14 08:45:00+07:00,15.0,0.0,2026-09-14
2078,farm_gateway_s3:1789351200,2026-09-14T02:00:00Z,46279.375,farm_gateway_s3,36.7,27.1,0,4.3,0,0,0,27.3,82.0,28.6,86.0,1007.0,0.0,0.0,0.0,0.0,0.0,2.0,25.9,34.6,34.7,52140.0,2026-09-14 02:00:00+00:00,False,False,,2026-09-14 09:00:00+07:00,15.0,0.0,2026-09-14
2079,farm_gateway_s3:1789352100,2026-09-14T02:15:00Z,46279.385416666664,farm_gateway_s3,36.5,27.1,0,4.3,0,0,0,27.6,81.0,29.2,85.0,1007.0,0.0,0.0,0.0,0.0,0.0,2.0,26.3,35.4,36.5,45760.0,2026-09-14 02:15:00+00:00,False,False,,2026-09-14 09:15:00+07:00,15.0,-0.20000000000000284,2026-09-14
2080,farm_gateway_s3:1789353000,2026-09-14T02:30:00Z,46279.395833333336,farm_gateway_s3,36.4,27.2,0,4.4,0,0,0,27.9,79.0,29.0,82.0,1007.0,0.0,0.0,0.0,0.0,0.0,1.0,25.5,34.8,35.3,31350.0,2026-09-14 02:30:00+00:00,False,False,,2026-09-14 09:30:00+07:00,15.0,-0.10000000000000142,2026-09-14
2081,farm_gateway_s3:1789353900,2026-09-14T02:45:00Z,46279.40625,farm_gateway_s3,36.3,27.2,0,4.4,0,0,0,28.2,79.0,29.4,83.0,1007.0,0.0,0.0,0.0,0.0,0.0,1.0,26.1,35.5,36.5,33880.0,2026-09-14 02:45:00+00:00,False,False,,2026-09-14 09:45:00+07:00,15.0,-0.10000000000000142,2026-09-14
2082,farm_gateway_s3:1789354800,2026-09-14T03:00:00Z,46279.416666666664,farm_gateway_s3,36.1,27.3,0,4.4,0,0,0,28.4,80.0,30.3,82.0,1007.0,0.0,0.0,0.0,0.0,0.0,2.0,26.8,36.7,39.2,52800.0,2026-09-14 03:00:00+00:00,False,False,,2026-09-14 10:00:00+07:00,15.0,-0.19999999999999574,2026-09-14
2083,farm_gateway_s3:1789355700,2026-09-14T03:15:00Z,46279.427083333336,farm_gateway_s3,36.1,27.4,0,4.4,0,0,0,28.6,78.0,31.6,77.0,1007.0,0.0,0.0,0.0,0.0,0.0,3.0,27.0,38.2,41.6,87780.0,2026-09-14 03:15:00+00:00,False,False,,2026-09-14 10:15:00+07:00,15.0,0.0,2026-09-14
2084,farm_gateway_s3:1789356600,2026-09-14T03:30:00Z,46279.4375,farm_gateway_s3,36.1,27.4,0,4.4,0,0,0,29.1,77.0,31.8,76.0,1007.0,0.0,0.0,0.0,0.0,0.0,3.0,27.0,38.4,42.1,91080.0,2026-09-14 03:30:00+00:00,False,False,,2026-09-14 10:30:00+07:00,15.0,0.0,2026-09-14
2085,farm_gateway_s3:1789357500,2026-09-14T03:45:00Z,46279.447916666664,farm_gateway_s3,36.0,27.5,0,4.4,0,0,0,29.5,75.0,31.8,72.0,1007.0,0.0,0.0,0.0,0.0,0.0,3.0,26.0,38.0,40.6,78320.0,2026-09-14 03:45:00+00:00,False,False,,2026-09-14 10:45:00+07:00,15.0,-0.10000000000000142,2026-09-14
2086,farm_gateway_s3:1789358400,2026-09-14T04:00:00Z,46279.458333333336,farm_gateway_s3,35.7,27.5,0,4.4,0,0,0,29.8,75.0,32.2,74.0,1007.0,0.0,0.0,0.0,0.0,0.0,2.0,26.9,38.8,42.7,59400.0,2026-09-14 04:00:00+00:00,False,False,,2026-09-14 11:00:00+07:00,15.0,-0.29999999999999716,2026-09-14
2087,farm_gateway_s3:1789359300,2026-09-14T04:15:00Z,46279.46875,farm_gateway_s3,35.6,27.6,0,4.4,0,0,0,30.1,74.0,31.8,73.0,1007.0,0.0,0.0,0.0,0.0,0.0,2.0,26.3,38.1,40.8,52360.0,2026-09-14 04:15:00+00:00,False,False,,2026-09-14 11:15:00+07:00,15.0,-0.10000000000000142,2026-09-14
2088,farm_gateway_s3:1789360200,2026-09-14T04:30:00Z,46279.479166666664,farm_gateway_s3,35.6,27.6,0,4.3,0,0,0,30.3,74.0,31.9,75.0,1007.0,0.0,0.0,0.0,0.0,0.0,2.0,26.8,38.4,42.0,55880.0,2026-09-14 04:30:00+00:00,False,False,,2026-09-14 11:30:00+07:00,15.0,0.0,2026-09-14
2089,farm_gateway_s3:1789361100,2026-09-14T04:45:00Z,46279.489583333336,farm_gateway_s3,35.4,27.7,0,4.3,0,0,0,30.6,73.0,31.7,75.0,1007.0,0.0,0.0,0.0,0.0,0.0,2.0,26.6,38.2,41.3,51260.0,2026-09-14 04:45:00+00:00,False,False,,2026-09-14 11:45:00+07:00,15.0,-0.20000000000000284,2026-09-14
2090,farm_gateway_s3:1789362000,2026-09-14T05:00:00Z,46279.5,farm_gateway_s3,35.2,27.7,0,4.3,0,0,0,30.8,72.0,32.8,67.0,1006.0,0.0,0.0,0.0,0.0,0.0,3.0,25.8,39.0,41.6,85800.0,2026-09-14 05:00:00+00:00,False,False,,2026-09-14 12:00:00+07:00,15.0,-0.19999999999999574,2026-09-14
2091,farm_gateway_s3:1789362900,2026-09-14T05:15:00Z,46279.510416666664,farm_gateway_s3,35.0,27.8,0,4.3,0,0,0,31.1,69.0,32.9,64.0,1006.0,0.0,0.0,0.0,0.0,0.0,2.0,25.1,38.8,40.7,71720.0,2026-09-14 05:15:00+00:00,False,False,,2026-09-14 12:15:00+07:00,15.0,-0.20000000000000284,2026-09-14
2092,farm_gateway_s3:1789363800,2026-09-14T05:30:00Z,46279.520833333336,farm_gateway_s3,34.9,27.8,0,4.3,0,0,0,31.3,67.0,32.8,67.0,1006.0,0.0,0.0,0.0,0.0,0.0,4.0,25.8,39.0,41.6,117040.0,2026-09-14 05:30:00+00:00,False,False,,2026-09-14 12:30:00+07:00,15.0,-0.10000000000000142,2026-09-14
2093,farm_gateway_s3:1789364700,2026-09-14T05:45:00Z,46279.53125,farm_gateway_s3,34.9,27.9,0,4.3,0,0,0,31.6,68.0,33.9,64.0,1006.0,0.0,0.0,0.0,0.0,0.0,2.0,26.0,40.3,43.7,72600.0,2026-09-14 05:45:00+00:00,False,False,,2026-09-14 12:45:00+07:00,15.0,0.0,2026-09-14
2094,farm_gateway_s3:1789365600,2026-09-14T06:00:00Z,46279.541666666664,farm_gateway_s3,34.6,27.9,0,4.4,0,0,0,31.9,66.0,33.0,68.0,1005.0,0.0,0.0,0.0,0.0,0.0,4.0,26.2,39.4,42.7,128260.0,2026-09-14 06:00:00+00:00,False,False,,2026-09-14 13:00:00+07:00,15.0,-0.29999999999999716,2026-09-14
2095,farm_gateway_s3:1789366500,2026-09-14T06:15:00Z,46279.552083333336,farm_gateway_s3,34.5,28.0,0,4.4,0,0,0,32.2,64.0,34.0,60.0,1005.0,0.0,4.6,0.0,0.0,0.0,1.0,25.0,40.0,42.1,41910.0,2026-09-14 06:15:00+00:00,False,False,,2026-09-14 13:15:00+07:00,15.0,-0.10000000000000142,2026-09-14
2096,farm_gateway_s3:1789367400,2026-09-14T06:30:00Z,46279.5625,farm_gateway_s3,34.3,28.1,0,4.3,0,0,0,32.4,64.0,35.0,58.0,1005.0,0.0,0.0,0.0,0.0,0.0,4.0,25.4,41.2,44.0,116380.0,2026-09-14 06:30:00+00:00,False,False,,2026-09-14 13:30:00+07:00,15.0,-0.20000000000000284,2026-09-14
2097,farm_gateway_s3:1789368300,2026-09-14T06:45:00Z,46279.572916666664,farm_gateway_s3,34.3,28.1,0,4.3,0,0,0,32.7,64.0,31.9,67.0,1005.0,0.0,3.9,0.0,0.0,0.0,1.0,24.9,37.3,39.2,17980.0,2026-09-14 06:45:00+00:00,False,False,,2026-09-14 13:45:00+07:00,15.0,0.0,2026-09-14
2098,farm_gateway_s3:1789369200,2026-09-14T07:00:00Z,46279.583333333336,farm_gateway_s3,34.1,28.2,0,4.3,0,0,0,32.5,64.0,29.7,76.0,1004.0,0.0,0.0,0.0,0.0,0.0,1.0,24.9,35.3,35.7,19800.0,2026-09-14 07:00:00+00:00,False,False,,2026-09-14 14:00:00+07:00,15.0,-0.19999999999999574,2026-09-14
2099,farm_gateway_s3:1789370100,2026-09-14T07:15:00Z,46279.59375,farm_gateway_s3,33.8,28.2,0,4.3,0,0,0,31.9,66.0,26.9,89.0,1004.0,0.0,0.0,0.8,0.8,0.0,0.0,24.9,32.3,30.3,13580.0,2026-09-14 07:15:00+00:00,False,False,,2026-09-14 14:15:00+07:00,15.0,-0.30000000000000426,2026-09-14
2100,farm_gateway_s3:1789371000,2026-09-14T07:30:00Z,46279.604166666664,farm_gateway_s3,33.7,28.1,0,4.3,0,0,0,30.4,67.0,24.4,93.0,1004.0,1.3,5.3,2.3,2.3,0.0,0.0,23.1,29.0,24.4,14350.0,2026-09-14 07:30:00+00:00,False,False,,2026-09-14 14:30:00+07:00,15.0,-0.09999999999999432,2026-09-14
2101,farm_gateway_s3:1789371900,2026-09-14T07:45:00Z,46279.614583333336,farm_gateway_s3,34.6,28.1,0,4.4,0,0,0,29.6,67.0,24.3,91.0,1004.0,0.2,0.0,4.2,4.2,0.2,0.0,22.7,28.8,24.3,12430.0,2026-09-14 07:45:00+00:00,False,False,,2026-09-14 14:45:00+07:00,15.0,0.8999999999999986,2026-09-14
2102,farm_gateway_s3:1789372800,2026-09-14T08:00:00Z,46279.625,farm_gateway_s3,38.5,27.9,0,4.3,0,0,0,29.6,67.0,24.6,92.0,1004.0,0.0,0.0,4.4,4.4,0.2,0.0,23.1,29.2,24.6,14460.0,2026-09-14 08:00:00+00:00,False,False,,2026-09-14 15:00:00+07:00,15.0,3.8999999999999986,2026-09-14
2103,farm_gateway_s3:1789373700,2026-09-14T08:15:00Z,46279.635416666664,farm_gateway_s3,40.2,27.8,0,4.4,0,0,0,,,,,,,,,,,,,,,,2026-09-14 08:15:00+00:00,False,True,,2026-09-14 15:15:00+07:00,15.0,1.7000000000000028,2026-09-14
2104,farm_gateway_s3:1789374600,2026-09-14T08:30:00Z,46279.645833333336,farm_gateway_s3,40.5,27.8,0,4.4,0,0,0,29.3,70.0,25.5,92.0,1004.0,0.0,0.0,2.1,4.4,0.2,1.0,24.0,30.5,25.5,22990.0,2026-09-14 08:30:00+00:00,False,False,,2026-09-14 15:30:00+07:00,15.0,0.29999999999999716,2026-09-14
2105,farm_gateway_s3:1789375500,2026-09-14T08:45:00Z,46279.65625,farm_gateway_s3,40.6,27.8,0,4.4,0,0,0,29.3,71.0,25.3,92.0,1004.0,0.0,0.0,0.2,4.4,0.2,0.0,23.8,30.2,25.3,10690.0,2026-09-14 08:45:00+00:00,False,False,,2026-09-14 15:45:00+07:00,15.0,0.10000000000000142,2026-09-14
2106,farm_gateway_s3:1789376400,2026-09-14T09:00:00Z,46279.666666666664,farm_gateway_s3,40.6,27.7,0,4.4,0,0,0,29.3,71.0,25.3,94.0,1004.0,0.0,0.0,0.2,4.7,0.2,0.0,24.2,30.4,25.3,4860.0,2026-09-14 09:00:00+00:00,False,False,,2026-09-14 16:00:00+07:00,15.0,0.0,2026-09-14
2107,farm_gateway_s3:1789377300,2026-09-14T09:15:00Z,46279.677083333336,farm_gateway_s3,40.4,27.7,0,4.4,0,0,0,29.1,72.0,25.0,94.0,1004.0,0.0,0.0,0.2,4.7,0.2,0.0,23.9,29.9,25.0,4770.0,2026-09-14 09:15:00+00:00,False,False,,2026-09-14 16:15:00+07:00,15.0,-0.20000000000000284,2026-09-14
2108,farm_gateway_s3:1789378200,2026-09-14T09:30:00Z,46279.6875,farm_gateway_s3,40.4,27.6,0,4.4,0,0,0,29.0,73.0,25.0,95.0,1004.0,0.0,0.0,0.4,4.9,0.2,0.0,24.1,30.0,25.0,3350.0,2026-09-14 09:30:00+00:00,False,False,,2026-09-14 16:30:00+07:00,15.0,0.0,2026-09-14
2109,farm_gateway_s3:1789379100,2026-09-14T09:45:00Z,46279.697916666664,farm_gateway_s3,40.4,27.6,0,4.4,0,0,0,28.9,73.0,25.0,95.0,1004.0,0.0,0.0,0.4,4.9,0.2,0.0,24.1,30.0,25.0,2370.0,2026-09-14 09:45:00+00:00,False,False,,2026-09-14 16:45:00+07:00,15.0,0.0,2026-09-14
2110,farm_gateway_s3:1789380000,2026-09-14T10:00:00Z,46279.708333333336,farm_gateway_s3,40.2,27.6,0,4.4,0,0,0,28.8,74.0,25.0,96.0,1004.0,0.0,0.0,0.2,4.9,0.2,0.0,24.2,30.1,25.0,1430.0,2026-09-14 10:00:00+00:00,False,False,,2026-09-14 17:00:00+07:00,15.0,-0.19999999999999574,2026-09-14
2111,farm_gateway_s3:1789380900,2026-09-14T10:15:00Z,46279.71875,farm_gateway_s3,40.1,27.6,0,4.3,0,0,0,28.8,74.0,24.9,96.0,1004.0,0.0,0.0,0.2,4.9,0.2,0.0,24.1,29.9,24.9,820.0,2026-09-14 10:15:00+00:00,False,False,,2026-09-14 17:15:00+07:00,15.0,-0.10000000000000142,2026-09-14
2112,farm_gateway_s3:1789381800,2026-09-14T10:30:00Z,46279.729166666664,farm_gateway_s3,40.0,27.5,0,4.3,0,0,0,28.6,74.0,24.9,96.0,1004.0,0.0,0.0,0.0,4.9,0.2,0.0,24.1,29.9,24.9,660.0,2026-09-14 10:30:00+00:00,False,False,,2026-09-14 17:30:00+07:00,15.0,-0.10000000000000142,2026-09-14
2113,farm_gateway_s3:1789382700,2026-09-14T10:45:00Z,46279.739583333336,farm_gateway_s3,39.8,27.5,0,4.7,0,0,0,28.6,74.0,24.8,96.0,1004.0,0.0,0.0,0.0,4.9,0.2,0.0,24.0,29.8,24.8,450.0,2026-09-14 10:45:00+00:00,False,False,,2026-09-14 17:45:00+07:00,15.0,-0.20000000000000284,2026-09-14
2114,farm_gateway_s3:1789383600,2026-09-14T11:00:00Z,46279.75,farm_gateway_s3,39.7,27.5,0,4.5,0,0,0,28.6,74.0,24.8,96.0,1004.0,0.0,0.0,0.0,4.9,0.2,0.0,24.0,29.8,24.8,300.0,2026-09-14 11:00:00+00:00,False,False,,2026-09-14 18:00:00+07:00,15.0,-0.09999999999999432,2026-09-14
2115,farm_gateway_s3:1789384500,2026-09-14T11:15:00Z,46279.760416666664,farm_gateway_s3,39.6,27.5,0,4.4,0,0,0,28.5,75.0,24.8,97.0,1004.0,0.0,0.0,0.0,4.9,0.2,0.0,24.2,29.8,24.8,80.0,2026-09-14 11:15:00+00:00,False,False,,2026-09-14 18:15:00+07:00,15.0,-0.10000000000000142,2026-09-14
2116,farm_gateway_s3:1789385400,2026-09-14T11:30:00Z,46279.770833333336,farm_gateway_s3,39.5,27.4,0,4.5,0,0,0,28.5,75.0,24.7,97.0,1004.0,0.0,0.0,0.0,4.9,0.2,0.0,24.1,29.7,24.7,10.0,2026-09-14 11:30:00+00:00,False,False,,2026-09-14 18:30:00+07:00,15.0,-0.10000000000000142,2026-09-14
2117,farm_gateway_s3:1789386300,2026-09-14T11:45:00Z,46279.78125,farm_gateway_s3,39.4,27.4,0,4.4,0,0,0,28.4,75.0,24.8,97.0,1004.0,0.0,0.0,0.0,4.9,0.2,0.0,24.2,29.8,24.8,0.0,2026-09-14 11:45:00+00:00,False,False,,2026-09-14 18:45:00+07:00,15.0,-0.10000000000000142,2026-09-14
2118,farm_gateway_s3:1789387200,2026-09-14T12:00:00Z,46279.791666666664,farm_gateway_s3,39.4,27.4,0,4.4,0,0,0,28.3,76.0,24.8,97.0,1005.0,0.0,0.0,0.0,4.9,0.2,0.0,24.2,29.8,24.8,0.0,2026-09-14 12:00:00+00:00,False,False,,2026-09-14 19:00:00+07:00,15.0,0.0,2026-09-14
2119,farm_gateway_s3:1789389000,2026-09-14T12:30:00Z,46279.8125,farm_gateway_s3,39.2,27.4,0,4.4,0,0,0,28.1,76.0,24.6,97.0,1005.0,0.0,0.0,0.0,4.9,0.2,0.0,24.0,29.6,24.6,0.0,2026-09-14 12:30:00+00:00,False,False,,2026-09-14 19:30:00+07:00,30.0,-0.19999999999999574,2026-09-14
2120,farm_gateway_s3:1789389900,2026-09-14T12:45:00Z,46279.822916666664,farm_gateway_s3,38.7,27.4,0,4.6,0,0,0,28.0,77.0,24.6,97.0,1005.0,0.0,0.0,0.0,4.9,0.2,0.0,24.0,29.6,24.6,0.0,2026-09-14 12:45:00+00:00,False,False,,2026-09-14 19:45:00+07:00,15.0,-0.5,2026-09-14
2121,farm_gateway_s3:1789390800,2026-09-14T13:00:00Z,46279.833333333336,farm_gateway_s3,38.6,27.3,0,4.5,0,0,0,28.0,77.0,24.8,98.0,1005.0,0.0,0.0,0.0,4.9,0.2,0.0,24.4,29.9,24.8,0.0,2026-09-14 13:00:00+00:00,False,False,,2026-09-14 20:00:00+07:00,15.0,-0.10000000000000142,2026-09-14
2122,farm_gateway_s3:1789391700,2026-09-14T13:15:00Z,46279.84375,farm_gateway_s3,38.6,27.3,0,4.4,0,0,0,27.9,77.0,24.8,97.0,1005.0,0.0,0.0,0.0,4.9,0.2,0.0,24.2,29.8,24.8,0.0,2026-09-14 13:15:00+00:00,False,False,,2026-09-14 20:15:00+07:00,15.0,0.0,2026-09-14
2123,farm_gateway_s3:1789392600,2026-09-14T13:30:00Z,46279.854166666664,farm_gateway_s3,38.3,27.3,0,5.2,0,0,0,27.9,77.0,24.8,98.0,1005.0,0.0,0.0,0.0,4.9,0.2,0.0,24.4,29.9,24.8,0.0,2026-09-14 13:30:00+00:00,False,False,,2026-09-14 20:30:00+07:00,15.0,-0.30000000000000426,2026-09-14
2124,farm_gateway_s3:1789393500,2026-09-14T13:45:00Z,46279.864583333336,farm_gateway_s3,38.3,27.3,0,4.4,0,0,0,27.8,78.0,24.8,98.0,1005.0,0.0,0.0,0.0,4.9,0.2,0.0,24.4,29.9,24.8,0.0,2026-09-14 13:45:00+00:00,False,False,,2026-09-14 20:45:00+07:00,15.0,0.0,2026-09-14
2125,farm_gateway_s3:1789394400,2026-09-14T14:00:00Z,46279.875,farm_gateway_s3,38.2,27.3,0,4.4,0,0,0,27.8,78.0,24.8,98.0,1006.0,0.0,0.0,0.0,4.9,0.2,0.0,24.4,29.9,24.8,0.0,2026-09-14 14:00:00+00:00,False,False,,2026-09-14 21:00:00+07:00,15.0,-0.09999999999999432,2026-09-14
2126,farm_gateway_s3:1789395300,2026-09-14T14:15:00Z,46279.885416666664,farm_gateway_s3,38.2,27.3,0,4.4,0,0,0,27.7,78.0,24.8,98.0,1006.0,0.0,0.0,0.0,4.9,0.2,0.0,24.4,29.9,24.8,0.0,2026-09-14 14:15:00+00:00,False,False,,2026-09-14 21:15:00+07:00,15.0,0.0,2026-09-14
2127,farm_gateway_s3:1789396200,2026-09-14T14:30:00Z,46279.895833333336,farm_gateway_s3,38.1,27.3,0,4.4,0,0,0,27.6,78.0,24.8,98.0,1006.0,0.0,0.0,0.0,4.9,0.2,0.0,24.4,29.9,24.8,0.0,2026-09-14 14:30:00+00:00,False,False,,2026-09-14 21:30:00+07:00,15.0,-0.10000000000000142,2026-09-14
2128,farm_gateway_s3:1789397100,2026-09-14T14:45:00Z,46279.90625,farm_gateway_s3,37.9,27.3,0,4.4,0,0,0,27.6,78.0,24.8,98.0,1006.0,0.0,0.0,0.0,4.9,0.2,0.0,24.4,29.9,24.8,0.0,2026-09-14 14:45:00+00:00,False,False,,2026-09-14 21:45:00+07:00,15.0,-0.20000000000000284,2026-09-14
2129,farm_gateway_s3:1789398000,2026-09-14T15:00:00Z,46279.916666666664,farm_gateway_s3,37.8,27.2,0,4.4,0,0,0,27.6,78.0,24.7,98.0,1007.0,0.0,0.0,0.0,4.9,0.2,0.0,24.3,29.8,24.7,0.0,2026-09-14 15:00:00+00:00,False,False,,2026-09-14 22:00:00+07:00,15.0,-0.10000000000000142,2026-09-14
2130,farm_gateway_s3:1789398900,2026-09-14T15:15:00Z,46279.927083333336,farm_gateway_s3,37.8,27.2,0,4.4,0,0,0,27.5,79.0,24.7,98.0,1007.0,0.0,0.0,0.0,4.9,0.2,0.0,24.3,29.8,24.7,0.0,2026-09-14 15:15:00+00:00,False,False,,2026-09-14 22:15:00+07:00,15.0,0.0,2026-09-14
2131,farm_gateway_s3:1789399800,2026-09-14T15:30:00Z,46279.9375,farm_gateway_s3,37.8,27.2,0,4.5,0,0,0,27.5,78.0,24.5,98.0,1007.0,0.0,0.0,0.0,4.9,0.2,0.0,24.1,29.5,24.5,0.0,2026-09-14 15:30:00+00:00,False,False,,2026-09-14 22:30:00+07:00,15.0,0.0,2026-09-14
2132,farm_gateway_s3:1789400700,2026-09-14T15:45:00Z,46279.947916666664,farm_gateway_s3,37.6,27.2,0,4.4,0,0,0,27.4,78.0,24.4,98.0,1007.0,0.0,0.0,0.0,4.9,0.2,0.0,24.0,29.3,24.4,0.0,2026-09-14 15:45:00+00:00,False,False,,2026-09-14 22:45:00+07:00,15.0,-0.19999999999999574,2026-09-14
2133,farm_gateway_s3:1789432200,2026-09-15T00:30:00Z,46280.3125,farm_gateway_s3,35.4,26.8,0,4.3,0,0,0,,,,,,,,,,,,,,,,2026-09-15 00:30:00+00:00,True,False,repeated_signature_60min_offline_full_run,2026-09-15 07:30:00+07:00,525.0,,2026-09-15
2134,farm_gateway_s3:1789433100,2026-09-15T00:45:00Z,46280.322916666664,farm_gateway_s3,35.3,26.8,0,4.3,0,0,0,,,,,,,,,,,,,,,,2026-09-15 00:45:00+00:00,True,False,repeated_signature_60min_offline_full_run,2026-09-15 07:45:00+07:00,15.0,-0.10000000000000142,2026-09-15
2135,farm_gateway_s3:1789434000,2026-09-15T01:00:00Z,46280.333333333336,farm_gateway_s3,35.3,26.9,0,4.4,0,0,0,,,,,,,,,,,,,,,,2026-09-15 01:00:00+00:00,True,False,repeated_signature_60min_offline_full_run,2026-09-15 08:00:00+07:00,15.0,0.0,2026-09-15
2136,farm_gateway_s3:1789434900,2026-09-15T01:15:00Z,46280.34375,farm_gateway_s3,35.3,26.9,0,4.3,0,0,0,,,,,,,,,,,,,,,,2026-09-15 01:15:00+00:00,True,False,repeated_signature_60min_offline_full_run,2026-09-15 08:15:00+07:00,15.0,0.0,2026-09-15
2137,farm_gateway_s3:1789435800,2026-09-15T01:30:00Z,46280.354166666664,farm_gateway_s3,35.2,26.9,0,4.3,0,0,0,,,,,,,,,,,,,,,,2026-09-15 01:30:00+00:00,True,False,repeated_signature_60min_offline_full_run,2026-09-15 08:30:00+07:00,15.0,-0.09999999999999432,2026-09-15
2138,farm_gateway_s3:1789436700,2026-09-15T01:45:00Z,46280.364583333336,farm_gateway_s3,35.2,27.0,0,4.3,0,0,0,,,,,,,,,,,,,,,,2026-09-15 01:45:00+00:00,True,False,repeated_signature_60min_offline_full_run,2026-09-15 08:45:00+07:00,15.0,0.0,2026-09-15
2139,farm_gateway_s3:1789437600,2026-09-15T02:00:00Z,46280.375,farm_gateway_s3,35.0,27.0,0,4.4,0,0,0,,,,,,,,,,,,,,,,2026-09-15 02:00:00+00:00,True,False,repeated_signature_60min_offline_full_run,2026-09-15 09:00:00+07:00,15.0,-0.20000000000000284,2026-09-15
2140,farm_gateway_s3:1789438500,2026-09-15T02:15:00Z,46280.385416666664,farm_gateway_s3,35.0,27.1,0,4.4,0,0,0,,,,,,,,,,,,,,,,2026-09-15 02:15:00+00:00,True,False,repeated_signature_60min_offline_full_run,2026-09-15 09:15:00+07:00,15.0,0.0,2026-09-15
2141,farm_gateway_s3:1789439400,2026-09-15T02:30:00Z,46280.395833333336,farm_gateway_s3,34.9,27.1,0,4.4,0,0,0,,,,,,,,,,,,,,,,2026-09-15 02:30:00+00:00,True,False,repeated_signature_60min_offline_full_run,2026-09-15 09:30:00+07:00,15.0,-0.10000000000000142,2026-09-15
2142,farm_gateway_s3:1789440300,2026-09-15T02:45:00Z,46280.40625,farm_gateway_s3,34.9,27.2,0,4.4,0,0,0,,,,,,,,,,,,,,,,2026-09-15 02:45:00+00:00,True,False,repeated_signature_60min_offline_full_run,2026-09-15 09:45:00+07:00,15.0,0.0,2026-09-15
2143,farm_gateway_s3:1789441200,2026-09-15T03:00:00Z,46280.416666666664,farm_gateway_s3,34.9,27.2,0,4.4,0,0,0,,,,,,,,,,,,,,,,2026-09-15 03:00:00+00:00,True,False,repeated_signature_60min_offline_full_run,2026-09-15 10:00:00+07:00,15.0,0.0,2026-09-15
2144,farm_gateway_s3:1789442100,2026-09-15T03:15:00Z,46280.427083333336,farm_gateway_s3,34.8,27.3,0,4.4,0,0,0,,,,,,,,,,,,,,,,2026-09-15 03:15:00+00:00,True,False,repeated_signature_60min_offline_full_run,2026-09-15 10:15:00+07:00,15.0,-0.10000000000000142,2026-09-15
2145,farm_gateway_s3:1789443000,2026-09-15T03:30:00Z,46280.4375,farm_gateway_s3,34.6,27.3,0,4.4,0,0,0,,,,,,,,,,,,,,,,2026-09-15 03:30:00+00:00,True,False,repeated_signature_60min_offline_full_run,2026-09-15 10:30:00+07:00,15.0,-0.19999999999999574,2026-09-15
2146,farm_gateway_s3:1789443900,2026-09-15T03:45:00Z,46280.447916666664,farm_gateway_s3,34.5,27.4,0,4.4,0,0,0,,,,,,,,,,,,,,,,2026-09-15 03:45:00+00:00,True,False,repeated_signature_60min_offline_full_run,2026-09-15 10:45:00+07:00,15.0,-0.10000000000000142,2026-09-15
2147,farm_gateway_s3:1789444800,2026-09-15T04:00:00Z,46280.458333333336,farm_gateway_s3,34.3,27.4,0,4.4,0,0,0,,,,,,,,,,,,,,,,2026-09-15 04:00:00+00:00,True,False,repeated_signature_60min_offline_full_run,2026-09-15 11:00:00+07:00,15.0,-0.20000000000000284,2026-09-15
2148,farm_gateway_s3:1789445700,2026-09-15T04:15:00Z,46280.46875,farm_gateway_s3,34.3,27.5,0,4.4,0,0,0,,,,,,,,,,,,,,,,2026-09-15 04:15:00+00:00,True,False,repeated_signature_60min_offline_full_run,2026-09-15 11:15:00+07:00,15.0,0.0,2026-09-15
2149,farm_gateway_s3:1789446600,2026-09-15T04:30:00Z,46280.479166666664,farm_gateway_s3,34.2,27.6,0,4.3,0,0,0,,,,,,,,,,,,,,,,2026-09-15 04:30:00+00:00,True,False,repeated_signature_60min_offline_full_run,2026-09-15 11:30:00+07:00,15.0,-0.09999999999999432,2026-09-15
2150,farm_gateway_s3:1789447500,2026-09-15T04:45:00Z,46280.489583333336,farm_gateway_s3,34.2,27.6,0,4.4,0,0,0,,,,,,,,,,,,,,,,2026-09-15 04:45:00+00:00,True,False,repeated_signature_60min_offline_full_run,2026-09-15 11:45:00+07:00,15.0,0.0,2026-09-15
2151,farm_gateway_s3:1789448400,2026-09-15T05:00:00Z,46280.5,farm_gateway_s3,33.9,27.7,0,4.4,0,0,0,,,,,,,,,,,,,,,,2026-09-15 05:00:00+00:00,True,False,repeated_signature_60min_offline_full_run,2026-09-15 12:00:00+07:00,15.0,-0.30000000000000426,2026-09-15
2152,farm_gateway_s3:1789449300,2026-09-15T05:15:00Z,46280.510416666664,farm_gateway_s3,33.9,27.7,0,4.4,0,0,0,,,,,,,,,,,,,,,,2026-09-15 05:15:00+00:00,True,False,repeated_signature_60min_offline_full_run,2026-09-15 12:15:00+07:00,15.0,0.0,2026-09-15
2153,farm_gateway_s3:1789450200,2026-09-15T05:30:00Z,46280.520833333336,farm_gateway_s3,33.8,27.8,0,5.2,0,0,0,,,,,,,,,,,,,,,,2026-09-15 05:30:00+00:00,True,False,repeated_signature_60min_offline_full_run,2026-09-15 12:30:00+07:00,15.0,-0.10000000000000142,2026-09-15
2154,farm_gateway_s3:1789451100,2026-09-15T05:45:00Z,46280.53125,farm_gateway_s3,33.7,27.8,0,4.4,0,0,0,,,,,,,,,,,,,,,,2026-09-15 05:45:00+00:00,True,False,repeated_signature_60min_offline_full_run,2026-09-15 12:45:00+07:00,15.0,-0.09999999999999432,2026-09-15
2155,farm_gateway_s3:1789452000,2026-09-15T06:00:00Z,46280.541666666664,farm_gateway_s3,33.5,27.9,0,4.3,0,0,0,,,,,,,,,,,,,,,,2026-09-15 06:00:00+00:00,True,False,repeated_signature_60min_offline_full_run,2026-09-15 13:00:00+07:00,15.0,-0.20000000000000284,2026-09-15
2156,farm_gateway_s3:1789452900,2026-09-15T06:15:00Z,46280.552083333336,farm_gateway_s3,33.2,27.9,0,4.3,0,0,0,,,,,,,,,,,,,,,,2026-09-15 06:15:00+00:00,True,False,repeated_signature_60min_offline_full_run,2026-09-15 13:15:00+07:00,15.0,-0.29999999999999716,2026-09-15
2157,farm_gateway_s3:1789453800,2026-09-15T06:30:00Z,46280.5625,farm_gateway_s3,33.2,28.0,0,5.2,0,0,0,,,,,,,,,,,,,,,,2026-09-15 06:30:00+00:00,True,False,repeated_signature_60min_offline_full_run,2026-09-15 13:30:00+07:00,15.0,0.0,2026-09-15
2158,farm_gateway_s3:1789454700,2026-09-15T06:45:00Z,46280.572916666664,farm_gateway_s3,33.1,28.0,0,5.2,0,0,0,,,,,,,,,,,,,,,,2026-09-15 06:45:00+00:00,True,False,repeated_signature_60min_offline_full_run,2026-09-15 13:45:00+07:00,15.0,-0.10000000000000142,2026-09-15
2159,farm_gateway_s3:1789455600,2026-09-15T07:00:00Z,46280.583333333336,farm_gateway_s3,33.0,28.1,0,5.2,0,0,0,,,,,,,,,,,,,,,,2026-09-15 07:00:00+00:00,True,False,repeated_signature_60min_offline_full_run,2026-09-15 14:00:00+07:00,15.0,-0.10000000000000142,2026-09-15
2160,farm_gateway_s3:1789456500,2026-09-15T07:15:00Z,46280.59375,farm_gateway_s3,32.8,28.1,0,4.3,0,0,0,,,,,,,,,,,,,,,,2026-09-15 07:15:00+00:00,True,False,repeated_signature_60min_offline_full_run,2026-09-15 14:15:00+07:00,15.0,-0.20000000000000284,2026-09-15
2161,farm_gateway_s3:1789457400,2026-09-15T07:30:00Z,46280.604166666664,farm_gateway_s3,32.7,28.1,0,4.3,0,0,0,,,,,,,,,,,,,,,,2026-09-15 07:30:00+00:00,True,False,repeated_signature_60min_offline_full_run,2026-09-15 14:30:00+07:00,15.0,-0.09999999999999432,2026-09-15
2162,farm_gateway_s3:1789458300,2026-09-15T07:45:00Z,46280.614583333336,farm_gateway_s3,32.7,28.2,0,4.3,0,0,0,,,,,,,,,,,,,,,,2026-09-15 07:45:00+00:00,True,False,repeated_signature_60min_offline_full_run,2026-09-15 14:45:00+07:00,15.0,0.0,2026-09-15
2163,farm_gateway_s3:1789459200,2026-09-15T08:00:00Z,46280.625,farm_gateway_s3,32.6,28.2,0,4.3,0,0,0,,,,,,,,,,,,,,,,2026-09-15 08:00:00+00:00,True,False,repeated_signature_60min_offline_full_run,2026-09-15 15:00:00+07:00,15.0,-0.10000000000000142,2026-09-15
2164,farm_gateway_s3:1789460100,2026-09-15T08:15:00Z,46280.635416666664,farm_gateway_s3,32.4,28.2,0,4.3,0,0,0,,,,,,,,,,,,,,,,2026-09-15 08:15:00+00:00,True,False,repeated_signature_60min_offline_full_run,2026-09-15 15:15:00+07:00,15.0,-0.20000000000000284,2026-09-15
2165,farm_gateway_s3:1789461000,2026-09-15T08:30:00Z,46280.645833333336,farm_gateway_s3,32.3,28.2,0,4.3,0,0,0,,,,,,,,,,,,,,,,2026-09-15 08:30:00+00:00,True,False,repeated_signature_60min_offline_full_run,2026-09-15 15:30:00+07:00,15.0,-0.10000000000000142,2026-09-15
2166,farm_gateway_s3:1789461900,2026-09-15T08:45:00Z,46280.65625,farm_gateway_s3,32.1,28.2,0,4.3,0,0,0,,,,,,,,,,,,,,,,2026-09-15 08:45:00+00:00,True,False,repeated_signature_60min_offline_full_run,2026-09-15 15:45:00+07:00,15.0,-0.19999999999999574,2026-09-15
2167,farm_gateway_s3:1789462800,2026-09-15T09:00:00Z,46280.666666666664,farm_gateway_s3,32.1,28.2,0,4.3,0,0,0,,,,,,,,,,,,,,,,2026-09-15 09:00:00+00:00,True,False,repeated_signature_60min_offline_full_run,2026-09-15 16:00:00+07:00,15.0,0.0,2026-09-15
2168,farm_gateway_s3:1789463700,2026-09-15T09:15:00Z,46280.677083333336,farm_gateway_s3,33.8,28.1,0,4.4,0,0,0,,,,,,,,,,,,,,,,2026-09-15 09:15:00+00:00,True,False,repeated_signature_60min_offline_full_run,2026-09-15 16:15:00+07:00,15.0,1.6999999999999957,2026-09-15
2169,farm_gateway_s3:1789464600,2026-09-15T09:30:00Z,46280.6875,farm_gateway_s3,43.1,28.0,0,4.4,0,0,0,,,,,,,,,,,,,,,,2026-09-15 09:30:00+00:00,True,False,repeated_signature_60min_offline_full_run,2026-09-15 16:30:00+07:00,15.0,9.300000000000004,2026-09-15
2170,farm_gateway_s3:1789465500,2026-09-15T09:45:00Z,46280.697916666664,farm_gateway_s3,47.9,27.8,0,4.4,0,0,0,,,,,,,,,,,,,,,,2026-09-15 09:45:00+00:00,True,False,repeated_signature_60min_offline_full_run,2026-09-15 16:45:00+07:00,15.0,4.799999999999997,2026-09-15
2171,farm_gateway_s3:1789466400,2026-09-15T10:00:00Z,46280.708333333336,farm_gateway_s3,46.5,27.8,0,4.4,0,0,0,,,,,,,,,,,,,,,,2026-09-15 10:00:00+00:00,True,False,repeated_signature_60min_offline_full_run,2026-09-15 17:00:00+07:00,15.0,-1.3999999999999986,2026-09-15
2172,farm_gateway_s3:1789467300,2026-09-15T10:15:00Z,46280.71875,farm_gateway_s3,45.9,27.7,0,4.4,0,0,0,,,,,,,,,,,,,,,,2026-09-15 10:15:00+00:00,True,False,repeated_signature_60min_offline_full_run,2026-09-15 17:15:00+07:00,15.0,-0.6000000000000014,2026-09-15
2173,farm_gateway_s3:1789468200,2026-09-15T10:30:00Z,46280.729166666664,farm_gateway_s3,45.2,27.7,0,4.4,0,0,0,,,,,,,,,,,,,,,,2026-09-15 10:30:00+00:00,True,False,repeated_signature_60min_offline_full_run,2026-09-15 17:30:00+07:00,15.0,-0.6999999999999957,2026-09-15
2174,farm_gateway_s3:1789469100,2026-09-15T10:45:00Z,46280.739583333336,farm_gateway_s3,44.7,27.7,0,4.4,0,0,0,29.7,75.0,25.5,96.0,1005.0,0.0,0.0,0.0,7.7,0.4,0.0,24.7,30.8,25.5,1870.0,2026-09-15 10:45:00+00:00,False,False,,2026-09-15 17:45:00+07:00,15.0,-0.5,2026-09-15
2175,farm_gateway_s3:1789470000,2026-09-15T11:00:00Z,46280.75,farm_gateway_s3,44.2,27.6,0,4.4,0,0,0,29.5,75.0,25.6,96.0,1005.0,0.0,0.0,0.0,7.7,0.4,0.0,24.8,30.9,25.6,1130.0,2026-09-15 11:00:00+00:00,False,False,,2026-09-15 18:00:00+07:00,15.0,-0.5,2026-09-15
2176,farm_gateway_s3:1789470900,2026-09-15T11:15:00Z,46280.760416666664,farm_gateway_s3,43.9,27.6,0,4.4,0,0,0,29.6,75.0,25.5,97.0,1005.0,0.0,0.0,0.0,7.7,0.4,0.0,24.9,30.8,25.5,480.0,2026-09-15 11:15:00+00:00,False,False,,2026-09-15 18:15:00+07:00,15.0,-0.30000000000000426,2026-09-15
2177,farm_gateway_s3:1789471800,2026-09-15T11:30:00Z,46280.770833333336,farm_gateway_s3,43.6,27.6,0,4.4,0,0,0,29.5,74.0,25.4,97.0,1005.0,0.0,0.0,0.0,7.7,0.4,0.0,24.8,30.7,25.4,40.0,2026-09-15 11:30:00+00:00,False,False,,2026-09-15 18:30:00+07:00,15.0,-0.29999999999999716,2026-09-15
2178,farm_gateway_s3:1789472700,2026-09-15T11:45:00Z,46280.78125,farm_gateway_s3,43.4,27.6,0,4.4,0,0,0,29.3,75.0,25.5,97.0,1005.0,0.0,0.0,0.0,7.7,0.4,0.0,24.9,30.8,25.5,0.0,2026-09-15 11:45:00+00:00,False,False,,2026-09-15 18:45:00+07:00,15.0,-0.20000000000000284,2026-09-15
2179,farm_gateway_s3:1789473600,2026-09-15T12:00:00Z,46280.791666666664,farm_gateway_s3,43.1,27.6,0,4.4,0,0,0,29.1,75.0,25.5,94.0,1005.0,0.0,0.0,0.2,7.9,0.4,0.0,24.4,30.7,25.5,0.0,2026-09-15 12:00:00+00:00,False,False,,2026-09-15 19:00:00+07:00,15.0,-0.29999999999999716,2026-09-15
2180,farm_gateway_s3:1789474500,2026-09-15T12:15:00Z,46280.802083333336,farm_gateway_s3,42.9,27.6,0,4.4,0,0,0,28.9,73.0,25.2,93.0,1005.0,0.0,0.0,0.6,8.3,0.4,0.0,23.9,30.2,25.2,0.0,2026-09-15 12:15:00+00:00,False,False,,2026-09-15 19:15:00+07:00,15.0,-0.20000000000000284,2026-09-15
2181,farm_gateway_s3:1789475400,2026-09-15T12:30:00Z,46280.8125,farm_gateway_s3,42.7,27.6,0,4.3,0,0,0,28.9,74.0,25.1,96.0,1005.0,0.0,0.0,0.6,8.3,0.4,0.0,24.3,30.2,25.1,0.0,2026-09-15 12:30:00+00:00,False,False,,2026-09-15 19:30:00+07:00,15.0,-0.19999999999999574,2026-09-15
2182,farm_gateway_s3:1789476300,2026-09-15T12:45:00Z,46280.822916666664,farm_gateway_s3,42.6,27.5,0,4.3,0,0,0,28.8,75.0,25.0,96.0,1005.0,0.0,0.0,0.6,8.3,0.4,0.0,24.2,30.1,25.0,0.0,2026-09-15 12:45:00+00:00,False,False,,2026-09-15 19:45:00+07:00,15.0,-0.10000000000000142,2026-09-15
2183,farm_gateway_s3:1789477200,2026-09-15T13:00:00Z,46280.833333333336,farm_gateway_s3,42.3,27.5,0,4.3,0,0,0,28.7,75.0,25.1,96.0,1007.0,0.0,0.0,0.4,8.3,0.4,0.0,24.3,30.2,25.1,0.0,2026-09-15 13:00:00+00:00,False,False,,2026-09-15 20:00:00+07:00,15.0,-0.30000000000000426,2026-09-15
2184,farm_gateway_s3:1789478100,2026-09-15T13:15:00Z,46280.84375,farm_gateway_s3,42.1,27.5,0,4.4,0,0,0,28.6,75.0,25.0,97.0,1007.0,0.0,0.0,0.0,8.3,0.2,0.0,24.4,30.1,25.0,0.0,2026-09-15 13:15:00+00:00,False,False,,2026-09-15 20:15:00+07:00,15.0,-0.19999999999999574,2026-09-15
2185,farm_gateway_s3:1789479000,2026-09-15T13:30:00Z,46280.854166666664,farm_gateway_s3,42.1,27.5,0,4.4,0,0,0,28.6,75.0,24.9,97.0,1007.0,0.0,0.0,0.0,8.3,0.2,0.0,24.3,30.0,24.9,0.0,2026-09-15 13:30:00+00:00,False,False,,2026-09-15 20:30:00+07:00,15.0,0.0,2026-09-15
2186,farm_gateway_s3:1789479900,2026-09-15T13:45:00Z,46280.864583333336,farm_gateway_s3,41.9,27.4,0,4.3,0,0,0,28.5,75.0,24.8,97.0,1007.0,0.0,0.0,0.0,8.3,0.2,0.0,24.2,29.8,24.8,0.0,2026-09-15 13:45:00+00:00,False,False,,2026-09-15 20:45:00+07:00,15.0,-0.20000000000000284,2026-09-15
2187,farm_gateway_s3:1789480800,2026-09-15T14:00:00Z,46280.875,farm_gateway_s3,41.7,27.4,0,4.3,0,0,0,28.3,76.0,24.7,97.0,1007.0,0.0,0.0,0.0,8.3,0.2,0.0,24.1,29.7,24.7,0.0,2026-09-15 14:00:00+00:00,False,False,,2026-09-15 21:00:00+07:00,15.0,-0.19999999999999574,2026-09-15
2188,farm_gateway_s3:1789481700,2026-09-15T14:15:00Z,46280.885416666664,farm_gateway_s3,41.6,27.4,0,4.3,0,0,0,28.1,76.0,24.6,97.0,1007.0,0.0,0.0,0.0,8.3,0.2,0.0,24.0,29.6,24.6,0.0,2026-09-15 14:15:00+00:00,False,False,,2026-09-15 21:15:00+07:00,15.0,-0.10000000000000142,2026-09-15
2189,farm_gateway_s3:1789482600,2026-09-15T14:30:00Z,46280.895833333336,farm_gateway_s3,41.4,27.4,0,4.3,0,0,0,28.1,76.0,24.5,97.0,1007.0,0.0,0.0,0.0,8.3,0.2,0.0,23.9,29.4,24.5,0.0,2026-09-15 14:30:00+00:00,False,False,,2026-09-15 21:30:00+07:00,15.0,-0.20000000000000284,2026-09-15
2190,farm_gateway_s3:1789517700,2026-09-16T00:15:00Z,46281.302083333336,farm_gateway_s3,37.5,26.7,0,4.1,0,0,0,,,,,,,,,,,,,,,,2026-09-16 00:15:00+00:00,True,False,repeated_signature_60min_offline_full_run,2026-09-16 07:15:00+07:00,585.0,,2026-09-16
2191,farm_gateway_s3:1789518600,2026-09-16T00:30:00Z,46281.3125,farm_gateway_s3,37.5,26.7,0,4.1,0,0,0,,,,,,,,,,,,,,,,2026-09-16 00:30:00+00:00,True,False,repeated_signature_60min_offline_full_run,2026-09-16 07:30:00+07:00,15.0,0.0,2026-09-16
2192,farm_gateway_s3:1789519500,2026-09-16T00:45:00Z,46281.322916666664,farm_gateway_s3,37.4,26.8,0,4.1,0,0,0,,,,,,,,,,,,,,,,2026-09-16 00:45:00+00:00,True,False,repeated_signature_60min_offline_full_run,2026-09-16 07:45:00+07:00,15.0,-0.10000000000000142,2026-09-16
2193,farm_gateway_s3:1789520400,2026-09-16T01:00:00Z,46281.333333333336,farm_gateway_s3,37.4,26.8,0,4.1,0,0,0,,,,,,,,,,,,,,,,2026-09-16 01:00:00+00:00,True,False,repeated_signature_60min_offline_full_run,2026-09-16 08:00:00+07:00,15.0,0.0,2026-09-16
2194,farm_gateway_s3:1789521300,2026-09-16T01:15:00Z,46281.34375,farm_gateway_s3,37.2,26.8,0,4.1,0,0,0,,,,,,,,,,,,,,,,2026-09-16 01:15:00+00:00,True,False,repeated_signature_60min_offline_full_run,2026-09-16 08:15:00+07:00,15.0,-0.19999999999999574,2026-09-16
2195,farm_gateway_s3:1789522200,2026-09-16T01:30:00Z,46281.354166666664,farm_gateway_s3,37.2,26.9,0,4.1,0,0,0,,,,,,,,,,,,,,,,2026-09-16 01:30:00+00:00,True,False,repeated_signature_60min_offline_full_run,2026-09-16 08:30:00+07:00,15.0,0.0,2026-09-16
2196,farm_gateway_s3:1789523100,2026-09-16T01:45:00Z,46281.364583333336,farm_gateway_s3,37.2,26.9,0,4.1,0,0,0,,,,,,,,,,,,,,,,2026-09-16 01:45:00+00:00,True,False,repeated_signature_60min_offline_full_run,2026-09-16 08:45:00+07:00,15.0,0.0,2026-09-16
2197,farm_gateway_s3:1789524000,2026-09-16T02:00:00Z,46281.375,farm_gateway_s3,37.0,27.0,0,4.1,0,0,0,,,,,,,,,,,,,,,,2026-09-16 02:00:00+00:00,True,False,repeated_signature_60min_offline_full_run,2026-09-16 09:00:00+07:00,15.0,-0.20000000000000284,2026-09-16
2198,farm_gateway_s3:1789524900,2026-09-16T02:15:00Z,46281.385416666664,farm_gateway_s3,37.0,27.1,0,4.1,0,0,0,,,,,,,,,,,,,,,,2026-09-16 02:15:00+00:00,True,False,repeated_signature_60min_offline_full_run,2026-09-16 09:15:00+07:00,15.0,0.0,2026-09-16
2199,farm_gateway_s3:1789525800,2026-09-16T02:30:00Z,46281.395833333336,farm_gateway_s3,36.8,27.1,0,4.1,0,0,0,,,,,,,,,,,,,,,,2026-09-16 02:30:00+00:00,True,False,repeated_signature_60min_offline_full_run,2026-09-16 09:30:00+07:00,15.0,-0.20000000000000284,2026-09-16
2200,farm_gateway_s3:1789526700,2026-09-16T02:45:00Z,46281.40625,farm_gateway_s3,36.7,27.2,0,4.2,0,0,0,,,,,,,,,,,,,,,,2026-09-16 02:45:00+00:00,True,False,repeated_signature_60min_offline_full_run,2026-09-16 09:45:00+07:00,15.0,-0.09999999999999432,2026-09-16
2201,farm_gateway_s3:1789527600,2026-09-16T03:00:00Z,46281.416666666664,farm_gateway_s3,36.7,27.2,0,4.2,0,0,0,,,,,,,,,,,,,,,,2026-09-16 03:00:00+00:00,True,False,repeated_signature_60min_offline_full_run,2026-09-16 10:00:00+07:00,15.0,0.0,2026-09-16
2202,farm_gateway_s3:1789528500,2026-09-16T03:15:00Z,46281.427083333336,farm_gateway_s3,36.5,27.3,0,4.2,0,0,0,,,,,,,,,,,,,,,,2026-09-16 03:15:00+00:00,True,False,repeated_signature_60min_offline_full_run,2026-09-16 10:15:00+07:00,15.0,-0.20000000000000284,2026-09-16
2203,farm_gateway_s3:1789529400,2026-09-16T03:30:00Z,46281.4375,farm_gateway_s3,36.5,27.3,0,4.2,0,0,0,,,,,,,,,,,,,,,,2026-09-16 03:30:00+00:00,True,False,repeated_signature_60min_offline_full_run,2026-09-16 10:30:00+07:00,15.0,0.0,2026-09-16
2204,farm_gateway_s3:1789530300,2026-09-16T03:45:00Z,46281.447916666664,farm_gateway_s3,36.3,27.4,0,4.2,0,0,0,,,,,,,,,,,,,,,,2026-09-16 03:45:00+00:00,True,False,repeated_signature_60min_offline_full_run,2026-09-16 10:45:00+07:00,15.0,-0.20000000000000284,2026-09-16
2205,farm_gateway_s3:1789531200,2026-09-16T04:00:00Z,46281.458333333336,farm_gateway_s3,36.1,27.4,0,4.2,0,0,0,,,,,,,,,,,,,,,,2026-09-16 04:00:00+00:00,True,False,repeated_signature_60min_offline_full_run,2026-09-16 11:00:00+07:00,15.0,-0.19999999999999574,2026-09-16
2206,farm_gateway_s3:1789532100,2026-09-16T04:15:00Z,46281.46875,farm_gateway_s3,36.1,27.5,0,4.2,0,0,0,,,,,,,,,,,,,,,,2026-09-16 04:15:00+00:00,True,False,repeated_signature_60min_offline_full_run,2026-09-16 11:15:00+07:00,15.0,0.0,2026-09-16
2207,farm_gateway_s3:1789533000,2026-09-16T04:30:00Z,46281.479166666664,farm_gateway_s3,36.0,27.5,0,4.2,0,0,0,,,,,,,,,,,,,,,,2026-09-16 04:30:00+00:00,True,False,repeated_signature_60min_offline_full_run,2026-09-16 11:30:00+07:00,15.0,-0.10000000000000142,2026-09-16
2208,farm_gateway_s3:1789533900,2026-09-16T04:45:00Z,46281.489583333336,farm_gateway_s3,35.9,27.6,0,4.2,0,0,0,,,,,,,,,,,,,,,,2026-09-16 04:45:00+00:00,True,False,repeated_signature_60min_offline_full_run,2026-09-16 11:45:00+07:00,15.0,-0.10000000000000142,2026-09-16
2209,farm_gateway_s3:1789534800,2026-09-16T05:00:00Z,46281.5,farm_gateway_s3,35.6,27.6,0,4.2,0,0,0,,,,,,,,,,,,,,,,2026-09-16 05:00:00+00:00,True,False,repeated_signature_60min_offline_full_run,2026-09-16 12:00:00+07:00,15.0,-0.29999999999999716,2026-09-16
2210,farm_gateway_s3:1789535700,2026-09-16T05:15:00Z,46281.510416666664,farm_gateway_s3,35.6,27.7,0,4.2,0,0,0,,,,,,,,,,,,,,,,2026-09-16 05:15:00+00:00,True,False,repeated_signature_60min_offline_full_run,2026-09-16 12:15:00+07:00,15.0,0.0,2026-09-16
2211,farm_gateway_s3:1789536600,2026-09-16T05:30:00Z,46281.520833333336,farm_gateway_s3,35.6,27.7,0,4.2,0,0,0,,,,,,,,,,,,,,,,2026-09-16 05:30:00+00:00,True,False,repeated_signature_60min_offline_full_run,2026-09-16 12:30:00+07:00,15.0,0.0,2026-09-16
2212,farm_gateway_s3:1789537500,2026-09-16T05:45:00Z,46281.53125,farm_gateway_s3,35.2,27.8,0,4.2,0,0,0,,,,,,,,,,,,,,,,2026-09-16 05:45:00+00:00,False,True,,2026-09-16 12:45:00+07:00,15.0,-0.3999999999999986,2026-09-16
2213,farm_gateway_s3:1789538400,2026-09-16T06:00:00Z,46281.541666666664,farm_gateway_s3,35.0,27.8,0,4.2,0,0,0,,,,,,,,,,,,,,,,2026-09-16 06:00:00+00:00,True,False,repeated_signature_60min_offline_full_run,2026-09-16 13:00:00+07:00,15.0,-0.20000000000000284,2026-09-16
2214,farm_gateway_s3:1789539300,2026-09-16T06:15:00Z,46281.552083333336,farm_gateway_s3,34.9,27.9,0,4.2,0,0,0,,,,,,,,,,,,,,,,2026-09-16 06:15:00+00:00,True,False,repeated_signature_60min_offline_full_run,2026-09-16 13:15:00+07:00,15.0,-0.10000000000000142,2026-09-16
2215,farm_gateway_s3:1789540200,2026-09-16T06:30:00Z,46281.5625,farm_gateway_s3,34.9,27.9,0,4.2,0,0,0,,,,,,,,,,,,,,,,2026-09-16 06:30:00+00:00,True,False,repeated_signature_60min_offline_full_run,2026-09-16 13:30:00+07:00,15.0,0.0,2026-09-16
2216,farm_gateway_s3:1789541100,2026-09-16T06:45:00Z,46281.572916666664,farm_gateway_s3,34.6,28.0,0,4.2,0,0,0,,,,,,,,,,,,,,,,2026-09-16 06:45:00+00:00,True,False,repeated_signature_60min_offline_full_run,2026-09-16 13:45:00+07:00,15.0,-0.29999999999999716,2026-09-16
2217,farm_gateway_s3:1789542000,2026-09-16T07:00:00Z,46281.583333333336,farm_gateway_s3,34.5,28.0,0,4.2,0,0,0,,,,,,,,,,,,,,,,2026-09-16 07:00:00+00:00,True,False,repeated_signature_60min_offline_full_run,2026-09-16 14:00:00+07:00,15.0,-0.10000000000000142,2026-09-16
2218,farm_gateway_s3:1789542900,2026-09-16T07:15:00Z,46281.59375,farm_gateway_s3,34.3,28.0,0,4.2,0,0,0,,,,,,,,,,,,,,,,2026-09-16 07:15:00+00:00,True,False,repeated_signature_60min_offline_full_run,2026-09-16 14:15:00+07:00,15.0,-0.20000000000000284,2026-09-16
2219,farm_gateway_s3:1789543800,2026-09-16T07:30:00Z,46281.604166666664,farm_gateway_s3,34.3,28.0,0,4.2,0,0,0,,,,,,,,,,,,,,,,2026-09-16 07:30:00+00:00,True,False,repeated_signature_60min_offline_full_run,2026-09-16 14:30:00+07:00,15.0,0.0,2026-09-16
2220,farm_gateway_s3:1789544700,2026-09-16T07:45:00Z,46281.614583333336,farm_gateway_s3,34.2,28.0,0,4.2,0,0,0,,,,,,,,,,,,,,,,2026-09-16 07:45:00+00:00,True,False,repeated_signature_60min_offline_full_run,2026-09-16 14:45:00+07:00,15.0,-0.09999999999999432,2026-09-16
2221,farm_gateway_s3:1789545600,2026-09-16T08:00:00Z,46281.625,farm_gateway_s3,34.1,27.9,0,4.2,0,0,0,,,,,,,,,,,,,,,,2026-09-16 08:00:00+00:00,False,True,,2026-09-16 15:00:00+07:00,15.0,-0.10000000000000142,2026-09-16
2222,farm_gateway_s3:1789546500,2026-09-16T08:15:00Z,46281.635416666664,farm_gateway_s3,33.9,27.9,0,4.2,0,0,0,,,,,,,,,,,,,,,,2026-09-16 08:15:00+00:00,True,False,repeated_signature_60min_offline_full_run,2026-09-16 15:15:00+07:00,15.0,-0.20000000000000284,2026-09-16
2223,farm_gateway_s3:1789547400,2026-09-16T08:30:00Z,46281.645833333336,farm_gateway_s3,33.9,27.9,0,4.2,0,0,0,,,,,,,,,,,,,,,,2026-09-16 08:30:00+00:00,True,False,repeated_signature_60min_offline_full_run,2026-09-16 15:30:00+07:00,15.0,0.0,2026-09-16
2224,farm_gateway_s3:1789548300,2026-09-16T08:45:00Z,46281.65625,farm_gateway_s3,33.8,27.8,0,4.2,0,0,0,,,,,,,,,,,,,,,,2026-09-16 08:45:00+00:00,True,False,repeated_signature_60min_offline_full_run,2026-09-16 15:45:00+07:00,15.0,-0.10000000000000142,2026-09-16
2225,farm_gateway_s3:1789549200,2026-09-16T09:00:00Z,46281.666666666664,farm_gateway_s3,33.8,27.8,0,4.2,0,0,0,,,,,,,,,,,,,,,,2026-09-16 09:00:00+00:00,True,False,repeated_signature_60min_offline_full_run,2026-09-16 16:00:00+07:00,15.0,0.0,2026-09-16
2226,farm_gateway_s3:1789550100,2026-09-16T09:15:00Z,46281.677083333336,farm_gateway_s3,33.8,27.8,0,4.2,0,0,0,,,,,,,,,,,,,,,,2026-09-16 09:15:00+00:00,True,False,repeated_signature_60min_offline_full_run,2026-09-16 16:15:00+07:00,15.0,0.0,2026-09-16
2227,farm_gateway_s3:1789551000,2026-09-16T09:30:00Z,46281.6875,farm_gateway_s3,33.8,27.8,0,4.2,0,0,0,,,,,,,,,,,,,,,,2026-09-16 09:30:00+00:00,True,False,repeated_signature_60min_offline_full_run,2026-09-16 16:30:00+07:00,15.0,0.0,2026-09-16
2228,farm_gateway_s3:1789551900,2026-09-16T09:45:00Z,46281.697916666664,farm_gateway_s3,33.7,27.8,0,4.2,0,0,0,,,,,,,,,,,,,,,,2026-09-16 09:45:00+00:00,True,False,repeated_signature_60min_offline_full_run,2026-09-16 16:45:00+07:00,15.0,-0.09999999999999432,2026-09-16
2229,farm_gateway_s3:1789552800,2026-09-16T10:00:00Z,46281.708333333336,farm_gateway_s3,33.5,27.8,0,5.0,0,0,0,,,,,,,,,,,,,,,,2026-09-16 10:00:00+00:00,True,False,repeated_signature_60min_offline_full_run,2026-09-16 17:00:00+07:00,15.0,-0.20000000000000284,2026-09-16
2230,farm_gateway_s3:1789553700,2026-09-16T10:15:00Z,46281.71875,farm_gateway_s3,33.5,27.8,0,4.2,0,0,0,,,,,,,,,,,,,,,,2026-09-16 10:15:00+00:00,True,False,repeated_signature_60min_offline_full_run,2026-09-16 17:15:00+07:00,15.0,0.0,2026-09-16
2231,farm_gateway_s3:1789554600,2026-09-16T10:30:00Z,46281.729166666664,farm_gateway_s3,33.5,27.8,0,4.2,0,0,0,,,,,,,,,,,,,,,,2026-09-16 10:30:00+00:00,True,False,repeated_signature_60min_offline_full_run,2026-09-16 17:30:00+07:00,15.0,0.0,2026-09-16
2232,farm_gateway_s3:1789555500,2026-09-16T10:45:00Z,46281.739583333336,farm_gateway_s3,33.2,27.8,0,4.2,0,0,0,,,,,,,,,,,,,,,,2026-09-16 10:45:00+00:00,True,False,repeated_signature_60min_offline_full_run,2026-09-16 17:45:00+07:00,15.0,-0.29999999999999716,2026-09-16
2233,farm_gateway_s3:1789556400,2026-09-16T11:00:00Z,46281.75,farm_gateway_s3,33.2,27.7,0,4.2,0,0,0,,,,,,,,,,,,,,,,2026-09-16 11:00:00+00:00,True,False,repeated_signature_60min_offline_full_run,2026-09-16 18:00:00+07:00,15.0,0.0,2026-09-16
2234,farm_gateway_s3:1789557300,2026-09-16T11:15:00Z,46281.760416666664,farm_gateway_s3,33.9,27.6,0,4.1,0,0,0,,,,,,,,,,,,,,,,2026-09-16 11:15:00+00:00,True,False,repeated_signature_60min_offline_full_run,2026-09-16 18:15:00+07:00,15.0,0.6999999999999957,2026-09-16
2235,farm_gateway_s3:1789558200,2026-09-16T11:30:00Z,46281.770833333336,farm_gateway_s3,36.1,27.6,0,4.1,0,0,0,,,,,,,,,,,,,,,,2026-09-16 11:30:00+00:00,True,False,repeated_signature_60min_offline_full_run,2026-09-16 18:30:00+07:00,15.0,2.200000000000003,2026-09-16
2236,farm_gateway_s3:1789559100,2026-09-16T11:45:00Z,46281.78125,farm_gateway_s3,37.5,27.5,0,4.1,0,0,0,,,,,,,,,,,,,,,,2026-09-16 11:45:00+00:00,True,False,repeated_signature_60min_offline_full_run,2026-09-16 18:45:00+07:00,15.0,1.3999999999999986,2026-09-16
2237,farm_gateway_s3:1789560000,2026-09-16T12:00:00Z,46281.791666666664,farm_gateway_s3,38.5,27.5,0,4.1,0,0,0,,,,,,,,,,,,,,,,2026-09-16 12:00:00+00:00,True,False,repeated_signature_60min_offline_full_run,2026-09-16 19:00:00+07:00,15.0,1.0,2026-09-16
2238,farm_gateway_s3:1789560900,2026-09-16T12:15:00Z,46281.802083333336,farm_gateway_s3,39.5,27.4,0,4.1,0,0,0,,,,,,,,,,,,,,,,2026-09-16 12:15:00+00:00,True,False,repeated_signature_60min_offline_full_run,2026-09-16 19:15:00+07:00,15.0,1.0,2026-09-16
2239,farm_gateway_s3:1789561800,2026-09-16T12:30:00Z,46281.8125,farm_gateway_s3,39.8,27.4,0,4.1,0,0,0,,,,,,,,,,,,,,,,2026-09-16 12:30:00+00:00,True,False,repeated_signature_60min_offline_full_run,2026-09-16 19:30:00+07:00,15.0,0.29999999999999716,2026-09-16
2240,farm_gateway_s3:1789562700,2026-09-16T12:45:00Z,46281.822916666664,farm_gateway_s3,40.0,27.4,0,4.1,0,0,0,,,,,,,,,,,,,,,,2026-09-16 12:45:00+00:00,True,False,repeated_signature_60min_offline_full_run,2026-09-16 19:45:00+07:00,15.0,0.20000000000000284,2026-09-16
2241,farm_gateway_s3:1789563600,2026-09-16T13:00:00Z,46281.833333333336,farm_gateway_s3,40.2,27.3,0,4.1,0,0,0,,,,,,,,,,,,,,,,2026-09-16 13:00:00+00:00,True,False,repeated_signature_60min_offline_full_run,2026-09-16 20:00:00+07:00,15.0,0.20000000000000284,2026-09-16
2242,farm_gateway_s3:1789564500,2026-09-16T13:15:00Z,46281.84375,farm_gateway_s3,40.2,27.3,0,4.1,0,0,0,,,,,,,,,,,,,,,,2026-09-16 13:15:00+00:00,True,False,repeated_signature_60min_offline_full_run,2026-09-16 20:15:00+07:00,15.0,0.0,2026-09-16
2243,farm_gateway_s3:1789565400,2026-09-16T13:30:00Z,46281.854166666664,farm_gateway_s3,40.1,27.3,0,4.9,0,0,0,,,,,,,,,,,,,,,,2026-09-16 13:30:00+00:00,True,False,repeated_signature_60min_offline_full_run,2026-09-16 20:30:00+07:00,15.0,-0.10000000000000142,2026-09-16
2244,farm_gateway_s3:1789566300,2026-09-16T13:45:00Z,46281.864583333336,farm_gateway_s3,40.1,27.2,0,5.0,0,0,0,,,,,,,,,,,,,,,,2026-09-16 13:45:00+00:00,True,False,repeated_signature_60min_offline_full_run,2026-09-16 20:45:00+07:00,15.0,0.0,2026-09-16
2245,farm_gateway_s3:1789567200,2026-09-16T14:00:00Z,46281.875,farm_gateway_s3,40.1,27.2,0,5.0,0,0,0,,,,,,,,,,,,,,,,2026-09-16 14:00:00+00:00,True,False,repeated_signature_60min_offline_full_run,2026-09-16 21:00:00+07:00,15.0,0.0,2026-09-16
2246,farm_gateway_s3:1789604100,2026-09-17T00:15:00Z,46282.302083333336,farm_gateway_s3,36.8,26.6,0,4.8,0,0,0,,,,,,,,,,,,,,,,2026-09-17 00:15:00+00:00,True,False,repeated_signature_60min_offline_full_run,2026-09-17 07:15:00+07:00,615.0,,2026-09-17
2247,farm_gateway_s3:1789605000,2026-09-17T00:30:00Z,46282.3125,farm_gateway_s3,36.8,26.6,0,4.8,0,0,0,,,,,,,,,,,,,,,,2026-09-17 00:30:00+00:00,True,False,repeated_signature_60min_offline_full_run,2026-09-17 07:30:00+07:00,15.0,0.0,2026-09-17
2248,farm_gateway_s3:1789605900,2026-09-17T00:45:00Z,46282.322916666664,farm_gateway_s3,36.7,26.6,0,4.8,0,0,0,,,,,,,,,,,,,,,,2026-09-17 00:45:00+00:00,True,False,repeated_signature_60min_offline_full_run,2026-09-17 07:45:00+07:00,15.0,-0.09999999999999432,2026-09-17
2249,farm_gateway_s3:1789606800,2026-09-17T01:00:00Z,46282.333333333336,farm_gateway_s3,36.7,26.6,0,4.8,0,0,0,,,,,,,,,,,,,,,,2026-09-17 01:00:00+00:00,True,False,repeated_signature_60min_offline_full_run,2026-09-17 08:00:00+07:00,15.0,0.0,2026-09-17
2250,farm_gateway_s3:1789607700,2026-09-17T01:15:00Z,46282.34375,farm_gateway_s3,36.7,26.6,0,4.8,0,0,0,,,,,,,,,,,,,,,,2026-09-17 01:15:00+00:00,True,False,repeated_signature_60min_offline_full_run,2026-09-17 08:15:00+07:00,15.0,0.0,2026-09-17
2251,farm_gateway_s3:1789608600,2026-09-17T01:30:00Z,46282.354166666664,farm_gateway_s3,36.5,26.7,0,4.9,0,0,0,,,,,,,,,,,,,,,,2026-09-17 01:30:00+00:00,True,False,repeated_signature_60min_offline_full_run,2026-09-17 08:30:00+07:00,15.0,-0.20000000000000284,2026-09-17
2252,farm_gateway_s3:1789609500,2026-09-17T01:45:00Z,46282.364583333336,farm_gateway_s3,36.5,26.8,0,4.9,0,0,0,,,,,,,,,,,,,,,,2026-09-17 01:45:00+00:00,True,False,repeated_signature_60min_offline_full_run,2026-09-17 08:45:00+07:00,15.0,0.0,2026-09-17
2253,farm_gateway_s3:1789610400,2026-09-17T02:00:00Z,46282.375,farm_gateway_s3,36.4,26.8,0,4.9,0,0,0,,,,,,,,,,,,,,,,2026-09-17 02:00:00+00:00,True,False,repeated_signature_60min_offline_full_run,2026-09-17 09:00:00+07:00,15.0,-0.10000000000000142,2026-09-17
2254,farm_gateway_s3:1789611300,2026-09-17T02:15:00Z,46282.385416666664,farm_gateway_s3,36.4,26.9,0,4.8,0,0,0,,,,,,,,,,,,,,,,2026-09-17 02:15:00+00:00,True,False,repeated_signature_60min_offline_full_run,2026-09-17 09:15:00+07:00,15.0,0.0,2026-09-17
2255,farm_gateway_s3:1789612200,2026-09-17T02:30:00Z,46282.395833333336,farm_gateway_s3,36.1,26.9,0,4.9,0,0,0,,,,,,,,,,,,,,,,2026-09-17 02:30:00+00:00,True,False,repeated_signature_60min_offline_full_run,2026-09-17 09:30:00+07:00,15.0,-0.29999999999999716,2026-09-17
2256,farm_gateway_s3:1789613100,2026-09-17T02:45:00Z,46282.40625,farm_gateway_s3,36.1,27.1,0,4.8,0,0,0,,,,,,,,,,,,,,,,2026-09-17 02:45:00+00:00,True,False,repeated_signature_60min_offline_full_run,2026-09-17 09:45:00+07:00,15.0,0.0,2026-09-17
2257,farm_gateway_s3:1789614000,2026-09-17T03:00:00Z,46282.416666666664,farm_gateway_s3,36.1,27.1,0,4.9,0,0,0,,,,,,,,,,,,,,,,2026-09-17 03:00:00+00:00,True,False,repeated_signature_60min_offline_full_run,2026-09-17 10:00:00+07:00,15.0,0.0,2026-09-17
2258,farm_gateway_s3:1789614900,2026-09-17T03:15:00Z,46282.427083333336,farm_gateway_s3,36.0,27.1,0,4.9,0,0,0,,,,,,,,,,,,,,,,2026-09-17 03:15:00+00:00,True,False,repeated_signature_60min_offline_full_run,2026-09-17 10:15:00+07:00,15.0,-0.10000000000000142,2026-09-17
2259,farm_gateway_s3:1789615800,2026-09-17T03:30:00Z,46282.4375,farm_gateway_s3,35.9,27.2,0,4.9,0,0,0,,,,,,,,,,,,,,,,2026-09-17 03:30:00+00:00,True,False,repeated_signature_60min_offline_full_run,2026-09-17 10:30:00+07:00,15.0,-0.10000000000000142,2026-09-17
2260,farm_gateway_s3:1789616700,2026-09-17T03:45:00Z,46282.447916666664,farm_gateway_s3,35.7,27.2,0,4.9,0,0,0,,,,,,,,,,,,,,,,2026-09-17 03:45:00+00:00,True,False,repeated_signature_60min_offline_full_run,2026-09-17 10:45:00+07:00,15.0,-0.19999999999999574,2026-09-17
2261,farm_gateway_s3:1789617600,2026-09-17T04:00:00Z,46282.458333333336,farm_gateway_s3,35.6,27.3,0,4.9,0,0,0,,,,,,,,,,,,,,,,2026-09-17 04:00:00+00:00,True,False,repeated_signature_60min_offline_full_run,2026-09-17 11:00:00+07:00,15.0,-0.10000000000000142,2026-09-17
2262,farm_gateway_s3:1789618500,2026-09-17T04:15:00Z,46282.46875,farm_gateway_s3,35.6,27.4,0,4.9,0,0,0,,,,,,,,,,,,,,,,2026-09-17 04:15:00+00:00,True,False,repeated_signature_60min_offline_full_run,2026-09-17 11:15:00+07:00,15.0,0.0,2026-09-17
2263,farm_gateway_s3:1789619400,2026-09-17T04:30:00Z,46282.479166666664,farm_gateway_s3,35.4,27.4,0,4.9,0,0,0,,,,,,,,,,,,,,,,2026-09-17 04:30:00+00:00,True,False,repeated_signature_60min_offline_full_run,2026-09-17 11:30:00+07:00,15.0,-0.20000000000000284,2026-09-17
2264,farm_gateway_s3:1789620300,2026-09-17T04:45:00Z,46282.489583333336,farm_gateway_s3,35.3,27.4,0,4.9,0,0,0,,,,,,,,,,,,,,,,2026-09-17 04:45:00+00:00,True,False,repeated_signature_60min_offline_full_run,2026-09-17 11:45:00+07:00,15.0,-0.10000000000000142,2026-09-17
2265,farm_gateway_s3:1789621200,2026-09-17T05:00:00Z,46282.5,farm_gateway_s3,35.2,27.5,0,4.9,0,0,0,,,,,,,,,,,,,,,,2026-09-17 05:00:00+00:00,True,False,repeated_signature_60min_offline_full_run,2026-09-17 12:00:00+07:00,15.0,-0.09999999999999432,2026-09-17
2266,farm_gateway_s3:1789622100,2026-09-17T05:15:00Z,46282.510416666664,farm_gateway_s3,54.5,27.6,8,5.0,0,0,0,,,,,,,,,,,,,,,,2026-09-17 05:15:00+00:00,True,False,repeated_signature_60min_offline_full_run,2026-09-17 12:15:00+07:00,15.0,19.299999999999997,2026-09-17
2267,farm_gateway_s3:1789623000,2026-09-17T05:30:00Z,46282.520833333336,farm_gateway_s3,51.4,27.5,5,5.0,0,0,0,,,,,,,,,,,,,,,,2026-09-17 05:30:00+00:00,True,False,repeated_signature_60min_offline_full_run,2026-09-17 12:30:00+07:00,15.0,-3.1000000000000014,2026-09-17
2268,farm_gateway_s3:1789623900,2026-09-17T05:45:00Z,46282.53125,farm_gateway_s3,49.6,27.5,3,5.0,0,0,0,,,,,,,,,,,,,,,,2026-09-17 05:45:00+00:00,False,True,,2026-09-17 12:45:00+07:00,15.0,-1.7999999999999972,2026-09-17
2269,farm_gateway_s3:1789624800,2026-09-17T06:00:00Z,46282.541666666664,farm_gateway_s3,48.4,27.5,1,5.0,0,0,0,,,,,,,,,,,,,,,,2026-09-17 06:00:00+00:00,True,False,repeated_signature_60min_offline_full_run,2026-09-17 13:00:00+07:00,15.0,-1.2000000000000028,2026-09-17
2270,farm_gateway_s3:1789625700,2026-09-17T06:15:00Z,46282.552083333336,farm_gateway_s3,47.2,27.6,0,5.0,0,0,0,,,,,,,,,,,,,,,,2026-09-17 06:15:00+00:00,True,False,repeated_signature_60min_offline_full_run,2026-09-17 13:15:00+07:00,15.0,-1.1999999999999957,2026-09-17
2271,farm_gateway_s3:1789626600,2026-09-17T06:30:00Z,46282.5625,farm_gateway_s3,46.5,27.5,0,5.0,0,0,0,,,,,,,,,,,,,,,,2026-09-17 06:30:00+00:00,True,False,repeated_signature_60min_offline_full_run,2026-09-17 13:30:00+07:00,15.0,-0.7000000000000028,2026-09-17
2272,farm_gateway_s3:1789627500,2026-09-17T06:45:00Z,46282.572916666664,farm_gateway_s3,46.1,27.6,0,5.0,0,0,0,,,,,,,,,,,,,,,,2026-09-17 06:45:00+00:00,True,False,repeated_signature_60min_offline_full_run,2026-09-17 13:45:00+07:00,15.0,-0.3999999999999986,2026-09-17
2273,farm_gateway_s3:1789628400,2026-09-17T07:00:00Z,46282.583333333336,farm_gateway_s3,45.8,27.5,0,5.0,0,0,0,,,,,,,,,,,,,,,,2026-09-17 07:00:00+00:00,True,False,repeated_signature_60min_offline_full_run,2026-09-17 14:00:00+07:00,15.0,-0.30000000000000426,2026-09-17
2274,farm_gateway_s3:1789629300,2026-09-17T07:15:00Z,46282.59375,farm_gateway_s3,45.5,27.5,0,5.0,0,0,0,,,,,,,,,,,,,,,,2026-09-17 07:15:00+00:00,True,False,repeated_signature_60min_offline_full_run,2026-09-17 14:15:00+07:00,15.0,-0.29999999999999716,2026-09-17
2275,farm_gateway_s3:1789630200,2026-09-17T07:30:00Z,46282.604166666664,farm_gateway_s3,45.2,27.5,0,5.0,0,0,0,,,,,,,,,,,,,,,,2026-09-17 07:30:00+00:00,True,False,repeated_signature_60min_offline_full_run,2026-09-17 14:30:00+07:00,15.0,-0.29999999999999716,2026-09-17
2276,farm_gateway_s3:1789631100,2026-09-17T07:45:00Z,46282.614583333336,farm_gateway_s3,44.9,27.5,0,5.0,0,0,0,,,,,,,,,,,,,,,,2026-09-17 07:45:00+00:00,True,False,repeated_signature_60min_offline_full_run,2026-09-17 14:45:00+07:00,15.0,-0.30000000000000426,2026-09-17
2277,farm_gateway_s3:1789632000,2026-09-17T08:00:00Z,46282.625,farm_gateway_s3,44.6,27.5,0,5.0,0,0,0,,,,,,,,,,,,,,,,2026-09-17 08:00:00+00:00,True,False,repeated_signature_60min_offline_full_run,2026-09-17 15:00:00+07:00,15.0,-0.29999999999999716,2026-09-17
2278,farm_gateway_s3:1789632900,2026-09-17T08:15:00Z,46282.635416666664,farm_gateway_s3,44.2,27.5,0,5.0,0,0,0,,,,,,,,,,,,,,,,2026-09-17 08:15:00+00:00,True,False,repeated_signature_60min_offline_full_run,2026-09-17 15:15:00+07:00,15.0,-0.3999999999999986,2026-09-17
2279,farm_gateway_s3:1789633800,2026-09-17T08:30:00Z,46282.645833333336,farm_gateway_s3,44.1,27.5,0,5.0,0,0,0,,,,,,,,,,,,,,,,2026-09-17 08:30:00+00:00,True,False,repeated_signature_60min_offline_full_run,2026-09-17 15:30:00+07:00,15.0,-0.10000000000000142,2026-09-17
2280,farm_gateway_s3:1789634700,2026-09-17T08:45:00Z,46282.65625,farm_gateway_s3,43.8,27.5,0,5.0,0,0,0,,,,,,,,,,,,,,,,2026-09-17 08:45:00+00:00,True,False,repeated_signature_60min_offline_full_run,2026-09-17 15:45:00+07:00,15.0,-0.30000000000000426,2026-09-17
2281,farm_gateway_s3:1789635600,2026-09-17T09:00:00Z,46282.666666666664,farm_gateway_s3,43.7,27.5,0,5.0,0,0,0,,,,,,,,,,,,,,,,2026-09-17 09:00:00+00:00,True,False,repeated_signature_60min_offline_full_run,2026-09-17 16:00:00+07:00,15.0,-0.09999999999999432,2026-09-17
2282,farm_gateway_s3:1789636500,2026-09-17T09:15:00Z,46282.677083333336,farm_gateway_s3,43.5,27.5,0,5.0,0,0,0,,,,,,,,,,,,,,,,2026-09-17 09:15:00+00:00,True,False,repeated_signature_60min_offline_full_run,2026-09-17 16:15:00+07:00,15.0,-0.20000000000000284,2026-09-17
2283,farm_gateway_s3:1789637400,2026-09-17T09:30:00Z,46282.6875,farm_gateway_s3,43.3,27.5,0,5.0,0,0,0,,,,,,,,,,,,,,,,2026-09-17 09:30:00+00:00,True,False,repeated_signature_60min_offline_full_run,2026-09-17 16:30:00+07:00,15.0,-0.20000000000000284,2026-09-17
2284,farm_gateway_s3:1789638300,2026-09-17T09:45:00Z,46282.697916666664,farm_gateway_s3,43.0,27.5,0,5.0,0,0,0,,,,,,,,,,,,,,,,2026-09-17 09:45:00+00:00,True,False,repeated_signature_60min_offline_full_run,2026-09-17 16:45:00+07:00,15.0,-0.29999999999999716,2026-09-17
2285,farm_gateway_s3:1789639200,2026-09-17T10:00:00Z,46282.708333333336,farm_gateway_s3,42.9,27.5,0,5.0,0,0,0,,,,,,,,,,,,,,,,2026-09-17 10:00:00+00:00,True,False,repeated_signature_60min_offline_full_run,2026-09-17 17:00:00+07:00,15.0,-0.10000000000000142,2026-09-17
2286,farm_gateway_s3:1789640100,2026-09-17T10:15:00Z,46282.71875,farm_gateway_s3,42.7,27.5,0,5.1,0,0,0,,,,,,,,,,,,,,,,2026-09-17 10:15:00+00:00,True,False,repeated_signature_60min_offline_full_run,2026-09-17 17:15:00+07:00,15.0,-0.19999999999999574,2026-09-17
2287,farm_gateway_s3:1789641000,2026-09-17T10:30:00Z,46282.729166666664,farm_gateway_s3,42.4,27.6,0,5.0,0,0,0,,,,,,,,,,,,,,,,2026-09-17 10:30:00+00:00,True,False,repeated_signature_60min_offline_full_run,2026-09-17 17:30:00+07:00,15.0,-0.30000000000000426,2026-09-17
2288,farm_gateway_s3:1789641900,2026-09-17T10:45:00Z,46282.739583333336,farm_gateway_s3,42.3,27.6,0,5.1,0,0,0,,,,,,,,,,,,,,,,2026-09-17 10:45:00+00:00,True,False,repeated_signature_60min_offline_full_run,2026-09-17 17:45:00+07:00,15.0,-0.10000000000000142,2026-09-17
2289,farm_gateway_s3:1789642800,2026-09-17T11:00:00Z,46282.75,farm_gateway_s3,42.1,27.5,0,5.0,0,0,0,,,,,,,,,,,,,,,,2026-09-17 11:00:00+00:00,True,False,repeated_signature_60min_offline_full_run,2026-09-17 18:00:00+07:00,15.0,-0.19999999999999574,2026-09-17
2290,farm_gateway_s3:1789643700,2026-09-17T11:15:00Z,46282.760416666664,farm_gateway_s3,42.0,27.5,0,5.1,0,0,0,,,,,,,,,,,,,,,,2026-09-17 11:15:00+00:00,True,False,repeated_signature_60min_offline_full_run,2026-09-17 18:15:00+07:00,15.0,-0.10000000000000142,2026-09-17
2291,farm_gateway_s3:1789644600,2026-09-17T11:30:00Z,46282.770833333336,farm_gateway_s3,41.9,27.5,0,5.0,0,0,0,,,,,,,,,,,,,,,,2026-09-17 11:30:00+00:00,True,False,repeated_signature_60min_offline_full_run,2026-09-17 18:30:00+07:00,15.0,-0.10000000000000142,2026-09-17
2292,farm_gateway_s3:1789645500,2026-09-17T11:45:00Z,46282.78125,farm_gateway_s3,41.7,27.5,0,5.0,0,0,0,,,,,,,,,,,,,,,,2026-09-17 11:45:00+00:00,True,False,repeated_signature_60min_offline_full_run,2026-09-17 18:45:00+07:00,15.0,-0.19999999999999574,2026-09-17
2293,farm_gateway_s3:1789646400,2026-09-17T12:00:00Z,46282.791666666664,farm_gateway_s3,41.6,27.5,0,5.0,0,0,0,,,,,,,,,,,,,,,,2026-09-17 12:00:00+00:00,False,True,,2026-09-17 19:00:00+07:00,15.0,-0.10000000000000142,2026-09-17
2294,farm_gateway_s3:1789647300,2026-09-17T12:15:00Z,46282.802083333336,farm_gateway_s3,41.4,27.5,0,5.0,0,0,0,,,,,,,,,,,,,,,,2026-09-17 12:15:00+00:00,True,False,repeated_signature_60min_offline_full_run,2026-09-17 19:15:00+07:00,15.0,-0.20000000000000284,2026-09-17
2295,farm_gateway_s3:1789648200,2026-09-17T12:30:00Z,46282.8125,farm_gateway_s3,41.2,27.4,0,5.0,0,0,0,,,,,,,,,,,,,,,,2026-09-17 12:30:00+00:00,True,False,repeated_signature_60min_offline_full_run,2026-09-17 19:30:00+07:00,15.0,-0.19999999999999574,2026-09-17
2296,farm_gateway_s3:1789649100,2026-09-17T12:45:00Z,46282.822916666664,farm_gateway_s3,41.2,27.4,0,5.0,0,0,0,,,,,,,,,,,,,,,,2026-09-17 12:45:00+00:00,True,False,repeated_signature_60min_offline_full_run,2026-09-17 19:45:00+07:00,15.0,0.0,2026-09-17
2297,farm_gateway_s3:1789650000,2026-09-17T13:00:00Z,46282.833333333336,farm_gateway_s3,41.0,27.4,0,5.0,0,0,0,,,,,,,,,,,,,,,,2026-09-17 13:00:00+00:00,True,False,repeated_signature_60min_offline_full_run,2026-09-17 20:00:00+07:00,15.0,-0.20000000000000284,2026-09-17
2298,farm_gateway_s3:1789650900,2026-09-17T13:15:00Z,46282.84375,farm_gateway_s3,40.9,27.4,0,5.0,0,0,0,,,,,,,,,,,,,,,,2026-09-17 13:15:00+00:00,True,False,repeated_signature_60min_offline_full_run,2026-09-17 20:15:00+07:00,15.0,-0.10000000000000142,2026-09-17
2299,farm_gateway_s3:1789651800,2026-09-17T13:30:00Z,46282.854166666664,farm_gateway_s3,40.8,27.4,0,5.0,0,0,0,,,,,,,,,,,,,,,,2026-09-17 13:30:00+00:00,True,False,repeated_signature_60min_offline_full_run,2026-09-17 20:30:00+07:00,15.0,-0.10000000000000142,2026-09-17
2300,farm_gateway_s3:1789652700,2026-09-17T13:45:00Z,46282.864583333336,farm_gateway_s3,40.7,27.4,0,5.0,0,0,0,,,,,,,,,,,,,,,,2026-09-17 13:45:00+00:00,True,False,repeated_signature_60min_offline_full_run,2026-09-17 20:45:00+07:00,15.0,-0.09999999999999432,2026-09-17
2301,farm_gateway_s3:1789653600,2026-09-17T14:00:00Z,46282.875,farm_gateway_s3,40.6,27.4,0,5.0,0,0,0,,,,,,,,,,,,,,,,2026-09-17 14:00:00+00:00,True,False,repeated_signature_60min_offline_full_run,2026-09-17 21:00:00+07:00,15.0,-0.10000000000000142,2026-09-17
2302,farm_gateway_s3:1789654500,2026-09-17T14:15:00Z,46282.885416666664,farm_gateway_s3,40.4,27.4,0,5.0,0,0,0,,,,,,,,,,,,,,,,2026-09-17 14:15:00+00:00,True,False,repeated_signature_60min_offline_full_run,2026-09-17 21:15:00+07:00,15.0,-0.20000000000000284,2026-09-17
2303,farm_gateway_s3:1789655400,2026-09-17T14:30:00Z,46282.895833333336,farm_gateway_s3,40.4,27.3,0,5.0,0,0,0,,,,,,,,,,,,,,,,2026-09-17 14:30:00+00:00,True,False,repeated_signature_60min_offline_full_run,2026-09-17 21:30:00+07:00,15.0,0.0,2026-09-17
2304,farm_gateway_s3:1789656300,2026-09-17T14:45:00Z,46282.90625,farm_gateway_s3,40.3,27.3,0,5.0,0,0,0,,,,,,,,,,,,,,,,2026-09-17 14:45:00+00:00,True,False,repeated_signature_60min_offline_full_run,2026-09-17 21:45:00+07:00,15.0,-0.10000000000000142,2026-09-17
2305,farm_gateway_s3:1789657200,2026-09-17T15:00:00Z,46282.916666666664,farm_gateway_s3,40.2,27.3,0,5.0,0,0,0,,,,,,,,,,,,,,,,2026-09-17 15:00:00+00:00,True,False,repeated_signature_60min_offline_full_run,2026-09-17 22:00:00+07:00,15.0,-0.09999999999999432,2026-09-17
2306,farm_gateway_s3:1789658100,2026-09-17T15:15:00Z,46282.927083333336,farm_gateway_s3,40.1,27.3,0,5.0,0,0,0,,,,,,,,,,,,,,,,2026-09-17 15:15:00+00:00,True,False,repeated_signature_60min_offline_full_run,2026-09-17 22:15:00+07:00,15.0,-0.10000000000000142,2026-09-17
2307,farm_gateway_s3:1789659000,2026-09-17T15:30:00Z,46282.9375,farm_gateway_s3,40.0,27.3,0,5.0,0,0,0,,,,,,,,,,,,,,,,2026-09-17 15:30:00+00:00,True,False,repeated_signature_60min_offline_full_run,2026-09-17 22:30:00+07:00,15.0,-0.10000000000000142,2026-09-17
2308,farm_gateway_s3:1789659900,2026-09-17T15:45:00Z,46282.947916666664,farm_gateway_s3,39.8,27.3,0,5.0,0,0,0,,,,,,,,,,,,,,,,2026-09-17 15:45:00+00:00,True,False,repeated_signature_60min_offline_full_run,2026-09-17 22:45:00+07:00,15.0,-0.20000000000000284,2026-09-17
2309,farm_gateway_s3:1789660800,2026-09-17T16:00:00Z,46282.958333333336,farm_gateway_s3,39.7,27.2,0,4.9,0,0,0,,,,,,,,,,,,,,,,2026-09-17 16:00:00+00:00,True,False,repeated_signature_60min_offline_full_run,2026-09-17 23:00:00+07:00,15.0,-0.09999999999999432,2026-09-17
2310,farm_gateway_s3:1789661700,2026-09-17T16:15:00Z,46282.96875,farm_gateway_s3,39.7,27.2,0,4.9,0,0,0,,,,,,,,,,,,,,,,2026-09-17 16:15:00+00:00,True,False,repeated_signature_60min_offline_full_run,2026-09-17 23:15:00+07:00,15.0,0.0,2026-09-17
2311,farm_gateway_s3:1789662600,2026-09-17T16:30:00Z,46282.979166666664,farm_gateway_s3,39.6,27.2,0,4.9,0,0,0,,,,,,,,,,,,,,,,2026-09-17 16:30:00+00:00,True,False,repeated_signature_60min_offline_full_run,2026-09-17 23:30:00+07:00,15.0,-0.10000000000000142,2026-09-17
2312,farm_gateway_s3:1789663500,2026-09-17T16:45:00Z,46282.989583333336,farm_gateway_s3,39.5,27.2,0,4.9,0,0,0,,,,,,,,,,,,,,,,2026-09-17 16:45:00+00:00,True,False,repeated_signature_60min_offline_full_run,2026-09-17 23:45:00+07:00,15.0,-0.10000000000000142,2026-09-17
2313,farm_gateway_s3:1789664400,2026-09-17T17:00:00Z,46283.0,farm_gateway_s3,39.4,27.2,0,4.9,0,0,0,,,,,,,,,,,,,,,,2026-09-17 17:00:00+00:00,True,False,repeated_signature_60min_offline_full_run,2026-09-18 00:00:00+07:00,15.0,-0.10000000000000142,2026-09-18
2314,farm_gateway_s3:1789665300,2026-09-17T17:15:00Z,46283.010416666664,farm_gateway_s3,39.3,27.2,0,4.9,0,0,0,,,,,,,,,,,,,,,,2026-09-17 17:15:00+00:00,True,False,repeated_signature_60min_offline_full_run,2026-09-18 00:15:00+07:00,15.0,-0.10000000000000142,2026-09-18
2315,farm_gateway_s3:1789666200,2026-09-17T17:30:00Z,46283.020833333336,farm_gateway_s3,39.2,27.2,0,4.9,0,0,0,,,,,,,,,,,,,,,,2026-09-17 17:30:00+00:00,True,False,repeated_signature_60min_offline_full_run,2026-09-18 00:30:00+07:00,15.0,-0.09999999999999432,2026-09-18
2316,farm_gateway_s3:1789667100,2026-09-17T17:45:00Z,46283.03125,farm_gateway_s3,39.0,27.1,0,4.9,0,0,0,,,,,,,,,,,,,,,,2026-09-17 17:45:00+00:00,True,False,repeated_signature_60min_offline_full_run,2026-09-18 00:45:00+07:00,15.0,-0.20000000000000284,2026-09-18
2317,farm_gateway_s3:1789668000,2026-09-17T18:00:00Z,46283.041666666664,farm_gateway_s3,38.6,27.1,0,4.9,0,0,0,,,,,,,,,,,,,,,,2026-09-17 18:00:00+00:00,True,False,repeated_signature_60min_offline_full_run,2026-09-18 01:00:00+07:00,15.0,-0.3999999999999986,2026-09-18
2318,farm_gateway_s3:1789668900,2026-09-17T18:15:00Z,46283.052083333336,farm_gateway_s3,38.6,27.1,0,4.9,0,0,0,,,,,,,,,,,,,,,,2026-09-17 18:15:00+00:00,True,False,repeated_signature_60min_offline_full_run,2026-09-18 01:15:00+07:00,15.0,0.0,2026-09-18
2319,farm_gateway_s3:1789669800,2026-09-17T18:30:00Z,46283.0625,farm_gateway_s3,38.5,27.1,0,4.9,0,0,0,,,,,,,,,,,,,,,,2026-09-17 18:30:00+00:00,True,False,repeated_signature_60min_offline_full_run,2026-09-18 01:30:00+07:00,15.0,-0.10000000000000142,2026-09-18
2320,farm_gateway_s3:1789670700,2026-09-17T18:45:00Z,46283.072916666664,farm_gateway_s3,38.3,27.1,0,4.9,0,0,0,,,,,,,,,,,,,,,,2026-09-17 18:45:00+00:00,True,False,repeated_signature_60min_offline_full_run,2026-09-18 01:45:00+07:00,15.0,-0.20000000000000284,2026-09-18
2321,farm_gateway_s3:1789671600,2026-09-17T19:00:00Z,46283.083333333336,farm_gateway_s3,38.3,27.1,0,4.9,0,0,0,,,,,,,,,,,,,,,,2026-09-17 19:00:00+00:00,True,False,repeated_signature_60min_offline_full_run,2026-09-18 02:00:00+07:00,15.0,0.0,2026-09-18
2322,farm_gateway_s3:1789672500,2026-09-17T19:15:00Z,46283.09375,farm_gateway_s3,38.2,27.1,0,4.9,0,0,0,,,,,,,,,,,,,,,,2026-09-17 19:15:00+00:00,True,False,repeated_signature_60min_offline_full_run,2026-09-18 02:15:00+07:00,15.0,-0.09999999999999432,2026-09-18
2323,farm_gateway_s3:1789687800,2026-09-17T23:30:00Z,46283.270833333336,farm_gateway_s3,36.7,26.8,0,4.8,0,0,0,,,,,,,,,,,,,,,,2026-09-17 23:30:00+00:00,True,False,repeated_signature_60min_offline_full_run,2026-09-18 06:30:00+07:00,255.0,,2026-09-18
2324,farm_gateway_s3:1789688700,2026-09-17T23:45:00Z,46283.28125,farm_gateway_s3,36.7,26.9,0,4.7,0,0,0,,,,,,,,,,,,,,,,2026-09-17 23:45:00+00:00,True,False,repeated_signature_60min_offline_full_run,2026-09-18 06:45:00+07:00,15.0,0.0,2026-09-18
2325,farm_gateway_s3:1789689600,2026-09-18T00:00:00Z,46283.291666666664,farm_gateway_s3,36.5,26.9,0,4.7,0,0,0,,,,,,,,,,,,,,,,2026-09-18 00:00:00+00:00,True,False,repeated_signature_60min_offline_full_run,2026-09-18 07:00:00+07:00,15.0,-0.20000000000000284,2026-09-18
2326,farm_gateway_s3:1789690500,2026-09-18T00:15:00Z,46283.302083333336,farm_gateway_s3,36.7,26.9,0,4.7,0,0,0,,,,,,,,,,,,,,,,2026-09-18 00:15:00+00:00,True,False,repeated_signature_60min_offline_full_run,2026-09-18 07:15:00+07:00,15.0,0.20000000000000284,2026-09-18
2327,farm_gateway_s3:1789691400,2026-09-18T00:30:00Z,46283.3125,farm_gateway_s3,36.5,26.9,0,4.7,0,0,0,,,,,,,,,,,,,,,,2026-09-18 00:30:00+00:00,True,False,repeated_signature_60min_offline_full_run,2026-09-18 07:30:00+07:00,15.0,-0.20000000000000284,2026-09-18
2328,farm_gateway_s3:1789692300,2026-09-18T00:45:00Z,46283.322916666664,farm_gateway_s3,36.4,26.9,0,4.7,0,0,0,,,,,,,,,,,,,,,,2026-09-18 00:45:00+00:00,True,False,repeated_signature_60min_offline_full_run,2026-09-18 07:45:00+07:00,15.0,-0.10000000000000142,2026-09-18
2329,farm_gateway_s3:1789693200,2026-09-18T01:00:00Z,46283.333333333336,farm_gateway_s3,36.3,26.9,0,4.7,0,0,0,,,,,,,,,,,,,,,,2026-09-18 01:00:00+00:00,True,False,repeated_signature_60min_offline_full_run,2026-09-18 08:00:00+07:00,15.0,-0.10000000000000142,2026-09-18
2330,farm_gateway_s3:1789694100,2026-09-18T01:15:00Z,46283.34375,farm_gateway_s3,36.1,26.9,0,4.7,0,0,0,,,,,,,,,,,,,,,,2026-09-18 01:15:00+00:00,True,False,repeated_signature_60min_offline_full_run,2026-09-18 08:15:00+07:00,15.0,-0.19999999999999574,2026-09-18
2331,farm_gateway_s3:1789695000,2026-09-18T01:30:00Z,46283.354166666664,farm_gateway_s3,36.1,26.9,0,4.7,0,0,0,,,,,,,,,,,,,,,,2026-09-18 01:30:00+00:00,True,False,repeated_signature_60min_offline_full_run,2026-09-18 08:30:00+07:00,15.0,0.0,2026-09-18
2332,farm_gateway_s3:1789695900,2026-09-18T01:45:00Z,46283.364583333336,farm_gateway_s3,36.1,27.0,0,4.7,0,0,0,,,,,,,,,,,,,,,,2026-09-18 01:45:00+00:00,True,False,repeated_signature_60min_offline_full_run,2026-09-18 08:45:00+07:00,15.0,0.0,2026-09-18
2333,farm_gateway_s3:1789696800,2026-09-18T02:00:00Z,46283.375,farm_gateway_s3,36.0,27.1,0,4.7,0,0,0,,,,,,,,,,,,,,,,2026-09-18 02:00:00+00:00,True,False,repeated_signature_60min_offline_full_run,2026-09-18 09:00:00+07:00,15.0,-0.10000000000000142,2026-09-18
2334,farm_gateway_s3:1789720200,2026-09-18T08:30:00Z,46283.645833333336,farm_gateway_s3,33.8,27.6,0,4.6,0,0,0,,,,,,,,,,,,,,,,2026-09-18 08:30:00+00:00,True,False,repeated_signature_60min_offline_full_run,2026-09-18 15:30:00+07:00,390.0,,2026-09-18
2335,farm_gateway_s3:1789721100,2026-09-18T08:45:00Z,46283.65625,farm_gateway_s3,33.8,27.6,0,4.6,0,0,0,,,,,,,,,,,,,,,,2026-09-18 08:45:00+00:00,True,False,repeated_signature_60min_offline_full_run,2026-09-18 15:45:00+07:00,15.0,0.0,2026-09-18
2336,farm_gateway_s3:1789722000,2026-09-18T09:00:00Z,46283.666666666664,farm_gateway_s3,33.8,27.6,0,4.6,0,0,0,,,,,,,,,,,,,,,,2026-09-18 09:00:00+00:00,True,False,repeated_signature_60min_offline_full_run,2026-09-18 16:00:00+07:00,15.0,0.0,2026-09-18
2337,farm_gateway_s3:1789722900,2026-09-18T09:15:00Z,46283.677083333336,farm_gateway_s3,33.8,27.5,0,4.6,0,0,0,,,,,,,,,,,,,,,,2026-09-18 09:15:00+00:00,True,False,repeated_signature_60min_offline_full_run,2026-09-18 16:15:00+07:00,15.0,0.0,2026-09-18
2338,farm_gateway_s3:1789723800,2026-09-18T09:30:00Z,46283.6875,farm_gateway_s3,33.8,27.5,0,4.6,0,0,0,,,,,,,,,,,,,,,,2026-09-18 09:30:00+00:00,True,False,repeated_signature_60min_offline_full_run,2026-09-18 16:30:00+07:00,15.0,0.0,2026-09-18
2339,farm_gateway_s3:1789724700,2026-09-18T09:45:00Z,46283.697916666664,farm_gateway_s3,33.7,27.5,0,4.6,0,0,0,,,,,,,,,,,,,,,,2026-09-18 09:45:00+00:00,True,False,repeated_signature_60min_offline_full_run,2026-09-18 16:45:00+07:00,15.0,-0.09999999999999432,2026-09-18
2340,farm_gateway_s3:1789725600,2026-09-18T10:00:00Z,46283.708333333336,farm_gateway_s3,33.5,27.5,0,4.6,0,0,0,,,,,,,,,,,,,,,,2026-09-18 10:00:00+00:00,True,False,repeated_signature_60min_offline_full_run,2026-09-18 17:00:00+07:00,15.0,-0.20000000000000284,2026-09-18
2341,farm_gateway_s3:1789726500,2026-09-18T10:15:00Z,46283.71875,farm_gateway_s3,33.5,27.5,0,4.5,0,0,0,,,,,,,,,,,,,,,,2026-09-18 10:15:00+00:00,True,False,repeated_signature_60min_offline_full_run,2026-09-18 17:15:00+07:00,15.0,0.0,2026-09-18
2342,farm_gateway_s3:1789727400,2026-09-18T10:30:00Z,46283.729166666664,farm_gateway_s3,33.5,27.4,0,4.5,0,0,0,,,,,,,,,,,,,,,,2026-09-18 10:30:00+00:00,True,False,repeated_signature_60min_offline_full_run,2026-09-18 17:30:00+07:00,15.0,0.0,2026-09-18
2343,farm_gateway_s3:1789728300,2026-09-18T10:45:00Z,46283.739583333336,farm_gateway_s3,33.4,27.4,0,4.5,0,0,0,,,,,,,,,,,,,,,,2026-09-18 10:45:00+00:00,True,False,repeated_signature_60min_offline_full_run,2026-09-18 17:45:00+07:00,15.0,-0.10000000000000142,2026-09-18
2344,farm_gateway_s3:1789729200,2026-09-18T11:00:00Z,46283.75,farm_gateway_s3,33.4,27.4,0,4.5,0,0,0,,,,,,,,,,,,,,,,2026-09-18 11:00:00+00:00,True,False,repeated_signature_60min_offline_full_run,2026-09-18 18:00:00+07:00,15.0,0.0,2026-09-18
2345,farm_gateway_s3:1789730100,2026-09-18T11:15:00Z,46283.760416666664,farm_gateway_s3,33.2,27.4,0,4.5,0,0,0,,,,,,,,,,,,,,,,2026-09-18 11:15:00+00:00,True,False,repeated_signature_60min_offline_full_run,2026-09-18 18:15:00+07:00,15.0,-0.19999999999999574,2026-09-18
2346,farm_gateway_s3:1789731000,2026-09-18T11:30:00Z,46283.770833333336,farm_gateway_s3,33.2,27.3,0,4.5,0,0,0,,,,,,,,,,,,,,,,2026-09-18 11:30:00+00:00,True,False,repeated_signature_60min_offline_full_run,2026-09-18 18:30:00+07:00,15.0,0.0,2026-09-18
2347,farm_gateway_s3:1789731900,2026-09-18T11:45:00Z,46283.78125,farm_gateway_s3,33.2,27.3,0,4.5,0,0,0,,,,,,,,,,,,,,,,2026-09-18 11:45:00+00:00,True,False,repeated_signature_60min_offline_full_run,2026-09-18 18:45:00+07:00,15.0,0.0,2026-09-18
2348,farm_gateway_s3:1789732800,2026-09-18T12:00:00Z,46283.791666666664,farm_gateway_s3,33.2,27.3,0,4.5,0,0,0,,,,,,,,,,,,,,,,2026-09-18 12:00:00+00:00,True,False,repeated_signature_60min_offline_full_run,2026-09-18 19:00:00+07:00,15.0,0.0,2026-09-18
2349,farm_gateway_s3:1789733700,2026-09-18T12:15:00Z,46283.802083333336,farm_gateway_s3,33.2,27.3,0,4.5,0,0,0,27.6,79.0,25.4,89.0,1006.0,0.0,0.0,0.0,1.4,0.0,0.0,23.4,30.2,25.4,0.0,2026-09-18 12:15:00+00:00,False,False,,2026-09-18 19:15:00+07:00,15.0,0.0,2026-09-18
2350,farm_gateway_s3:1789734600,2026-09-18T12:30:00Z,46283.8125,farm_gateway_s3,33.1,27.2,0,4.5,0,0,0,,,,,,,,,,,,,,,,2026-09-18 12:30:00+00:00,False,True,,2026-09-18 19:30:00+07:00,15.0,-0.10000000000000142,2026-09-18
2351,farm_gateway_s3:1789735500,2026-09-18T12:45:00Z,46283.822916666664,farm_gateway_s3,33.0,27.2,0,4.5,0,0,0,27.3,77.0,25.4,90.0,1006.0,0.0,0.0,0.0,1.4,0.0,0.0,23.6,30.2,25.4,0.0,2026-09-18 12:45:00+00:00,False,False,,2026-09-18 19:45:00+07:00,15.0,-0.10000000000000142,2026-09-18
2352,farm_gateway_s3:1789736400,2026-09-18T13:00:00Z,46283.833333333336,farm_gateway_s3,33.0,27.2,0,4.5,0,0,0,27.3,77.0,25.5,90.0,1006.0,0.0,0.0,0.0,1.4,0.0,0.0,23.7,30.4,25.5,0.0,2026-09-18 13:00:00+00:00,False,False,,2026-09-18 20:00:00+07:00,15.0,0.0,2026-09-18
2353,farm_gateway_s3:1789737300,2026-09-18T13:15:00Z,46283.84375,farm_gateway_s3,33.0,27.2,0,4.5,0,0,0,27.4,77.0,25.5,90.0,1006.0,0.0,0.0,0.0,1.4,0.0,0.0,23.7,30.4,25.5,0.0,2026-09-18 13:15:00+00:00,False,False,,2026-09-18 20:15:00+07:00,15.0,0.0,2026-09-18
2354,farm_gateway_s3:1789738200,2026-09-18T13:30:00Z,46283.854166666664,farm_gateway_s3,33.0,27.2,0,4.5,0,0,0,27.4,77.0,25.5,90.0,1006.0,0.0,0.0,0.0,1.4,0.0,0.0,23.7,30.4,25.5,0.0,2026-09-18 13:30:00+00:00,False,False,,2026-09-18 20:30:00+07:00,15.0,0.0,2026-09-18
2355,farm_gateway_s3:1789739100,2026-09-18T13:45:00Z,46283.864583333336,farm_gateway_s3,33.0,27.2,0,4.5,0,0,0,27.4,77.0,25.3,92.0,1006.0,0.0,0.0,0.0,1.4,0.0,0.0,23.8,30.2,25.3,0.0,2026-09-18 13:45:00+00:00,False,False,,2026-09-18 20:45:00+07:00,15.0,0.0,2026-09-18
2356,farm_gateway_s3:1789740000,2026-09-18T14:00:00Z,46283.875,farm_gateway_s3,32.8,27.2,0,4.5,0,0,0,27.3,77.0,25.4,91.0,1005.0,0.0,0.0,0.0,1.4,0.0,0.0,23.8,30.3,25.4,0.0,2026-09-18 14:00:00+00:00,False,False,,2026-09-18 21:00:00+07:00,15.0,-0.20000000000000284,2026-09-18
2357,farm_gateway_s3:1789740900,2026-09-18T14:15:00Z,46283.885416666664,farm_gateway_s3,32.8,27.2,0,4.5,0,0,0,27.3,77.0,25.5,90.0,1005.0,0.0,0.0,0.0,1.4,0.0,0.0,23.7,30.4,25.5,0.0,2026-09-18 14:15:00+00:00,False,False,,2026-09-18 21:15:00+07:00,15.0,0.0,2026-09-18
2358,farm_gateway_s3:1789741800,2026-09-18T14:30:00Z,46283.895833333336,farm_gateway_s3,32.8,27.1,0,4.5,0,0,0,27.3,77.0,25.5,90.0,1005.0,0.0,0.0,0.0,1.4,0.0,0.0,23.7,30.4,25.5,0.0,2026-09-18 14:30:00+00:00,False,False,,2026-09-18 21:30:00+07:00,15.0,0.0,2026-09-18
2359,farm_gateway_s3:1789742700,2026-09-18T14:45:00Z,46283.90625,farm_gateway_s3,32.8,27.1,0,4.5,0,0,0,27.3,77.0,25.5,90.0,1005.0,0.0,0.0,0.0,1.4,0.0,0.0,23.7,30.4,25.5,0.0,2026-09-18 14:45:00+00:00,False,False,,2026-09-18 21:45:00+07:00,15.0,0.0,2026-09-18
2360,farm_gateway_s3:1789743600,2026-09-18T15:00:00Z,46283.916666666664,farm_gateway_s3,32.7,27.1,0,4.5,0,0,0,27.3,77.0,25.3,91.0,1006.0,0.0,0.0,0.0,1.4,0.0,0.0,23.7,30.2,25.3,0.0,2026-09-18 15:00:00+00:00,False,False,,2026-09-18 22:00:00+07:00,15.0,-0.09999999999999432,2026-09-18
2361,farm_gateway_s3:1789744500,2026-09-18T15:15:00Z,46283.927083333336,farm_gateway_s3,32.7,27.1,0,4.5,0,0,0,27.2,77.0,25.6,90.0,1006.0,0.0,0.0,0.0,1.4,0.0,0.0,23.8,30.5,25.6,0.0,2026-09-18 15:15:00+00:00,False,False,,2026-09-18 22:15:00+07:00,15.0,0.0,2026-09-18
2362,farm_gateway_s3:1789745400,2026-09-18T15:30:00Z,46283.9375,farm_gateway_s3,32.7,27.1,0,4.5,0,0,0,27.3,77.0,25.3,91.0,1006.0,0.0,0.0,0.0,1.4,0.0,0.0,23.7,30.2,25.3,0.0,2026-09-18 15:30:00+00:00,False,False,,2026-09-18 22:30:00+07:00,15.0,0.0,2026-09-18
2363,farm_gateway_s3:1789746300,2026-09-18T15:45:00Z,46283.947916666664,farm_gateway_s3,32.7,27.1,0,4.5,0,0,0,27.3,77.0,25.3,91.0,1006.0,0.0,0.0,0.0,1.4,0.0,0.0,23.7,30.2,25.3,0.0,2026-09-18 15:45:00+00:00,False,False,,2026-09-18 22:45:00+07:00,15.0,0.0,2026-09-18
2364,farm_gateway_s3:1789747200,2026-09-18T16:00:00Z,46283.958333333336,farm_gateway_s3,32.7,27.1,0,4.5,0,0,0,27.3,77.0,25.3,91.0,1006.0,0.0,0.0,0.0,1.4,0.0,0.0,23.7,30.2,25.3,0.0,2026-09-18 16:00:00+00:00,False,False,,2026-09-18 23:00:00+07:00,15.0,0.0,2026-09-18
2365,farm_gateway_s3:1789748100,2026-09-18T16:15:00Z,46283.96875,farm_gateway_s3,32.7,27.1,0,4.5,0,0,0,27.2,77.0,25.7,89.0,1006.0,0.0,0.0,0.0,1.4,0.0,0.0,23.7,30.6,25.7,0.0,2026-09-18 16:15:00+00:00,False,False,,2026-09-18 23:15:00+07:00,15.0,0.0,2026-09-18
2366,farm_gateway_s3:1789749000,2026-09-18T16:30:00Z,46283.979166666664,farm_gateway_s3,32.6,27.1,0,4.5,0,0,0,27.2,77.0,25.5,91.0,1006.0,0.0,0.0,0.0,1.4,0.0,0.0,23.8,30.5,25.5,0.0,2026-09-18 16:30:00+00:00,False,False,,2026-09-18 23:30:00+07:00,15.0,-0.10000000000000142,2026-09-18
2367,farm_gateway_s3:1789749900,2026-09-18T16:45:00Z,46283.989583333336,farm_gateway_s3,32.6,27.1,0,4.5,0,0,0,,,,,,,,,,,,,,,,2026-09-18 16:45:00+00:00,False,True,,2026-09-18 23:45:00+07:00,15.0,0.0,2026-09-18
2368,farm_gateway_s3:1789750800,2026-09-18T17:00:00Z,46284.0,farm_gateway_s3,32.6,27.1,0,4.5,0,0,0,27.1,77.0,25.8,88.0,1007.0,0.0,0.0,0.0,1.4,0.0,0.0,23.6,30.7,25.8,0.0,2026-09-18 17:00:00+00:00,False,False,,2026-09-19 00:00:00+07:00,15.0,0.0,2026-09-19
2369,farm_gateway_s3:1789751700,2026-09-18T17:15:00Z,46284.010416666664,farm_gateway_s3,32.6,27.1,0,4.5,0,0,0,27.1,77.0,25.9,88.0,1007.0,0.0,0.0,0.0,0.0,0.0,0.0,23.7,30.8,25.9,0.0,2026-09-18 17:15:00+00:00,False,False,,2026-09-19 00:15:00+07:00,15.0,0.0,2026-09-19
2370,farm_gateway_s3:1789752600,2026-09-18T17:30:00Z,46284.020833333336,farm_gateway_s3,32.4,27.1,0,4.5,0,0,0,27.1,77.0,25.9,87.0,1007.0,0.0,0.0,0.0,0.0,0.0,0.0,23.5,30.8,25.9,0.0,2026-09-18 17:30:00+00:00,False,False,,2026-09-19 00:30:00+07:00,15.0,-0.20000000000000284,2026-09-19
2371,farm_gateway_s3:1789753500,2026-09-18T17:45:00Z,46284.03125,farm_gateway_s3,32.4,27.1,0,4.5,0,0,0,27.1,77.0,25.6,89.0,1007.0,0.0,0.0,0.0,0.0,0.0,0.0,23.6,30.5,25.6,0.0,2026-09-18 17:45:00+00:00,False,False,,2026-09-19 00:45:00+07:00,15.0,0.0,2026-09-19
2372,farm_gateway_s3:1789754400,2026-09-18T18:00:00Z,46284.041666666664,farm_gateway_s3,32.4,27.1,0,4.5,0,0,0,27.1,76.0,25.8,87.0,1006.0,0.0,0.0,0.0,0.0,0.0,0.0,23.4,30.6,25.8,0.0,2026-09-18 18:00:00+00:00,False,False,,2026-09-19 01:00:00+07:00,15.0,0.0,2026-09-19
2373,farm_gateway_s3:1789755300,2026-09-18T18:15:00Z,46284.052083333336,farm_gateway_s3,32.3,27.1,0,4.5,0,0,0,27.1,77.0,25.5,89.0,1006.0,0.0,0.0,0.0,0.0,0.0,0.0,23.5,30.3,25.5,0.0,2026-09-18 18:15:00+00:00,False,False,,2026-09-19 01:15:00+07:00,15.0,-0.10000000000000142,2026-09-19
2374,farm_gateway_s3:1789756200,2026-09-18T18:30:00Z,46284.0625,farm_gateway_s3,32.3,27.1,0,4.5,0,0,0,27.1,77.0,25.8,89.0,1006.0,0.0,0.0,0.0,0.0,0.0,0.0,23.8,30.8,25.8,0.0,2026-09-18 18:30:00+00:00,False,False,,2026-09-19 01:30:00+07:00,15.0,0.0,2026-09-19
2375,farm_gateway_s3:1789757100,2026-09-18T18:45:00Z,46284.072916666664,farm_gateway_s3,32.3,27.0,0,4.5,0,0,0,27.1,77.0,25.6,88.0,1006.0,0.0,0.0,0.0,0.0,0.0,0.0,23.4,30.4,25.6,0.0,2026-09-18 18:45:00+00:00,False,False,,2026-09-19 01:45:00+07:00,15.0,0.0,2026-09-19
2376,farm_gateway_s3:1789758000,2026-09-18T19:00:00Z,46284.083333333336,farm_gateway_s3,32.3,27.1,0,4.5,0,0,0,27.1,76.0,25.7,89.0,1005.0,0.0,0.0,0.0,0.0,0.0,0.0,23.7,30.6,25.7,0.0,2026-09-18 19:00:00+00:00,False,False,,2026-09-19 02:00:00+07:00,15.0,0.0,2026-09-19
2377,farm_gateway_s3:1789758900,2026-09-18T19:15:00Z,46284.09375,farm_gateway_s3,32.3,27.0,0,4.5,0,0,0,27.1,77.0,25.6,90.0,1005.0,0.0,0.0,0.0,0.0,0.0,0.0,23.8,30.5,25.6,0.0,2026-09-18 19:15:00+00:00,False,False,,2026-09-19 02:15:00+07:00,15.0,0.0,2026-09-19
2378,farm_gateway_s3:1789759800,2026-09-18T19:30:00Z,46284.104166666664,farm_gateway_s3,32.3,27.1,0,4.5,0,0,0,27.0,77.0,25.7,89.0,1005.0,0.0,0.0,0.0,0.0,0.0,0.0,23.7,30.6,25.7,0.0,2026-09-18 19:30:00+00:00,False,False,,2026-09-19 02:30:00+07:00,15.0,0.0,2026-09-19
2379,farm_gateway_s3:1789760700,2026-09-18T19:45:00Z,46284.114583333336,farm_gateway_s3,32.1,27.1,0,4.5,0,0,0,27.1,77.0,25.7,89.0,1005.0,0.0,0.0,0.0,0.0,0.0,0.0,23.7,30.6,25.7,0.0,2026-09-18 19:45:00+00:00,False,False,,2026-09-19 02:45:00+07:00,15.0,-0.19999999999999574,2026-09-19
2380,farm_gateway_s3:1789761600,2026-09-18T20:00:00Z,46284.125,farm_gateway_s3,32.1,27.1,0,4.4,0,0,0,27.1,78.0,25.5,91.0,1005.0,0.0,0.0,0.0,0.0,0.0,0.0,23.8,30.5,25.5,0.0,2026-09-18 20:00:00+00:00,False,False,,2026-09-19 03:00:00+07:00,15.0,0.0,2026-09-19
2381,farm_gateway_s3:1789762500,2026-09-18T20:15:00Z,46284.135416666664,farm_gateway_s3,32.1,27.1,0,4.4,0,0,0,27.1,78.0,25.3,91.0,1005.0,0.0,0.0,0.0,0.0,0.0,0.0,23.7,30.2,25.3,0.0,2026-09-18 20:15:00+00:00,False,False,,2026-09-19 03:15:00+07:00,15.0,0.0,2026-09-19
2382,farm_gateway_s3:1789763400,2026-09-18T20:30:00Z,46284.145833333336,farm_gateway_s3,32.1,27.0,0,4.4,0,0,0,26.9,78.0,25.1,92.0,1005.0,0.0,0.0,0.0,0.0,0.0,0.0,23.6,30.0,25.1,0.0,2026-09-18 20:30:00+00:00,False,False,,2026-09-19 03:30:00+07:00,15.0,0.0,2026-09-19
2383,farm_gateway_s3:1789764300,2026-09-18T20:45:00Z,46284.15625,farm_gateway_s3,32.0,27.0,0,4.4,0,0,0,26.9,78.0,24.6,94.0,1005.0,0.0,0.0,0.0,0.0,0.0,0.0,23.5,29.4,24.6,0.0,2026-09-18 20:45:00+00:00,False,False,,2026-09-19 03:45:00+07:00,15.0,-0.10000000000000142,2026-09-19
2384,farm_gateway_s3:1789775100,2026-09-18T23:45:00Z,46284.28125,farm_gateway_s3,31.5,26.8,0,4.4,0,0,0,26.4,79.0,25.0,92.0,1005.0,0.0,0.0,0.0,0.0,0.0,0.0,23.5,29.8,25.0,3640.0,2026-09-18 23:45:00+00:00,False,False,,2026-09-19 06:45:00+07:00,180.0,,2026-09-19
2385,farm_gateway_s3:1789776000,2026-09-19T00:00:00Z,46284.291666666664,farm_gateway_s3,31.5,26.8,0,4.4,0,0,0,26.5,79.0,25.4,91.0,1006.0,0.0,0.0,0.0,0.0,0.0,0.0,23.8,30.3,25.4,6430.0,2026-09-19 00:00:00+00:00,False,False,,2026-09-19 07:00:00+07:00,15.0,0.0,2026-09-19
2386,farm_gateway_s3:1789776900,2026-09-19T00:15:00Z,46284.302083333336,farm_gateway_s3,31.5,26.8,0,4.4,0,0,0,26.5,79.0,26.2,87.0,1006.0,0.0,0.0,0.0,0.0,0.0,0.0,23.8,31.2,26.2,9430.0,2026-09-19 00:15:00+00:00,False,False,,2026-09-19 07:15:00+07:00,15.0,0.0,2026-09-19
2387,farm_gateway_s3:1789777800,2026-09-19T00:30:00Z,46284.3125,farm_gateway_s3,31.3,26.8,0,4.4,0,0,0,26.6,79.0,26.3,88.0,1006.0,0.0,0.0,0.0,0.0,0.0,0.0,24.1,31.4,26.3,8050.0,2026-09-19 00:30:00+00:00,False,False,,2026-09-19 07:30:00+07:00,15.0,-0.1999999999999993,2026-09-19
2388,farm_gateway_s3:1789778700,2026-09-19T00:45:00Z,46284.322916666664,farm_gateway_s3,31.3,26.9,0,4.4,0,0,0,26.6,79.0,26.6,89.0,1006.0,0.0,0.0,0.0,0.0,0.0,0.0,24.6,31.9,26.6,9650.0,2026-09-19 00:45:00+00:00,False,False,,2026-09-19 07:45:00+07:00,15.0,0.0,2026-09-19
2389,farm_gateway_s3:1789779600,2026-09-19T01:00:00Z,46284.333333333336,farm_gateway_s3,31.3,26.9,0,4.4,0,0,0,26.7,79.0,27.1,85.0,1007.0,0.0,0.0,0.0,0.0,0.0,0.0,24.3,32.3,30.5,10580.0,2026-09-19 01:00:00+00:00,False,False,,2026-09-19 08:00:00+07:00,15.0,0.0,2026-09-19
2390,farm_gateway_s3:1789780500,2026-09-19T01:15:00Z,46284.34375,farm_gateway_s3,31.2,26.9,0,4.4,0,0,0,26.9,79.0,27.2,85.0,1007.0,0.0,0.0,0.0,0.0,0.0,0.0,24.4,32.5,30.8,13970.0,2026-09-19 01:15:00+00:00,False,False,,2026-09-19 08:15:00+07:00,15.0,-0.10000000000000142,2026-09-19
2391,farm_gateway_s3:1789781400,2026-09-19T01:30:00Z,46284.354166666664,farm_gateway_s3,31.2,26.9,0,4.4,0,0,0,27.0,79.0,27.8,84.0,1007.0,0.0,0.0,0.0,0.0,0.0,1.0,24.8,33.3,32.2,16170.0,2026-09-19 01:30:00+00:00,False,False,,2026-09-19 08:30:00+07:00,15.0,0.0,2026-09-19
2392,farm_gateway_s3:1789782300,2026-09-19T01:45:00Z,46284.364583333336,farm_gateway_s3,31.2,26.9,0,4.4,0,0,0,27.1,80.0,28.0,83.0,1007.0,0.0,0.0,0.0,0.0,0.0,1.0,24.8,33.5,32.6,19740.0,2026-09-19 01:45:00+00:00,False,False,,2026-09-19 08:45:00+07:00,15.0,0.0,2026-09-19
2393,farm_gateway_s3:1789783200,2026-09-19T02:00:00Z,46284.375,farm_gateway_s3,31.0,27.0,0,4.4,0,0,0,27.2,80.0,28.2,81.0,1008.0,0.0,0.0,0.0,0.0,0.0,1.0,24.6,33.6,32.8,19800.0,2026-09-19 02:00:00+00:00,False,False,,2026-09-19 09:00:00+07:00,15.0,-0.1999999999999993,2026-09-19
2394,farm_gateway_s3:1789784100,2026-09-19T02:15:00Z,46284.385416666664,farm_gateway_s3,31.0,27.0,0,4.4,0,0,0,27.4,78.0,29.8,77.0,1008.0,0.0,0.0,0.0,0.0,0.0,3.0,25.3,35.6,36.3,72160.0,2026-09-19 02:15:00+00:00,False,False,,2026-09-19 09:15:00+07:00,15.0,0.0,2026-09-19
2395,farm_gateway_s3:1789785000,2026-09-19T02:30:00Z,46284.395833333336,farm_gateway_s3,30.9,27.1,0,4.4,0,0,0,27.8,78.0,31.4,71.0,1008.0,0.0,0.0,0.0,0.0,0.0,4.0,25.4,37.4,39.0,100760.0,2026-09-19 02:30:00+00:00,False,False,,2026-09-19 09:30:00+07:00,15.0,-0.10000000000000142,2026-09-19
2396,farm_gateway_s3:1789785900,2026-09-19T02:45:00Z,46284.40625,farm_gateway_s3,30.9,27.1,0,4.4,0,0,0,28.4,75.0,30.7,74.0,1008.0,0.0,0.0,0.0,0.0,0.0,2.0,25.4,36.6,37.8,45760.0,2026-09-19 02:45:00+00:00,False,False,,2026-09-19 09:45:00+07:00,15.0,0.0,2026-09-19
2397,farm_gateway_s3:1789786800,2026-09-19T03:00:00Z,46284.416666666664,farm_gateway_s3,30.8,27.2,0,4.4,0,0,0,28.7,76.0,30.4,75.0,1008.0,0.0,0.0,0.0,0.0,0.0,1.0,25.4,36.3,37.3,36300.0,2026-09-19 03:00:00+00:00,False,False,,2026-09-19 10:00:00+07:00,15.0,-0.09999999999999787,2026-09-19
2398,farm_gateway_s3:1789787700,2026-09-19T03:15:00Z,46284.427083333336,farm_gateway_s3,30.8,27.2,0,4.4,0,0,0,29.0,76.0,30.8,74.0,1008.0,0.0,0.0,0.0,0.0,0.0,1.0,25.5,36.8,38.3,38940.0,2026-09-19 03:15:00+00:00,False,False,,2026-09-19 10:15:00+07:00,15.0,0.0,2026-09-19
2399,farm_gateway_s3:1789788600,2026-09-19T03:30:00Z,46284.4375,farm_gateway_s3,30.4,27.3,0,4.4,0,0,0,29.2,76.0,27.3,88.0,1008.0,0.0,0.0,1.9,1.9,0.0,1.0,25.1,32.8,31.5,22220.0,2026-09-19 03:30:00+00:00,False,False,,2026-09-19 10:30:00+07:00,15.0,-0.40000000000000213,2026-09-19
2400,farm_gateway_s3:1789789500,2026-09-19T03:45:00Z,46284.447916666664,farm_gateway_s3,30.4,27.3,0,4.4,0,0,0,29.1,77.0,28.3,89.0,1008.0,0.0,0.0,2.1,2.1,0.2,3.0,26.2,34.4,34.5,79420.0,2026-09-19 03:45:00+00:00,False,False,,2026-09-19 10:45:00+07:00,15.0,0.0,2026-09-19
2401,farm_gateway_s3:1789790400,2026-09-19T04:00:00Z,46284.458333333336,farm_gateway_s3,30.5,27.3,0,4.4,0,0,0,29.2,77.0,29.3,86.0,1008.0,0.0,0.0,2.1,2.1,0.2,3.0,26.6,35.6,37.1,86460.0,2026-09-19 04:00:00+00:00,False,False,,2026-09-19 11:00:00+07:00,15.0,0.10000000000000142,2026-09-19
2402,farm_gateway_s3:1789791300,2026-09-19T04:15:00Z,46284.46875,farm_gateway_s3,30.9,27.4,0,4.4,0,0,0,29.5,77.0,31.1,77.0,1008.0,0.0,0.0,2.1,2.1,0.0,3.0,26.5,37.5,40.0,86020.0,2026-09-19 04:15:00+00:00,False,False,,2026-09-19 11:15:00+07:00,15.0,0.3999999999999986,2026-09-19
2403,farm_gateway_s3:1789792200,2026-09-19T04:30:00Z,46284.479166666664,farm_gateway_s3,31.0,27.4,0,4.4,0,0,0,29.9,74.0,31.5,76.0,1008.0,0.0,0.0,0.2,2.1,0.0,4.0,26.7,38.0,41.0,139040.0,2026-09-19 04:30:00+00:00,False,False,,2026-09-19 11:30:00+07:00,15.0,0.10000000000000142,2026-09-19
2404,farm_gateway_s3:1789793100,2026-09-19T04:45:00Z,46284.489583333336,farm_gateway_s3,31.3,27.4,0,4.4,0,0,0,30.3,73.0,32.3,73.0,1008.0,0.0,0.0,0.0,2.1,0.0,4.0,26.8,38.8,42.5,126280.0,2026-09-19 04:45:00+00:00,False,False,,2026-09-19 11:45:00+07:00,15.0,0.3000000000000007,2026-09-19
2405,farm_gateway_s3:1789794000,2026-09-19T05:00:00Z,46284.5,farm_gateway_s3,31.5,27.5,0,4.4,0,0,0,30.6,70.0,32.5,68.0,1007.0,0.0,0.0,0.0,2.1,0.0,4.0,25.7,38.7,41.1,110220.0,2026-09-19 05:00:00+00:00,False,False,,2026-09-19 12:00:00+07:00,15.0,0.1999999999999993,2026-09-19
2406,farm_gateway_s3:1789794900,2026-09-19T05:15:00Z,46284.510416666664,farm_gateway_s3,31.5,27.6,0,4.5,0,0,0,31.0,72.0,32.8,69.0,1007.0,0.0,0.0,0.0,2.1,0.0,2.0,26.3,39.2,42.4,41910.0,2026-09-19 05:15:00+00:00,False,False,,2026-09-19 12:15:00+07:00,15.0,0.0,2026-09-19
2407,farm_gateway_s3:1789795800,2026-09-19T05:30:00Z,46284.520833333336,farm_gateway_s3,31.5,27.6,0,4.5,0,0,0,,,,,,,,,,,,,,,,2026-09-19 05:30:00+00:00,False,True,,2026-09-19 12:30:00+07:00,15.0,0.0,2026-09-19
2408,farm_gateway_s3:1789796700,2026-09-19T05:45:00Z,46284.53125,farm_gateway_s3,31.5,27.6,0,4.5,0,0,0,31.4,70.0,32.7,71.0,1007.0,0.0,0.0,0.0,2.1,0.0,3.0,26.7,39.2,43.0,80960.0,2026-09-19 05:45:00+00:00,False,False,,2026-09-19 12:45:00+07:00,15.0,0.0,2026-09-19
2409,farm_gateway_s3:1789797600,2026-09-19T06:00:00Z,46284.541666666664,farm_gateway_s3,31.5,27.7,0,4.5,0,0,0,31.7,68.0,34.0,61.0,1006.0,0.3,0.0,0.0,2.1,0.0,2.0,25.3,40.1,42.6,60500.0,2026-09-19 06:00:00+00:00,False,False,,2026-09-19 13:00:00+07:00,15.0,0.0,2026-09-19
2410,farm_gateway_s3:1789798500,2026-09-19T06:15:00Z,46284.552083333336,farm_gateway_s3,31.3,27.7,0,4.5,0,0,0,32.0,67.0,32.9,67.0,1006.0,0.0,0.0,0.0,2.1,0.0,1.0,25.9,39.1,42.1,29810.0,2026-09-19 06:15:00+00:00,False,False,,2026-09-19 13:15:00+07:00,15.0,-0.1999999999999993,2026-09-19
